feature,bucket,lo,hi,disc_n,disc_p,disc_base,disc_cov,disc_lift,conf_n,conf_p,conf_base,conf_cov,conf_lift,min_lift,both_n_ok
ret5,d1,-0.6791986827661909,-0.0693888444088605,49700,24.044265593561367,20.513062610062754,99.87434072742025,1.1721441137593158,27594,19.910125389577445,18.0611065443402,99.8390053549586,1.102375723253605,1.102375723253605,True
ret5,d10,0.08283132530120474,106.66492146596859,48624,26.957880881869034,20.513062610062754,99.87434072742025,1.3141811827086587,28670,22.996163236832924,18.0611065443402,99.8390053549586,1.2732422113992359,1.2732422113992359,True
ret5,d2,-0.06938789713609617,-0.04319852941176472,45544,20.57570700860706,20.513062610062754,99.87434072742025,1.0030538783864276,31749,18.715550096066018,18.0611065443402,99.8390053549586,1.0362349643483446,1.0030538783864276,True
ret5,d3,-0.04319819638471767,-0.026717557251908386,44989,19.262486385560916,20.513062610062754,99.87434072742025,0.9390351285776136,32307,17.333704769864116,18.0611065443402,99.8390053549586,0.9597255144533751,0.9390351285776136,True
ret5,d4,-0.026717557251908275,-0.013866666666666583,44171,18.059360213714882,20.513062610062754,99.87434072742025,0.8803834199216942,33119,16.812101814668317,18.0611065443402,99.8390053549586,0.9308456142149673,0.8803834199216942,True
ret5,d5,-0.013866231647634453,-0.0022809351834253144,44051,17.71809947560782,20.513062610062754,99.87434072742025,0.8637471552841721,33243,15.943206088499833,18.0611065443402,99.8390053549586,0.8827369491099065,0.8637471552841721,True
ret5,d6,-0.002280873248615145,0.009424751429653266,44418,18.179566842271154,20.513062610062754,99.87434072742025,0.8862434239026358,32875,16.489733840304183,18.0611065443402,99.8390053549586,0.9129968753476826,0.8862434239026358,True
ret5,d7,0.009424801507968317,0.024215873740688787,43931,18.7339236530013,20.513062610062754,99.87434072742025,0.9132679994751884,33362,16.770577303518973,18.0611065443402,99.8390053549586,0.928546501973566,0.9132679994751884,True
ret5,d8,0.024216524216524205,0.0448410485220303,44542,19.3974226572673,20.513062610062754,99.87434072742025,0.945613194187387,32751,17.575035876767124,18.0611065443402,99.8390053549586,0.9730874370083712,0.945613194187387,True
ret5,d9,0.044841713221601465,0.08282582216808776,45452,21.11898266302913,20.513062610062754,99.87434072742025,1.029538253964532,31841,19.085455858798404,18.0611065443402,99.8390053549586,1.0567157561439227,1.029538253964532,True
ret20,d1,-0.8214285714285714,-0.1339285714285714,51452,24.77454715074244,20.481460253075262,99.47916095571223,1.2096084382959256,25496,19.15594603074992,18.03183709135118,99.31923162790113,1.0623402337600927,1.0623402337600927,True
ret20,d10,0.18367146917573263,114.52808988764045,49442,28.11779458759759,20.481460253075262,99.47916095571223,1.3728413033136024,27506,23.69664800407184,18.03183709135118,99.31923162790113,1.3141560609727192,1.3141560609727192,True
ret20,d2,-0.13392315031659296,-0.08403361344537819,44180,19.436396559529197,20.481460253075262,99.47916095571223,0.948975137483708,32781,16.814618223971202,18.03183709135118,99.31923162790113,0.9324961255354395,0.9324961255354395,True
ret20,d3,-0.08403361344537807,-0.051795012332145784,42717,18.674064189900978,20.481460253075262,99.47916095571223,0.9117545311300298,34218,15.778245367935003,18.03183709135118,99.31923162790113,0.8750215126723226,0.8750215126723226,True
ret20,d4,-0.05179496338631895,-0.025200458190148933,42872,18.053741369658518,20.481460253075262,99.47916095571223,0.8814674904318784,34075,16.07630227439472,18.03183709135118,99.31923162790113,0.8915509935538174,0.8814674904318784,True
ret20,d5,-0.02519949601007987,0.0,44964,17.618539275865135,20.481460253075262,99.47916095571223,0.8602189032503059,34359,16.44692802468058,18.03183709135118,99.31923162790113,0.9121049586550011,0.8602189032503059,True
ret20,d6,1.2840596830709927e-05,0.0264410364886305,42408,17.42124127523109,20.481460253075262,99.47916095571223,0.8505858986599998,32165,16.68583864448935,18.03183709135118,99.31923162790113,0.9253543363306325,0.8505858986599998,True
ret20,d7,0.02644188110026624,0.05958914850243069,44468,18.06917333813079,20.481460253075262,99.47916095571223,0.882220950794645,32479,17.54980141014194,18.03183709135118,99.31923162790113,0.9732675223956829,0.882220950794645,True
ret20,d8,0.059590316573556734,0.10432766615146849,45132,19.38978994948152,20.481460253075262,99.47916095571223,0.9466995863525001,31816,18.996731204425448,18.03183709135118,99.31923162790113,1.0535105828755005,0.9466995863525001,True
ret20,d9,0.10432829726418946,0.18367140472456867,45985,21.43959986952267,20.481460253075262,99.47916095571223,1.0467808254200794,30963,20.676291057068113,18.03183709135118,99.31923162790113,1.1466547170052532,1.0467808254200794,True
ret60,d1,-0.9536631183469004,-0.22122914538644878,49344,28.48573281452659,20.400625057122284,98.37805239092535,1.3963166684729411,26660,20.566391597899475,17.998593634107262,97.930338371753,1.142666589178737,1.142666589178737,True
ret60,d10,0.3596750369276218,110.15675675675676,48854,30.331190895320752,20.400625057122284,98.37805239092535,1.4867775281587021,27150,26.117863720073665,17.998593634107262,97.930338371753,1.451105805876989,1.451105805876989,True
ret60,d2,-0.22122852435867268,-0.14164305949008493,43053,17.02784939493183,20.400625057122284,98.37805239092535,0.8346729253272097,32951,15.63230250978726,17.998593634107262,97.930338371753,0.8685291099724654,0.8346729253272097,True
ret60,d3,-0.14164242559856777,-0.08739151398264222,42714,15.847263192395936,20.400625057122284,98.37805239092535,0.7768028257969147,33290,14.84229498347852,17.998593634107262,97.930338371753,0.8246363735526776,0.7768028257969147,True
ret60,d4,-0.08738938053097356,-0.040307101727447114,43128,15.92237061769616,20.400625057122284,98.37805239092535,0.7804844495260859,32876,14.928823457841586,17.998593634107262,97.930338371753,0.829443886635205,0.7804844495260859,True
ret60,d5,-0.04030703794776369,0.006084751901485053,43967,16.09843746446198,20.400625057122284,98.37805239092535,0.7891149128708524,32037,15.67562505852608,17.998593634107262,97.930338371753,0.8709361062978184,0.7891149128708524,True
ret60,d6,0.006085192697768749,0.05799487742407616,43994,17.202345774423787,20.400625057122284,98.37805239092535,0.8432264073407931,32010,16.788503592627304,17.998593634107262,97.930338371753,0.9327675225031559,0.8432264073407931,True
ret60,d7,0.05799516706941099,0.12155388471177941,44335,18.017367768129017,20.400625057122284,98.37805239092535,0.883177241759991,31669,17.48713252707695,17.998593634107262,97.930338371753,0.9715832738141776,0.883177241759991,True
ret60,d8,0.12155388471177964,0.20799999999999996,44634,19.73159474839808,20.400625057122284,98.37805239092535,0.96720540145947,31371,18.842242835740013,17.998593634107262,97.930338371753,1.046873062350496,0.96720540145947,True
ret60,d9,0.20800000000000018,0.35967479674796765,44576,22.96078607322326,20.400625057122284,98.37805239092535,1.1254942438740214,31427,21.115601234607183,17.998593634107262,97.930338371753,1.1731806197676025,1.1254942438740214,True
ret126,d1,-0.9782918149466192,-0.3051006375796974,50182,25.32979952971185,20.36289405966702,96.47211043980745,1.2439194279305723,24208,20.476701916721744,17.900166455034114,95.58616829600375,1.1439391900717786,1.1439391900717786,True
ret126,d10,0.6066666666666669,277.6296296296296,47397,33.67301727957466,20.36289405966702,96.47211043980745,1.6536459493874756,26993,27.936872522505833,17.900166455034114,95.58616829600375,1.5607046220874146,1.5607046220874146,True
ret126,d2,-0.3050976413898048,-0.19897304236200264,43647,15.064036474442688,20.36289405966702,96.47211043980745,0.7397787578868845,30742,15.350335046516166,17.900166455034114,95.58616829600375,0.8575526426012172,0.7397787578868845,True
ret126,d3,-0.1989712415244329,-0.120200055570992,42750,13.964912280701755,20.36289405966702,96.47211043980745,0.685801941501144,31639,14.071241189670975,17.900166455034114,95.58616829600375,0.7860955497267836,0.685801941501144,True
ret126,d4,-0.12019984326018807,-0.04843232220239613,42314,14.34986056624285,20.36289405966702,96.47211043980745,0.7047063410630691,32076,14.406409776780146,17.900166455034114,95.58616829600375,0.8048198776793268,0.7047063410630691,True
ret126,d5,-0.048431274900398225,0.024685534591194935,42057,15.835651615664457,20.36289405966702,96.47211043980745,0.7776719541565698,32332,14.648026722751453,17.900166455034114,95.58616829600375,0.8183179055651713,0.7776719541565698,True
ret126,d6,0.024687650168188302,0.10805869855229999,42225,17.11071640023683,20.36289405966702,96.47211043980745,0.8402890252288936,32164,15.218878248974008,17.900166455034114,95.58616829600375,0.850208755723272,0.8402890252288936,True
ret126,d7,0.10805911879531505,0.20978077571669473,42344,19.152654449272625,20.36289405966702,96.47211043980745,0.9405664240628974,32046,17.04736940647819,17.900166455034114,95.58616829600375,0.9523581498139594,0.9405664240628974,True
ret126,d8,0.20978280063570565,0.3517447464815884,42800,20.848130841121495,20.36289405966702,96.47211043980745,1.0238294605880993,31589,19.54477824559182,17.900166455034114,95.58616829600375,1.091876899284095,1.0238294605880993,True
ret126,d9,0.35174625801853154,0.6066666666666667,44192,25.733164373642285,20.36289405966702,96.47211043980745,1.2637282450244738,30197,22.704242143259265,17.900166455034114,95.58616829600375,1.2683816209359375,1.2637282450244738,True
ret252,d1,-0.9820783856850532,-0.4002333722287048,52309,25.574948861572576,20.376338742729498,92.67601618438799,1.255129745558338,19056,16.66141897565071,17.864407245540253,91.51790908204752,0.9326600511645937,0.9326600511645937,True
ret252,d10,1.121311475409836,211.00000000000003,45997,32.01078331195512,20.376338742729498,92.67601618438799,1.5709781681646278,25367,28.742066464304017,17.864407245540253,91.51790908204752,1.6089012117364996,1.5709781681646278,True
ret252,d2,-0.4002322430810916,-0.26049766718506995,42710,16.043081245609926,20.376338742729498,92.67601618438799,0.7873387583593384,28655,13.390333275170127,17.864407245540253,91.51790908204752,0.7495537406377112,0.7495537406377112,True
ret252,d3,-0.2604964473562794,-0.14796500570559135,40529,15.134841718275801,20.376338742729498,92.67601618438799,0.7427655139310088,30835,12.800389168153073,17.864407245540253,91.51790908204752,0.716530304768361,0.716530304768361,True
ret252,d4,-0.14796203238414285,-0.040034417035461844,39730,16.201862572363453,20.376338742729498,92.67601618438799,0.7951311949083324,31635,13.766397976924294,17.864407245540253,91.51790908204752,0.7706048002438478,0.7706048002438478,True
ret252,d5,-0.04003420398009949,0.07576999648670801,39903,16.783199258201137,20.376338742729498,92.67601618438799,0.8236611822224229,31461,15.651123613362575,17.864407245540253,91.51790908204752,0.8761065171792806,0.8236611822224229,True
ret252,d6,0.07577092511013217,0.21042445568506696,39630,17.032551097653293,20.376338742729498,92.67601618438799,0.8358985052567746,31735,16.839451709469042,17.864407245540253,91.51790908204752,0.9426258301222346,0.8358985052567746,True
ret252,d7,0.210427556627798,0.3830184224755724,39343,17.616856874158046,20.376338742729498,92.67601618438799,0.8645742052381189,32021,18.765809937228696,17.864407245540253,91.51790908204752,1.0504580241201942,0.8645742052381189,True
ret252,d8,0.38301886792452833,0.6356164383561647,40779,19.99313372078766,20.376338742729498,92.67601618438799,0.9811936272369555,30586,20.646701105080755,17.864407245540253,91.51790908204752,1.1557450981327737,0.9811936272369555,True
ret252,d9,0.6356198867212082,1.1212938005390836,41668,24.12882787750792,20.376338742729498,92.67601618438799,1.1841591456717095,29697,22.887833787924706,17.864407245540253,91.51790908204752,1.2811974936161692,1.1841591456717095,True
off_high,d1,-0.9857908222688097,-0.5165217391304348,55805,26.325598064689544,20.40220983640168,98.40480707025296,1.2903307178872034,20221,21.36392858909055,18.000077038634878,97.95895265436776,1.1868798418604316,1.1868798418604316,True
off_high,d10,-0.061637534498620083,0.0,41497,18.76039231751693,20.40220983640168,98.40480707025296,0.9195274662867444,34529,19.459005473659822,18.000077038634878,97.95895265436776,1.0810512328304784,0.9195274662867444,True
off_high,d2,-0.5165198237885462,-0.4209259259259259,45758,19.36273438524411,20.40220983640168,98.40480707025296,0.9490508401054215,30268,16.34399365666711,18.000077038634878,97.95895265436776,0.9079957614396208,0.9079957614396208,True
off_high,d3,-0.42092238470191234,-0.35426534498754814,44206,17.70800343844727,20.40220983640168,98.40480707025296,0.8679453637837113,31818,13.894650826576152,18.000077038634878,97.95895265436776,0.7719217421543836,0.7719217421543836,True
off_high,d4,-0.3542647058823529,-0.29835766423357657,43548,18.655276935794983,20.40220983640168,98.40480707025296,0.9143753096054421,32478,15.084056900055423,18.000077038634878,97.95895265436776,0.8379995745395651,0.8379995745395651,True
off_high,d5,-0.29835636017151035,-0.2478753541076486,43439,19.98664794309261,20.40220983640168,98.40480707025296,0.9796315253768431,32586,16.75259313815749,18.000077038634878,97.95895265436776,0.9306956354797914,0.9306956354797914,True
off_high,d6,-0.24787430683918676,-0.20061425061425053,43114,20.847056640534397,20.40220983640168,98.40480707025296,1.021803853979534,32911,17.939290814621252,18.000077038634878,97.95895265436776,0.9966230020080938,0.9966230020080938,True
off_high,d7,-0.2006136014999148,-0.15482735869804265,43665,20.83590976754838,20.40220983640168,98.40480707025296,1.0212574978212845,32360,19.95982694684796,18.000077038634878,97.95895265436776,1.108874528926,1.0212574978212845,True
off_high,d8,-0.15482695810564662,-0.10914062499999999,43756,20.41320047536338,20.40220983640168,98.40480707025296,1.0005386984571685,32269,20.332207381697604,18.000077038634878,97.95895265436776,1.129562242320247,1.0005386984571685,True
off_high,d9,-0.10913838120104447,-0.06163812033377247,43933,19.486490792798126,20.40220983640168,98.40480707025296,0.9551166735884793,32092,19.902156300635674,18.000077038634878,97.95895265436776,1.105670617848925,0.9551166735884793,True
off_low,d1,0.0,0.07793689012799399,43866,12.772990470979803,20.40220983640168,98.40480707025296,0.6260591658159597,32160,13.333333333333334,18.000077038634878,97.95895265436776,0.7407375704401169,0.6260591658159597,True
off_low,d10,1.5638321741081445,343.8181818181818,53213,35.699922951158555,20.40220983640168,98.40480707025296,1.7498066747388634,22813,29.82509972384167,18.000077038634878,97.95895265436776,1.656942893067951,1.656942893067951,True
off_low,d2,0.07793749999999999,0.1482276267683993,44568,12.98465266558966,20.40220983640168,98.40480707025296,0.6364336397728056,31457,13.287980417713069,18.000077038634878,97.95895265436776,0.7382179748004472,0.6364336397728056,True
off_low,d3,0.14822771213748664,0.22135084486858458,43595,13.838742975111826,20.40220983640168,98.40480707025296,0.6782962770248888,32430,13.314831945729264,18.000077038634878,97.95895265436776,0.7397097199723461,0.6782962770248888,True
off_low,d4,0.22135183527305302,0.30462724935732655,42227,14.497833139934166,20.40220983640168,98.40480707025296,0.7106011190056035,33798,14.296703946979111,18.000077038634878,97.95895265436776,0.7942579310240202,0.7106011190056035,True
off_low,d5,0.3046296296296296,0.4048713235294117,41564,16.14137234144933,20.40220983640168,98.40480707025296,0.791158039784977,34462,16.008937380302942,18.000077038634878,97.95895265436776,0.8893816035310178,0.791158039784977,True
off_low,d6,0.4048760158366327,0.5366931918656059,42040,18.736917221693624,20.40220983640168,98.40480707025296,0.9183768509361747,33985,17.387082536413125,18.000077038634878,97.95895265436776,0.9659448956298332,0.9183768509361747,True
off_low,d7,0.536697247706422,0.721025641025641,43821,22.06932749138541,20.40220983640168,98.40480707025296,1.0817126021324048,32204,20.276984225562042,18.000077038634878,97.95895265436776,1.1264943023321552,1.0817126021324048,True
off_low,d8,0.72105,1.0040363830331582,45908,23.98710464407075,20.40220983640168,98.40480707025296,1.1757111036703922,30117,22.38934820865292,18.000077038634878,97.95895265436776,1.243847354686151,1.1757111036703922,True
off_low,d9,1.0040394506557333,1.5638313990485138,47919,28.669212629645862,20.40220983640168,98.40480707025296,1.4052013414004874,28106,24.74560592044403,18.000077038634878,97.95895265436776,1.3747500006433713,1.3747500006433713,True
dvol20,d1,0.0,0.013623289207457508,41731,9.621144952193813,20.49199636308398,99.61315365300058,0.469507449724428,35338,9.799649102948667,18.039759710034097,99.50569612889633,0.5432250351703906,0.469507449724428,True
dvol20,d10,0.04359023711443102,22.214669086362658,52555,29.08191418513938,20.49199636308398,99.61315365300058,1.4191840399469329,24514,21.5713469853961,18.039759710034097,99.50569612889633,1.1957668689676426,1.1957668689676426,True
dvol20,d2,0.01362330990022046,0.01670331970890126,42570,12.048390885600188,20.49199636308398,99.61315365300058,0.5879559351916137,34498,13.250043480781496,18.039759710034097,99.50569612889633,0.7344911292477772,0.5879559351916137,True
dvol20,d3,0.016703334715377317,0.019339605290978532,43315,14.828581322867368,20.49199636308398,99.61315365300058,0.7236279501581814,33753,15.438627677539774,18.039759710034097,99.50569612889633,0.8558111596659728,0.7236279501581814,True
dvol20,d4,0.01933971761878391,0.021931027002159514,44077,16.95668942986138,20.49199636308398,99.61315365300058,0.8274786472443748,32991,17.116789427419597,18.039759710034097,99.50569612889633,0.9488368859979258,0.8274786472443748,True
dvol20,d5,0.021931079314450534,0.024618855108146806,44310,19.399684044233805,20.49199636308398,99.61315365300058,0.9466956611012307,32758,18.877831369436475,18.039759710034097,99.50569612889633,1.0464569192091968,0.9466956611012307,True
dvol20,d6,0.02461887348198298,0.0275692265009379,44428,21.882596560727468,20.49199636308398,99.61315365300058,1.06786065022677,32640,20.22058823529412,18.039759710034097,99.50569612889633,1.1208901094201935,1.06786065022677,True
dvol20,d7,0.027569278903732078,0.031077477229308845,45532,24.200562241939735,20.49199636308398,99.61315365300058,1.1809763096355355,31536,21.762430238457636,18.039759710034097,99.50569612889633,1.206359208119214,1.1809763096355355,True
dvol20,d8,0.031077488657577167,0.035703459232715486,46620,26.11969111969112,20.49199636308398,99.61315365300058,1.274628916426383,30448,22.678008407777195,18.039759710034097,99.50569612889633,1.2571125542854766,1.2571125542854766,True
dvol20,d9,0.035703521817634386,0.04359017366195895,49093,26.973295581854845,20.49199636308398,99.61315365300058,1.316284421680204,27975,22.716711349419125,18.039759710034097,99.50569612889633,1.259257978740349,1.259257978740349,True
dvol60,d1,1.5499390312791404e-05,0.016145856212236635,39636,5.926430517711172,20.436101992095455,98.9337602385991,0.2899980886767679,36848,7.292118975249674,18.009767231321444,98.64129323979712,0.4048980134827997,0.2899980886767679,True
dvol60,d10,0.04196995446235178,12.82479889148479,56601,31.510043992155616,20.436101992095455,98.9337602385991,1.54188132376436,19883,22.01378061660715,18.009767231321444,98.64129323979712,1.222324549443492,1.222324549443492,True
dvol60,d2,0.016145907804972576,0.01920488584975179,41581,9.439407421658931,20.436101992095455,98.9337602385991,0.4618986255456167,34902,11.80448111856054,18.009767231321444,98.64129323979712,0.6554488443376956,0.4618986255456167,True
dvol60,d3,0.01920493928791903,0.021775066284057485,42699,12.367971146865266,20.436101992095455,98.9337602385991,0.6052020660128391,33785,15.169453899659613,18.009767231321444,98.64129323979712,0.8422903919201056,0.6052020660128391,True
dvol60,d4,0.02177506759804079,0.024223840228903407,42594,16.330938629853968,20.436101992095455,98.9337602385991,0.7991219967570461,33889,18.070760423736314,18.009767231321444,98.64129323979712,1.003386672999793,0.7991219967570461,True
dvol60,d5,0.02422384334808651,0.026713398100736113,42183,19.330061873266484,20.436101992095455,98.9337602385991,0.9458781268924582,34301,19.684557301536397,18.009767231321444,98.64129323979712,1.0929934323250035,0.9458781268924582,True
dvol60,d6,0.02671341516320078,0.02944003984995863,43367,21.668549818986786,20.436101992095455,98.9337602385991,1.0603073828545206,33116,21.385433023311997,18.009767231321444,98.64129323979712,1.1874352815687594,1.0603073828545206,True
dvol60,d7,0.02944005749346421,0.03251334744261806,44856,24.8952202603888,20.436101992095455,98.9337602385991,1.218198082492351,31627,22.711607171087994,18.009767231321444,98.64129323979712,1.2610716662450479,1.218198082492351,True
dvol60,d8,0.0325133519417695,0.03626073564047171,47193,26.792108999215987,20.436101992095455,98.9337602385991,1.3110185596832014,29291,23.863985524563862,18.009767231321444,98.64129323979712,1.3250579653834245,1.3110185596832014,True
dvol60,d9,0.0362607408859941,0.041969854079030214,50423,28.728953057136625,20.436101992095455,98.9337602385991,1.405794170935768,26060,23.24251726784344,18.009767231321444,98.64129323979712,1.2905506756034875,1.2905506756034875,True
volume_vs_20d,d1,4.132521706070261e-05,0.27486270996260737,48113,21.597073556003572,20.48371740395296,99.50459983113849,1.054353227497454,28855,17.976087333217812,18.031847718403117,99.34533036918714,0.9969076721334333,0.9969076721334333,True
volume_vs_20d,d10,2.0147216505629753,19.872166538833206,47189,21.939435037826613,20.48371740395296,99.50459983113849,1.0710670629342274,29779,20.161859028174216,18.031847718403117,99.34533036918714,1.1181249610708075,1.0710670629342274,True
volume_vs_20d,d2,0.2748663101604278,0.3949534785039198,45460,21.368235811702597,20.48371740395296,99.50459983113849,1.0431815373306674,31508,17.58600990224705,18.031847718403117,99.34533036918714,0.9752749788530517,0.9752749788530517,True
volume_vs_20d,d3,0.3949548282663319,0.49960631453522664,44439,20.911811696932876,20.48371740395296,99.50459983113849,1.0208992481461057,32528,17.6709296606001,18.031847718403117,99.34533036918714,0.9799844107248826,0.9799844107248826,True
volume_vs_20d,d4,0.4996065992664741,0.6048015650686742,44147,19.97644234036288,20.48371740395296,99.50459983113849,0.9752352049393054,32821,17.571067304469697,18.031847718403117,99.34533036918714,0.9744463007269547,0.9744463007269547,True
volume_vs_20d,d5,0.6048059223104064,0.7212198229809429,44138,19.352938511033578,20.48371740395296,99.50459983113849,0.9447962071229726,32830,17.295156868717637,18.031847718403117,99.34533036918714,0.959145016018873,0.9447962071229726,True
volume_vs_20d,d6,0.7212199493010419,0.8606946681534712,44404,19.61760201783623,20.48371740395296,99.50459983113849,0.9577168846339588,32563,17.27113595184719,18.031847718403117,99.34533036918714,0.9578128776132269,0.9577168846339588,True
volume_vs_20d,d7,0.8606976479945461,1.048846643676852,44782,19.749006297172972,20.48371740395296,99.50459983113849,0.964131944788586,32186,17.63810352327099,18.031847718403117,99.34533036918714,0.9781639573891101,0.964131944788586,True
volume_vs_20d,d8,1.0488515979702662,1.3498636367117998,45124,19.781047779452177,20.48371740395296,99.50459983113849,0.9656961863589673,31843,18.380805828596554,18.031847718403117,99.34533036918714,1.0193523212730602,0.9656961863589673,True
volume_vs_20d,d9,1.3498724576409562,2.014715429560701,45940,20.35045711797997,20.48371740395296,99.50459983113849,0.9934943309681049,31028,18.986077091659144,18.031847718403117,99.34533036918714,1.0529191122372972,0.9934943309681049,True
volume_vs_60d,d1,5.760269119773276e-05,0.22029785075545574,46717,22.762591776013014,20.40220983640168,98.40480707025296,1.1156924646172364,29309,19.021460984680473,18.000077038634878,97.95895265436776,1.0567433097010266,1.0567433097010266,True
volume_vs_60d,d10,2.06737348980875,56.12565016857583,46505,21.825610149446295,20.40220983640168,98.40480707025296,1.0697669676205848,29521,20.81230310626334,18.000077038634878,97.95895265436776,1.1562341128647604,1.0697669676205848,True
volume_vs_60d,d2,0.22030030659922897,0.32813445897553173,45207,21.85281040546818,20.40220983640168,98.40480707025296,1.0711001690845436,30818,17.022519306898566,18.000077038634878,97.95895265436776,0.945691469562152,0.945691469562152,True
volume_vs_60d,d3,0.3281347114819393,0.42736572831576003,44314,20.751906846594757,20.40220983640168,98.40480707025296,1.0171401535910656,31711,17.31575793888556,18.000077038634878,97.95895265436776,0.9619824349484443,0.9619824349484443,True
volume_vs_60d,d4,0.42736744384048864,0.5307486043023002,43623,19.835866400751897,20.40220983640168,98.40480707025296,0.972241073874296,32402,16.93413986790939,18.000077038634878,97.95895265436776,0.9407815217436243,0.9407815217436243,True
volume_vs_60d,d5,0.5307507176542626,0.6470245695460364,43839,19.275074705171193,20.40220983640168,98.40480707025296,0.9447542623927212,32187,16.640258489452265,18.000077038634878,97.95895265436776,0.92445484837293,0.92445484837293,True
volume_vs_60d,d6,0.6470264229518949,0.7923466207466812,43905,18.981892722924496,20.40220983640168,98.40480707025296,0.9303841532428977,32120,17.33810709838107,18.000077038634878,97.95895265436776,0.9632240496064004,0.9303841532428977,True
volume_vs_60d,d7,0.7923484519185396,0.9918757102393189,44433,18.82609772016294,20.40220983640168,98.40480707025296,0.9227479704954982,31592,17.53291972651304,18.000077038634878,97.95895265436776,0.9740469270704151,0.9227479704954982,True
volume_vs_60d,d8,0.9918758093369907,1.3161800201370977,44695,19.505537532162435,20.40220983640168,98.40480707025296,0.9560502361543503,31330,18.15512288541334,18.000077038634878,97.95895265436776,1.0086136212887131,0.9560502361543503,True
volume_vs_60d,d9,1.3161864311530975,2.0673463183944603,45483,20.161378976760545,20.40220983640168,98.40480707025296,0.9881958443927262,30542,19.582869491192454,18.000077038634878,97.95895265436776,1.087932537686384,0.9881958443927262,True
traded_value_vs_60d,d1,0.0,0.20649402100265177,47257,23.319296612142114,20.40220983640168,98.40480707025296,1.1429789615503199,28769,18.280093155827455,18.000077038634878,97.95895265436776,1.015556384374998,1.015556384374998,True
traded_value_vs_60d,d10,2.1168217229457764,57.71585239786057,46627,22.199583932056534,20.40220983640168,98.40480707025296,1.0880970301779747,29399,21.0143202149733,18.000077038634878,97.95895265436776,1.1674572375367467,1.0880970301779747,True
traded_value_vs_60d,d2,0.20649479857194392,0.3128216629001558,45791,21.993404817540565,20.40220983640168,98.40480707025296,1.0779913055447488,30234,17.0900310908249,18.000077038634878,97.95895265436776,0.9494421081722774,0.9494421081722774,True
traded_value_vs_60d,d3,0.31282336243153885,0.4113747517227351,44315,20.952273496558725,20.40220983640168,98.40480707025296,1.0269609843525684,31710,17.246925260170293,18.000077038634878,97.95895265436776,0.9581584136085618,0.9581584136085618,True
traded_value_vs_60d,d4,0.4113754453305943,0.5156629211979958,43630,19.608067843227136,20.40220983640168,98.40480707025296,0.9610756874111923,32395,16.937799043062203,18.000077038634878,97.95895265436776,0.9409848083820624,0.9409848083820624,True
traded_value_vs_60d,d5,0.5156650595804376,0.6339391794507193,43396,19.151534703659323,20.40220983640168,98.40480707025296,0.9386990358999788,32630,16.763714373276127,18.000077038634878,97.95895265436776,0.9313134792309469,0.9313134792309469,True
traded_value_vs_60d,d6,0.6339392695847966,0.780782757738299,43735,18.829312907282496,20.40220983640168,98.40480707025296,0.9229055606362396,32290,17.321152059461134,18.000077038634878,97.95895265436776,0.9622821070311801,0.9229055606362396,True
traded_value_vs_60d,d7,0.7807847505349387,0.9840649637930444,44175,18.63044708545557,20.40220983640168,98.40480707025296,0.9131582919128238,31850,17.488226059654632,18.000077038634878,97.95895265436776,0.9715639562052083,0.9131582919128238,True
traded_value_vs_60d,d8,0.9840663043247168,1.3196103657415916,44359,19.049121936923736,20.40220983640168,98.40480707025296,0.9336793459959537,31666,18.34775468957241,18.000077038634878,97.95895265436776,1.0193153423838848,0.9336793459959537,True
traded_value_vs_60d,d9,1.3196155130967488,2.116813544024538,45436,19.898318513953694,20.40220983640168,98.40480707025296,0.9753021203835996,30589,19.853542122985388,18.000077038634878,97.95895265436776,1.1029698417608038,0.9753021203835996,True
delivery_pct,d1,0.0,0.29760000000000003,49014,15.452727792059411,20.058716160214562,94.19489248785624,0.7703747173365515,22472,17.297080811676754,16.966275963506288,89.57559673356958,1.0194977877810083,0.7703747173365515,True
delivery_pct,d10,0.7658,1.0,56937,24.7431371515886,20.058716160214562,94.19489248785624,1.2335354343696905,14456,20.628112894299942,16.966275963506288,89.57559673356958,1.215830329452975,1.215830329452975,True
delivery_pct,d2,0.2977,0.38170000000000004,40670,16.28718957462503,20.058716160214562,94.19489248785624,0.8119756740428802,30821,17.137665877161677,16.966275963506288,89.57559673356958,1.0101017992412737,0.8119756740428802,True
delivery_pct,d3,0.3818,0.4404,37127,17.176179061060683,20.058716160214562,94.19489248785624,0.8562950352290619,34253,16.188363063089366,16.966275963506288,89.57559673356958,0.9541494608427814,0.8562950352290619,True
delivery_pct,d4,0.44049999999999995,0.48869999999999997,35631,18.15553871628638,20.058716160214562,94.19489248785624,0.9051196782123555,35906,15.913774856569932,16.966275963506288,89.57559673356958,0.9379651074166045,0.9051196782123555,True
delivery_pct,d5,0.4888,0.5318999999999999,36185,19.223435125051815,20.058716160214562,94.19489248785624,0.9583582005702097,35172,15.958717161378368,16.966275963506288,89.57559673356958,0.9406140272446862,0.9406140272446862,True
delivery_pct,d6,0.532,0.5755,38177,20.245173795740893,20.058716160214562,94.19489248785624,1.0092955917037283,33322,16.11848028329632,16.966275963506288,89.57559673356958,0.9500305381078595,0.9500305381078595,True
delivery_pct,d7,0.5756,0.6231,41166,21.141233056405774,20.058716160214562,94.19489248785624,1.0539674068641705,30299,16.660615861909633,16.966275963506288,89.57559673356958,0.981984254985943,0.981984254985943,True
delivery_pct,d8,0.6232,0.6809000000000001,44921,22.310278043676675,20.058716160214562,94.19489248785624,1.1122485539691702,26470,17.665281450698906,16.966275963506288,89.57559673356958,1.0411997004349185,1.0411997004349185,True
delivery_pct,d9,0.6809999999999999,0.7656999999999999,49696,23.37210238248551,20.058716160214562,94.19489248785624,1.1651843615416864,21700,19.419354838709676,16.966275963506288,89.57559673356958,1.144585581448743,1.144585581448743,True
avg_delivery_pct_20d,d1,0.007335000000000011,0.34676999999999997,49497,14.548356466048448,19.793885001521144,92.26767837366637,0.7349924719139481,20214,18.81864054615613,16.695979444866644,86.88994192243958,1.1271360634037029,0.7349924719139481,True
avg_delivery_pct_20d,d10,0.7019499999999999,1.0,60654,25.91090447456062,19.793885001521144,92.26767837366637,1.309035819525545,9053,22.47873633049818,16.695979444866644,86.88994192243958,1.3463562532960296,1.309035819525545,True
avg_delivery_pct_20d,d2,0.34677,0.41861,37370,15.432164838105432,19.793885001521144,92.26767837366637,0.7796430481898567,32335,16.072367403742074,16.695979444866644,86.88994192243958,0.9626489692812658,0.7796430481898567,True
avg_delivery_pct_20d,d3,0.41861499999999996,0.46543999999999996,33381,16.281717144483387,19.793885001521144,92.26767837366637,0.8225629856509802,36324,15.620526373747385,16.695979444866644,86.88994192243958,0.9355861047463185,0.8225629856509802,True
avg_delivery_pct_20d,d4,0.4654400000000001,0.5034649999999999,32626,17.201005333169864,19.793885001521144,92.26767837366637,0.8690060254390677,37081,15.374450527224184,16.695979444866644,86.88994192243958,0.9208474757646651,0.8690060254390677,True
avg_delivery_pct_20d,d5,0.503465,0.5373349999999999,33456,18.585604973696796,19.793885001521144,92.26767837366637,0.9389569037239788,36249,15.338354161494111,16.695979444866644,86.88994192243958,0.9186854962384402,0.9186854962384402,True
avg_delivery_pct_20d,d6,0.537335,0.57037,36120,20.22702104097453,19.793885001521144,92.26767837366637,1.0218823156454684,33587,14.80930121773305,16.695979444866644,86.88994192243958,0.8869980504370067,0.8869980504370067,True
avg_delivery_pct_20d,d7,0.570375,0.605795,39861,20.481172072953512,19.793885001521144,92.26767837366637,1.0347221917970904,29845,16.253978890936505,16.695979444866644,86.88994192243958,0.9735265274259763,0.9735265274259763,True
avg_delivery_pct_20d,d8,0.6058,0.64715,45386,21.46917551667915,19.793885001521144,92.26767837366637,1.084636771155802,24321,18.691665638748407,16.695979444866644,86.88994192243958,1.1195309445888997,1.084636771155802,True
avg_delivery_pct_20d,d9,0.6471500000000001,0.701945,52385,23.13066717571824,19.793885001521144,92.26767837366637,1.1685764150868143,17321,21.90404711044397,16.695979444866644,86.88994192243958,1.311935438275746,1.1685764150868143,True
delivery_pct_vs_20d,d1,0.0,0.7169867086241818,45708,18.147807823575743,19.793885001521144,92.26767837366637,0.9168391057228583,23999,16.95487311971332,16.695979444866644,86.88994192243958,1.0155063484416469,0.9168391057228583,True
delivery_pct_vs_20d,d10,1.2746445336417445,13.323641062918988,45663,18.27300002189957,19.793885001521144,92.26767837366637,0.9231638973599829,24044,16.503077690900017,16.695979444866644,86.88994192243958,0.9884462151739211,0.9231638973599829,True
delivery_pct_vs_20d,d2,0.7169870619663716,0.8264195494315333,43373,19.04871694372075,19.793885001521144,92.26767837366637,0.9623536229626912,26334,16.902103744209008,16.695979444866644,86.88994192243958,1.0123457446760178,0.9623536229626912,True
delivery_pct_vs_20d,d3,0.8264211383423258,0.8962048468221309,40949,19.761166328848077,19.793885001521144,92.26767837366637,0.9983470312841288,28757,17.247974406231524,16.695979444866644,86.88994192243958,1.0330615501287406,0.9983470312841288,True
delivery_pct_vs_20d,d4,0.8962060103310516,0.9529692049766171,40134,20.29949668610156,19.793885001521144,92.26767837366637,1.0255438325796862,29573,16.572549284820614,16.695979444866644,86.88994192243958,0.9926071926206174,0.9926071926206174,True
delivery_pct_vs_20d,d5,0.9529706576531951,1.0041013540086519,39978,20.773925659112514,19.793885001521144,92.26767837366637,1.0495122942017727,29728,16.44913885898816,16.695979444866644,86.88994192243958,0.9852155672152328,0.9852155672152328,True
delivery_pct_vs_20d,d6,1.0041014241236537,1.0546636692601477,39995,20.945118139767473,19.793885001521144,92.26767837366637,1.0581610501504812,29712,16.579159935379646,16.695979444866644,86.88994192243958,0.9930031352833921,0.9930031352833921,True
delivery_pct_vs_20d,d7,1.0546640168044643,1.1087388511483895,40616,20.826767776245813,19.793885001521144,92.26767837366637,1.0521819124767722,29090,16.717084908903406,16.695979444866644,86.88994192243958,1.0012641045771802,1.0012641045771802,True
delivery_pct_vs_20d,d8,1.1087388647574175,1.1742688574509927,41272,20.747722426826904,19.793885001521144,92.26767837366637,1.0481884897902791,28435,16.43397221733779,16.695979444866644,86.88994192243958,0.9843071663813403,0.9843071663813403,True
delivery_pct_vs_20d,d9,1.1742753064684932,1.274643997790745,43048,19.59672923248467,19.793885001521144,92.26767837366637,0.9900395617625685,26658,16.636656913496886,16.695979444866644,86.88994192243958,0.9964468971966782,0.9900395617625685,True
rsi_14_daily,d1,0.0,34.36589758283543,46760,20.055603079555176,20.493722817952918,99.63793462647617,0.9786217593411608,30328,14.916908467422843,18.03919338583971,99.53148042751624,0.826916600336034,0.826916600336034,True
rsi_14_daily,d10,66.7786595201211,100.0,46395,23.70298523547796,20.493722817952918,99.63793462647617,1.1565973369520575,30693,21.923565633857883,18.03919338583971,99.53148042751624,1.21532959733484,1.1565973369520575,True
rsi_14_daily,d2,34.36605218414972,39.63109852494398,44485,18.36574126109925,20.493722817952918,99.63793462647617,0.8961642266875244,32603,15.339079225838113,18.03919338583971,99.53148042751624,0.8503195734837504,0.8503195734837504,True
rsi_14_daily,d3,39.63112294779293,43.33284833607075,44857,19.497514323294023,20.493722817952918,99.63793462647617,0.9513895789697031,32230,16.39156065777226,18.03919338583971,99.53148042751624,0.9086637249889012,0.9086637249889012,True
rsi_14_daily,d4,43.33296172378224,46.49951980043307,45024,20.355810234541575,20.493722817952918,99.63793462647617,0.9932704963057991,32064,17.14071856287425,18.03919338583971,99.53148042751624,0.9501931819373511,0.9501931819373511,True
rsi_14_daily,d5,46.49954117866676,49.55637667549506,45404,20.555457668927847,20.493722817952918,99.63793462647617,1.0030123785474863,31684,18.230021461936623,18.03919338583971,99.53148042751624,1.0105785259914508,1.0030123785474863,True
rsi_14_daily,d6,49.55640261603627,52.754691424759244,45323,20.669417293647815,20.493722817952918,99.63793462647617,1.0085730873426757,31764,19.018385593753937,18.03919338583971,99.53148042751624,1.054281374281561,1.0085730873426757,True
rsi_14_daily,d7,52.75483475116484,56.32023385692333,45260,20.642951833848873,20.493722817952918,99.63793462647617,1.0072816938738542,31828,19.281764484102048,18.03919338583971,99.53148042751624,1.0688817438609934,1.0072816938738542,True
rsi_14_daily,d8,56.32033762347807,60.65688641064731,45288,20.535241123476418,20.493722817952918,99.63793462647617,1.0020259035360393,31799,19.201861693763956,18.03919338583971,99.53148042751624,1.0644523445730623,1.0020259035360393,True
rsi_14_daily,d9,60.65690675941774,66.77852141338732,45548,20.44436638271713,20.493722817952918,99.63793462647617,0.9975916315608334,31540,19.04565630944832,18.03919338583971,99.53148042751624,1.0557931223465156,0.9975916315608334,True
rsi_14_weekly,d1,0.7422960282553674,35.295221422138525,47936,20.733895193591458,20.39409307209401,98.1611640478514,1.0166617912498601,27878,17.763110696606642,17.99483460428689,97.6432522176069,0.9871227542360937,0.9871227542360937,True
rsi_14_weekly,d10,69.02119973638439,100.0,44402,25.023647583442187,20.39409307209401,98.1611640478514,1.227004677039695,31412,23.72978479561951,17.99483460428689,97.6432522176069,1.3186998001063255,1.227004677039695,True
rsi_14_weekly,d2,35.29543645774618,40.40279112057685,45532,16.21057717649126,20.39409307209401,98.1611640478514,0.7948662938423475,30282,14.612641172974044,17.99483460428689,97.6432522176069,0.8120464285619435,0.7948662938423475,True
rsi_14_weekly,d3,40.40280250722602,44.09244963924572,44364,16.5314218735912,20.39409307209401,98.1611640478514,0.810598530425055,31450,14.152623211446741,17.99483460428689,97.6432522176069,0.7864825391657213,0.7864825391657213,True
rsi_14_weekly,d4,44.092514908404304,47.32502267706135,43472,17.983989694516012,20.39409307209401,98.1611640478514,0.8818234589271424,32341,14.551188893355182,17.99483460428689,97.6432522176069,0.8086314330384936,0.8086314330384936,True
rsi_14_weekly,d5,47.3250730391906,50.48290840050393,43237,19.59201609732405,20.39409307209401,98.1611640478514,0.9606711133496065,32577,16.683549743684196,17.99483460428689,97.6432522176069,0.9271299298138418,0.9271299298138418,True
rsi_14_weekly,d6,50.48292807880058,53.838126031630466,43880,21.15314494074749,20.39409307209401,98.1611640478514,1.0372192019507904,31934,18.02154443539801,17.99483460428689,97.6432522176069,1.0014843054520077,1.0014843054520077,True
rsi_14_weekly,d7,53.83815026228142,57.647810081128576,44656,22.093335721963452,20.39409307209401,98.1611640478514,1.0833203341704163,31157,19.154604101806978,17.99483460428689,97.6432522176069,1.0644501337758223,1.0644501337758223,True
rsi_14_weekly,d8,57.64786950706037,62.36628888682254,45167,22.30389443620342,20.39409307209401,98.1611640478514,1.093644829282586,30647,20.31846510262016,17.99483460428689,97.6432522176069,1.1291276385379898,1.093644829282586,True
rsi_14_weekly,d9,62.36637997838244,69.02106692815101,44964,22.26225424784272,20.39409307209401,98.1611640478514,1.0916030523713254,30850,21.089141004862235,17.99483460428689,97.6432522176069,1.1719552565289038,1.0916030523713254,True
rsi_14_monthly,d1,0.3789299469260783,36.212128970422015,52551,26.715000666019677,20.333249873583025,89.33913749054267,1.3138578846034754,16849,18.612380556709596,17.879237251173258,90.11769588991991,1.0410052898363005,1.0410052898363005,True
rsi_14_monthly,d10,73.06274074632245,100.0,36666,19.48944526264114,20.333249873583025,89.33913749054267,0.9585012422417454,32729,21.70552109749763,17.879237251173258,90.11769588991991,1.2140071073822396,0.9585012422417454,True
rsi_14_monthly,d2,36.21215037112819,41.78138802068125,46743,21.977622317780202,20.333249873583025,89.33913749054267,1.0808711078858844,22654,16.420941114152026,17.879237251173258,90.11769588991991,0.9184363339143264,0.9184363339143264,True
rsi_14_monthly,d3,41.781631059828996,45.84199825354674,42184,18.917124976294332,20.333249873583025,89.33913749054267,0.930354227381599,27213,15.136148164480211,17.879237251173258,90.11769588991991,0.846576839483852,0.846576839483852,True
rsi_14_monthly,d4,45.84266595563,49.54333872622038,39275,18.64035646085296,20.333249873583025,89.33913749054267,0.9167426051784534,30123,14.64329582046941,17.879237251173258,90.11769588991991,0.8190112147825824,0.8190112147825824,True
rsi_14_monthly,d5,49.54367623052641,53.055080113502136,37869,19.179275924898995,20.333249873583025,89.33913749054267,0.9432469499042908,31528,15.814514082720121,17.879237251173258,90.11769588991991,0.8845183863580284,0.8845183863580284,True
rsi_14_monthly,d6,53.055213567101816,56.76936554679283,37529,19.747395347597855,20.333249873583025,89.33913749054267,0.97118736406489,31871,17.25706755357535,17.879237251173258,90.11769588991991,0.965201552568632,0.965201552568632,True
rsi_14_monthly,d7,56.77015934908014,60.848751481783346,37419,19.305700312675377,20.333249873583025,89.33913749054267,0.9494645682664511,31979,18.987460520966884,17.879237251173258,90.11769588991991,1.061983811402296,0.9494645682664511,True
rsi_14_monthly,d8,60.849187876536995,65.8660355244057,38691,18.8570985500504,20.333249873583025,89.33913749054267,0.9274020959408735,30705,19.0946099983716,17.879237251173258,90.11769588991991,1.0679767671363378,0.9274020959408735,True
rsi_14_monthly,d9,65.8664092217569,73.06230641310816,38455,17.893641919126253,20.333249873583025,89.33913749054267,0.8800187884561281,30944,20.45630816959669,17.879237251173258,90.11769588991991,1.1441376319481593,0.8800187884561281,True
px_sma50,d1,-0.8110969425580499,-0.12243948930214166,50276,25.84732277826398,20.41832691457233,98.68156449083871,1.2658883799052623,25990,19.419007310504043,18.00687614935636,98.31836062171604,1.0784217734067194,1.0784217734067194,True
px_sma50,d10,0.15769479727076896,16.014613778705638,47957,28.554746960819067,20.41832691457233,98.68156449083871,1.3984861286768735,28309,25.016779116182132,18.00687614935636,98.31836062171604,1.3892903415718965,1.3892903415718965,True
px_sma50,d2,-0.1224380544509025,-0.07603166003779105,44078,18.939153319116112,20.41832691457233,98.68156449083871,0.9275565720127369,32188,15.306946688206786,18.00687614935636,98.31836062171604,0.850061196692016,0.850061196692016,True
px_sma50,d3,-0.07603014437985756,-0.046883743756863994,42637,17.93278138705819,20.41832691457233,98.68156449083871,0.878268893533082,33629,14.978143863926968,18.00687614935636,98.31836062171604,0.8318013485344237,0.8318013485344237,True
px_sma50,d4,-0.0468836729683999,-0.023324112966567556,42804,17.105877955331277,20.41832691457233,98.68156449083871,0.8377707941938674,33461,15.361166731418665,18.00687614935636,98.31836062171604,0.8530722710595051,0.8377707941938674,True
px_sma50,d5,-0.02332403857325438,-0.000859116114563574,43527,17.200817883152986,20.41832691457233,98.68156449083871,0.8424205349987298,32739,16.549069916613213,18.00687614935636,98.31836062171604,0.9190416915931722,0.8424205349987298,True
px_sma50,d6,-0.0008587660192892477,0.023576210342485693,44271,17.77913306679316,20.41832691457233,98.68156449083871,0.8707438734416773,31995,17.749648382559773,18.00687614935636,98.31836062171604,0.9857150254900943,0.8707438734416773,True
px_sma50,d7,0.02357621997850723,0.05259097033040727,44378,17.939068908017486,20.41832691457233,98.68156449083871,0.8785768287025797,31887,18.04810737918274,18.00687614935636,98.31836062171604,1.0022897491760587,0.8785768287025797,True
px_sma50,d8,0.05259111251548276,0.09131570741987183,44623,19.187414561997176,20.41832691457233,98.68156449083871,0.9397153176298365,31643,18.734001200897513,18.00687614935636,98.31836062171604,1.040380410544843,0.9397153176298365,True
px_sma50,d9,0.09131585409107035,0.1576935495106453,45432,21.99550977284733,20.41832691457233,98.68156449083871,1.0772434913435236,30834,20.3995589284556,18.00687614935636,98.31836062171604,1.1328760613031021,1.0772434913435236,True
px_sma200,d1,-0.9663728424870867,-0.23795209362695624,50460,25.309155766944112,20.322766517039803,94.38787706005549,1.2453597666303664,22212,21.330812173599856,17.847283624803417,93.17376416171157,1.1951853638923053,1.1951853638923053,True
px_sma200,d10,0.37910977004583457,47.5962756404197,45644,32.15099465428096,20.322766517039803,94.38787706005549,1.5820186010267683,27028,27.87479650732574,17.847283624803417,93.17376416171157,1.561850928876734,1.561850928876734,True
px_sma200,d2,-0.23795139365646023,-0.14994769710891853,43134,14.69374507349191,20.322766517039803,94.38787706005549,0.7230189384487495,29538,14.31376531924978,17.847283624803417,93.17376416171157,0.8020136632645374,0.7230189384487495,True
px_sma200,d3,-0.14994693466759001,-0.09058076068102161,41374,14.09097500845942,20.322766517039803,94.38787706005549,0.6933590954088223,31298,12.802734999041473,17.847283624803417,93.17376416171157,0.7173492206538793,0.6933590954088223,True
px_sma200,d4,-0.09058057148771248,-0.03919705402604212,40623,14.947197400487408,20.322766517039803,94.38787706005549,0.7354902880941332,32048,13.142785821268097,17.847283624803417,93.17376416171157,0.7364025863859078,0.7354902880941332,True
px_sma200,d5,-0.0391960591272108,0.012158716736492714,40513,16.337965591291685,20.322766517039803,94.38787706005549,0.8039242874533333,32159,14.801455269131502,17.847283624803417,93.17376416171157,0.8293393874550775,0.8039242874533333,True
px_sma200,d6,0.0121589903420678,0.06753168070972437,41233,17.852205757524313,20.322766517039803,94.38787706005549,0.8784338363852172,31439,15.922898311014983,17.847283624803417,93.17376416171157,0.8921748903505964,0.8784338363852172,True
px_sma200,d7,0.06753330899329946,0.13398206695590753,41666,19.471511544184708,20.322766517039803,94.38787706005549,0.9581132336416229,31005,17.68746976294146,17.847283624803417,93.17376416171157,0.9910454797927987,0.9581132336416229,True
px_sma200,d8,0.13398225406546893,0.22489205321864092,42414,21.365586834535765,20.322766517039803,94.38787706005549,1.051312911390366,30258,20.173177341529513,17.847283624803417,93.17376416171157,1.130322001130394,1.051312911390366,True
px_sma200,d9,0.22489298649983547,0.3791033067494678,43343,24.522991025079023,20.322766517039803,94.38787706005549,1.206675823614738,29329,23.22274881516588,17.847283624803417,93.17376416171157,1.3011923440770483,1.206675823614738,True
sma50_200,d1,-0.9303421701093159,-0.18468339343099838,50148,23.06572545266013,20.322766517039803,94.38787706005549,1.1349697608010438,22524,19.552477357485348,17.847283624803417,93.17376416171157,1.095543600277194,1.095543600277194,True
sma50_200,d10,0.2729056066747124,2.897255513793349,45565,33.03193240425765,20.322766517039803,94.38787706005549,1.6253659351231406,27107,27.48367580329804,17.847283624803417,93.17376416171157,1.5399360698847395,1.5399360698847395,True
sma50_200,d2,-0.18468248704096835,-0.11546788097292582,43527,14.967721184552115,20.322766517039803,94.38787706005549,0.7365001793433141,29145,15.618459427002918,17.847283624803417,93.17376416171157,0.8751168948364236,0.7365001793433141,True
sma50_200,d3,-0.11546695582061339,-0.06765080145493751,41999,14.788447343984382,20.322766517039803,94.38787706005549,0.7276788488213393,30673,14.129690607374565,17.847283624803417,93.17376416171157,0.7916997849318484,0.7276788488213393,True
sma50_200,d4,-0.06765053793725018,-0.027268724379368225,40863,14.947507525144996,20.322766517039803,94.38787706005549,0.7355055480567632,31808,14.049924547283702,17.847283624803417,93.17376416171157,0.7872304179532227,0.7355055480567632,True
sma50_200,d5,-0.027267898606222363,0.012036539143035041,40441,16.569817759204767,20.322766517039803,94.38787706005549,0.8153327818489504,32231,14.5046694176414,17.847283624803417,93.17376416171157,0.812710198513538,0.812710198513538,True
sma50_200,d6,0.01203781804699422,0.05429147381455479,41350,18.15235792019347,20.322766517039803,94.38787706005549,0.893203093435801,31322,15.768469446395505,17.847283624803417,93.17376416171157,0.8835220965772707,0.8835220965772707,True
sma50_200,d7,0.05429198017415615,0.10372919446590378,41466,19.3917908648049,20.322766517039803,94.38787706005549,0.9541905059306607,31205,16.564653100464668,17.847283624803417,93.17376416171157,0.9281330116502322,0.9281330116502322,True
sma50_200,d8,0.10372923727424088,0.16859990160295646,41884,21.619234075064465,20.322766517039803,94.38787706005549,1.0637938519314105,30788,19.8518903468884,17.847283624803417,93.17376416171157,1.1123199902140326,1.0637938519314105,True
sma50_200,d9,0.16860002411672492,0.27290103409241495,43161,24.825652788396933,20.322766517039803,94.38787706005549,1.2215685678217898,29511,22.97448409067805,17.847283624803417,93.17376416171157,1.2872818392793994,1.2215685678217898,True
uc20,no/0,0.0,0.0,395677,18.653093305903553,20.52368995274071,100.0,0.908856708947342,281432,16.922737997100544,18.07196334856284,100.0,0.9364083841198313,0.908856708947342,True
uc20,yes/>0,1.0,20.0,60318,32.794522364799896,20.52368995274071,100.0,1.5978862690049824,36591,26.910989041021015,18.07196334856284,100.0,1.4891015725284267,1.4891015725284267,True
up20,b1of8,0.0,6.0,57848,22.71988659936385,20.52368995274071,100.0,1.1070078846289462,34732,18.366348036392953,18.07196334856284,100.0,1.0162895797292286,1.0162895797292286,True
up20,b2of8,7.0,7.0,50171,20.50387674154392,20.52368995274071,100.0,0.9990346174960538,34107,17.245726683671975,18.07196334856284,100.0,0.954280746980567,0.954280746980567,True
up20,b3of8,8.0,8.0,67570,20.119875684475357,20.52368995274071,100.0,0.9803244801887377,47677,17.366864525872014,18.07196334856284,100.0,0.9609838284257644,0.9609838284257644,True
up20,b4of8,9.0,9.0,76013,19.946588083617275,20.52368995274071,100.0,0.971881183624762,54567,17.790972565836494,18.07196334856284,100.0,0.9844515630478694,0.971881183624762,True
up20,b5of8,10.0,10.0,71322,19.702195675948513,20.52368995274071,100.0,0.9599733635284967,51799,18.351705631382845,18.07196334856284,100.0,1.0154793520451806,0.9599733635284967,True
up20,b6of8,11.0,11.0,56466,19.83671589983353,20.52368995274071,100.0,0.9665277513698045,41142,18.314617665645812,18.07196334856284,100.0,1.013427114276561,0.9665277513698045,True
up20,b7of8,12.0,12.0,38022,20.15938141076219,20.52368995274071,100.0,0.982249364377585,27292,18.25443353363623,18.07196334856284,100.0,1.0100968656008205,0.982249364377585,True
up20,b8of8,13.0,20.0,38583,21.98377523779903,20.52368995274071,100.0,1.0711414608396645,26707,19.474295128617968,18.07196334856284,100.0,1.0775970907536534,1.0711414608396645,True
log_mcap,d1,1.6989700043360187,2.119089526266796,54378,32.978410386553385,20.52368995274071,100.0,1.6068460624035827,23024,26.05542043085476,18.07196334856284,100.0,1.4417592559430905,1.4417592559430905,True
log_mcap,d10,4.472053989981762,6.3356367923108685,38321,5.913206857858615,20.52368995274071,100.0,0.2881161658295745,39081,7.535631125099153,18.07196334856284,100.0,0.4169791062407405,0.2881161658295745,True
log_mcap,d2,2.1190943402864675,2.4110565096816567,50034,29.02226485989527,20.52368995274071,100.0,1.4140861086249097,27368,22.946506869336453,18.07196334856284,100.0,1.2697296041805695,1.2697296041805695,True
log_mcap,d3,2.411057965165871,2.676454155505568,48984,25.749224236485386,20.52368995274071,100.0,1.2546098823251257,28418,22.478710676331904,18.07196334856284,100.0,1.2438444148415955,1.2438444148415955,True
log_mcap,d4,2.6764566063866413,2.9378157039615242,47092,25.046717064469547,20.52368995274071,100.0,1.2203807951759102,30309,22.04295753736514,18.07196334856284,100.0,1.2197323064578975,1.2197323064578975,True
log_mcap,d5,2.937834889652753,3.1849313538490334,45541,21.58494543378494,20.52368995274071,100.0,1.0517088049706438,31861,20.66476256238034,18.07196334856284,100.0,1.1434708096629518,1.0517088049706438,True
log_mcap,d6,3.184931990045998,3.4315386675809165,43683,17.762058466680404,20.52368995274071,100.0,0.8654417654710516,33719,20.258607906521544,18.07196334856284,100.0,1.120996513537783,0.8654417654710516,True
log_mcap,d7,3.4315387766233707,3.7077481444175793,44689,16.27246078453311,20.52368995274071,100.0,0.7928623372309376,32712,17.861946686231352,18.07196334856284,100.0,0.9883788685113625,0.7928623372309376,True
log_mcap,d8,3.707749496851359,4.028937974940564,41810,13.171490074144943,20.52368995274071,100.0,0.6417700766516421,35592,15.978309732524162,18.07196334856284,100.0,0.8841490780134205,0.6417700766516421,True
log_mcap,d9,4.028938274275018,4.472043810847611,41463,9.866628078045487,20.52368995274071,100.0,0.4807433800045254,35939,11.783855978185258,18.07196334856284,100.0,0.6520517860126338,0.4807433800045254,True
log_adv,d1,-3.0,-0.9575695279407639,57746,29.96051674574862,20.48371740395296,99.50459983113849,1.4626503654051985,19222,25.273124544792424,18.031847718403117,99.34533036918714,1.401582629771154,1.401582629771154,True
log_adv,d10,1.9439477905523996,3.805152538034252,37226,8.948047063880084,20.48371740395296,99.50459983113849,0.4368370685563786,39742,10.110210860047305,18.031847718403117,99.34533036918714,0.5606863488387231,0.4368370685563786,True
log_adv,d2,-0.9575446566935022,-0.5089185865768128,49712,27.140328290955907,20.48371740395296,99.50459983113849,1.3249708417534773,27256,23.774581743469327,18.031847718403117,99.34533036918714,1.3184772916646381,1.3184772916646381,True
log_adv,d3,-0.5089120543350673,-0.15121610267502095,49414,24.578054802282754,20.48371740395296,99.50459983113849,1.1998825368260386,27553,21.609262149312233,18.031847718403117,99.34533036918714,1.1983942237521252,1.1983942237521252,True
log_adv,d4,-0.1512106779202725,0.1738503184757534,50124,22.52414013247147,20.48371740395296,99.50459983113849,1.0996119350936149,26844,21.531813440619878,18.031847718403117,99.34533036918714,1.1940991171217985,1.0996119350936149,True
log_adv,d5,0.1738517736106957,0.47123595345850144,48565,20.6630289302996,20.48371740395296,99.50459983113849,1.0087538566760366,28403,20.047178114987855,18.031847718403117,99.34533036918714,1.11176505192687,1.0087538566760366,True
log_adv,d6,0.47124019781735804,0.7604314742814983,44795,18.609219778993193,20.48371740395296,99.50459983113849,0.9084884062793199,32172,18.087156533631727,18.031847718403117,99.34533036918714,1.0030672849556157,0.9084884062793199,True
log_adv,d7,0.7604417095762622,1.073140556072196,41190,17.217771303714493,20.48371740395296,99.50459983113849,0.8405589163416108,35778,16.946168036223376,18.031847718403117,99.34533036918714,0.9397909909658505,0.8405589163416108,True
log_adv,d8,1.0731420239943084,1.4436372239468322,37639,15.311246313664018,20.48371740395296,99.50459983113849,0.7474837702412964,39328,16.79465012205045,18.031847718403117,99.34533036918714,0.9313881962806286,0.7474837702412964,True
log_adv,d9,1.4436387439009006,1.9439469999522383,37325,11.137307434695245,20.48371740395296,99.50459983113849,0.5437151477468617,39643,14.375804051156575,18.031847718403117,99.34533036918714,0.7972452005838968,0.5437151477468617,True
log_px,d1,-1.0,1.3374592612906562,52850,33.42667928098392,20.52368995274071,100.0,1.628687597500963,24599,25.309971950079273,18.07196334856284,100.0,1.400510363036567,1.400510363036567,True
log_px,d10,3.1658672683529434,5.208656300507248,35862,8.858959344152586,20.52368995274071,100.0,0.4316455454429417,41537,11.050388809976647,18.07196334856284,100.0,0.6114658710203406,0.4316455454429417,True
log_px,d2,1.3376588910261422,1.683407299132095,53070,27.63143018654607,20.52368995274071,100.0,1.3463188271783553,24287,23.60933832914728,18.07196334856284,100.0,1.3064069395107973,1.3064069395107973,True
log_px,d3,1.6834973176798114,1.9199144806594315,52464,25.44411405916438,20.52368995274071,100.0,1.2397436385832072,24936,23.391883221045877,18.07196334856284,100.0,1.2943742066025217,1.2397436385832072,True
log_px,d4,1.9199667014833872,2.120080134129453,48528,22.502472799208704,20.52368995274071,100.0,1.096414575109275,28878,20.849781840847704,18.07196334856284,100.0,1.1537087276411375,1.096414575109275,True
log_px,d5,2.120113071407684,2.3093107157881754,45762,21.039290240811155,20.52368995274071,100.0,1.0251222021604156,31652,19.71755339315051,18.07196334856284,100.0,1.0910576240582368,1.0251222021604156,True
log_px,d6,2.3093320198759826,2.4889030852677694,44210,17.68604388147478,20.52368995274071,100.0,0.8617380170037604,33176,18.444055944055947,18.07196334856284,100.0,1.0205894948056486,0.8617380170037604,True
log_px,d7,2.488973524726508,2.673113104238234,41645,15.81702485292352,20.52368995274071,100.0,0.7706715941112399,35767,17.02966421561775,18.07196334856284,100.0,0.942325074877491,0.7706715941112399,True
log_px,d8,2.673159195454186,2.878866336956725,41510,12.476511683931584,20.52368995274071,100.0,0.6079078232355329,35886,14.902747589589255,18.07196334856284,100.0,0.8246335664892983,0.6079078232355329,True
log_px,d9,2.8788950364103556,3.1658524467744593,40094,11.46805008230658,20.52368995274071,100.0,0.5587713568424448,37305,14.126792655140061,18.07196334856284,100.0,0.7816966193805105,0.5587713568424448,True
age_yrs,d1,0.0,0.49828884325804246,15645,24.90252476829658,22.836251804431054,27.952938080461408,1.090482141358443,13706,21.618269371078362,18.263696407668654,51.84499234332108,1.1836743717444391,1.090482141358443,True
age_yrs,d10,7.515400410677618,11.359342915811089,712,11.657303370786517,22.836251804431054,27.952938080461408,0.5104735869362144,28499,17.179550159654724,18.263696407668654,51.84499234332108,0.9406392756529444,0.5104735869362144,True
age_yrs,d2,0.5010266940451745,1.0157426420260096,16221,21.071450588742987,22.836251804431054,27.952938080461408,0.9227193135370126,13061,18.926575300512976,18.263696407668654,51.84499234332108,1.0362948922303588,0.9227193135370126,True
age_yrs,d3,1.0184804928131417,1.5633127994524298,15257,20.901881103755652,22.836251804431054,27.952938080461408,0.9152938618280578,13889,17.87745698034416,18.263696407668654,51.84499234332108,0.9788520670348901,0.9152938618280578,True
age_yrs,d4,1.566050650239562,2.1738535249828885,14707,21.27558305568777,22.836251804431054,27.952938080461408,0.9316582790333193,14572,19.297282459511393,18.263696407668654,51.84499234332108,1.0565923802483244,0.9316582790333193,True
age_yrs,d5,2.1765913757700206,2.844626967830253,13622,21.6194391425635,22.836251804431054,27.952938080461408,0.9467157451105243,15502,18.913688556315314,18.263696407668654,51.84499234332108,1.0355892988000905,0.9467157451105243,True
age_yrs,d6,2.847364818617385,3.62217659137577,13949,19.564126460678185,22.836251804431054,27.952938080461408,0.856713554756041,15322,17.03432972196841,18.263696407668654,51.84499234332108,0.9326879587647958,0.856713554756041,True
age_yrs,d7,3.6249144421629023,4.558521560574949,13738,25.09098849905372,22.836251804431054,27.952938080461408,1.0987349725310511,15514,15.6632718834601,18.263696407668654,51.84499234332108,0.8576178410895685,0.8576178410895685,True
age_yrs,d8,4.561259411362081,5.812457221081451,14342,28.64314600474132,22.836251804431054,27.952938080461408,1.2542840326880405,14829,17.472520062040598,18.263696407668654,51.84499234332108,0.9566803823296224,0.9566803823296224,True
age_yrs,d9,5.815195071868583,7.512662559890486,9271,23.341602847589257,22.836251804431054,27.952938080461408,1.0221293339855426,19985,19.634726044533398,18.263696407668654,51.84499234332108,1.0750685735385455,1.0221293339855426,True
ind_heat_pct,d1,0.008928571428571428,0.14084507042253522,40971,18.71323619145249,20.8542191750616,85.53098169936074,0.8973357398022654,26903,15.604207709177414,17.97392427208731,90.58590101973756,0.8681580868464013,0.8681580868464013,True
ind_heat_pct,d10,0.8863636363636364,1.0,38783,23.87901915787845,20.8542191750616,85.53098169936074,1.1450449886147758,28318,21.25856345787132,17.97392427208731,90.58590101973756,1.1827446881416377,1.1450449886147758,True
ind_heat_pct,d2,0.14102564102564102,0.25,41897,19.533618158818054,20.8542191750616,85.53098169936074,0.9366746361895544,27513,15.927016319558026,17.97392427208731,90.58590101973756,0.8861179160686663,0.8861179160686663,True
ind_heat_pct,d3,0.25225225225225223,0.34177215189873417,38688,18.886993382961126,20.8542191750616,85.53098169936074,0.9056677320025018,27561,15.162729944486774,17.97392427208731,90.58590101973756,0.8435959624039258,0.8435959624039258,True
ind_heat_pct,d4,0.34210526315789475,0.43434343434343436,38091,20.401144627339793,20.8542191750616,85.53098169936074,0.9782742022648532,29885,16.934917182533045,17.97392427208731,90.58590101973756,0.9421936426444282,0.9421936426444282,True
ind_heat_pct,d5,0.43478260869565216,0.5225225225225225,37881,20.112985401652544,20.8542191750616,85.53098169936074,0.964456412048481,29669,16.73126832721022,17.97392427208731,90.58590101973756,0.9308634037806158,0.9308634037806158,True
ind_heat_pct,d6,0.5227272727272727,0.6078431372549019,39191,21.73458191931821,20.8542191750616,85.53098169936074,1.042215090235044,28648,17.543982127897234,17.97392427208731,90.58590101973756,0.9760796731041225,0.9760796731041225,True
ind_heat_pct,d7,0.6081081081081081,0.6962025316455697,38861,20.385476441676744,20.8542191750616,85.53098169936074,0.9775228825663538,29682,17.87615389798531,17.97392427208731,90.58590101973756,0.9945604325120123,0.9775228825663538,True
ind_heat_pct,d8,0.6964285714285714,0.7872340425531915,37813,21.778224420172958,20.8542191750616,85.53098169936074,1.044307832259494,29423,19.770247765353634,17.97392427208731,90.58590101973756,1.0999405286276818,1.044307832259494,True
ind_heat_pct,d9,0.7875,0.8860759493670886,37841,23.38997383790069,20.8542191750616,85.53098169936074,1.1215943230265584,30482,22.39682435535726,17.97392427208731,90.58590101973756,1.2460731455366436,1.1215943230265584,True
ind_heat,d1,-0.5438118504697427,-0.14078143292267523,44677,25.966380911878595,20.8542191750616,85.53098169936074,1.2451380075131435,23142,19.786535303776684,17.97392427208731,90.58590101973756,1.100846704606644,1.100846704606644,True
ind_heat,d10,0.2657372170738983,5.189843700135612,49703,29.710480252701043,20.8542191750616,85.53098169936074,1.4246747865885168,18105,27.63325048329191,17.97392427208731,90.58590101973756,1.537407750526973,1.4246747865885168,True
ind_heat,d2,-0.1407756848810818,-0.08329503258806324,37094,13.77311694613684,20.8542191750616,85.53098169936074,0.6604475013194138,30709,15.9757725748152,17.97392427208731,90.58590101973756,0.8888305265436581,0.6604475013194138,True
ind_heat,d3,-0.0832893685119051,-0.038948205216251294,35800,14.243016759776536,20.8542191750616,85.53098169936074,0.6829801029812215,32014,14.403073655275817,17.97392427208731,90.58590101973756,0.8013316089043024,0.6829801029812215,True
ind_heat,d4,-0.03893002645672185,0.0008385132615036581,37005,15.14660181056614,20.8542191750616,85.53098169936074,0.7263087475688909,30820,14.325113562621675,17.97392427208731,90.58590101973756,0.7969942092650256,0.7263087475688909,True
ind_heat,d5,0.000838838082736869,0.03836431671028328,37192,16.963325446332544,20.8542191750616,85.53098169936074,0.8134241471202163,30607,14.591433332244257,17.97392427208731,90.58590101973756,0.811811216702637,0.811811216702637,True
ind_heat,d6,0.03836995442686516,0.07962998380561892,38852,18.863893750643467,20.8542191750616,85.53098169936074,0.9045600601149213,28951,16.600462851024144,17.97392427208731,90.58590101973756,0.9235858903002007,0.9045600601149213,True
ind_heat,d7,0.07965281452421633,0.12540344762337444,36884,20.648519683331525,20.8542191750616,85.53098169936074,0.9901363129444779,30950,18.44264943457189,17.97392427208731,90.58590101973756,1.0260780648337597,0.9901363129444779,True
ind_heat,d8,0.1254165645545649,0.1811609975632948,36194,22.489915455600375,20.8542191750616,85.53098169936074,1.0784347889895975,31603,18.855804828655508,17.97392427208731,90.58590101973756,1.0490644415331003,1.0490644415331003,True
ind_heat,d9,0.1811730253008626,0.2656892587314406,36616,26.65501420144199,20.8542191750616,85.53098169936074,1.2781593008918424,31183,23.49677709008113,17.97392427208731,90.58590101973756,1.307270284128801,1.2781593008918424,True
ind_ret20,d1,-0.4780421849424144,-0.08792533771486162,47082,20.12021579372159,20.8542191750616,85.53098169936074,0.964803123282709,20783,17.24486359043449,17.97392427208731,90.58590101973756,0.9594378684022267,0.9594378684022267,True
ind_ret20,d10,0.1250892781002904,5.150405734423445,48322,28.546003890567444,20.8542191750616,85.53098169936074,1.368835900828357,19447,22.728441404843934,17.97392427208731,90.58590101973756,1.2645230424243066,1.2645230424243066,True
ind_ret20,d2,-0.08791475895693142,-0.051385425659639064,39225,18.16953473550032,20.8542191750616,85.53098169936074,0.8712642071599714,28532,15.03574933408103,17.97392427208731,90.58590101973756,0.8365312497410968,0.8365312497410968,True
ind_ret20,d3,-0.051382888572030105,-0.024880000436034083,34863,19.367237472391935,20.8542191750616,85.53098169936074,0.9286963616241328,32950,15.125948406676784,17.97392427208731,90.58590101973756,0.8415495791404161,0.8415495791404161,True
ind_ret20,d4,-0.024874159805635974,-0.0035976363332589963,34468,19.02634327492167,20.8542191750616,85.53098169936074,0.9123498278791571,33343,14.992652130882044,17.97392427208731,90.58590101973756,0.8341334871519935,0.8341334871519935,True
ind_ret20,d5,-0.003591039315097011,0.017002402618763256,35831,18.470039909575508,20.8542191750616,85.53098169936074,0.8856740093948374,31979,15.679039369586292,17.97392427208731,90.58590101973756,0.8723214325507719,0.8723214325507719,True
ind_ret20,d6,0.017012093084356826,0.03700920827265397,35924,19.357532568756262,20.8542191750616,85.53098169936074,0.9282309927913703,31882,16.95941283482843,17.97392427208731,90.58590101973756,0.9435564865022621,0.9282309927913703,True
ind_ret20,d7,0.03700984212467192,0.05793625688519478,36919,19.691757631571818,20.8542191750616,85.53098169936074,0.944257728676799,30917,19.68819743183362,17.97392427208731,90.58590101973756,1.095375563721969,0.944257728676799,True
ind_ret20,d8,0.057947156100736495,0.08430747629638581,37349,20.602961257329515,20.8542191750616,85.53098169936074,0.9879516986168174,30435,20.952850336783307,17.97392427208731,90.58590101973756,1.165735986176493,0.9879516986168174,True
ind_ret20,d9,0.08431200012302575,0.12505401417632825,40034,22.715691662087227,20.8542191750616,85.53098169936074,1.0892611932098448,27816,23.792062122519415,17.97392427208731,90.58590101973756,1.3236988073588032,1.0892611932098448,True
ind_breadth,d1,0.0,0.1111111111111111,45655,20.94622713832001,20.8542191750616,85.53098169936074,1.0044119591573313,26561,14.694476864575881,17.97392427208731,90.58590101973756,0.817544162428443,0.817544162428443,True
ind_breadth,d10,0.8625,1.0,47568,26.02800201816347,20.8542191750616,85.53098169936074,1.2480928583165993,20221,20.627070866920526,17.97392427208731,90.58590101973756,1.147610869761671,1.147610869761671,True
ind_breadth,d2,0.1125,0.20238095238095238,34640,17.16512702078522,20.8542191750616,85.53098169936074,0.823100921530164,28927,15.4630621910326,17.97392427208731,90.58590101973756,0.8603052932100107,0.823100921530164,True
ind_breadth,d3,0.20270270270270271,0.3018867924528302,35639,19.568450293218103,20.8542191750616,85.53098169936074,0.9383449041630348,32049,14.577677930668663,17.97392427208731,90.58590101973756,0.8110459190766224,0.8110459190766224,True
ind_breadth,d4,0.3023255813953488,0.4,42796,19.380315917375455,20.8542191750616,85.53098169936074,0.9293234982660629,33881,14.426964965614946,17.97392427208731,90.58590101973756,0.802660829500621,0.802660829500621,True
ind_breadth,d5,0.4020618556701031,0.5,44837,20.639204228650446,20.8542191750616,85.53098169936074,0.9896896189396398,32189,16.39379912392432,17.97392427208731,90.58590101973756,0.9120879155690641,0.9120879155690641,True
ind_breadth,d6,0.5051546391752577,0.5833333333333334,29162,19.467114738358138,20.8542191750616,85.53098169936074,0.9334856690121381,20740,18.83317261330762,17.97392427208731,90.58590101973756,1.047805272138299,0.9334856690121381,True
ind_breadth,d7,0.5846153846153846,0.6727272727272727,38153,20.520011532513827,20.8542191750616,85.53098169936074,0.9839740994499839,29544,20.98564852423504,17.97392427208731,90.58590101973756,1.1675607511501982,0.9839740994499839,True
ind_breadth,d8,0.6728971962616822,0.7733333333333333,33759,21.274326846174354,20.8542191750616,85.53098169936074,1.0201449724674965,34005,22.629025143361268,17.97392427208731,90.58590101973756,1.2589919040942616,1.0201449724674965,True
ind_breadth,d9,0.7735849056603774,0.8620689655172413,37808,21.781104528142194,20.8542191750616,85.53098169936074,1.0444459389872052,29967,22.00754162912537,17.97392427208731,90.58590101973756,1.224414952237341,1.0444459389872052,True
ind_n,d1,0.0,4.0,62492,18.64558663508929,20.54920454620792,99.23551793331067,0.9073629391912439,29838,19.02272270259401,18.072357370675824,99.96824129072425,1.0525866832104729,0.9073629391912439,True
ind_n,d10,67.0,113.0,23512,16.833957128274925,20.54920454620792,99.23551793331067,0.8192023730369361,50321,16.802130323324256,18.072357370675824,99.96824129072425,0.9297143686737495,0.8192023730369361,True
ind_n,d2,5.0,6.0,47239,19.996189589110692,20.54920454620792,99.23551793331067,0.9730882547860336,22545,17.689066311820802,18.072357370675824,99.96824129072425,0.9787913081291238,0.9730882547860336,True
ind_n,d3,7.0,9.0,48679,18.92397132233612,20.54920454620792,99.23551793331067,0.9209101636894399,31682,16.567767186415,18.072357370675824,99.96824129072425,0.9167463240461275,0.9167463240461275,True
ind_n,d4,10.0,13.0,51750,21.66183574879227,20.54920454620792,99.23551793331067,1.0541447334412597,28925,17.24114088159032,18.072357370675824,99.96824129072425,0.9540061945413808,0.9540061945413808,True
ind_n,d5,14.0,19.0,50386,18.397967689437543,20.54920454620792,99.23551793331067,0.8953128890253146,32045,18.601965985333123,18.072357370675824,99.96824129072425,1.02930489939938,0.8953128890253146,True
ind_n,d6,20.0,25.0,38105,24.26453221362026,20.54920454620792,99.23551793331067,1.1808015321983816,31674,18.84195238997285,18.072357370675824,99.96824129072425,1.0425840970003044,1.0425840970003044,True
ind_n,d7,26.0,33.0,37914,23.070633539062086,20.54920454620792,99.23551793331067,1.1227020241676198,30577,15.034176014651536,18.072357370675824,99.96824129072425,0.8318879328407905,0.8318879328407905,True
ind_n,d8,34.0,49.0,47437,24.982608512342686,20.54920454620792,99.23551793331067,1.2157457704100225,25439,21.07001061362475,18.072357370675824,99.96824129072425,1.1658695200335576,1.1658695200335576,True
ind_n,d9,50.0,66.0,44995,18.657628625402822,20.54920454620792,99.23551793331067,0.9079489468046507,34876,20.68757885078564,18.072357370675824,99.96824129072425,1.1447083756960932,0.9079489468046507,True
rank_in_ind_pct,b1of9,0.008849557522123894,0.15,42734,23.03552206673843,20.425172474990845,97.61883353984145,1.1278006144106627,33885,20.5253061826767,17.998972184749793,97.89857966247725,1.1403599034431213,1.1278006144106627,True
rank_in_ind_pct,b2of9,0.1504424778761062,0.25,46417,21.255143589633107,20.425172474990845,97.61883353984145,1.0406347175603292,32116,18.128035869971352,17.998972184749793,97.89857966247725,1.0071706141826762,1.0071706141826762,True
rank_in_ind_pct,b3of9,0.25225225225225223,0.35,42417,19.103189758823113,20.425172474990845,97.61883353984145,0.935276790549191,29840,18.18699731903485,17.998972184749793,97.89857966247725,1.0104464372940345,0.935276790549191,True
rank_in_ind_pct,b4of9,0.35051546391752575,0.46153846153846156,43243,19.739611035312073,20.425172474990845,97.61883353984145,0.9664354638611649,31957,16.835122195450136,17.998972184749793,97.89857966247725,0.9353379750047192,0.9353379750047192,True
rank_in_ind_pct,b5of9,0.46226415094339623,0.5555555555555556,47173,18.451232696669706,20.425172474990845,97.61883353984145,0.9033574976789994,31780,16.906859660163626,17.998972184749793,97.89857966247725,0.9393236172945756,0.9033574976789994,True
rank_in_ind_pct,b6of9,0.5566037735849056,0.6666666666666666,53609,18.778563300938274,20.425172474990845,97.61883353984145,0.9193833405290102,37478,17.66636426703666,17.998972184749793,97.89857966247725,0.9815207271671353,0.9193833405290102,True
rank_in_ind_pct,b7of9,0.6696428571428571,0.7560975609756098,32686,20.137061738970814,20.425172474990845,97.61883353984145,0.9858943303233889,24242,16.58279019882848,17.998972184749793,97.89857966247725,0.9213187302372067,0.9213187302372067,True
rank_in_ind_pct,b8of9,0.7564102564102564,0.8648648648648649,44235,20.40239629252854,20.425172474990845,97.61883353984145,0.9988848964438272,31386,17.966609316255656,17.998972184749793,97.89857966247725,0.9982019601918405,0.9982019601918405,True
rank_in_ind_pct,b9of9,0.8651685393258427,1.0,92623,21.801280459497104,20.425172474990845,97.61883353984145,1.0673731390122265,58656,18.41414348063284,17.998972184749793,97.89857966247725,1.0230663891038632,1.0230663891038632,True
profitable,no/0,0.0,0.0,44595,32.91176140822962,23.93142320338187,50.42423710786302,1.3752529938787217,34210,24.17714118678749,18.117232629065434,79.8011464579606,1.3344831234324475,1.3344831234324475,True
profitable,yes/>0,1.0,1.0,185337,21.770612451911923,23.93142320338187,50.42423710786302,0.9097082219847004,219576,17.173097241957226,18.117232629065434,79.8011464579606,0.947887439189055,0.9097082219847004,True
pe,d1,0.009237643581122416,7.097069597069597,27062,31.679107235237602,21.770612451911923,40.64452461101547,1.4551316507614145,13432,22.6697438951757,17.173097241957226,69.0440628508001,1.3200731106203192,1.3200731106203192,True
pe,d10,76.7969875573019,5.674535530486825e+18,14423,19.0667683560979,21.770612451911923,40.64452461101547,0.8758030302644716,26069,15.627757106141393,17.173097241957226,69.0440628508001,0.9100138947539256,0.8758030302644716,True
pe,d2,7.097345132743361,10.819013821441914,25608,24.90237425804436,21.770612451911923,40.64452461101547,1.1438527194882568,14881,19.998656004300784,17.173097241957226,69.0440628508001,1.1645340221704543,1.1438527194882568,True
pe,d3,10.81911567664136,14.457720588235293,22243,23.36015825203435,21.770612451911923,40.64452461101547,1.073013370828841,18248,20.73651907058308,17.173097241957226,69.0440628508001,1.2075002417106053,1.073013370828841,True
pe,d4,14.457955129302963,18.432142857142857,19840,20.241935483870968,21.770612451911923,40.64452461101547,0.9297825464755493,20651,19.447000145271414,17.173097241957226,69.0440628508001,1.1324107626758555,0.9297825464755493,True
pe,d5,18.432304038004748,23.226646248085753,17930,19.69882877858338,21.770612451911923,40.64452461101547,0.9048357652819916,22562,18.628667671305735,17.173097241957226,69.0440628508001,1.0847587601025321,0.9048357652819916,True
pe,d6,23.226666666666667,29.32819383259912,16642,18.861915635140008,21.770612451911923,40.64452461101547,0.8663934318248144,23849,17.468237661956476,17.173097241957226,69.0440628508001,1.0171862079298173,0.8663934318248144,True
pe,d7,29.328358208955223,37.7818017202354,14807,17.045991760653745,21.770612451911923,40.64452461101547,0.7829817281578931,25684,15.336396199968853,17.173097241957226,69.0440628508001,0.8930477702355895,0.7829817281578931,True
pe,d8,37.78185456971314,51.089876033057855,13662,17.032645293514857,21.770612451911923,40.64452461101547,0.782368678471378,26829,14.812329941481234,17.173097241957226,69.0440628508001,0.862531070125884,0.782368678471378,True
pe,d9,51.08996539792388,76.79591836734693,13120,14.596036585365853,21.770612451911923,40.64452461101547,0.6704467601729786,27371,12.900515143765299,17.173097241957226,69.0440628508001,0.751204920231094,0.6704467601729786,True
pe_ind,d1,7.384718038781249e-19,0.426050942635297,19411,29.83359950543506,21.771197788432463,40.61623482713626,1.3703242143749361,21064,23.162742119255604,17.175991509481232,69.03242847215452,1.3485534215867339,1.3485534215867339,True
pe_ind,d10,2.5712743780234693,3.274681220777912e+17,18767,19.720786486918527,21.771197788432463,40.61623482713626,0.9058200048780336,21708,17.118113138013634,17.175991509481232,69.03242847215452,0.9966302747974899,0.9058200048780336,True
pe_ind,d2,0.4260528609567169,0.6062469071524227,18317,24.94950046404979,21.771197788432463,40.61623482713626,1.1459865785292729,22158,19.351927069230072,17.175991509481232,69.03242847215452,1.1266847132841042,1.1266847132841042,True
pe_ind,d3,0.6062484785783836,0.7590865865703624,17881,24.187685252502654,21.771197788432463,40.61623482713626,1.1109946952644987,22593,17.231000752445446,17.175991509481232,69.03242847215452,1.00320268224014,1.00320268224014,True
pe_ind,d4,0.7590880887263972,0.9099290926842182,18038,20.03548065195698,21.771197788432463,40.61623482713626,0.9202746145001857,22437,17.98368765877791,17.175991509481232,69.03242847215452,1.047024717545466,0.9202746145001857,True
pe_ind,d5,0.9099360630080584,1.0,27248,21.065766294773926,21.771197788432463,40.61623482713626,0.9675979475032215,28927,15.957410032149893,17.175991509481232,69.03242847215452,0.9290532091461109,0.9290532091461109,True
pe_ind,d6,1.0000000000000002,1.0973446031649277,10779,19.78847759532424,21.771197788432463,40.61623482713626,0.90892920948237,13995,16.048588781707753,17.175991509481232,69.03242847215452,0.9343617090663356,0.90892920948237,True
pe_ind,d7,1.0973465104163707,1.3218939601838184,17761,20.055177073362987,21.771197788432463,40.61623482713626,0.9211793153621876,22714,15.717178832438144,17.175991509481232,69.03242847215452,0.9150667560450402,0.9150667560450402,True
pe_ind,d8,1.321905109550787,1.682970930278215,18693,18.73428556144011,21.771197788432463,40.61623482713626,0.8605078022576261,21781,14.227996878012947,17.175991509481232,69.03242847215452,0.8283653884061961,0.8283653884061961,True
pe_ind,d9,1.6829888712241654,2.5712724506952047,18313,18.478676350133785,21.771197788432463,40.61623482713626,0.8487670972311836,22162,15.18815991336522,17.175991509481232,69.03242847215452,0.8842668503289188,0.8487670972311836,True
eps_yoy,d1,-5.0,-0.9855072463768116,26084,31.78193528599908,25.160174556663712,48.94658932663735,1.2631842125905117,22498,21.664147924259936,18.09880804086717,82.54402983432016,1.1969930768557917,1.1969930768557917,True
eps_yoy,d10,2.052631578947368,20.0,26034,30.633018360605362,25.160174556663712,48.94658932663735,1.2175201047042084,22533,24.51959348511073,18.09880804086717,82.54402983432016,1.354762889895589,1.2175201047042084,True
eps_yoy,d2,-0.9853658536585367,-0.5301587301587302,22727,25.48950587407049,25.160174556663712,48.94658932663735,1.0130893892117117,25836,16.538937916086084,18.09880804086717,82.54402983432016,0.9138136543987376,0.9138136543987376,True
eps_yoy,d3,-0.5301204819277109,-0.23404255319148934,21505,21.767030923041155,25.160174556663712,48.94658932663735,0.8651383111042893,27067,15.361879779805667,18.09880804086717,82.54402983432016,0.8487785353111924,0.8487785353111924,True
eps_yoy,d4,-0.23385518590998047,-0.03398058252427184,20293,21.795693096141527,25.160174556663712,48.94658932663735,0.8662774992699287,28273,15.085063488133555,18.09880804086717,82.54402983432016,0.8334838103189686,0.8334838103189686,True
eps_yoy,d5,-0.03396226415094335,0.10344827586206906,19147,19.277171358437354,25.160174556663712,48.94658932663735,0.7661779656982453,29435,14.6628163750637,18.09880804086717,82.54402983432016,0.8101537041530587,0.7661779656982453,True
eps_yoy,d6,0.10361281526925709,0.2654088050314466,19027,18.337099910653283,25.160174556663712,48.94658932663735,0.72881449488182,29536,14.575433369447454,18.09880804086717,82.54402983432016,0.805325595836813,0.72881449488182,True
eps_yoy,d7,0.2655524605385331,0.5032258064516129,20752,22.691788743253664,25.160174556663712,48.94658932663735,0.9018931363989169,27812,17.244354954695815,18.09880804086717,82.54402983432016,0.9527895381705803,0.9018931363989169,True
eps_yoy,d8,0.5033587102552621,0.9696969696969697,22801,26.187447918950923,25.160174556663712,48.94658932663735,1.0408293416237502,25789,21.734072666640817,18.09880804086717,82.54402983432016,1.2008565767184893,1.0408293416237502,True
eps_yoy,d9,0.9701492537313433,2.0523809523809526,24824,28.738317757009348,25.160174556663712,48.94658932663735,1.142214561838084,23730,22.7307206068268,18.09880804086717,82.54402983432016,1.2559236252188961,1.142214561838084,True
sales_yoy,d1,-5.0,-0.2822922408150388,27909,35.544089720161956,25.364547076477667,47.56916194256516,1.40132956496292,19396,22.401526087853167,18.287633778611045,80.50361137402012,1.2249548716386518,1.2249548716386518,True
sales_yoy,d10,0.6153492869918444,20.0,27358,27.034139922508952,25.364547076477667,47.56916194256516,1.065823877753355,19925,28.326223337515682,18.287633778611045,80.50361137402012,1.5489277443124232,1.065823877753355,True
sales_yoy,d2,-0.2822661961179733,-0.11015268077258689,22559,29.01724367214859,25.364547076477667,47.56916194256516,1.1440079566434809,24731,17.815696898629252,18.287633778611045,80.50361137402012,0.9741936608259422,0.9741936608259422,True
sales_yoy,d3,-0.11013026159974171,-0.021247525604613182,21110,25.05921364282331,25.364547076477667,47.56916194256516,0.9879621964967978,26185,15.951880847813635,18.287633778611045,80.50361137402012,0.8722769189784808,0.8722769189784808,True
sales_yoy,d4,-0.02122358734558394,0.038552693948491035,18438,24.145785876993166,25.364547076477667,47.56916194256516,0.9519502084618439,28849,15.76484453533918,18.287633778611045,80.50361137402012,0.862049444241251,0.862049444241251,True
sales_yoy,d5,0.03855783675513269,0.09137004785571201,18016,20.77042628774423,25.364547076477667,47.56916194256516,0.8188762931629917,29276,14.23350184451428,18.287633778611045,80.50361137402012,0.778312930848472,0.778312930848472,True
sales_yoy,d6,0.09137120345660188,0.14698224648134017,18035,21.973939561962847,25.364547076477667,47.56916194256516,0.8663249336054902,29266,14.692817604045649,18.287633778611045,80.50361137402012,0.8034291249439913,0.8034291249439913,True
sales_yoy,d7,0.14700674849885753,0.21759212293003127,18080,21.216814159292035,25.364547076477667,47.56916194256516,0.8364751830703053,29207,17.838189475125827,18.287633778611045,80.50361137402012,0.9754235944941722,0.8364751830703053,True
sales_yoy,d8,0.21760286839037324,0.3327301069681603,20697,20.181668840894815,25.364547076477667,47.56916194256516,0.7956644674176224,26594,19.135895314732647,18.287633778611045,80.50361137402012,1.0463844336774568,0.7956644674176224,True
sales_yoy,d9,0.33284225249886457,0.6152666936850331,24711,23.05451013718587,25.364547076477667,47.56916194256516,0.9089265449003795,22591,21.84055597361781,18.287633778611045,80.50361137402012,1.194280038523202,0.9089265449003795,True
loss_to_profit,no/0,0.0,0.0,202545,24.414821397714086,25.160174556663712,48.94658932663735,0.9703756761595194,245471,17.608597349585082,18.09880804086717,82.54402983432016,0.9729147527187874,0.9703756761595194,True
loss_to_profit,yes/>0,1.0,1.0,20649,32.47130611651896,25.160174556663712,48.94658932663735,1.290583499068725,17038,25.161403920647963,18.09880804086717,82.54402983432016,1.3902243652639128,1.290583499068725,True
days_since_results,d1,0.0,8.0,31859,19.02131265890329,21.4306058509989,64.67702496737903,0.8875769911104351,29625,18.059071729957807,18.334170114783333,90.81261418199313,0.9849953184080197,0.8875769911104351,True
days_since_results,d10,90.0,200.0,29508,28.582079436085127,21.4306058509989,64.67702496737903,1.3337037522321324,28446,16.431132672431975,18.334170114783333,90.81261418199313,0.8962026952713344,0.8962026952713344,True
days_since_results,d2,9.0,17.0,29655,19.875231832743214,21.4306058509989,64.67702496737903,0.927422769609512,26517,17.94697741071765,18.334170114783333,90.81261418199313,0.9788813618701248,0.927422769609512,True
days_since_results,d3,18.0,27.0,32026,19.82139511646787,21.4306058509989,64.67702496737903,0.924910628018665,28755,18.626325856372805,18.334170114783333,90.81261418199313,1.0159350404059957,0.924910628018665,True
days_since_results,d4,28.0,36.0,31590,20.544476100031655,21.4306058509989,64.67702496737903,0.9586512039310385,27718,18.839743127209754,18.334170114783333,90.81261418199313,1.0275754511527502,0.9586512039310385,True
days_since_results,d5,37.0,45.0,29160,21.251714677640603,21.4306058509989,64.67702496737903,0.9916525377489521,25365,20.18135225704711,18.334170114783333,90.81261418199313,1.1007507910474956,0.9916525377489521,True
days_since_results,d6,46.0,55.0,29620,20.793382849426063,21.4306058509989,64.67702496737903,0.9702657495544795,28987,19.070617863180043,18.334170114783333,90.81261418199313,1.0401680438103327,0.9702657495544795,True
days_since_results,d7,56.0,65.0,28020,21.277658815132046,21.4306058509989,64.67702496737903,0.9928631492301125,30672,17.88601982263954,18.334170114783333,90.81261418199313,0.9755565542733544,0.9755565542733544,True
days_since_results,d8,66.0,76.0,27882,21.30406714009038,21.4306058509989,64.67702496737903,0.9940954207366646,31262,18.098650118354552,18.334170114783333,90.81261418199313,0.987154041063529,0.987154041063529,True
days_since_results,d9,77.0,89.0,25604,22.340259334478986,21.4306058509989,64.67702496737903,1.0424464660404216,31458,18.43092377137771,18.334170114783333,90.81261418199313,1.0052772313111877,1.0052772313111877,True
ev60_open_offer_target,no/0,0.0,0.0,446374,20.5984219510993,20.58112353228799,98.22278753056503,1.0008404992460287,316769,18.085418712058313,18.07196334856284,100.0,1.0007445435360816,1.0007445435360816,True
ev60_open_offer_target,yes/>0,1.0,26.0,1517,15.491100856954516,20.58112353228799,98.22278753056503,0.7526848975301,1254,14.673046251993622,18.07196334856284,100.0,0.8119231966658723,0.7526848975301,True
ev60_tender_L1,no/0,0.0,0.0,446984,20.584629427451542,20.58112353228799,98.22278753056503,1.0001703451785833,317098,18.055301515619774,18.07196334856284,100.0,0.9990780286224745,0.9990780286224745,True
ev60_tender_L1,yes/>0,1.0,11.0,907,18.853362734288865,20.58112353228799,98.22278753056503,0.9160511915062078,925,23.783783783783786,18.07196334856284,100.0,1.316059762022214,0.9160511915062078,True
ev60_order,no/0,0.0,0.0,434887,20.65387100557156,20.58112353228799,98.22278753056503,1.0035346696777483,301290,17.884430283115936,18.07196334856284,100.0,0.9896229833012683,0.9896229833012683,True
ev60_order,yes/>0,1.0,23.0,13004,18.148262073208244,20.58112353228799,98.22278753056503,0.8817916108776552,16733,21.448634434948904,18.07196334856284,100.0,1.186845835245377,0.8817916108776552,True
ev60_client_partner,no/0,0.0,0.0,436401,20.768284215664035,20.58112353228799,98.22278753056503,1.0090938030220957,305468,18.15018267052523,18.07196334856284,100.0,1.0043282138444913,1.0043282138444913,True
ev60_client_partner,yes/>0,1.0,15.0,11490,13.472584856396866,20.58112353228799,98.22278753056503,0.6546088135208393,12555,16.168857029072083,18.07196334856284,100.0,0.8946928851733146,0.6546088135208393,True
ev60_acquisition,no/0,0.0,0.0,387575,21.067148293878603,20.58112353228799,98.22278753056503,1.023615074309628,253359,17.637423576821824,18.07196334856284,100.0,0.9759550324798788,0.9759550324798788,True
ev60_acquisition,yes/>0,1.0,53.0,60316,17.458054247629153,20.58112353228799,98.22278753056503,0.8482556465025188,64664,19.774526784609677,18.07196334856284,100.0,1.0942102085539163,0.8482556465025188,True
ev60_approval_launch,no/0,0.0,0.0,427781,20.89760882320627,20.58112353228799,98.22278753056503,1.0153774545117409,299154,18.38016539976066,18.07196334856284,100.0,1.0170541542860272,1.0153774545117409,True
ev60_approval_launch,yes/>0,1.0,22.0,20110,13.848831427150671,20.58112353228799,98.22278753056503,0.672889961785828,18869,13.185648418040172,18.07196334856284,100.0,0.7296190327371791,0.672889961785828,True
ev60_capex,no/0,0.0,0.0,446824,20.584167367912197,20.58112353228799,98.22278753056503,1.0001478945315805,316895,18.09747708231433,18.07196334856284,100.0,1.0014117853859814,1.0001478945315805,True
ev60_capex,yes/>0,1.0,4.0,1067,19.306466729147143,20.58112353228799,98.22278753056503,0.9380667046120614,1128,10.904255319148938,18.07196334856284,100.0,0.6033796720828394,0.6033796720828394,True
ev60_fundraise_pref,no/0,0.0,0.0,438070,20.550368662542514,20.58112353228799,98.22278753056503,0.9985056758588895,307229,17.947198994886552,18.07196334856284,100.0,0.9930962479687516,0.9930962479687516,True
ev60_fundraise_pref,yes/>0,1.0,14.0,9821,21.95295794725588,20.58112353228799,98.22278753056503,1.0666549818242785,10794,21.62312395775431,18.07196334856284,100.0,1.196501096239434,1.0666549818242785,True
ev60_fundraise_qip,no/0,0.0,0.0,446455,20.61461961451882,20.58112353228799,98.22278753056503,1.001627514755367,315751,18.103188905181614,18.07196334856284,100.0,1.0017278452825802,1.001627514755367,True
ev60_fundraise_qip,yes/>0,1.0,8.0,1436,10.167130919220057,20.58112353228799,98.22278753056503,0.4940027158026481,2272,13.732394366197184,18.07196334856284,100.0,0.7598728539524867,0.4940027158026481,True
ev60_buyback,no/0,0.0,0.0,442321,20.662369636530936,20.58112353228799,98.22278753056503,1.0039476029632437,316250,18.084426877470356,18.07196334856284,100.0,1.0006896610327902,1.0006896610327902,True
ev60_buyback,yes/>0,1.0,15.0,5570,14.129263913824058,20.58112353228799,98.22278753056503,0.6865156749901359,1773,15.848843767625493,18.07196334856284,100.0,0.8769851654710146,0.6865156749901359,True
ev60_rating_up,no/0,0.0,0.0,445233,20.605390885221894,20.58112353228799,98.22278753056503,1.0011791072968312,317269,18.0821321969685,18.07196334856284,100.0,1.0005626864225834,1.0005626864225834,True
ev60_rating_up,yes/>0,1.0,3.0,2658,16.51617757712566,20.58112353228799,98.22278753056503,0.8024915428555114,754,13.793103448275861,18.07196334856284,100.0,0.7632321503890582,0.7632321503890582,True
ev60_bonus_split,no/0,0.0,0.0,442779,20.64348128524614,20.58112353228799,98.22278753056503,1.0030298517406167,313097,18.072673963659824,18.07196334856284,100.0,1.0000393214109213,1.0000393214109213,True
ev60_bonus_split,yes/>0,1.0,10.0,5112,15.179968701095461,20.58112353228799,98.22278753056503,0.7375675422812019,4926,18.026796589524967,18.07196334856284,100.0,0.997500727609573,0.7375675422812019,True
filings30_all,no/0,0.0,0.0,77198,21.106764423948807,20.63058617339792,99.1013059353721,1.0230811789131273,18636,23.74973170208199,18.07196334856284,100.0,1.314175512865384,1.0230811789131273,True
filings30_all,yes/>0,1.0,94.0,374699,20.532480737872266,20.63058617339792,99.1013059353721,0.9952446607817593,299387,17.718538213082063,18.07196334856284,100.0,0.9804434566037961,0.9804434566037961,True
prom_buys90,no/0,0.0,0.0,246974,24.115898839553964,24.702008221478984,59.53661772607156,0.9762728043538021,303514,18.083844567301675,18.07196334856284,100.0,1.000657439289228,0.9762728043538021,True
prom_buys90,yes/>0,1.0,73.0,24510,30.60791513667891,24.702008221478984,59.53661772607156,1.2390861043461479,14509,17.823419946240264,18.07196334856284,100.0,0.9862470171320737,0.9862470171320737,True
prom_sells90,no/0,0.0,0.0,258625,24.878878685355243,24.702008221478984,59.53661772607156,1.0071601653715938,306254,18.13886512502694,18.07196334856284,100.0,1.0037019650368768,1.0037019650368768,True
prom_sells90,yes/>0,1.0,800.0,12859,21.14472353993312,24.702008221478984,59.53661772607156,0.8559920857587312,11769,16.331039170702695,18.07196334856284,100.0,0.9036671254648937,0.8559920857587312,True
block_buys60,no/0,0.0,0.0,443450,20.65193370165746,20.58112353228799,98.22278753056503,1.0034405395438388,309944,18.171347082053533,18.095256323148032,98.57494583725077,1.004205011387883,1.0034405395438388,True
block_buys60,yes/>0,1.0,63.0,4441,13.510470614726414,20.58112353228799,98.22278753056503,0.656449614790513,3547,11.446292641669016,18.095256323148032,98.57494583725077,0.6325576403704518,0.6325576403704518,True
block_sells60,no/0,0.0,0.0,443458,20.651561139950118,20.58112353228799,98.22278753056503,1.0034224374364997,310016,18.17035249793559,18.095256323148032,98.57494583725077,1.0041500475841003,1.0034224374364997,True
block_sells60,yes/>0,1.0,24.0,4433,13.534852244529663,20.58112353228799,98.22278753056503,0.6576342745961353,3475,11.39568345323741,18.095256323148032,98.57494583725077,0.6297608196165582,0.6297608196165582,True
promoter_pct,d1,0.0,31.91,7098,15.497323189630881,15.690515132263688,16.224081404401364,0.9876873422571351,24276,15.805734058329213,17.73550565831382,75.327570647406,0.8911916222089786,0.8911916222089786,True
promoter_pct,d10,74.71,99.51,7670,16.936114732724903,15.690515132263688,16.224081404401364,1.0793855134749493,23582,17.971334068357223,17.73550565831382,75.327570647406,1.0132969656792872,1.0132969656792872,True
promoter_pct,d2,31.96,42.36,7505,12.764823451032644,15.690515132263688,16.224081404401364,0.8135375635172692,23875,17.3151832460733,17.73550565831382,75.327570647406,0.9763005115084786,0.8135375635172692,True
promoter_pct,d3,42.37,49.51,6994,13.568773234200743,15.690515132263688,16.224081404401364,0.8647755105439398,24482,17.653786455354954,17.73550565831382,75.327570647406,0.9953923387055752,0.8647755105439398,True
promoter_pct,d4,49.52,53.45,7463,12.582071552994774,15.690515132263688,16.224081404401364,0.8018902787406156,23755,15.786150284150704,17.73550565831382,75.327570647406,0.890087409306578,0.8018902787406156,True
promoter_pct,d5,53.46,58.18,7380,12.046070460704607,15.690515132263688,16.224081404401364,0.7677294441362746,23962,17.544445371838744,17.73550565831382,75.327570647406,0.9892272433526297,0.7677294441362746,True
promoter_pct,d6,58.19,63.17,7494,18.74833199893248,15.690515132263688,16.224081404401364,1.1948831406039144,24063,18.106636745210487,17.73550565831382,75.327570647406,1.0209258813392046,1.0209258813392046,True
promoter_pct,d7,63.19,67.55,7478,18.534367477935277,15.690515132263688,16.224081404401364,1.1812465888913937,23792,17.951412239408203,17.73550565831382,75.327570647406,1.0121736918728998,1.0121736918728998,True
promoter_pct,d8,67.56,72.3,6965,16.755204594400574,15.690515132263688,16.224081404401364,1.0678556091474405,24295,17.78966865610208,17.73550565831382,75.327570647406,1.0030539302815351,1.0030539302815351,True
promoter_pct,d9,72.31,74.7,7934,19.107638013612302,15.690515132263688,16.224081404401364,1.2177827083778876,23477,21.51893342420241,17.73550565831382,75.327570647406,1.2133250575866747,1.2133250575866747,True
prom_delta,b1of5,-74.48,-0.14999999999999858,4710,16.32696390658174,14.526702505940445,13.013081283786008,1.12392773927222,24733,17.78191080742328,17.650034076734805,73.35853067230987,1.0074717550184398,1.0074717550184398,True
prom_delta,b2of5,-0.14999999999999147,-0.00999999999999801,5661,8.585055643879173,14.526702505940445,13.013081283786008,0.5909844743064341,25549,13.519120122118283,17.650034076734805,73.35853067230987,0.7659543354615026,0.5909844743064341,True
prom_delta,b3of5,-0.009999999999990905,0.0,41335,14.723599854844563,14.526702505940445,13.013081283786008,1.0135541668058254,161084,17.960194681035983,17.650034076734805,73.35853067230987,1.0175728048429102,1.0135541668058254,True
prom_delta,b4of5,0.009999999999990905,0.009999999999990905,109,11.926605504587156,14.526702505940445,13.013081283786008,0.8210125800889759,296,13.85135135135135,17.650034076734805,73.35853067230987,0.7847775982262467,0.7847775982262467,False
prom_delta,b5of5,0.00999999999999801,89.83,7524,16.826156299840513,14.526702505940445,13.013081283786008,1.1582915181858888,21635,20.120175641321932,17.650034076734805,73.35853067230987,1.1399510932300758,1.1399510932300758,True
mkt_breadth,d1,0.00909090909090909,0.24921135646687698,47674,20.37169106850694,20.523734961424932,99.99978069934977,0.9925918019695849,29759,16.445445075439363,18.07196334856284,100.0,0.9099976996548732,0.9099976996548732,True
mkt_breadth,d10,0.8493506493506493,0.9577981651376147,56170,24.831760726366387,20.523734961424932,99.99978069934977,1.2099045701495628,20636,21.1038961038961,18.07196334856284,100.0,1.167769970359882,1.167769970359882,True
mkt_breadth,d2,0.2508896797153025,0.36203522504892366,47312,18.69081839702401,20.523734961424932,99.99978069934977,0.910692835984973,31719,16.397112140988053,18.07196334856284,100.0,0.9073232290664214,0.9073232290664214,True
mkt_breadth,d3,0.36457142857142855,0.45387062566277836,27281,15.677577801400242,20.523734961424932,99.99978069934977,0.7638754754369412,50475,13.083704804358593,18.07196334856284,100.0,0.723978051084254,0.723978051084254,True
mkt_breadth,d4,0.46006066734074824,0.5394126738794436,40365,21.119781989347207,20.523734961424932,99.99978069934977,1.0290418400472705,36186,14.480738407118777,18.07196334856284,100.0,0.801281970742285,0.801281970742285,True
mkt_breadth,d5,0.539440203562341,0.6086956521739131,54562,19.62904585609032,20.523734961424932,99.99978069934977,0.9564071009971522,21949,15.882272540890247,18.07196334856284,100.0,0.8788349242725347,0.8788349242725347,True
mkt_breadth,d6,0.6095717884130982,0.6744525547445256,45951,19.694892385367023,20.523734961424932,99.99978069934977,0.9596154122231774,32355,16.779477669602844,18.07196334856284,100.0,0.9284811697527718,0.9284811697527718,True
mkt_breadth,d7,0.6771019677996423,0.7404580152671756,48771,19.610014147751738,20.523734961424932,99.99978069934977,0.9554797986141137,29133,27.528919095184158,18.07196334856284,100.0,1.5232943186205263,0.9554797986141137,True
mkt_breadth,d8,0.7405405405405405,0.8026948989412896,52491,22.87630260425597,20.523734961424932,99.99978069934977,1.11462668209528,23515,16.933871996597915,18.07196334856284,100.0,0.937024476532295,0.937024476532295,True
mkt_breadth,d9,0.8047337278106509,0.8484018264840183,35417,19.623344721461443,20.523734961424932,99.99978069934977,0.9561293184863378,42296,24.26234159258559,18.07196334856284,100.0,1.3425404381707666,0.9561293184863378,True
mkt_med_ret20,d1,-0.36983625379443313,-0.08641835112423346,54568,18.75091628793432,20.52368995274071,100.0,0.9136230537058149,23918,21.055272179948155,18.07196334856284,100.0,1.165079398062334,0.9136230537058149,True
mkt_med_ret20,d10,0.07331975560081472,0.21805828587444043,55572,25.680198661196286,20.52368995274071,100.0,1.251246667647451,21801,18.18265217191872,18.07196334856284,100.0,1.0061248919788608,1.0061248919788608,True
mkt_med_ret20,d2,-0.08360532262114007,-0.05208197101640999,43757,18.32163996617684,20.52368995274071,100.0,0.8927069161717768,33144,11.809075549118996,18.07196334856284,100.0,0.6534472940959182,0.6534472940959182,True
mkt_med_ret20,d3,-0.051865290098614125,-0.029504894397818726,41421,23.635354047463846,20.52368995274071,100.0,1.151613286981448,36480,16.05537280701754,18.07196334856284,100.0,0.8884133116778556,0.8884133116778556,True
mkt_med_ret20,d4,-0.029502134646962275,-0.015272482619421324,39906,21.372725905878813,20.52368995274071,100.0,1.041368582116235,36551,14.524910399168286,18.07196334856284,100.0,0.8037261983670064,0.8037261983670064,True
mkt_med_ret20,d5,-0.015140186915887921,0.004609934911469771,42631,18.678895639323496,20.52368995274071,100.0,0.9101139065311761,34754,16.625424411578525,18.07196334856284,100.0,0.919956735796537,0.9101139065311761,True
mkt_med_ret20,d6,0.004807692307692513,0.017096407041403805,46589,18.386314366052073,20.52368995274071,100.0,0.8958581233876409,31155,12.983469748034024,18.07196334856284,100.0,0.7184316113094887,0.7184316113094887,True
mkt_med_ret20,d7,0.017120009010531012,0.03359173126614978,40552,20.460149930952852,20.52368995274071,100.0,0.9969040644282695,37366,23.28052240004282,18.07196334856284,100.0,1.288212130083486,0.9969040644282695,True
mkt_med_ret20,d8,0.03396717048594189,0.04944678134437264,38343,16.996583470255327,20.52368995274071,100.0,0.8281446225991941,38529,24.625606685872977,18.07196334856284,100.0,1.3626414690483153,0.8281446225991941,True
mkt_med_ret20,d9,0.04969559677190993,0.07220474337472138,52656,21.65945001519295,20.52368995274071,100.0,1.0553389797384154,24325,22.1294964028777,18.07196334856284,100.0,1.2245208766781575,1.0553389797384154,True
mkt_ew_ret60,d1,-0.3811434490923441,-0.12928523414743442,53905,26.372321677024395,20.52368995274071,100.0,1.2849697952829708,24086,21.659885410611974,18.07196334856284,100.0,1.1985352666363427,1.1985352666363427,True
mkt_ew_ret60,d10,0.15066713703790813,0.43917525773195876,57658,29.55704325505567,20.52368995274071,100.0,1.4401427483613227,18487,18.75912803591713,18.07196334856284,100.0,1.0380237981950609,1.0380237981950609,True
mkt_ew_ret60,d2,-0.125702749659528,-0.08593970132431672,38244,14.404873967158247,20.52368995274071,100.0,0.7018656976561194,39140,17.39141543178334,18.07196334856284,100.0,0.9623423363774352,0.7018656976561194,True
mkt_ew_ret60,d3,-0.08567669791152766,-0.05683817204070207,40118,10.446682287252605,20.52368995274071,100.0,0.5090060467346695,37631,12.683691637213999,18.07196334856284,100.0,0.7018435901278353,0.5090060467346695,True
mkt_ew_ret60,d4,-0.05656910355689726,-0.020678198610792453,35778,15.537481133657554,20.52368995274071,100.0,0.7570510551189991,42532,13.942443336781718,18.07196334856284,100.0,0.7714957731966893,0.7570510551189991,True
mkt_ew_ret60,d5,-0.020480728203669418,0.001053873100006264,50847,16.77385096465868,20.52368995274071,100.0,0.817292163508771,24894,14.718406041616452,18.07196334856284,100.0,0.8144331502745619,0.8144331502745619,True
mkt_ew_ret60,d6,0.0020796772440840883,0.03681710213776723,53530,22.66579488137493,20.52368995274071,100.0,1.104372309929003,25103,16.46815121698602,18.07196334856284,100.0,0.9112541288047509,0.9112541288047509,True
mkt_ew_ret60,d7,0.03682859253133741,0.07711243110183563,56754,18.553758325404377,20.52368995274071,100.0,0.9040166933006474,20826,22.241428983002017,18.07196334856284,100.0,1.230714591105606,0.9040166933006474,True
mkt_ew_ret60,d8,0.0773605255417198,0.11340206185567037,42110,23.172643077653767,20.52368995274071,100.0,1.129068073578032,33828,21.48811635331678,18.07196334856284,100.0,1.1890305407810384,1.129068073578032,True
mkt_ew_ret60,d9,0.11344561008031118,0.1487758945386064,27051,22.623932571808805,20.52368995274071,100.0,1.102332603148082,51496,22.485241572160945,18.07196334856284,100.0,1.2442057975924938,1.102332603148082,True
