{
  "status": "ok",
  "best_tradable_universe": "liquid_5cr_plus",
  "best_tradable_top5": {
    "universe_name": "liquid_5cr_plus",
    "top_n": 5,
    "days": 771,
    "selected_rows": 3855,
    "base_rate_5pct": 0.03338732466248704,
    "precision_5pct": 0.10972762645914397,
    "precision_lift": 3.286505509752044,
    "recall": 0.017015970071201578,
    "ci_low": 0.10024707943313192,
    "ci_high": 0.1199852021699623,
    "p_value": 3.165547604569109e-98,
    "base_avg_return": 0.00074447049070636,
    "base_median_return": 0.0,
    "base_p75_return": 0.010934083099031655,
    "mean_return_mean": 0.0015661488043404107,
    "mean_return_median": 0.0,
    "mean_return_p75": 0.015607909084331163,
    "median_stock_return_mean": -0.0024226771374307393,
    "median_stock_return_median": -0.0020084802499442667,
    "median_stock_return_p75": 0.009945162253839901,
    "p75_stock_return_mean": 0.016336020634000675,
    "p75_stock_return_median": 0.01265322261763524,
    "p75_stock_return_p75": 0.030901636716368808,
    "days_with_ge1_winner": 330,
    "days_with_ge1_winner_rate": 0.4280155642023346,
    "days_with_ge2_winners": 75,
    "days_with_ge2_winners_rate": 0.09727626459143969,
    "avg_winners_per_day": 0.5486381322957199
  },
  "best_tradable_top10": {
    "universe_name": "liquid_5cr_plus",
    "top_n": 10,
    "days": 771,
    "selected_rows": 7710,
    "base_rate_5pct": 0.03338732466248704,
    "precision_5pct": 0.10285343709468223,
    "precision_lift": 3.0806133206068216,
    "recall": 0.03189991552355284,
    "ci_low": 0.09626951387144794,
    "ci_high": 0.10983291477034474,
    "p_value": 7.519305140967384e-166,
    "base_avg_return": 0.00074447049070636,
    "base_median_return": 0.0,
    "base_p75_return": 0.010934083099031655,
    "mean_return_mean": 0.0008555246248025593,
    "mean_return_median": 0.0007564772713699486,
    "mean_return_p75": 0.012255676740042732,
    "median_stock_return_mean": -0.0029524535534861214,
    "median_stock_return_median": -0.0018432189915136843,
    "median_stock_return_p75": 0.006796893642734336,
    "p75_stock_return_mean": 0.017747768323081562,
    "p75_stock_return_median": 0.014833496435115001,
    "p75_stock_return_p75": 0.030937264541874537,
    "days_with_ge1_winner": 469,
    "days_with_ge1_winner_rate": 0.6083009079118028,
    "days_with_ge2_winners": 215,
    "days_with_ge2_winners_rate": 0.2788586251621271,
    "avg_winners_per_day": 1.0285343709468222
  }
}