symbol,cohort,asof,days_to_2x,peak_mult,rsi,rsi_z,r20,r20_z,r5,r60,dvol,off52,vs50,vs200,dlv10,vol_asym,adv_cr,close
CUPID,DOUBLER,2026-04-07,53.0,3.44,56.18883454165519,-0.6552121443142819,-0.07011308562197083,-0.49742580384057944,0.03898916967509036,-0.016292582887091345,0.03151779106602916,-0.17755763002476666,0.041757159818144984,0.43409515555215217,1.157029239042502,0.8982194009474491,136.6633,86.34
HFCL,DOUBLER,2026-04-02,25.0,3.41,53.83932580769784,0.787266046034111,0.02340182648401834,0.16850479846951455,0.011137741435217619,0.0714072303555422,0.03105435292715831,-0.22035003804761388,0.03209391881974044,-0.011907533722857466,1.1096524572979791,0.6446846191422619,163.528445,71.72
CEMPRO,DOUBLER,2026-04-01,42.0,3.1,43.80709251245165,0.318975395990995,-0.035656108597285185,-0.24855047430643784,-0.05406125166444753,-0.29205421206484194,0.032077783339228665,-0.382404080213284,-0.09234627126035755,,1.0326927542728193,0.9846972812478789,20.568475,532.8
WELCORP,DOUBLER,2026-04-01,74.0,2.94,54.24143034296361,0.5086351922319344,0.04073422177520736,0.31903653231046014,-0.009275327628508134,0.04698665654840961,0.02854986174789534,-0.14333022870744072,0.03427811061203312,-0.024300550319005798,1.0118574183190927,0.8921714013968041,42.11468,827.8
SETL,DOUBLER,2026-04-01,64.0,2.86,52.76145443897851,,0.018969279838845,0.09378452180126497,0.04790677600345283,,0.0452277181662844,,0.0013345628687988498,,0.9824337793725716,0.5778414304807012,5.889905,121.4
CYIENTDLM,DOUBLER,2026-04-02,71.0,2.86,39.66265573103216,-0.35800538720713043,-0.065086782376502,-0.4082820874313283,-0.04921928038017653,-0.3219559428709755,0.03564654789198237,-0.43207623682076235,-0.13633616596159304,-0.3216722800444871,0.9428557732260181,0.5801731635530285,97.6149,280.1
OMNI,DOUBLER,2026-04-01,46.0,2.8,49.36520558804404,,,,0.1677297829530373,,,,,,,,32.46177,272.77
DIACABS,DOUBLER,2026-04-01,71.0,2.73,47.185707892930154,-0.24806812909693754,-0.05703965685905621,-0.346514672152232,-0.021321462043111472,-0.13136004436434212,0.0368078353963836,-0.29636700544668426,-0.03559917374453181,-0.12226478240663075,1.0695175605156904,1.3054193059137702,19.430945,125.31
KERNEX,DOUBLER,2026-04-01,44.0,2.7,46.22501721620951,-0.23498395256034532,-0.0647260273972603,-0.3749046993173975,0.018812619910466788,-0.263597842835131,0.03860495678963379,-0.2920154062662025,-0.11030504757729498,-0.12328875177679977,1.0074321937580037,0.8287224476735545,15.518,955.85
INDSWFTLAB,DOUBLER,2026-05-22,57.0,2.7,41.879625013050166,-1.1010130898454336,-0.040829694323144206,-0.4305020578076419,-0.01568451714093655,-0.0931672744787726,0.021207325342886447,-0.12303699760447173,-0.0493001943383623,0.15435552643657213,0.9807146889519902,1.1177405012013553,7.207124999999999,131.79
SUVEN,DOUBLER,2026-04-01,39.0,2.67,59.84328207626969,1.61424769185729,0.10203318881746148,0.6060253367003705,0.10129229849854338,-0.14986737400530492,0.037647459988907714,-0.4342019418966112,0.03466474279706877,-0.1375364125130052,0.8957498092537819,1.1310292953931638,8.18627,147.43
RAMCOSYS,DOUBLER,2026-04-01,61.0,2.66,34.470509613571096,-1.036042366852969,-0.16570969223702336,-1.113376543058706,-0.04344963791968404,-0.316106561235056,0.03328057687964203,-0.4485768500948767,-0.19074204443177067,-0.2551193244501314,1.1766088445535794,0.9801606106319156,5.4963,363.25
SBCL,DOUBLER,2026-04-02,91.0,2.64,48.27727337575828,0.06703905900079173,-0.04226503210741395,-0.3116200812134178,0.0772160210111621,-0.04460750058234342,0.03032779033218462,-0.3169289699392124,-0.0706563977767356,-0.14558624938611475,0.9265785223203544,0.877466870504485,9.26945,410.15
STALLION,DOUBLER,2026-04-01,75.0,2.61,37.93877757205431,-0.8989154937054693,-0.09911578947368416,-0.5764644534602419,-0.032818009221589284,-0.6774796502864033,0.038446367607990146,-0.7418124773742005,-0.24424494432505517,,0.9006612980323888,0.7497493794530314,15.49147,106.98
UNIVCABLES,DOUBLER,2026-04-02,57.0,2.59,51.479626600797864,-0.008963620443811694,-0.006808258713831172,-0.03371998810513203,-0.007836179492866191,-0.224309328401341,0.0451474930687025,-0.3135740589198036,-0.012072138387927978,-0.11096626196123349,0.9417633357946171,1.4205119879472132,6.233040000000002,671.05
SKYGOLD,DOUBLER,2026-04-01,80.0,2.57,50.68660934331589,0.10407095057664997,0.013047390521895741,0.0923550480065276,0.008208955223880654,-0.03015075376884424,0.03158988356963798,-0.12329656067488648,0.0003613444382577491,0.045987850746592285,1.1155733765073492,0.9909621118763314,19.76592,337.75
IOLCP,DOUBLER,2026-04-02,68.0,2.53,56.25557386784822,0.7104447239129343,0.09043453724604977,0.5223755596340599,-0.016541544725792057,-0.03181761242640602,0.038711185672155805,-0.3555407320937213,0.05012160160867385,-0.12703656642665528,0.8052757392923023,1.5231178609497886,13.892515,77.29
AVALON,DOUBLER,2026-04-01,92.0,2.51,48.462466020917,-0.19378205206813617,-0.009567607569510472,-0.06449761531050063,-0.03417525773195873,0.00649978513107019,0.033169940941962094,-0.25219508301404847,-0.01807060332819399,-0.012575863732623427,1.0199463284710868,1.254093703241698,13.9033,936.85
AEGISLOG,DOUBLER,2026-04-07,59.0,2.48,36.92246021508802,-0.9386142247125122,-0.09027616616384315,-0.8464628506720898,-0.017790027562014532,-0.18812564722126335,0.023847903558926464,-0.3326902343528344,-0.10617514406845363,-0.1896598948831777,1.0459433200621189,0.796328723747037,63.85308,588.0
PARAS,DOUBLER,2026-04-02,54.0,2.48,48.73757622464854,0.03321698262956501,-0.11378372725371266,-0.680465399614578,-0.009506740434816474,-0.07831194257124208,0.037390313896446085,-0.3192480719794345,-0.025841151792817096,-0.08634214118389527,1.1309962658867776,1.647382445407119,103.735295,635.55
SHILPAMED,DOUBLER,2026-04-01,90.0,2.45,70.6083585214615,1.6989952854673276,0.18688628444726008,1.2900575119554907,0.08514335360556036,0.17774634606317785,0.03239316326703837,-0.23980523432744982,0.16949025580843724,0.07093133799609097,0.8902607417906714,2.5475793853114164,37.36487,374.7
JNKINDIA,DOUBLER,2026-04-01,49.0,2.43,49.499542812331775,0.6050931652535791,0.02611490558457219,0.1470225944931788,-0.009693679720822024,-0.015378025273077633,0.03971818366720603,-0.3939889269707355,-0.01388099989875402,-0.15498720588281256,0.9294673896449546,0.5965110678277369,12.60763,229.86
SASKEN,DOUBLER,2026-04-01,43.0,2.43,50.91770709631872,0.5627288703851583,0.0139024174267246,0.06616177924683936,0.007922535211267512,-0.23401123896173404,0.04698596496589678,-0.2719526928212628,-0.028475427640510365,-0.15527019180899804,0.7480697672632697,1.133059762168092,5.31178,1145.0
MTARTECH,DOUBLER,2026-04-02,30.0,2.42,52.82459117349232,-0.28617066933715546,-0.0008381527114240672,-0.005775314723615696,0.005821802227472306,0.4205195424213537,0.03245132997871737,-0.060549542923190036,0.03736040609137059,0.5092821931035472,1.082784718303612,1.2012460004166865,122.982865,3576.3
BALAMINES,DOUBLER,2026-04-01,44.0,2.41,46.92794742661713,0.20955266248617385,-0.03158194233687406,-0.1942557469118692,-0.03624351109013679,-0.04614666043904714,0.03635381246083178,-0.4669555230737106,-0.05411138716125974,-0.23351170018754963,1.00049359239352,1.3136214621362758,13.06952,1021.1
BLISSGVS,DOUBLER,2026-04-01,46.0,2.41,59.8525337902001,0.5295418630967906,0.06395807244561946,0.31648719069680054,0.023741520885397938,0.22910415773681958,0.045188115633808215,-0.007785467128027634,0.11767554668171187,0.34305044577097177,1.0068352124922153,2.4927519052614096,51.54161,229.4
SPARC,DOUBLER,2026-04-01,39.0,2.4,48.592869143509155,0.39066755734704917,-0.025350287519235404,-0.10573897972426198,-0.08451882845188274,-0.12727536442091514,0.05360839142763964,-0.3938752896141835,-0.04875881759630174,-0.12685173965757557,0.6567321382272421,1.451408317722147,33.02017,120.34
RUBICON,DOUBLER,2026-04-02,81.0,2.39,51.87669875304493,-0.24650490889046034,0.031002594637748793,0.3466828896522573,0.001615822130299982,0.1558887148504513,0.019996345697479503,-0.030407307764499736,0.018304110013904085,,1.185629520373645,0.9086660554233322,13.778965,774.85
KSHINTL,DOUBLER,2026-04-01,54.0,2.38,62.83666495555385,,0.22539288668320934,1.6064235612474276,-0.030326169957456184,0.15621748178980233,0.03137365688767659,-0.030326169957456184,0.15382818097799578,,0.8361103978789304,1.2579931123531103,13.444285,444.45
APOLLO,DOUBLER,2026-04-01,38.0,2.38,43.83561071948235,-0.5222655892248818,-0.0767308055083945,-0.4536454491061367,-0.009611979561895967,-0.25349857006673016,0.03782145228683711,-0.4307356789764466,-0.11933292966989262,-0.20032482081140657,1.1198184288350175,1.1116678902322825,125.18893,195.77
MARINE,DOUBLER,2026-04-01,92.0,2.33,46.993839110024794,-0.019390617064480944,-0.05534234384559755,-0.3004980048931771,0.0004123225540437758,-0.20713318705942763,0.04118138585210055,-0.3276326207442597,-0.06481332607972645,-0.16418166056887706,1.0926238435060207,1.23805444646968,7.356275,169.84
BBOX,DOUBLER,2026-04-07,29.0,2.31,42.963934540155066,-0.7734908251269732,-0.07619980411361404,-0.6269400381257789,0.05467963770546813,-0.08666602110971244,0.027177709431284603,-0.20405063291139236,-0.07576348481849404,-0.05709512922455262,0.9994027878768319,1.0879548854823553,16.24869,471.6
DEEDEV,DOUBLER,2026-04-01,42.0,2.63,56.96614753730848,0.7017673525991722,0.1080459770114941,0.5063653750246178,0.03972676613338133,0.3861196319018405,0.047712217542784145,-0.10339482250813836,0.16374054863204157,0.127539888867922,1.6374903710023638,1.3151525579256165,72.792885,289.2
CPPLUS,DOUBLER,2026-04-01,47.0,2.29,61.98575951333224,0.8436708374381064,0.062051373316722946,0.49238588284367807,-0.010555985409528068,0.27750820607963456,0.028179339349064882,-0.019550930996714122,0.12199071723928756,,0.9372288597649095,1.3275983230508808,58.25139,1790.3
STLTECH,DOUBLER,2026-04-02,25.0,2.28,51.33141567343297,-0.19987191104086102,0.02477957701838296,0.11113363698468973,-0.07683123085708343,0.8406997205258255,0.049857828979743744,-0.11456881099382588,0.12049530391300678,0.4336989804556428,1.0823257335543512,1.1241709920969163,150.90669,177.83
SHADOWFAX,DOUBLER,2026-04-02,64.0,2.28,46.1362161154522,,-0.05696559503666099,-0.592393042468472,0.0004273869561501886,,0.021502437359817217,,,,0.9809820165031665,0.8744856835406103,11.0781,117.04
MANINDS,DOUBLER,2026-04-01,101.0,2.26,42.13491005796408,-0.6581448388794596,-0.14241600790513842,-0.832522699339669,0.0037588549949398864,-0.09443067692709028,0.038251434466906785,-0.28378378378378377,-0.08964319992447567,-0.13827181486062246,1.213997631863542,1.6302080626303854,23.60786,347.15
IDEAFORGE,DOUBLER,2026-04-01,24.0,2.26,43.60646911490085,-0.3331929647193717,-0.13481040564373903,-0.7659573000430961,-0.029909776294648416,-0.16985721840296142,0.03935535715590949,-0.3805051302288871,-0.06428746843803135,-0.16859186005989024,1.2787565827494343,4.310577017340887,55.343905,392.45
VIDYAWIRES,DOUBLER,2026-04-02,39.0,2.24,51.33972949755627,,-0.0022878932316492406,-0.01580601201661806,-0.0141296156744537,0.043053617699820634,0.03236670189704182,-0.06386404293381043,0.04173302331507189,,0.991639899989381,1.0436613359065576,10.839155,52.33
RRKABEL,DOUBLER,2026-04-07,80.0,2.24,40.49228575793812,-1.098525940432617,-0.09192085737840061,-0.8128279998602346,0.021957631049945858,-0.1202076677316295,0.02528718076684238,-0.15410213746320234,-0.06465738070100446,-0.030712083430038617,0.9953786566636614,0.8854148767276065,17.771065,1321.8
AEQUS,DOUBLER,2026-04-01,64.0,2.23,43.54023261414633,,-0.09956043956043958,-0.7153865830009656,0.014527445315724252,-0.12556915196357432,0.031119385800194927,-0.226007556675063,-0.07956301896739726,,1.074484732623255,2.4539018580308265,14.930185,122.91
WEL,DOUBLER,2026-04-07,101.0,2.22,9.82378775623657,-2.8833882885139035,-0.44107913669064747,-1.7468201377399009,-0.19022305607671464,-0.46667124322097886,0.05646161913231078,-0.5724976613657624,-0.40772601553375565,-0.4751915003855508,0.6537965288073421,,68.755025,77.69
TFCILTD,DOUBLER,2026-04-02,99.0,2.22,44.927835724007004,-0.8436205880286134,-0.056204379562043716,-0.5201274269841512,-0.009195402298850519,-0.03866171003717467,0.024162696834243106,-0.17485641352903625,-0.04634483816626789,-0.011674773277581485,1.003575794039844,0.9463916328295638,45.861995,64.65
AMAGI,DOUBLER,2026-04-06,78.0,2.21,30.940350744490786,,-0.16635956830744936,-2.247220653490398,-0.028974398282998637,,0.016553394650640874,,-0.1385149379388011,,1.0639277096038617,0.6625899472516815,6.41463,316.7
GRWRHITECH,DOUBLER,2026-04-01,88.0,2.21,46.65933367805666,-0.0670377150747173,-0.09142198039166516,-0.5263982421372447,-0.01089152153736972,0.13532397543551822,0.03883481106688753,-0.22182372648397897,-0.05016472374433523,0.038797443242412744,0.9955773569080162,0.8539884604301468,19.1305,3623.5
WALCHANNAG,DOUBLER,2026-04-01,56.0,2.2,42.43169066250735,-0.2803571126990867,-0.10842249315750174,-0.7082788117931138,0.009366197183098723,-0.21039003966505065,0.03422946740089632,-0.46075996990218204,-0.12459430109851699,-0.20753792710322017,1.1022490851710331,1.16825853573462,9.455155,143.33
RATEGAIN,DOUBLER,2026-04-01,67.0,2.19,45.96531334571433,-0.3632324702767093,0.003556857411863179,0.02000332457920693,-0.032378454710510374,-0.300801749271137,0.03976026548840494,-0.3359867100436077,-0.10353837412718114,-0.17678345706324605,1.0379260004867872,1.0991898840205725,16.978595,479.65
RAIN,DOUBLER,2026-04-07,75.0,2.19,39.75260057117589,-0.507012771567396,-0.0852051388313303,-0.5844499494795632,0.03643534604188203,-0.2147837222538418,0.03259893899021095,-0.3569680727103238,-0.17873842554698693,-0.18487231734219767,0.9296064760949477,0.7707585265691668,40.173235,110.37
EXICOM,DOUBLER,2026-04-01,42.0,2.18,44.41999604612965,0.34509968293463156,-0.057811269823417,-0.33263518920630875,-0.012728344136711867,-0.26742457367730654,0.038862373370415176,-0.601323053493242,-0.09487741893658641,-0.3526662815789626,0.9771578550315441,1.773983912563466,5.558495,83.77
ORCHPHARMA,DOUBLER,2026-04-07,50.0,2.18,43.445478907641125,-0.18067937440584275,0.017368266117162134,0.10771127697229917,0.07451549383355793,-0.2979414951245938,0.03605622807653532,-0.4054704971615345,-0.12615909500828493,-0.2776158815813997,0.8125132770462369,0.7653068072100321,5.492315,518.4
ASTRAMICRO,DOUBLER,2026-04-01,66.0,2.18,43.436372476847446,-0.4965790239544445,-0.09883983727587764,-0.8257807068301718,-0.02239293886891147,-0.09167763490938552,0.026764078308665666,-0.23880027150856942,-0.045443953946381566,-0.09578969992443509,1.0066505402005088,1.0350851467675504,42.913855,897.15
AEROFLEX,DOUBLER,2026-04-07,50.0,2.16,55.24986985743069,0.2232040166596964,0.11433625107714618,0.5835950120604513,0.029066845367733185,0.36750709634329604,0.043808398704151305,-0.03703703703703709,0.11307622193752276,0.2670460757154143,1.0524759378202015,1.1901568479003286,59.380895,245.7
RATNAVEER,DOUBLER,2026-04-01,102.0,2.15,46.7345172369308,-0.350543091139914,-0.018477720133608044,-0.11271988313845596,-0.018059011731247687,-0.10434500648508416,0.03665496905919703,-0.19605332091507066,-0.053831124167280864,-0.07878763623751006,1.033479730489968,1.5743332565095915,9.610875,138.11
UNIMECH,DOUBLER,2026-04-01,92.0,2.15,35.4632882729685,-1.033586749801753,-0.14683171234895365,-1.0268596844265427,-0.08066565040650409,-0.20244655058408634,0.03197376380087524,-0.4698556882279685,-0.16109872072481446,-0.25336967615154715,0.8914988892637359,1.474913120541215,10.736345,723.7
QUESS,DOUBLER,2026-04-01,105.0,2.14,42.47983429875296,0.4716588614274961,-0.06402633255468249,-0.5497165970105594,-0.001981318992357761,-0.202406804198335,0.02604382562230111,-0.4499219968798751,-0.0921861064825017,-0.2554246201894803,0.9283752605141851,0.8021901798168793,5.106575,176.3
OPTIEMUS,DOUBLER,2026-04-01,78.0,2.14,35.47533707799724,-0.803070197782604,-0.18504821027605334,-1.0107037306466213,-0.07008289374529009,-0.3850294029701983,0.04093982882869194,-0.5493718959976629,-0.18855507567348606,-0.42042299727730326,0.9803858662763906,0.8173555655511957,10.50901,308.5
NRBBEARING,DOUBLER,2026-04-02,92.0,2.13,42.542804169840146,-0.672725548878761,-0.11005692599620498,-0.7272401711483167,-0.001702852277564948,-0.13643896151721602,0.03383954540541853,-0.23628073603647615,-0.09433303517772706,-0.1495019599536923,1.0325084774852227,0.9796993689513114,5.132410000000002,234.5
EMIL,DOUBLER,2026-04-01,93.0,2.12,50.11257108586582,0.453291071496846,-0.0029013539651837617,-0.02151784826056533,0.012659609298264929,-0.0691211878009631,0.03014996952473631,-0.4320949874533324,-0.01995162602055367,-0.23676177738515025,1.001087439928823,0.6220744403227525,5.082825,92.79
NEOGEN,DOUBLER,2026-04-01,76.0,2.1,40.36779822105668,-0.5275441183286561,-0.1328004693114322,-0.7474330701061941,-0.015648410188114026,0.042305658381808664,0.039729427115400014,-0.3173631955668438,-0.09200494460354891,-0.13869513697048796,1.089571507106091,1.2214718291669573,13.477955,1182.6
THANGAMAYL,DOUBLER,2026-04-02,70.0,2.09,51.24609282388646,-0.3116749862208883,-0.024982116326418224,-0.15678983323768336,-0.01525550893378158,-0.08719058290188808,0.03562840088170493,-0.1049201858961405,-0.0011837655016910809,0.2738384150456572,0.9230074782921033,1.3151933277392795,34.781425,3543.8
VENUSREM,DOUBLER,2026-04-01,49.0,2.09,61.19701628683276,,0.1969833877806353,1.01554704323388,-0.01980761568672107,0.8967948011895583,0.04337251025940531,-0.07164420485175205,0.3190225400356008,1.0513486357596489,1.2458152767527024,1.0890144762576022,5.914145,861.05
NIBE,DOUBLER,2026-04-01,57.0,2.07,42.022247718515644,-0.1895017235463971,-0.09412658227848103,-0.4530894167267469,-0.02149420258149215,-0.2767806613307463,0.04645295800218277,-0.5321635897704096,-0.10615524351286842,-0.2759489890259186,1.1338293371944141,1.0846974614240967,8.171845,894.55
GREAVESCOT,DOUBLER,2026-04-01,72.0,2.07,41.88853955326359,-0.23563851353786,-0.10816866979018136,-0.6398028436552401,-0.029053005100909357,-0.30004263483265825,0.037804223767549744,-0.435703544575725,-0.1370134119706371,-0.3111675144208239,0.9936391605272028,0.9812752480505478,18.44044,131.34
SENORES,DOUBLER,2026-04-07,94.0,2.07,51.563195878376575,-0.3607507694545244,0.016585494274055534,0.1454374551797122,0.016719325961032094,-0.050003075219878346,0.025499822306018355,-0.1074771755460534,-0.00554591962215123,0.03965405891485174,1.004954837869386,1.259948413138737,13.28486,772.3
MARKSANS,DOUBLER,2026-04-06,94.0,2.06,48.51592321363559,0.29661719999167163,-0.012882925670861911,-0.092463601978556,0.0597871119892921,-0.038790611631402405,0.03115506743486502,-0.369114020110036,-0.03097251265266543,-0.11721426866747764,0.8403222892949866,1.2135680786893925,12.306915,166.27
AYE,DOUBLER,2026-04-07,60.0,2.05,40.12873040499484,,-0.20171940086856333,-0.9888632417904729,-0.053190371071165754,,0.04561381934937076,,,,1.1896515171287663,0.8524367607418246,9.260825,90.07
ATHERENERG,DOUBLER,2026-04-07,90.0,2.05,54.42908507146689,-0.505717687849172,0.09378368666906223,0.8672752808785976,0.009283819628647105,0.1647662049437515,0.024179946459458587,-0.044390029509637774,0.06092438439200398,0.2667630749383576,0.9869865166841351,1.4708205667951098,220.628045,761.0
BLUESTONE,DOUBLER,2026-04-07,76.0,2.04,31.31813382521449,-1.0303370345186345,-0.15857540787902913,-1.3954047950303656,-0.09472332227335978,-0.11108775617446143,0.025410934005680313,-0.4444663382594417,-0.07998616389690805,,0.9466609053578807,,24.195405,422.9
EPACKPEB,DOUBLER,2026-04-01,56.0,2.03,33.9696287082229,-0.6683502886063519,-0.17334842437600517,-1.129120157269887,-0.052376399890740166,-0.48441389559725057,0.03432928357549274,-0.5795485532495077,-0.20471634099599278,,1.0981850357483034,0.9667546001715234,7.12506,138.77
KIRLPNU,DOUBLER,2026-04-01,58.0,2.02,49.5629733895924,0.23583836630635804,-0.04762740110516617,-0.4723293358847287,-0.011741148630199372,0.026373003119387395,0.022547425783604275,-0.28149814716781374,-0.027273606845815035,-0.08094311251167552,0.9923039934058402,1.0565983859320591,7.60105,542.9
NELCO,DOUBLER,2026-04-01,98.0,2.02,44.09760013220147,0.07107495642450869,-0.055895865237366005,-0.32378560329818856,-0.017703815172169568,-0.2284105131414268,0.03860176396317774,-0.5067561561027647,-0.09162943523367795,-0.29326776566702817,1.1478909899432443,1.2638998186294204,6.54961,554.85
SHREEJISPG,DOUBLER,2026-04-02,87.0,2.02,38.67090866094288,-0.9111486321418624,-0.12257217847769031,-0.9616498736857109,-0.06724330357142849,-0.1395109395109395,0.028500988844920052,-0.19841745594053473,-0.09244911145257018,,1.0980939034630808,0.7875286894481649,17.392825,334.3
LUXIND,DOUBLER,2026-04-01,17.0,2.01,50.982417385315955,1.0442799013795607,0.04690204222914507,0.28209790993224204,-0.015515651277599907,-0.14336291540785495,0.03717721791456188,-0.40587349397590367,-0.012151188173032179,-0.22972227003355605,0.9029629745381591,1.1739970999180713,6.748365,907.35
BLSE,DOUBLER,2026-04-07,86.0,2.01,53.03437516795905,0.49134771130283433,0.15991140642303447,1.4605563878249515,-0.018369259606373034,-0.10315104463979907,0.02448195619971893,-0.3021365433305201,0.01249719663751181,-0.1252158981194731,1.443720686461393,1.662797836743928,13.846835,157.11
HIRECT,DOUBLER,2026-04-07,72.0,1.99,44.36084251101649,-0.5389406976388063,-0.05877448937057117,-0.31043426986495554,0.026208150280260467,-0.0272133266317226,0.04233545272968981,-0.334381448363958,-0.02443660998202679,-0.10691331363638168,0.9581318028982796,1.1539496496979065,7.33942,677.4
IRMENERGY,DOUBLER,2026-04-06,17.0,1.98,29.962535658814986,-1.0726280357544369,-0.11788716652898579,-1.1110620129246136,0.0063196407783137065,-0.3404904632152589,0.023725383008980246,-0.5181685467816854,-0.1742863874836137,-0.3487918587682255,0.8199949269701456,0.6234621031767034,8.444505,181.53
VADILALIND,DOUBLER,2026-05-18,63.0,1.92,30.122789648470416,-1.3311506949353038,-0.09506547148255573,-1.0399636115934185,-0.0842819030680303,-0.1441958071017474,0.020440412931598727,-0.3045922674320446,-0.08657298434651028,-0.16712012101822094,1.0690571198311862,,6.027915,4118.9
CARTRADE,DOUBLER,2026-04-30,85.0,1.85,36.701770150528894,-1.1283035477002972,-0.04258079735786735,-0.35385911663816844,-0.03997634535777639,-0.29478714161598607,0.026907193555703566,-0.5032435740514076,-0.07310979258305128,-0.3143037198621934,1.0291276786758645,1.0948048661096266,65.50918,1623.4
TORNTPOWER,CONTROL,2026-04-01,,,38.29104987736772,-1.056472053662415,-0.09404431194525387,-0.8517602527919582,-0.03937064444284799,-0.042740549828178764,0.02468881046250771,-0.14638661899897865,-0.06715949333177063,-0.0070533299470222355,1.1343446405456863,0.9546678403621532,77.79993,1337.1
KPIL,CONTROL,2026-04-01,,,49.698307397410034,-0.068925119694666,-0.023162583518930968,-0.18607989727025123,-0.012162162162162149,-0.06577489988923924,0.02783380259911942,-0.16584252567516167,-0.018361518697236345,-0.07914754172704552,0.9586138943444216,0.7908874038500874,22.82859,1096.5
LUMAXTECH,CONTROL,2026-04-01,,,52.354466096617095,-0.3913933302722865,0.038990676142661496,0.2179968641845104,-0.01835766648185788,-0.04563694076780267,0.03999406260719291,-0.10688263647573149,0.025982103421056335,0.1893737090938199,0.8898368881608489,1.493160351535584,38.04237,1593.5
NPST,CONTROL,2026-04-01,,,52.79772037261454,1.1898174335270342,0.06955606582472251,0.22164253799815642,-0.026897632311977615,-0.2063751242368308,0.0701724916328215,-0.5258313539192399,-0.022754888848093846,-0.32745900246269477,0.967230852024821,1.8879235384895436,8.10157,1117.9
TTKPRESTIG,CONTROL,2026-04-01,,,38.83523270067206,-0.6051626834349981,-0.09068627450980393,-0.42442856337589435,0.011243611584327073,-0.27111984282907664,0.04777733921044698,-0.37834252600712137,-0.14884179775624606,-0.27211073988177514,0.9517819857595239,3.787415357900757,45.68603,445.2
IMFA,CONTROL,2026-04-01,,,49.62584444957966,-0.6213069298492914,0.05246069719753921,0.38990501805010486,-0.010284428732122763,-0.030460448642266824,0.030085707967383992,-0.17665931421696413,-0.018241985258486637,0.09902831282692648,0.963133985655935,1.1277339895538847,12.383025,1231.8
SUPRIYA,CONTROL,2026-04-01,,,49.35496993598371,0.1455739197475904,-0.03111397710785102,-0.20626562821262193,0.014174822814714716,-0.20790774299835257,0.03372979224236539,-0.25123029963246746,-0.06184340745967165,-0.13947086765248085,0.9305154145246061,0.8757477659667968,11.477895,601.0
POWERGRID,CONTROL,2026-04-01,,,45.421053902196014,-0.27311467029409814,0.002911457441342691,0.06093548438248645,-0.007457627118644061,0.10867095797046566,0.010683786004843794,-0.047030105777054465,0.0069433697524941,0.03353244481782136,0.9575598682873918,1.002358564768584,565.94668,292.8
CCL,CONTROL,2026-04-01,,,59.13327976437052,0.5405406838292177,0.0725398870280447,0.7816415572618763,0.004361544172234666,0.16263830701471682,0.02075172653857749,-0.004873115115851423,0.06454969833004487,0.15511652423377997,0.8921144786644231,1.5171233066173955,29.946725,1082.3
MIDHANI,CONTROL,2026-04-01,,,39.337157132084485,-0.6919400273988565,-0.14188186405461545,-0.8264101042224881,-0.051042179550303435,-0.20105015890562383,0.03838983710139769,-0.37640207075064713,-0.14501351535190188,-0.21192229897339998,1.1677571872456571,1.0896483275638718,21.21355,289.1
SUNTECK,CONTROL,2026-04-01,,,37.04261704827961,-0.8445437085209032,-0.21421914525362795,-1.220741143435256,-0.02751688910858452,-0.29696247766527695,0.03923916003363726,-0.36345987920621226,-0.19370483203322442,-0.27687076913652087,0.9607939663618337,1.149266300975353,7.416965,295.1
INTELLECT,CONTROL,2026-04-01,,,41.74139688569957,-0.24425544543300948,-0.050824688409582874,-0.39930859494141463,-0.032262973672196105,-0.3585838208593908,0.028461059856662238,-0.4821239514618455,-0.11677856823402943,-0.3344762048293648,1.024464195255454,1.8453420554219713,32.43445,635.9
SANDUMA,CONTROL,2026-04-01,,,44.46248194048885,-0.5876050840708217,-0.07923801803627517,-0.5087704851827548,0.007651363938788958,-0.30965585352883074,0.034825446815732734,-0.313437346530165,-0.09657689436004291,-0.05119528998041878,1.0198289010571249,1.0304909988293018,27.33518,181.74
MANAPPURAM,CONTROL,2026-04-01,,,41.18513957505949,-0.9443752991559209,-0.05143918291550598,-0.5184113079253319,-0.02649132837812085,-0.2016255079712409,0.022187307249610388,-0.2016255079712409,-0.0915202629397891,-0.09080553063636498,0.8535270122926196,1.094440696365485,139.215875,255.4
ASIANPAINT,CONTROL,2026-04-01,,,45.71818079437447,-0.2760846818779439,-0.02599334850341306,-0.26588662645573613,-0.01955774821601608,-0.20773118815405422,0.02186002921292099,-0.2501937005221492,-0.054221034722469974,-0.11731557336417042,0.9675042641652883,0.9641915556815146,258.73123,2225.8
GVT&D,CONTROL,2026-04-01,,,55.78139049513044,-0.1717294517663466,0.03152663878781303,0.21607146120621676,0.009379816123717744,0.2057451198222504,0.032626107602591256,-0.018170069785474308,0.0655354661433658,0.26300383253354487,0.9368482509782682,1.167632489405837,250.82173,3798.7
TATACONSUM,CONTROL,2026-04-01,,,34.61545583081849,-1.6979527721346812,-0.07815595173779932,-1.0742705915642856,-0.030584224978695174,-0.15569849909285827,0.016267970314391145,-0.15569849909285827,-0.08239777581394847,-0.09124638957285558,1.0288355730834902,1.2408307517830381,159.95468,1023.8
BERGEPAINT,CONTROL,2026-04-01,,,43.04953309156462,-0.12692362773298457,-0.04774928774928777,-0.5725307604470269,-0.017980961335057,-0.20592986790839107,0.01864889376445727,-0.30384070649004413,-0.06817821927920953,-0.2015475987423132,0.9460721926088762,1.0099885261581085,18.316365,417.8
BSLGOLDETF,CONTROL,2026-04-01,,,47.807027713850374,-1.1129163691406159,-0.08367260985539815,-0.7077649149945288,0.035949527815252624,0.0856620093147038,0.02643499833457207,-0.15073840348708611,-0.03823200902974455,0.17771613829278055,0.995431205037905,1.3597532932425118,10.07351,130.54
FABTECH,CONTROL,2026-04-01,,,47.107557821440444,0.5891819495200606,0.0014068655036578726,0.005197169027343467,0.02380438691118303,-0.27215092796155216,0.06053000941142146,-0.4426216671234485,-0.06179771578454818,,0.7717837939201829,3.981919988554498,13.12559,142.36
OSWALPUMPS,CONTROL,2026-04-01,,,47.72734198108525,0.5445422641175054,0.03873888982056006,0.2178153672239543,-0.012908366533864624,-0.39700155763239875,0.039768907086607325,-0.6455710688944838,-0.07938074458092059,-0.4770279415173029,1.0782141145866315,1.0704809495274665,32.935555,309.7
GICRE,CONTROL,2026-04-01,,,57.87041541939449,1.2816639857413739,0.04710743801652906,0.5318543507733713,0.03484889735910701,0.021499596882558425,0.019805315778210368,-0.07179487179487176,0.01475817733306295,0.008011583779526266,1.0770196899773914,0.9496628578501413,13.320805,380.1
RHIM,CONTROL,2026-04-01,,,44.43188372919686,-0.28378780680788374,-0.08871371371371384,-0.6102060494149705,0.034076387902882255,-0.24222245343876814,0.0325086738472201,-0.30875094912680334,-0.11228828020633252,-0.19945171840881826,0.9696068048984289,1.126563458633577,9.668575,364.15
ARVINDFASN,CONTROL,2026-04-01,,,49.30964933561067,0.05004132188297796,-0.044705062703204845,-0.33678063035540595,0.028503562945368266,-0.1646019496344434,0.029682098711337587,-0.27406688432012705,-0.06037708265757835,-0.16119066675503024,0.8378898306976584,1.3781506771903647,10.42573,411.35
GPPL,CONTROL,2026-04-01,,,38.93413087122159,-1.2734189916443093,-0.09712562319197393,-0.8512931551765434,-0.02069564056345552,-0.22419081870107893,0.025511716439120737,-0.24234285419141577,-0.10844307868845304,-0.11896231069837071,1.050868718260974,0.9860863625907764,16.417965,146.69
GRAVITA,CONTROL,2026-04-01,,,32.0825424136427,-1.2117756754638414,-0.1406687960367642,-1.0296167593752807,-0.06998236331569663,-0.26124964976183807,0.03054971545355455,-0.3054267650158061,-0.1418122259371517,-0.2156690091090797,1.0534920670315044,1.2742654838729839,52.570915,1318.3
BAJAJHCARE,CONTROL,2026-04-01,,,48.9644014226024,0.8451794950943564,-0.029727626459143952,-0.17226225570429662,-0.007008601465434805,-0.23873488826474543,0.03858825213950177,-0.42063197026022303,-0.061540314325284506,-0.2604758506929925,1.0096733676709437,0.9208305784663436,10.295275,311.7
ELGIEQUIP,CONTROL,2026-04-01,,,46.7649897629639,-0.29411923468777723,-0.037081700331624945,-0.34356477874342517,-0.016928285626346518,0.014934858595487821,0.024134372261922866,-0.19282284559009344,-0.02099216752865407,-0.03347971008426032,1.0609734942071565,0.8426759196215056,22.65393,479.1
SILVERIETF,CONTROL,2026-04-01,,,47.02134482070867,-1.1784839466123747,-0.11805241753276097,-0.5533542069865048,0.01711034872106665,-0.04177235905408716,0.04770420594595376,-0.36226004084411156,-0.09233595312282006,0.3023641181197154,1.0736422941850983,0.7373796570230589,230.69491,234.21
BHARTIARTL,CONTROL,2026-04-01,,,36.27617087073855,-1.1315334153037855,-0.06506112597722857,-0.9882710085519255,-0.02888440786963864,-0.14504366183667583,0.014720769821117006,-0.17607620104499,-0.06998082445450948,-0.0991330311906039,0.9666211618480564,0.9477388591201987,2002.545215,1781.9
CEWATER,CONTROL,2026-04-01,,,47.15161680809067,0.49415875476560467,0.0023520897412701025,0.011453384302038277,0.0030780372985697024,-0.3953945214449416,0.04592033596326509,-0.5646365422396857,-0.14891525100855074,-0.3935629000610269,0.869966760311819,1.5730352927816529,6.301685,277.0
POLYMED,CONTROL,2026-04-01,,,49.37983311104314,0.9616369589173158,-0.0823798627002289,-0.5498912919224966,-0.014893290342392063,-0.28742780986228333,0.03349879797710525,-0.4359808360072084,-0.04985450156605176,-0.28752375360381555,1.0986769157230591,1.5885282897413209,26.78208,1283.2
MUFIN,CONTROL,2026-04-01,,,46.2102266979956,-0.661245149087969,-0.0390455531453362,-0.28153566360541393,-0.012119449292224194,-0.16504138326640994,0.031011527965572282,-0.168652088772846,-0.07132453602684763,0.007597277539203917,0.9874042071700788,1.001282293617577,10.78658,101.89
VAIBHAVGBL,CONTROL,2026-04-01,,,35.95206025502564,-1.0865392083311343,-0.13996009095549677,-0.9581725728029319,-0.05313441986409839,-0.21563399356695445,0.03266220369865576,-0.34104888888888885,-0.16189116930947034,-0.19867225098382413,1.0728487461432394,0.7998521498843991,10.0681,185.33
FSL,CONTROL,2026-04-01,,,43.52821352428927,-0.04809198028008859,-0.008581314878892798,-0.05829254878361194,-0.04220894990194346,-0.3626279104256266,0.03291742050388642,-0.4473704513308474,-0.1388803400719384,-0.3370478685127972,1.1543754923752267,1.098033776275977,32.80823,214.89
SHAREINDIA,CONTROL,2026-04-01,,,50.40975219332378,0.4872391030472146,0.040249433106575916,0.22116246179755522,0.03848330503678543,-0.19938917975567194,0.0406942786540863,-0.37748376466026956,-0.05181679136869077,-0.18534625321112796,1.190387570544422,1.5673241117660242,22.56227,128.45
FUSION,CONTROL,2026-04-01,,,36.06294874100005,-1.0861778336937618,-0.18255268659246282,-1.23711467882038,-0.02447576023194653,-0.17939992059440757,0.03299615012936315,-0.30973282442748085,-0.17058880856698966,-0.17296389948550317,1.0158643079975045,0.9094977999473244,6.88428,144.68
SJS,CONTROL,2026-04-01,,,44.955169092178174,-1.088675552729184,-0.04661780607953858,-0.32810955385644935,-0.04039182488813642,-0.11231681396129323,0.031770054279296404,-0.16627265563435778,-0.06394323496971244,0.02861487317476752,1.0463244981228366,0.731703835748767,18.510515,1587.0
SUNDRMFAST,CONTROL,2026-04-01,,,23.95463478795483,-2.379379325263247,-0.09929417394425166,-1.4674058732871775,-0.057697121401752205,-0.20963678353978588,0.015130682434278574,-0.2965523684948145,-0.1369695469118778,-0.20978775837494823,1.019528832063971,0.38784363412053785,16.19977,752.9
GIPCL,CONTROL,2026-04-01,,,46.802503404814615,0.2818156052791192,-0.03171516194180579,-0.21880559839929425,-0.019689511548655947,-0.18017732742241932,0.03241108021828418,-0.4136165972096395,-0.057180938230602996,-0.23710908839103395,1.068952636298974,0.8889594194473875,5.42664,129.45
APOLLOPIPE,CONTROL,2026-04-01,,,66.21054976480224,1.6075449593753708,0.21132342533616422,1.0703649886196558,0.03232810615199022,0.43350083752093793,0.04414695447943831,-0.07320771063461129,0.2368303152052953,0.21934104575805957,1.0145943147966126,0.6903877859054669,210.097455,427.9
FINPIPE,CONTROL,2026-04-01,,,37.240110918195484,-0.7246392329181622,-0.1154060066740823,-0.9183889104759427,-0.021050040007385862,-0.11422365783025168,0.028098736057397353,-0.31600223627058865,-0.10393962338985174,-0.16234894104685038,1.1273683951868234,0.8835601575675667,17.011165,159.05
ONGC,CONTROL,2026-04-01,,,68.56056645343259,1.6588133246077021,0.040079436721429884,0.5712979538838302,0.06606217616580312,0.2049276332301515,0.015687146155479188,0.0,0.06688109229660366,0.15754368466589175,0.9611232055825347,1.3502946439207748,751.871565,288.05
MPHASIS,CONTROL,2026-04-01,,,43.735016246573394,-0.32982538294279046,-0.05760409315455184,-0.6464262707908328,0.0021105951878430673,-0.2567830805621262,0.019925964320451756,-0.2879424115176965,-0.09876697351726371,-0.20881435465379805,1.1515872308454749,1.6335893923646378,135.262155,2136.6
GULFOILLUB,CONTROL,2026-04-01,,,33.799044037205704,-1.1743845785613878,-0.14289128979825994,-1.0900641344075155,-0.04906120717089213,-0.23413071337035452,0.029311544825314135,-0.3173025664458151,-0.14037545584697164,-0.23366603542814612,1.0393283528865667,0.8238039423247342,8.042335,896.45
ADANIPORTS,CONTROL,2026-04-01,,,48.51617342196039,-0.26295823429521836,-0.03416062465142222,-0.2807900193183169,0.006904571553165262,-0.05452808298641909,0.02720377279074188,-0.11769201375620941,-0.04239215333890911,-0.03358727186862809,1.030610804401714,1.0804945579137273,397.406715,1385.4
AGARWALEYE,CONTROL,2026-04-01,,,42.13305466602017,-0.6961291913593681,-0.03518859245630179,-0.5465717600004311,0.009141207601635726,-0.1826595226497808,0.014395929413690353,-0.23126259849734287,-0.047794151027338194,-0.10173181609163406,0.8410119477097444,0.5865430637934919,10.66176,419.5
SHRIRAMPPS,CONTROL,2026-04-01,,,40.64429551051674,-0.5220348587290752,-0.12239756000530422,-0.8791056871528921,-0.030045434559577866,-0.21214285714285708,0.031132691831212138,-0.3611969111969111,-0.11375962504184789,-0.23357759332015038,1.1072030872981735,1.0668324922685442,5.78674,66.18
ABDL,CONTROL,2026-04-01,,,43.91729129693324,-0.5422368249736581,-0.06343034881137533,-0.4415004445338531,0.03194614443084465,-0.20746380898665162,0.032125578475580154,-0.3835185726820707,-0.09720154967372485,-0.19806683790934276,1.0934641916792522,1.1185320182801979,25.98383,421.55
KIMS,CONTROL,2026-04-01,,,39.13792384713697,-0.965400921140368,-0.11524847798385951,-1.2411013272736946,-0.03772713273791195,-0.000719597025665708,0.020764092778902295,-0.20833597263571302,-0.05342563279155366,-0.09422902569105096,1.0601105397733703,0.9527289819860351,19.93413,624.9
QUADFUTURE,CONTROL,2026-04-01,,,48.018539432280754,0.3965641877160235,0.028212039532794275,0.15971819515367633,-0.017682403433476268,-0.1474970202622169,0.039497089306914424,-0.4476300801235641,-0.028816418807219524,-0.20448060104674315,1.1706464396261573,1.3782112982510117,12.45503,286.1
MEDPLUS,CONTROL,2026-04-01,,,48.613571206929194,-0.015649658280083363,0.015889570552147347,0.19501490373032004,-0.007551693137548665,-0.00701607100023971,0.018219202331845298,-0.12598965480840274,-0.006402371337537516,0.0026402638265690115,0.8764376526817113,1.6510652753944248,10.338915,827.95
SHARDAMOTR,CONTROL,2026-04-01,,,39.20028913993329,-0.7908684323665371,-0.13900330683993745,-0.886492881741955,-0.0667798528579514,-0.21658572635135143,0.03506185436938872,-0.39011259965480405,-0.1350874411969023,-0.24118958526186796,1.075077771837138,0.8533256213938374,5.97655,742.05
LIQUIDBEES,CONTROL,2026-04-01,,,53.70523726766409,0.9774108291012659,1.0000100000961964e-05,0.29454850669896127,1.0000100000961964e-05,0.0,7.5915860632083526e-06,0.0,4.800023040152368e-06,4.700022089965117e-06,1.1120050613388308,1.1101733083479177,425.692545,1000.0
SBIN,CONTROL,2026-04-01,,,39.03288146089415,-1.5941951231228477,-0.13341847594721157,-1.3169195822587783,-0.04035451631152176,0.01057439308941066,0.0226538344247783,-0.17103762827822122,-0.08216755627337302,0.07608820053640519,0.9008668753152616,0.8338181902859049,1893.932075,1017.8
GNFC,CONTROL,2026-04-01,,,41.08694814779365,-0.49937637414546115,-0.08788903135563586,-0.5934460319988868,-0.018685728618008546,-0.1969417077175698,0.033116043918241404,-0.31226929161539807,-0.11183299509209688,-0.20535383334264234,1.1547821352237917,0.913566568571274,14.75288,391.25
DELHIVERY,CONTROL,2026-04-01,,,55.378695843967,0.0847109268655738,0.03527717782577389,0.3411199646325433,0.002439874520738794,0.021669626998223723,0.023124465247219124,-0.11024028049912349,0.020391268251261252,-0.0014934778243714808,1.0012851172430133,1.0750331123461934,78.44253,431.4
MAXHEALTH,CONTROL,2026-04-01,,,35.09594851878148,-1.0673409769213096,-0.08996868178798523,-1.5363401027857453,-0.029649868447682692,-0.07325794916400896,0.013094502184718268,-0.26317811587521134,-0.060226274854168094,-0.1479398253050055,0.948872144839038,0.7744358154257612,311.00615,958.9
CLEANMAX,CONTROL,2026-04-01,,,47.15078670106649,,-0.03271137026239057,-0.18192675971345296,-0.007122336605218993,,0.04020565619872446,,,,1.2814151989551699,,32.05269,829.45
INDGN,CONTROL,2026-04-01,,,53.41248103807455,0.9934174471507965,-0.014949109414758244,-0.11273562860121317,0.009342748506246723,-0.10680638338781001,0.02965098546860084,-0.25036307890914966,-0.007844552702451657,-0.11915489686262337,1.0107182547920834,0.8132190417547251,21.629615,464.55
GROWW,CONTROL,2026-04-01,,,51.95013855269157,,0.028849828047382564,0.20873804556508804,0.0002476626834253537,-0.003085467448318391,0.03090484845658482,-0.14419664141547917,-0.015515308112324266,,1.1166714255835934,0.9518089053004647,320.74429,161.55
KSB,CONTROL,2026-04-01,,,66.71585673538902,1.8251014953656697,0.12085532548382738,1.3069391368385637,0.019950738916256316,0.09964814445993508,0.020677376291477718,-0.06322814161293966,0.11392963493989172,0.05737220918912889,1.0758534271471212,0.5527390880071491,26.15702,828.2
HNGSNGBEES,CONTROL,2026-04-01,,,45.64012776669158,-0.706662847266524,-0.050644639829673155,-0.3526426016681208,-6.229235880406137e-05,-0.05781421192674907,0.03211320947028391,-0.14968040399759863,-0.07442323711425003,-0.02241530632472344,0.9642741044669204,0.7572801417716752,9.53906,481.57
AWHCL,CONTROL,2026-04-01,,,36.65311793115229,-0.7006749448663996,-0.16456611570247925,-1.104113893882692,-0.03863528292914886,-0.2019932899151371,0.0333281759737493,-0.40823942631347865,-0.16941917884756008,-0.24249094679732996,1.1784906743161372,0.9359527020843634,6.52889,404.35
MANKIND,CONTROL,2026-04-01,,,41.13438623384777,-0.3822787820083934,-0.09328561072852481,-0.9757190673469106,-0.011215415019762864,-0.13431092655073973,0.021378383788148447,-0.2578156870016688,-0.047822499992863254,-0.13761063462730527,1.0130177089521362,0.8270944188087769,134.02687,2001.3
PRICOLLTD,CONTROL,2026-04-01,,,46.79211711864534,-0.592420642516223,-0.047458827696121975,-0.3771399882021518,-0.011122345803842415,-0.1913102307750132,0.02813840170247239,-0.2125027450406266,-0.056146889443374204,-0.009489856892552995,0.9569195763633609,0.97016229380039,16.047825,537.9
V2RETAIL,CONTROL,2026-04-01,,,44.33697609475588,-0.6754056912930027,-0.017378222752503114,-0.1707193173062907,-0.035048395313296066,-0.15603279272856907,0.022761857308164497,-0.2409841320724475,-0.030423272298422233,-0.07013390572477363,0.8451450946304304,0.9510748487048793,21.790545,189.42
DEEPAKNTR,CONTROL,2026-04-01,,,39.57518814558579,-0.18959405694172948,-0.09175174637291772,-0.7782028692119097,-0.012632347572106628,-0.17538724234662761,0.026363709266702343,-0.3303951668812518,-0.11432782053381363,-0.2071365915668698,1.1200087353738049,0.8483736776222541,29.57625,1352.2
GANESHHOU,CONTROL,2026-04-01,,,38.123062730521895,-0.38950275524682837,-0.16537937301226702,-0.9075289203301413,-0.06259567953733625,-0.3053945046634736,0.04074795985533963,-0.3717510259917921,-0.1700551188217222,,1.05668702921608,0.8492334397047601,6.12668,551.1
ORKLAINDIA,CONTROL,2026-04-01,,,63.07485831039908,,0.047531673219746606,0.7183591913542532,0.008411136344520065,-0.034313330648409135,0.014795391175171386,-0.16002241995375877,0.047762373191825525,,1.0374087831575776,0.8273795355862481,15.24625,599.45
SCHAEFFLER,CONTROL,2026-04-01,,,44.7618616685395,-0.5211082709280316,-0.06378346999492057,-0.4748996652953167,-0.047377618074868955,0.018525340771538445,0.030032485843250616,-0.11167722390526025,-0.017207127419276214,-0.024925170828923315,1.0543361241299214,1.1740834886564984,34.70215,3870.6
AKUMS,CONTROL,2026-04-01,,,56.756245646845656,0.82241429633322,0.0626070205479452,0.4407092276539696,0.005672034842499674,0.091698735568994,0.03176551454553385,-0.16422558922558927,0.0602174465513301,0.05133810277362039,1.06147875695569,0.9156112462116219,7.86109,496.45
CREDITACC,CONTROL,2026-04-01,,,49.511888746222894,-0.15729940816201507,-0.027335781313749474,-0.286144399030551,0.017238436593275397,-0.11044776119402988,0.02136147533996854,-0.1930133369440119,-0.04263333659951718,-0.08436233748775757,0.9539998978911959,0.9998189311590393,27.627795,1192.0
JKPAPER,CONTROL,2026-04-01,,,50.93684322714264,0.26024111261603733,-0.012026726057906445,-0.07433155719773657,-0.01099881093935784,-0.056571671629093934,0.03617921919852605,-0.21947214076246335,-0.0007298546598067945,-0.08938069265366688,0.9583104679140485,0.8936435732416992,8.537715,332.7
ULTRACEMCO,CONTROL,2026-04-01,,,38.18297158855292,-1.073846618038797,-0.11505740480713633,-0.8553894177742408,-0.04373438057836487,-0.12065003282994091,0.030077082217466675,-0.1791296353049341,-0.114558626400599,-0.1161827078185329,0.9545359088846552,0.7849380219244259,502.62175,10714.0
ARMANFIN,CONTROL,2026-04-01,,,52.54546643855772,0.3022514483000332,0.005689515036575443,0.03519839970347535,0.020972289073781125,-0.07793578836241699,0.03614409316322912,-0.17821562984281603,-0.027921081437797035,-0.049443289253997436,0.9519928001936035,0.7795420639229665,6.661515,1484.8
TECHM,CONTROL,2026-04-01,,,50.27534663200557,0.10708989092433409,0.039446417998815875,0.5178341944276934,-0.0028399006034788288,-0.13579867093280829,0.017033419782505266,-0.20577923546708898,-0.05311840570623405,-0.07356134036446071,0.9336792144598747,1.0044867380761786,339.76458,1404.5
ARROWGREEN,CONTROL,2026-04-01,,,67.12118936590645,2.778655547333724,0.2579728857327308,0.9563587963060171,0.17555501930501927,-0.0368722815342033,0.06031678812159867,-0.3900713659697008,0.17775193592294491,-0.12079681454660307,0.6516762179770084,4.093695791330698,7.88826,487.15
SYRMA,CONTROL,2026-04-01,,,52.63046146051621,-0.1785268784867554,0.07951546321986869,0.511750279057765,-0.02464078263527969,0.0643181211635977,0.034743895274347444,-0.11681984276381352,0.00830945087841517,0.048034016430061666,0.9168830033299082,1.8314577738815518,108.89532,797.6
JMFINANCIL,CONTROL,2026-04-01,,,46.96337632393157,-0.24358077545942075,-0.01643365219524162,-0.10244829257235304,-0.03404528665489004,-0.17990319721862436,0.03586859527326616,-0.3767485234690706,-0.053587556131777125,-0.21225116418866297,1.197021741522764,1.1212452803395554,42.2216,120.3
CAPLIPOINT,CONTROL,2026-04-01,,,40.24596321971868,-0.5805251005361773,-0.04877014418999148,-0.6343884384454853,-0.01598144898470799,-0.15431433803727246,0.017190312917510494,-0.32987622705932573,-0.07269490770653686,-0.1895429829732278,1.0186353601332538,1.0198705671578647,13.530735,1570.1
GENUSPOWER,CONTROL,2026-04-01,,,45.09597715886164,0.033046032246514055,-0.06112664802237322,-0.370174792816548,0.0017050298380221207,-0.22646477946017118,0.036923999923049164,-0.43960891856444495,-0.0819774596167745,-0.25783399641391713,0.9473229097103892,0.7897777671131343,14.485295,235.0
VEDL,CONTROL,2026-04-01,,,49.614486697578805,-0.7333363977046754,-0.033951497860199686,-0.34831368781198974,0.011274546404838492,0.08839601414336218,0.02179582939454379,-0.11633065831539113,-0.01844261107020495,0.24314190716362383,1.0991799825217279,1.1089729028139605,1088.58279,677.2
GRMOVER,CONTROL,2026-04-01,,,49.36672038831451,-0.5846598947497801,-0.02027667235171504,-0.30666055393653074,0.025590160682404273,-0.09202669476642078,0.014785083100485541,-0.09361851332398319,-0.024598236352865177,0.0829695989975141,1.0704493936994992,1.110668511082906,25.341545,155.1
MANGLMCEM,CONTROL,2026-04-01,,,46.00408201193754,-0.42641805435819724,-0.06077543095840443,-0.5250631538067543,-0.041258783256260756,0.05102376719994739,0.025882218929202137,-0.13399153737658676,-0.024131413383410405,0.046770937221939146,1.017365461490301,0.7360935953386055,5.07763,798.2
CRIZAC,CONTROL,2026-04-01,,,42.2631686170458,-0.33035082973532254,-0.16214217349691118,-0.8327852783805627,-0.0061409846217359565,-0.30183070509334786,0.043535942741890855,-0.4853974615898463,-0.13250326792086353,,0.9644389524625506,0.6799355443763664,7.07434,192.59
VTL,CONTROL,2026-04-01,,,51.837130639420785,0.11282338933903022,-0.015607580824972267,-0.22009087639340055,0.01174448582068166,0.24512338425381897,0.015856909773297036,-0.04342330956035034,0.04169124413090142,0.16224991224991214,1.2221787389281835,3.164318417431806,28.788125,529.8
FIEMIND,CONTROL,2026-04-01,,,42.88084292203049,-1.0162424910854044,-0.07347628208135881,-0.5576686866621012,-0.05226531004031476,-0.16868737896775277,0.029461571968701607,-0.2242997996621754,-0.08520173555487809,-0.06266635749735183,1.0202432067350937,0.7785447782074176,13.59209,1974.7
AURIONPRO,CONTROL,2026-04-01,,,42.202854113709485,-0.1545167151957797,-0.0899848960148717,-0.5635337944271762,-0.015089594467148748,-0.297911437791323,0.03570546193099784,-0.5224958848991038,-0.11362967657243728,-0.317885126020342,1.0430744627355801,0.820326505808701,18.573895,783.25
ARFIN,CONTROL,2026-04-01,,,51.31578190696725,,0.028300609343263394,0.2567602264781045,-0.026160553988202162,-0.004457262716308419,0.02464637423179679,-0.07401536398000252,0.009759859585671382,,0.8028383544720338,0.6772219405256695,8.397875,75.94
SIGNATURE,CONTROL,2026-04-01,,,31.36846010530101,-0.9620678932798797,-0.21380846325167047,-1.8407658054503442,-0.06595676024524044,-0.3453500995114891,0.02597235653660656,-0.4439449823267251,-0.17919640305069207,-0.3150814585977555,1.3905042038283235,1.0814362075299133,31.93431,723.65
SPLPETRO,CONTROL,2026-04-01,,,63.17515424207399,0.9947866402166872,0.12236062585447383,0.7024247546976611,0.10029784065524949,0.23532854037786333,0.03895174185565086,-0.16744605329877738,0.14908653180692055,0.03302036994251201,0.9349308484054815,4.1730903014977185,10.335945,738.85
MEDIASSIST,CONTROL,2026-04-01,,,44.03954295982892,-0.15861346767964782,-0.06872246696035234,-0.366412090263052,0.007786429365962411,-0.28476373068681626,0.04193860186068392,-0.45753143443674615,-0.13391418348673956,-0.3296882976598279,1.0146421228343947,0.9349580523841794,9.641505,317.1
SHRINGARMS,CONTROL,2026-04-01,,,39.55895825405915,-1.1175881904338576,-0.16117752681566877,-0.7658864036145999,-0.06877196663694063,-0.2686222808174027,0.047057096810206415,-0.3220805010310853,-0.1788309350188454,,1.0605353482205395,2.5631098692573366,18.32752,177.52
CPSEETF,CONTROL,2026-04-01,,,52.95472608027478,0.06195391193895469,0.003162055335968361,0.06285140063722319,0.010048751368022968,0.07496823379923767,0.011249662868537106,-0.02823777160907437,0.01180236764943321,0.0783154189439157,1.0027695431349988,1.217288519707619,22.445425000000007,101.52
PCBL,CONTROL,2026-04-01,,,47.16344029426566,0.41115607376788743,-0.09923076923076923,-0.4378192569813986,-0.044967562557924,-0.12359244769518618,0.05067998767103606,-0.40695211786372,-0.07403014344229897,-0.24340086640909242,0.6874908877210268,4.153894070343195,229.688935,257.62
SHRIRAMFIN,CONTROL,2026-04-01,,,40.3245373993035,-1.2443207678961843,-0.10836633663366346,-0.624900077403,-0.05800209205020923,-0.09569714314404787,0.038776518670396616,-0.18472750316856779,-0.10875813008934698,0.11439898651627334,0.9458794210928929,0.6466369920854219,1059.623075,900.55
VIJAYA,CONTROL,2026-04-01,,,37.035482146109224,-1.2756234839475853,-0.060688117234788286,-0.9166066432863095,-0.008796503809950673,-0.1422129557796743,0.01480490639658994,-0.22499671441713753,-0.07764737777824127,-0.12114126942452419,0.9717015528242827,0.5149846966581298,9.93481,884.55
COSMOFIRST,CONTROL,2026-04-01,,,46.57732141003724,0.2026943612729027,-0.07302035358787695,-0.6196393420745028,0.022031122031122008,-0.07904059040590394,0.026350566091707522,-0.5072263465487284,-0.035020430130808355,-0.25176969448411735,1.202223583842904,1.4307488569548643,7.83559,623.95
SWIGGY,CONTROL,2026-04-01,,,33.473554290685016,-1.1630104687657947,-0.10898404701931141,-1.1147446425373,-0.041026567865533936,-0.2669245647969052,0.021861126602369784,-0.4213109390337004,-0.12935323383084574,-0.2996752451829575,1.0466442057880612,0.7604229384301567,360.124855,265.3
PETRONET,CONTROL,2026-04-01,,,42.243718591909456,-0.5920248791020908,-0.07900000000000007,-0.49653110075362183,0.032139283570142174,-0.12390011890606434,0.035576698006302074,-0.20259740259740255,-0.10006051245041914,-0.09029464181145241,0.9341473922004775,0.906576668506023,203.451325,257.88
WHIRLPOOL,CONTROL,2026-04-01,,,48.18098996888814,0.25144573555602806,-0.07744874715261962,-0.6470323054214335,0.02849179312480654,-0.04853311941324778,0.026765381257532802,-0.42559153175591535,-0.026848548213925683,-0.2588927844810678,1.0642844925826245,1.4134609954832729,31.576315,830.25
GABRIEL,CONTROL,2026-04-01,,,47.236130703264436,-0.3743271916855788,-0.06634330369172725,-0.4660170663071124,-0.01707801418439714,-0.1609841146842309,0.031833198316572206,-0.3423929547525053,-0.05724242866191975,-0.17272237801726031,1.0217696679524542,0.7617959048474687,32.041105,866.2
ATULAUTO,CONTROL,2026-04-01,,,46.54481548721365,-0.024306313272375785,-0.08988764044943809,-0.5680975557120129,-0.005417118093174467,-0.08888398764887506,0.03538034486525658,-0.23322505800464033,-0.06516253861211363,-0.09633068915449172,1.191677047795272,1.4503316617462307,6.210255,413.1
OFSS,CONTROL,2026-04-01,,,54.170951532224365,0.8832413027311081,0.007464871194379441,0.06752559870566904,0.04303682376117601,-0.12122566230450049,0.02471945418310096,-0.29278191625995376,-0.013645313561338024,-0.14975723672954855,0.9313203503403287,2.3435943337487375,133.91775,6883.0
KITEX,CONTROL,2026-04-01,,,44.64938658390971,-0.06155112259965228,-0.03842589732501389,-0.20547155554093166,-0.024749373433583854,-0.09526854219948844,0.041817427375265975,-0.47299813780260713,-0.11492699924713345,-0.2199715351000281,1.029085312582999,1.5095869905924302,14.69374,155.65
UBL,CONTROL,2026-04-01,,,48.25555189789032,0.5563220172185627,-0.02797889311571966,-0.282992624485155,-0.013819721115537864,0.005649717514124353,0.022107539747995064,-0.24095635091754108,0.005159675851549528,-0.08929868467987345,1.2837732693754549,2.2999614324287547,40.50341000000001,1584.2
OLECTRA,CONTROL,2026-04-01,,,52.856624528576,0.5016654400594919,0.13190996358821572,0.5238037890908794,-0.035401974612129794,-0.1559568866216885,0.0563110942753408,-0.38608617594254946,0.02189221146499598,-0.19837573114466767,0.6476671137650459,3.595669694747038,182.29096,1025.85
LUPIN,CONTROL,2026-04-01,,,45.97353486018733,-0.9505037344573031,-0.013015749056358161,-0.21581008897659137,-0.030967796898960565,0.027367565370545854,0.013485977326691372,-0.034955245407881974,0.008685272813695022,0.10184791650773928,1.016663964341554,1.0685970371423055,259.84188,2274.9
KIRLOSENG,CONTROL,2026-04-01,,,48.885569502052036,-0.7032678059740768,-0.03494528768090366,-0.2759462116609734,-0.018241884515943774,0.11911584117887841,0.028317126833322555,-0.09500165508109892,0.02423089026418701,0.2629464716721661,1.0802178251089651,1.3532130960660174,54.32122,1367.0
LIQUIDETF,CONTROL,2026-04-01,,,40.159227572815375,-1.755482718915523,-9.99999999995449e-06,-0.438083968554385,-9.99999999995449e-06,-9.99999999995449e-06,5.104199509670077e-06,-9.99999999995449e-06,-7.4000192399337195e-06,-5.95002409753409e-06,1.1979374342559033,,18.87039,999.99
TORNTPHARM,CONTROL,2026-04-01,,,37.33506254139578,-2.2262240962411077,-0.05291407509790369,-0.9336615940441626,-0.04332751599767304,0.004667416059821239,0.0126726288882613,-0.07528115159694104,-0.021552825866246628,0.08719883074493473,0.971587103397081,0.7547348130249089,160.962635,4111.3
EBGNG,CONTROL,2026-04-01,,,49.67212210305241,0.00447987175931532,0.04121194715680643,0.27437805926423486,-0.0563508589276418,0.17902439024390238,0.033586036571168515,-0.07216890595009595,0.06802608864719639,,0.8545002952974681,1.374662601144215,10.912175,362.55
DABUR,CONTROL,2026-04-01,,,28.736792560345464,-1.6577365663907322,-0.14864587607714397,-1.684807659741006,-0.03723897911832952,-0.20339796506047225,0.019728203487310744,-0.2492310475845848,-0.14408356401169964,-0.17812601044499932,0.997317616866782,0.8643307363199987,83.874055,414.95
SUDARSCHEM,CONTROL,2026-04-01,,,43.11536513221871,-0.0941644541513687,-0.05848554493770419,-0.36941135215422255,-0.01262209818596971,-0.20283695206882424,0.035401633820724594,-0.4892046200288751,-0.09714754999704223,-0.3052654691901503,0.9846268277445478,0.6122367065033297,13.69443,778.35
SULA,CONTROL,2026-04-01,,,47.60383904178738,0.8096229140046817,-0.05983785091965155,-0.3158248684145143,0.01728314238952522,-0.26432156045829003,0.04236572723216563,-0.5156172069825438,-0.08753744919182571,-0.33552799952620194,0.9625895593477596,1.1270825938595765,9.304515,155.39
INDIASHLTR,CONTROL,2026-04-01,,,56.16749313659234,1.0267193772788055,0.08614366865607237,0.548668450831062,0.0019235871583975772,-0.07433509008456918,0.03510737653211729,-0.24633270132721286,0.02326722008679316,-0.10492230512283085,0.9335358082664049,1.1830096685590799,12.36318,755.25
PURVA,CONTROL,2026-04-01,,,42.850567076951975,-0.2523476194102593,-0.025611175785797302,-0.13302230964450448,-0.0325829709945511,-0.2680824484697064,0.043051673207138055,-0.4620657995409334,-0.1572201354239886,-0.3016463180487099,1.0014455614008453,1.7523005750497567,7.748455,175.77
JYOTHYLAB,CONTROL,2026-04-01,,,37.631913792554464,-0.2025092071246293,-0.1718485702778897,-1.396584205091362,-0.041128468174399635,-0.25563800904977374,0.027514637755220308,-0.4256145251396648,-0.12746711294003232,-0.302011126478279,1.0091599676657363,0.810163118864196,14.50152,205.63
PRAKASH,CONTROL,2026-04-01,,,48.7028037233772,0.2937655772210746,-0.024137372428316817,-0.14311439941753137,-0.010268627289903853,-0.16414596919661428,0.0377130503762111,-0.35904665638133737,-0.035871532762602576,-0.1855453222936687,0.9526683107636359,0.8793134954744279,7.688955,120.48
SOUTHWEST,CONTROL,2026-04-01,,,58.502175691609146,,0.025034244957725216,0.10737980701769405,0.006399851597644002,0.6685375980316777,0.052131098989245554,-0.03396545584045585,0.1653220436551408,0.5034520647784775,0.9230216178803212,2.1340821415539044,7.512765,217.01
EICHERMOT,CONTROL,2026-04-01,,,43.339747753978095,-1.0933241512874308,-0.10502851897987286,-0.8384622698826931,-0.02388273149803366,-0.09983514671941973,0.02800971688898773,-0.16660561660561657,-0.06971387449076527,0.006807808568597418,0.9910096495941714,0.8045393915526978,461.583165,6825.5
ZFCVINDIA,CONTROL,2026-04-01,,,55.87741082336664,0.5043627425426187,0.01118458075408002,0.1271196661802017,0.057607416127133604,-0.03400309119010825,0.01967396833036515,-0.1001001627644923,-0.011454066826392828,0.03810213986250832,0.8569904418073465,1.3585617654750823,22.2476,2395.833333333333
KPITTECH,CONTROL,2026-04-01,,,40.07333137645318,-0.13091746056625858,-0.08401820281192696,-0.6541108654619427,0.0010391923990498153,-0.44203558129913123,0.028721493978265563,-0.5257420171613447,-0.17824012011367896,-0.3954510448036852,1.087560475732427,1.0151429935284306,142.440095,674.3
APEX,CONTROL,2026-04-01,,,53.73303120350043,-0.014341392548452922,0.08247422680412364,0.38998644832280155,-0.03280757097791798,0.2770743085638119,0.047288304072840064,-0.13604598737601448,0.04498407643312108,0.36700560320705033,0.9229765072826126,1.6809442234065135,22.744155,383.25
MFSL,CONTROL,2026-04-01,,,23.7086773494772,-2.1779384746577684,-0.1547087767479116,-1.8482491553829226,-0.06841541080774327,-0.14457761565630234,0.018717137812109378,-0.20994652406417103,-0.12955871089377236,-0.09553039330714519,1.01249780079654,0.8658391228665011,166.933565,1477.4
KROSS,CONTROL,2026-04-01,,,34.659782369092596,-1.1005495940258072,-0.13843195898312333,-0.8856885908490497,-0.049829190717399,-0.23023333492389175,0.03494944766624895,-0.2978454842219804,-0.1660325232840908,-0.14699052684650615,1.0036367576338665,1.106925179768626,6.19715,161.32
BANKBEES,CONTROL,2026-04-01,,,34.82407312125025,-1.447797570543481,-0.12023354004486098,-1.3505288153639585,-0.03591245097507634,-0.13821348369064745,0.01990704423757881,-0.16110464567672134,-0.10512462190668093,-0.09855702710049341,0.98867297468309,0.6919088101605572,95.74393,533.42
VENTIVE,CONTROL,2026-04-01,,,29.03593295662415,-1.59853390728287,-0.18081180811808117,-1.5364764899404557,-0.07824976045991694,-0.2405762778764554,0.026313939505989207,-0.3008720930232558,-0.1729260820597177,-0.20789253028383858,0.9812676699047577,0.8498293006116195,6.760325,577.2
ADVAIT,CONTROL,2026-04-01,,,57.27978480877559,,0.13770298585646934,0.7475985373744335,-0.014128461189287345,,0.041186976924961496,,0.07607926879871774,,0.7914564185211714,1.5530257452052874,9.603265,1737.5
ASAHIINDIA,CONTROL,2026-04-01,,,44.149568528025995,-0.8729746764513756,-0.04359451290397587,-0.36644995611794234,-0.016791156259336693,-0.18358638483675693,0.026601256917031163,-0.22852588147036756,-0.08811186950921857,-0.09074582162504174,0.8861991002118759,5.750789302991038,65.47221,822.7
ALKYLAMINE,CONTROL,2026-04-01,,,46.277458454014095,0.22404081068222154,-0.06163504066200587,-0.28931473241797345,-0.045635928317492414,-0.14490021452252477,0.04763675170094684,-0.45145954962468715,-0.09022877765313053,-0.2726951031048963,0.7390880545208562,3.4158236000901816,33.61983,1315.4
DCBBANK,CONTROL,2026-04-01,,,44.50456744357981,-0.6308475291876111,-0.037942567177949416,-0.2617605254510215,-0.03738749134548802,-0.08127753303964758,0.032412129103332736,-0.17155767416455625,-0.08503915071627322,0.05147858661715565,0.9169708920491807,0.8399871315475275,25.80551,166.84
GOLDIETF,CONTROL,2026-04-01,,,48.5587714149335,-1.0625079591333375,-0.07794649313087498,-0.5618501036278887,0.03263422139444483,0.08954203691045781,0.031021380279710856,-0.16832974629883268,-0.03614457831325324,0.18153554219574564,0.9689726955071013,0.9116540188870427,163.336085,127.52
ENTERO,CONTROL,2026-04-01,,,74.95644311191906,2.4759377055292844,0.19784760257518963,1.7907352147356648,0.00719075704936567,0.06274509803921569,0.024704975079679236,-0.04555547048464892,0.12041041570048572,0.10179738099951918,0.8271161396825804,1.6355608923022276,10.83432,1246.6
EXIDEIND,CONTROL,2026-04-01,,,44.40170020102586,-0.08829057387412104,-0.044911610129001356,-0.39250555007178145,-0.02376688914211278,-0.16569282136894814,0.025585730751845247,-0.29835029835029836,-0.0650431854323219,-0.18498646400730612,1.0829089851247953,0.8724183700456428,49.07685,299.85
STYRENIX,CONTROL,2026-04-01,,,43.63940452526468,0.12357139438640137,-0.013983774551665107,-0.10706938145816122,-0.040261831783469315,-0.05100940052396363,0.029204119846133105,-0.46711664935964003,-0.041562387160235637,-0.2143118243008325,0.9418473478562168,0.736435235655324,10.62688,1847.4
ONESOURCE,CONTROL,2026-04-01,,,53.03604438112245,0.44200369526989014,0.07579388855602165,0.5152766769030978,0.07668090847762543,-0.1908517350157728,0.03289112329106641,-0.34643734643734647,0.07666638183429053,-0.15805170209660602,0.9173239157415642,1.009228479194463,67.539695,1436.4
GALLANTT,CONTROL,2026-04-01,,,56.38654199438728,0.3876075976855661,0.04260442715569135,0.4494372786429707,0.042797591477536034,-0.00828120870407878,0.02119681650578939,-0.28285659680193664,0.019428641806264135,-0.05292338497650606,1.1160285939463221,2.313355177840171,7.774645,562.85
LIQUID1,CONTROL,2026-04-01,,,99.99999999999987,0.3882228975523479,0.0038034633459507194,5.600206431420141,0.0008842861440565564,0.011143857063916185,0.00015186587665337004,0.0,0.004496491901904598,0.01924690752699343,1.019513698184293,,94.946725,1097.9
NIFTY1,CONTROL,2026-04-01,,,37.40222626533148,-1.1477271491192371,-0.0717641401250323,-1.0444595602859668,-0.02114296859762055,-0.12956153739419995,0.015363878293426399,-0.13319976510414866,-0.07624333310754494,-0.0954812814225452,1.161318862865052,0.8736515984748487,14.28029,250.93
JIOFIN,CONTROL,2026-04-01,,,43.15275489195116,-0.31936821708325996,-0.038831330294239574,-0.32900062975424216,-0.022835475036865338,-0.2358154859967051,0.02639189300626164,-0.30539083557951474,-0.07100765208028903,-0.21048506336663286,1.0096504237889317,0.9613021064177132,416.782,231.93
CUB,CONTROL,2026-04-01,,,40.72033447849376,-1.3223923711945458,-0.08186171231564854,-0.5357309406256365,-0.05246096066416284,-0.17621584464684648,0.0341679637316737,-0.2057000828500415,-0.11140968062207257,-0.018315252361543966,0.8996497060242545,1.9860850385533486,79.861925,179.76
ELLEN,CONTROL,2026-04-01,,,44.940075257955506,0.9878436824381649,-0.07090419953490501,-0.28506566000056655,-0.043739440585695566,-0.36543132980379955,0.055617575982298766,-0.6677645524213273,-0.11808777052276764,,0.9350875629903863,0.9124381741237002,15.28846,203.76
UNOMINDA,CONTROL,2026-04-01,,,41.940142867134206,-0.8830188877148502,-0.07212094264117375,-0.601374094386332,-0.04063994115483616,-0.20846609012289485,0.026816474446175107,-0.23633169874844462,-0.0838866246042379,-0.12945861486803578,1.0419805181614867,1.0363006508345636,113.922955,1043.4
EUREKAFORB,CONTROL,2026-04-01,,,49.52571150831903,0.2868961682101534,0.03421111861354942,0.2838480075240727,0.011891653820744308,-0.24068412790217297,0.026950475176302637,-0.2961090686274509,-0.05276090819511259,-0.17499822700924728,0.9528517687434526,0.677598437848634,14.59406,459.5
GOLD1,CONTROL,2026-04-01,,,48.51334486507865,-1.0687286826820601,-0.07642554456917694,-0.5778489986657177,0.03507748708548575,0.09232392508572929,0.029573939432052207,-0.1527076797162733,-0.033876160701787006,0.18263939065940504,0.8152795428655818,0.8402385480876047,66.59889,124.23
APOLLOTYRE,CONTROL,2026-04-01,,,41.23398248019865,-0.693776431711996,-0.03721307674472529,-0.34750537482581784,-0.010484927916120546,-0.19766206163655675,0.023945232298876143,-0.22657850623952314,-0.09183559654536677,-0.13378102756203425,0.9164042033130297,0.7496240033381973,49.245205,415.25
IXIGO,CONTROL,2026-04-01,,,48.775706581414454,-0.12713839071274446,0.057702743442870075,0.4263699499813593,-0.032379061172706725,-0.24109885355829552,0.030261808279905454,-0.47721651020712264,-0.059257853014268336,-0.26405313652145757,1.0561148801138673,1.2921267127824416,34.50406,175.42
ZYDUSLIFE,CONTROL,2026-04-01,,,40.17813464322231,-0.8687791249160859,-0.03757386553684905,-0.48711354999214,-0.04481575744162891,-0.06937631394533983,0.017248076453464864,-0.17621797012931228,-0.040199965753196176,-0.09009167600433021,0.9698242450921122,0.6740493197228873,56.958935,863.2
LIKHITHA,CONTROL,2026-04-01,,,61.542860306560016,2.1226246253810026,0.14911926852225355,0.5965138102241369,0.09451844262295084,-0.08949499254208404,0.05589825674706759,-0.4648716343143394,0.09947084909871928,-0.20015162115302276,0.6527338486710337,2.337071416418751,6.300085,170.92
HCG,CONTROL,2026-04-01,,,42.46156177744444,-0.5123988582284427,-0.03315266485998203,-0.3328845201435753,-0.0012131392310563704,-0.18719623329283108,0.022269468171789698,-0.3106402164111812,-0.06323902415115601,-0.16473158525017273,1.061325069589079,0.5892632818268952,14.386995,535.15
MARUTI,CONTROL,2026-04-01,,,35.44614010346608,-1.1472950987387391,-0.11647125300183647,-1.1773373562427567,-0.015891747305483483,-0.25581533702183357,0.022120901690218926,-0.2766018968309044,-0.11714471232567325,-0.15517661158216467,1.0007507351747762,1.0992046310329824,824.18525,12509.0
GRSE,CONTROL,2026-04-01,,,54.08556746625412,0.5264699642161131,0.019356232447612864,0.07894550059661691,0.08373909049150208,-0.05763700271608874,0.05482497572889452,-0.3245053969708248,-0.010792271827726019,-0.07574535732746901,1.1246207660966463,2.262169928829373,386.069585,2359.3
FEDERALBNK,CONTROL,2026-04-01,,,46.73050149524265,-0.6464322055327133,-0.0658055507069295,-0.5930491140802812,-0.012363904779479462,0.035002900792883374,0.02481171983634134,-0.10755377688844425,-0.04675733633507395,0.12187875282801697,1.0146350362014522,0.8292215967163451,269.84743,267.6
PGIL,CONTROL,2026-04-01,,,48.32447133796936,-0.2711825516483484,-0.06178578345922914,-0.4174218952036322,0.009166666666666767,-0.10351634793337439,0.03309773958803019,-0.2420986752894545,-0.051195733645335806,-0.015161244304325416,0.9480888435925005,1.0713855239790022,6.73928,1453.2
IGL,CONTROL,2026-04-01,,,36.31185698866408,-0.8818663933917847,-0.058700209643605894,-0.6338010761754801,-0.005570469798657829,-0.20798588838999366,0.020709598640733493,-0.3500745679445566,-0.10079561109121937,-0.24064236623157065,1.1741123309014188,0.6344294773234834,62.27983,148.17
KPEL,CONTROL,2026-04-01,,,49.93835472290237,0.6250741968502446,0.06072186836518023,0.3104675219991893,-0.001888848528877718,-0.21390359033042494,0.043733471543503856,-0.5147801518629702,-0.03807915490433311,-0.2877078010356726,1.07126937018617,1.515098143352185,11.27314,274.78
IPCALAB,CONTROL,2026-04-01,,,44.18734576995344,-0.7282615133075443,0.022231259319506647,0.2785320425888831,-0.03936305732484069,-0.0039624884427420515,0.017847356663813388,-0.058081438920809414,0.005086074073284319,0.060834818340302244,1.0110387934368306,1.4596632572527615,47.54174,1508.2
CMSINFO,CONTROL,2026-04-01,,,44.2093136233981,0.2818165872887899,-0.06331006979062792,-0.6859203043886735,0.03716651333946652,-0.19586305278174032,0.020638785410831407,-0.4726847521047708,-0.07085072294637729,-0.25521822885424883,0.9131037735118765,0.7422649398053635,21.120535,281.85
BAJEL,CONTROL,2026-04-01,,,50.26731603627665,0.5983828184979624,0.0420525995537826,0.15364074361415336,0.010092404482600292,-0.13234631839675748,0.06120282225981947,-0.3193640980348863,-0.016913953022608563,-0.13937703248400823,0.8460833740380881,11.52846123110813,74.16722499999999,154.13
URBANCO,CONTROL,2026-04-01,,,62.40275233807462,2.2385036457255545,0.161692942942943,1.034790716929899,0.08511570827489479,-0.09668709865732628,0.034940051740617685,-0.33706421035720013,0.06295831973758781,,0.7712478126682666,1.2721365156163114,199.20508,123.79
JINDRILL,CONTROL,2026-04-01,,,46.50903544379185,0.2958530312798581,-0.2050810630118669,-1.1709218595465711,-0.033038528006506085,-0.12388320898959193,0.03916360379248801,-0.2939429928741093,-0.030080554705822382,-0.15161531569819364,1.1188165679073672,1.2500173365756346,167.86739,475.6
GMMPFAUDLR,CONTROL,2026-04-01,,,43.60202317489206,-0.08822587244749235,-0.05547469771607705,-0.488631107507298,-0.00950983269738781,-0.20380332200830498,0.025386266494002926,-0.3986813970064148,-0.08895351411358043,-0.24002427706481722,0.9970330786714131,0.8006454897638791,10.441385,843.65
EIEL,CONTROL,2026-04-01,,,59.17753942800789,1.4102742443688996,0.1391461800961069,0.595091872131482,0.11507260208603176,-0.1813723036885041,0.05228441725979055,-0.4268143112450503,0.026179915556754585,-0.24354204719063766,0.8451970551461512,4.6409973555929875,71.828695,163.57
DOLPHIN,CONTROL,2026-04-01,,,49.921417959300335,-0.10193890634569909,0.03520493383014278,0.1762301048750872,-0.0024761668936486014,-0.1425987017133128,0.044669226772224235,-0.171687056646448,-0.023216342365278475,-0.01893455098934549,1.1494810761030423,2.111052429113641,10.1844,402.85
INFY,CONTROL,2026-04-01,,,44.301393401293126,-0.19936474041157093,-0.02424659629799608,-0.3412122506557792,-0.0026581189899146374,-0.2216595485051861,0.01588953428287341,-0.2450585868150077,-0.07996122812230455,-0.15122070656867492,1.0562361229194928,1.3169362561598883,1464.789625,1275.7
HIKAL,CONTROL,2026-04-01,,,40.67490523061861,0.4164622662757116,-0.1412004724578545,-0.8149216452657285,-0.03248049355833793,-0.28204667863554755,0.038744075176441704,-0.578108927864961,-0.13628043347966246,-0.34768007614477126,1.0022707070540755,1.0266220014067884,7.621545,159.96
WIPRO,CONTROL,2026-04-01,,,39.70222553518594,-0.513166970363628,-0.02234722577345949,-0.33527706745674185,0.011266860618883934,-0.29401772525849335,0.01490406615550524,-0.2988594271463674,-0.08992067390998015,-0.21002415628613014,1.028120440094885,1.1297304587081018,352.96112,191.18
MRPL,CONTROL,2026-04-01,,,48.559419682380614,-0.4055431232756241,-0.03747843813705509,-0.15792124876025085,-0.010744600838078822,0.2541888026154475,0.05306716861909055,-0.10944527736131948,-0.008640878623919934,0.18898954613839902,0.8320673828220635,1.8059629304010163,539.315095,184.14
SIEMENS,CONTROL,2026-04-01,,,43.517268646826736,-0.6313866276465046,-0.04555520404935143,-0.4276955132024859,-0.027182149421210555,-0.037209599183048225,0.023817068414041853,-0.11747498976189086,-0.043451463008806646,-0.04100246869550095,1.2067549435600982,0.7094356948789077,120.93559,3017.0
TOP10ADD,CONTROL,2026-04-01,,,42.87444274887745,-0.41096644327143295,-0.05975490727686794,-0.8323334431828039,0.002775850104094424,-0.13902681231380343,0.016053185866151447,-0.1553000779423227,-0.06410704801875655,-0.10361145330224053,1.0096419854082688,0.4381309372579806,28.17395,86.7
BHAGCHEM,CONTROL,2026-04-01,,,53.09374874405354,1.2784863207867119,-0.02784684236698154,-0.147279604956193,0.07052896725440805,-0.14186638574313049,0.04227838098140795,-0.3722908974153154,-0.032079509098452696,-0.20416990545090707,0.9550267184330277,1.9092288772048496,5.36339,195.5
SARDAEN,CONTROL,2026-04-01,,,52.798249614476845,0.19926887135524604,0.007863444572305367,0.062178488289649954,0.01457669659233507,0.028577020943433284,0.028278584900725875,-0.16074423061566712,0.02247499265491304,0.017632344248271536,1.095856481311876,1.1037124288509728,26.629665,525.5
GRAPHITE,CONTROL,2026-04-01,,,53.02244297021668,0.020036341618474403,-0.04207312532578744,-0.2632280721896371,0.07964750314729341,-0.028252001812962613,0.035740248930042656,-0.11908511949599387,-0.00450233629310226,0.09843849931304893,0.887585941457537,2.2590802748348353,120.670775,643.2
NAZARA,CONTROL,2026-04-01,,,45.88893266006751,-0.10838617524368002,-0.03212096444626067,-0.20483645239067463,0.04174180778535308,-0.15080674076730005,0.03506439364986904,-0.3376957494407159,-0.08601084098271217,-0.15335199719595216,0.842400675369707,1.3526032649421909,51.315665,236.84
SAKSOFT,CONTROL,2026-04-01,,,44.7242392856213,-0.07225262285210943,-0.06927095162389285,-0.3559936712383332,-0.004534412955465639,-0.3767300380228137,0.043510480441497495,-0.5042342124364868,-0.15319497730419274,-0.3513113072549293,0.896103398493613,1.0686152309715184,5.004735,122.94
GRINFRA,CONTROL,2026-04-01,,,37.43395950533337,-0.41838513022265533,-0.10087907375643212,-1.1151324139406085,0.018705210737276934,-0.12475867466736235,0.02022831222612198,-0.4035699047077229,-0.0974121222491624,-0.24603916604937826,0.6358638338586602,0.20776344673419406,20.242805,838.7
LIQUIDBETF,CONTROL,2026-04-01,,,99.99999184184543,0.5259543863512275,0.0036305601702348866,5.473492472688895,0.0008748987816566967,0.010600806337928814,0.0001483180871729654,0.0,0.004290051406650397,0.01839976142161337,0.9697958204499695,,34.26476,1075.35
INTERARCH,CONTROL,2026-04-01,,,49.10550699216434,0.04573152215348207,-0.01309946714031962,-0.09137108673307891,-0.005759660012302215,-0.19269887395568475,0.032057514080299505,-0.3222535640771518,-0.05349912536505241,-0.12101645696465912,1.0376683438960357,0.8794580886721804,12.71646,1778.0
MBAPL,CONTROL,2026-04-01,,,69.7660893422935,1.4428918271766262,0.09406155179887299,0.732019339348974,0.08500806018269746,0.13006492052831886,0.02873257748606125,0.0,0.12005538150222317,0.1842606874952344,1.1273522318989762,1.498776590134077,18.073265,100.96000000000001
THOMASCOOK,CONTROL,2026-04-01,,,47.18356371363298,0.309332214317531,0.001778056688630958,0.009063141099264366,-0.0010429703796411838,-0.3252078342961815,0.04386840699136539,-0.4856621200730319,-0.09290652523913223,-0.3402336253535446,0.8911406382189689,1.5245522454397507,15.93104,95.78
MAHLOG,CONTROL,2026-04-01,,,42.38106773012592,-0.6992170624920118,-0.09846034415836469,-0.6438028842398115,-0.05875996217749557,0.09576977512187446,0.03419742719638367,-0.18187155101561592,-0.06958360928920915,0.0062173778997520746,1.0540516509936522,1.1107813398216377,7.21312,348.4
UPL,CONTROL,2026-04-01,,,40.87158631161172,-0.8583109096459709,-0.03191662595668465,-0.2735276847970783,-0.049180327868852514,-0.25960520580359925,0.026091598480982522,-0.2618116346929906,-0.11006324613599783,-0.15562193167284133,0.995988643960513,0.6270195679986864,163.79109,594.5
SUNTV,CONTROL,2026-04-01,,,48.28918988654188,0.1283867082563886,-0.018040802562805713,-0.15644210232369635,-0.04414902346955518,0.04204687779567018,0.025786192016019466,-0.10074886126766003,0.0015149977902699785,0.022676589064524855,0.8566112154989627,2.3288983645436976,35.57243,582.4
ASKAUTOLTD,CONTROL,2026-04-01,,,55.74543019393309,0.5868325171908301,0.12831801113556907,1.0775795303727154,-0.01902510413148706,-0.07080400938366382,0.026627064411428106,-0.2389519650655022,0.02118783105986033,-0.08876347273767293,0.8679716685350387,1.3147914694775995,10.050415,435.7
AFFLE,CONTROL,2026-04-01,,,54.45951974391473,0.522017267491173,0.023935033480552814,0.19401531878319647,0.031355384946545106,-0.20135570618957654,0.02758563717644178,-0.3304141240042856,-0.02037489368198353,-0.18727894216218055,0.9178072966561791,1.6762546788388346,54.92074,1437.4
IDFCFIRSTB,CONTROL,2026-04-01,,,33.46785006198107,-1.3995367852943268,-0.14102198115900655,-1.2516269801129996,-0.048387096774193616,-0.2869668246445498,0.025193986803062052,-0.30080167305681416,-0.1828920570264766,-0.20350152271767719,1.1361256488362488,0.5766842446864556,241.28818,60.18
PNGSREVA,CONTROL,2026-04-01,,,15.626509122707475,,-0.1690551372358513,-0.9306075078742622,-0.05770555019969703,,0.04062064571866692,,,,,,7.243815,342.1
DMART,CONTROL,2026-04-01,,,72.44866634993537,1.9974861420374397,0.13565901778829548,1.2302999256811833,0.09212948757287509,0.11180237401082893,0.02465600291469816,-0.11558610978816797,0.10948786034132252,0.04007215803466768,1.0569583857805893,1.4839207738963973,326.804895,4271.1
NEWGEN,CONTROL,2026-04-01,,,41.30834063929527,0.09299653402293236,-0.09485378891101559,-0.719630700461216,-0.008837369447951215,-0.483739837398374,0.02947338402773959,-0.650137741046832,-0.14422690076559785,-0.4659549363919926,1.387026623787643,1.0815967816910086,70.0459,431.8
ERIS,CONTROL,2026-04-01,,,45.305773319056954,-0.09268233679114625,-0.035269862307635624,-0.445560327025881,-0.019384776588578623,-0.15683119891884933,0.017700366233986947,-0.29090220273853984,-0.03706512855790545,-0.1651091851371338,0.9706815438795647,0.8497434953261321,9.959435,1310.2
CANFINHOME,CONTROL,2026-04-01,,,43.32117512771763,-0.9400502469519771,0.002523698141080999,0.023342276890752515,-0.02268226822682262,-0.12104695089044792,0.02417570755654352,-0.1429699010734582,-0.06275248194790028,-0.029681198412530585,0.9924055520943156,1.1663207272821734,12.836775000000008,814.35
LMW,CONTROL,2026-04-01,,,33.06541619407666,-1.3737629843437742,-0.15371518082135804,-1.1570131256993592,-0.05591855341133567,-0.14832076764907476,0.0297073201552893,-0.26259569165034713,-0.14560356445446798,-0.17515070128121812,0.9746452870685305,0.6851496957825244,9.484,12426.0
JPOLYINVST,CONTROL,2026-04-01,,,43.35987711165126,-0.5905944489698705,-0.042354821523708064,-0.1600720212513959,-0.04048042704626331,0.11334778569216475,0.05916602999167573,-0.2381322407459734,-0.0477779720187107,0.0977264035261598,1.2458615625182285,0.5713272301344252,45.71525,1078.5
IOC,CONTROL,2026-04-01,,,24.907682469894823,-2.0413082434264695,-0.20370804975357892,-2.28475539839286,-0.03415883859948765,-0.16567283457306192,0.019936709510931565,-0.27604416706673063,-0.16816216057191613,-0.131360034049253,1.0107642158038814,1.06883919773661,385.257885,135.72
ARKADE,CONTROL,2026-04-01,,,43.25123910073306,0.16140264965391865,-0.08030248469571477,-0.6388209596352636,-0.018164344065353166,-0.23584411698705965,0.0281083160834729,-0.5108216816701782,-0.0893726868853979,-0.34452420098648595,1.0291861939218299,1.1341701606245476,6.401905,102.16
BHEL,CONTROL,2026-04-01,,,46.29603398110593,-0.43131947003045856,0.015893505445744305,0.13342156023534463,-0.03896203014691857,-0.17035084829517377,0.026636593452182368,-0.17035084829517377,-0.026907642005256527,-0.012043660106771048,1.0162632737981085,1.1564681661041554,243.58335,251.84
PERSISTENT,CONTROL,2026-04-01,,,56.091537285136766,0.4975361470743236,0.07220063281731126,0.820502560944285,0.024407563707190327,-0.2248253627082213,0.019676419146359356,-0.23073055534394749,-0.0375073057638996,-0.10534198949643747,1.0178708966133747,1.1566764215894125,376.401385,5049.1
TIMETECHNO,CONTROL,2026-04-01,,,48.28022732809552,-0.035799190413702664,-0.03340641587814441,-0.2165014679423165,-0.00775882492300406,-0.10693533770456853,0.034502776123467964,-0.3104342457295739,-0.06191169998196955,-0.1819081225150332,0.987789788898727,1.744374009108586,43.962285,167.53
TRIVENI,CONTROL,2026-04-01,,,56.96457343174542,0.8263036135017047,-0.015542742541990395,-0.09327692654312679,-0.03608247422680411,0.05493619879113498,0.03725962053927616,-0.1102299762093577,0.04954257903640946,0.0838074013254353,0.6290135397548084,3.4572163887249014,88.53453,392.7
NUVAMA,CONTROL,2026-04-01,,,38.37070570897732,-0.9090847208634603,-0.04814040952778931,-0.473887979718487,-0.05170691090757695,-0.22990060179863414,0.022715332056483486,-0.31288084464555044,-0.09313573263389552,-0.17524951978868886,1.0708941245666632,1.1838037894532991,51.14994,1138.9
ROLEXRINGS,CONTROL,2026-04-01,,,44.91043221922429,-0.08665037211347477,-0.06909758238251018,-0.5056938154964212,-0.014694704839118278,-0.07183770883054896,0.03055344687901924,-0.280614132445431,-0.07606414571372011,-0.10664411900844928,1.039320020690127,1.0412655265838937,5.730175,116.67
TIPSMUSIC,CONTROL,2026-04-01,,,49.461392956534475,0.3986952765863267,0.0038037647517801254,0.03300228156980701,0.00311890838206641,-0.02740502740502737,0.02577238951618251,-0.2693973166749485,-0.033901677999766955,-0.08033323176371043,1.0222141429853528,1.004275290000646,7.441975,514.6
DIVISLAB,CONTROL,2026-04-01,,,34.467941357969096,-1.2912565770097784,-0.06483533882203929,-1.1946160826070822,-0.017956604871560367,-0.11080165600301095,0.01213580053550934,-0.15422066299133674,-0.042202132403616144,-0.06851974437715291,0.9985257306595268,0.7062656561936093,177.324515,5906.5
FIRSTCRY,CONTROL,2026-04-01,,,48.12980827834564,0.5028739304634734,0.01336333578251292,0.05097334722192744,-0.018502868834230468,-0.23484743411927878,0.05862147346486213,-0.46813690045794165,-0.06869547308429902,-0.30469453287048964,0.8335120972803433,3.7380433574282126,185.917545,220.67
HDFCBANK,CONTROL,2026-04-01,,,30.094796655926686,-1.3450324155603224,-0.14551315259310427,-1.36893065279286,-0.05119519365972125,-0.21790211263895476,0.023768720508570235,-0.26720308026458683,-0.14932949170646392,-0.2235429924166642,1.0532044758274393,0.7119085630848891,5046.277535,742.25
FINEORG,CONTROL,2026-04-01,,,46.499998627479435,-0.11210933373746507,-0.023382349492248822,-0.2028731783810776,-0.015904525581944995,-0.020948440034796567,0.02577202336728547,-0.23683680014661412,-0.040117208876046084,-0.09032224944376666,1.0812342211534887,0.6759596824202445,7.174285,4164.2
ANGELONE,CONTROL,2026-04-01,,,54.55222623991325,0.4911496186239133,0.08500563697857944,0.5549908554307319,-0.004427525137584265,-0.02614749453574039,0.03424892156236564,-0.2646025002292387,-0.011086842687180298,-0.042859296736293406,1.04299263114127,1.496198684023823,198.281225,240.6
PRESTIGE,CONTROL,2026-04-01,,,30.52493883803365,-1.3170631356216285,-0.15242819070180624,-1.2893762977499463,-0.06774692614607913,-0.29305341154677367,0.026434470425067524,-0.36609268589779076,-0.1716180977822025,-0.2731086714916572,0.9386222048481876,0.9170039851285845,116.200585,1144.9
SETFNIF50,CONTROL,2026-04-01,,,36.24502702646227,-1.2473439029969147,-0.07457911175439935,-1.124145636240721,-0.026953422243581993,-0.1309821875670648,0.014834729434352423,-0.1360193449735072,-0.07808501531465628,-0.09785569924166548,0.9718156566213285,0.7704541167628105,59.80371,242.96
LGEINDIA,CONTROL,2026-04-01,,,32.995535862768406,-0.8846121280991096,-0.10372907645576168,-0.9178984909085389,-0.08207572147206776,-0.04778906893710533,0.02526916303879919,-0.1793597254275402,-0.08495144990458914,,1.0246781006253036,1.3720707587819907,119.48954,1386.8
GODREJIND,CONTROL,2026-04-01,,,44.74326524213639,0.017509203217295932,-0.11340261124433781,-0.6989073776998207,0.030410008670878286,-0.21091823183456648,0.036281767178201356,-0.38812063258550933,-0.11058625287213764,-0.22275913732197383,0.9399103426241628,3.0526659934477007,33.73698,831.85
TEGA,CONTROL,2026-04-01,,,49.138004162057676,-0.15226748778368113,0.012257100149476896,0.08693227341868191,0.016084503661025096,-0.11841283066027919,0.03152765717888519,-0.19721181658684628,-0.01607522694779917,-0.08164715505896869,0.9550510924454333,1.6516729030376325,31.824315,1693.0
KSCL,CONTROL,2026-04-01,,,56.9906789033983,1.733062175746144,0.167016512734397,1.2706314493464546,0.0355125100887812,-0.11456176673567975,0.029391707251631392,-0.43663446598662425,0.013180642472794935,-0.16937830114730268,1.0078660963159893,1.5199057342893234,17.594205,833.95
NORTHARC,CONTROL,2026-04-01,,,41.6643485009034,-1.0335196452205306,-0.09604166666666669,-0.6374596888272264,-0.027130044843049372,-0.18482753438040134,0.03368929817886078,-0.24839771349385065,-0.11093353003852147,-0.1442017151467817,1.0553031757233626,0.8807520580841562,11.74019,216.95
ZENTEC,CONTROL,2026-04-01,,,46.85646906202341,0.005515962349568363,-0.04337315130830488,-0.36889123414142827,-0.03541726412388868,0.019242424242424283,0.026291032626318978,-0.3965733763903838,-0.009816462040510898,-0.08167614921022048,1.084068015631161,0.9141900488010923,75.480515,1345.4
MARATHON,CONTROL,2026-04-01,,,42.556609939830274,-0.33412500268337914,-0.0582986317668055,-0.35054679015799634,-0.05232279693486597,-0.23259647081636614,0.03718753310137309,-0.4800972149238045,-0.11344340150989041,-0.30109511287556767,0.9921892665326849,0.49041471152396465,8.361175,395.75
MAANALU,CONTROL,2026-04-01,,,39.27639586325442,,-0.15497585836909866,-0.4495362792109453,-0.25591969294360783,0.19282468761832638,0.07708756116257119,-0.2630132179202245,-0.12398031753888594,-0.12277770584197611,0.8746820998834994,1.9195057984806765,9.392745,126.01
AHLUCONT,CONTROL,2026-04-01,,,35.79740643920111,-1.034410926971732,-0.07358156028368801,-0.6413515651078628,-0.015365659201275639,-0.25516749821810414,0.025654162184379138,-0.3918434953890232,-0.13702965416391932,-0.262298998877022,0.9760698292255501,0.7419960265638217,9.276735,679.25
AGI,CONTROL,2026-04-01,,,45.50416150257847,0.259772123315697,-0.03465821812595993,-0.21391801797641594,-0.014312322321341053,-0.3203325672569961,0.03622795893574789,-0.48295366894636704,-0.10657641503901572,-0.33557056514828076,1.058427489062603,0.9157465698827469,13.576575,502.75
TDPOWERSYS,CONTROL,2026-04-01,,,54.26130892296011,-0.19638816257636915,-0.015802384619773013,-0.12363484005108588,-0.026026082538248674,0.2315819531696175,0.0285802984027877,-0.045585306483735266,0.050416586499236526,0.2935918017532322,1.0651071295910775,1.1578137239287012,63.74048,431.3
CHOLAFIN,CONTROL,2026-04-01,,,31.878828658584794,-1.7822727279611856,-0.1693275278180939,-1.4864858856479726,-0.0679875152666577,-0.23112230618527851,0.025471339238326996,-0.23917137476459516,-0.14905637935135996,-0.1500746840314775,1.0527673878756798,0.8628284200514398,328.00314,1373.6
GOLDETF,CONTROL,2026-04-01,,,47.23229902685836,-1.1659718596695716,-0.08591764107778344,-0.7312294566041471,0.028530568466213824,0.0849298536732539,0.026273242165127306,-0.16186924600862374,-0.040104211155718605,0.17449602778813178,0.8919458963146688,0.6556996715633455,38.995395,143.84
KALYANKJIL,CONTROL,2026-04-01,,,48.70287017447989,0.2241437261134921,-0.01701371254443873,-0.1488458993071528,-0.012121985453617423,-0.256649063850216,0.0255591977851537,-0.36851549755301793,-0.013071512160050092,-0.20019710977971328,1.2077382912367998,0.9793104180971398,131.712305,387.1
COLPAL,CONTROL,2026-04-01,,,31.605627507834697,-1.203458000549029,-0.1666895635847414,-1.592354325112045,-0.052436992293272255,-0.12371183665607233,0.02340742819843369,-0.2668707948914225,-0.12804766436375792,-0.1746044705711589,1.0624682801222447,0.7200338687852577,103.5607,1819.7
RPSGVENT,CONTROL,2026-04-01,,,79.63433672692405,3.368858542555571,0.4473402629165393,1.4047572122456853,0.3134276598696075,0.27599218381510693,0.0712068411704346,-0.0521073180498548,0.37041518434787135,0.17866808079450092,0.4930225168801159,4.228123121814329,197.0459,946.85
M&M,CONTROL,2026-04-01,,,42.853530570976076,-0.9066252157136176,-0.07131697454278108,-0.5057568416489315,-0.030881365685240247,-0.19134122919334196,0.03153088399305836,-0.20274037450031557,-0.0906811237819507,-0.12021443376519192,0.9200659401651645,0.7461618122171653,1262.56977,3031.5
PRECAM,CONTROL,2026-04-01,,,45.38372402479754,0.08036678570549671,-0.07099375444699174,-0.3212700581938361,-0.01467382190172728,-0.2945731780525873,0.049412280065521286,-0.5390499352763504,-0.12286463706107775,-0.3169982914785785,0.8498469465606886,4.749280541072822,18.001995,117.51
BAJAJHLDNG,CONTROL,2026-04-01,,,30.53725648689651,-1.4573887003858774,-0.16374049385034273,-1.6424937390901237,-0.06772032656478966,-0.20459010537596,0.02229140155636616,-0.3866969634373063,-0.14543280993051777,-0.26061573019903694,0.9541085629700958,0.5793488166787452,58.55013,8907.0
UTTAMSUGAR,CONTROL,2026-04-01,,,65.93695201090435,1.989552889261201,0.202212389380531,1.1516072105795716,0.027436974789915913,-0.01399193548387101,0.039263443680590024,-0.23103773584905662,0.15615709325284244,-0.003918458426029892,0.7838241946049578,1.4810305006934497,6.24419,244.53
ASIANTILES,CONTROL,2026-04-01,,,40.837902417235455,-1.0629733864407267,-0.11605386594038436,-0.7433674344796418,-0.016994783779236022,-0.2285752013732999,0.03490929535755092,-0.24987159732922437,-0.12921641401720096,-0.043613640865626246,1.0446950574467095,1.336171333662405,22.854895,58.42
ATLANTAELE,CONTROL,2026-04-01,,,65.5746815968142,1.488994317232636,0.3893631748961699,1.6859839503002496,0.006981897236506551,0.37665752171925004,0.05164002461873534,-0.027731804787470393,0.2840347029490258,,0.9573634791202714,1.1321948581135786,29.619865,1204.3
EQUITASBNK,CONTROL,2026-04-01,,,36.49843943598937,-0.9157245788787964,-0.07823539548509395,-0.6432067620216325,-0.060590094836670105,-0.19769011549422533,0.027198044684947915,-0.2471498944405348,-0.14802320358566112,-0.1205159508218957,1.043660607441143,0.95648212426771,22.639675,53.49
ASTRAZEN,CONTROL,2026-04-01,,,31.546734573893943,-1.5468414965490418,-0.09762684594610127,-1.2180564468410873,-0.06690433749257274,-0.072361037273318,0.01792201539842616,-0.25286645416052145,-0.08397089052682183,-0.1145375355962508,1.0497130098735057,0.4238234939221184,7.60835,7852.0
LENSKART,CONTROL,2026-04-01,,,50.73094068097133,,-0.04190530736922482,-0.4351369345692668,0.013224308499899085,0.10734774933804059,0.021534167396836675,-0.06615184220320047,0.028608790470022072,,1.0115910228836065,1.0054326388377628,111.198335,501.85
JUBLFOOD,CONTROL,2026-04-01,,,37.06262649880006,-0.5173459944945907,-0.11171171171171168,-1.1048679985703096,-0.04033740672650599,-0.17435802009676216,0.022608581440812788,-0.3776998597475456,-0.10559321726404647,-0.24182002495654398,1.0098352860620385,0.8646748418374223,116.76417500000002,443.7
INDUSINDBK,CONTROL,2026-04-01,,,38.885414465755446,-1.1319353237322511,-0.1529836666486981,-1.1773561747817107,-0.040017106549364634,-0.12496519463162004,0.029055088460132345,-0.18551731287580353,-0.11229900603250254,-0.05644005334809754,1.0396575969386013,0.7756796693599461,392.29403,785.65
SAATVIKGL,CONTROL,2026-04-01,,,63.165188424107775,1.371955496435741,0.16452929175167585,1.4338165498837214,0.05366561181434615,-0.06886506641808443,0.02565869955096265,-0.27578394054739896,0.047247355343307484,,0.9603890764767253,1.7640078468281923,5.840365,399.55
GAIL,CONTROL,2026-04-01,,,38.59468795429798,-0.755193711706355,-0.09016234396222766,-0.8611444383924247,0.010560344827586166,-0.16506410256410253,0.02341176707668467,-0.29696636513568897,-0.10237757953979865,-0.18331090878215095,1.0184763521298712,1.0772678854200672,247.86812,140.67
KIRIINDUS,CONTROL,2026-04-01,,,39.99055771945054,-0.4904420467732069,-0.14351091293123686,-0.904548189142037,-0.02026845637583896,-0.3323881825665417,0.03547629199630289,-0.4968288983868744,-0.15057384852074873,-0.3107922065413836,1.0913272182806324,0.7598913691556697,20.884885,364.95
RACLGEAR,CONTROL,2026-04-01,,,46.138656511227246,-0.6379516051454951,-0.10420929552762359,-0.665783317388243,-0.03282310241439179,0.15707003964508193,0.03499923512671151,-0.24880500061282018,-0.01815822566821801,0.14437940779906056,1.0427768451861024,1.385110433827209,5.49111,1225.8
63MOONS,CONTROL,2026-04-01,,,40.314827974176794,-0.3716975781844932,-0.10664304694419835,-0.5383396285810177,-0.0016826685143026543,-0.2924587863907401,0.04429566200123077,-0.5417537482962289,-0.15284275599082786,-0.3657902108719253,1.0391473567038942,0.8653428505725274,13.0509,504.3
AXISILVER,CONTROL,2026-04-01,,,47.193903627800545,-1.1481060788669972,-0.11640592446683595,-0.5352627648161365,0.02011720458322408,-0.041187109503452835,0.04862874408627352,-0.3720623468920775,-0.09239261120583464,0.3003817076889541,0.9321568328560405,0.7174508684986768,27.527745,233.26
JSWCEMENT,CONTROL,2026-04-01,,,45.65857124090498,-0.10940164349149085,-0.03862912686442099,-0.35814506559590314,-0.03116027698023982,-0.07258911971546356,0.024117979522233216,-0.27919834139599164,-0.035969844753585334,,1.0417483917166859,0.6570623797974463,20.680125,114.73
PAGEIND,CONTROL,2026-04-01,,,55.182885081906896,1.3884977076095957,0.05293737895416406,0.633178174485999,-0.00045962923241915643,-0.07801017524024878,0.01869482914319799,-0.34021035598705507,0.0027019466926512248,-0.17496517566450775,1.0247045875624106,0.727754205524544,73.47883,32620.0
TCS,CONTROL,2026-04-01,,,37.514466864108854,-0.4158842331977997,-0.06940258134322608,-1.1806854725027878,0.012955329351392209,-0.2692681150625076,0.013143965375337989,-0.3149375586720906,-0.10616855785890211,-0.20551802405516706,1.038710810224965,1.0148170476723695,988.22708,2408.2
CORONA,CONTROL,2026-04-01,,,44.72722111438856,,-0.0027826312042968926,-0.02923177183333843,-0.026224328593996815,0.06459412780656293,0.02128558119772842,-0.06634353226295064,-0.008920359901470776,,1.1069183970065806,2.044789232299154,6.01153,1541.0
EPIGRAL,CONTROL,2026-04-01,,,47.41246200627071,0.797445908118361,0.012878787878787934,0.10233572858976585,-0.0175230343112317,-0.2516576250753466,0.028140558103819557,-0.5839278019820942,-0.07053277119309354,-0.40351767054449383,0.9607559414500114,0.7604036694055647,6.899465,869.05
AARTIPHARM,CONTROL,2026-04-01,,,44.421178207695945,-0.29846272080708836,-0.06314081286420314,-0.48104131368515685,-0.006181533646322457,-0.15015055202408834,0.02935031684437792,-0.34184889625867965,-0.09525051039525179,-0.20079360609715002,0.9735549690345999,0.8091772112171175,15.38821,635.05
APARINDS,CONTROL,2026-04-01,,,49.350874973386404,-0.24815508528093108,-0.024695669527040498,-0.16498923594453718,-0.023916516876373084,0.19434261974584555,0.033469574846019534,-0.1257546621349671,0.02475472774202747,0.10877654287342087,1.0557836973469243,0.8883954406727553,118.924985,9774.5
LATENTVIEW,CONTROL,2026-04-01,,,33.12199262512915,-1.0023229547859414,-0.17184527584020293,-1.1882065538523094,-0.03651789007746231,-0.43597495141438136,0.03233930305678638,-0.47978490340569613,-0.24043933547165752,-0.37016607891008835,1.0628693791950394,1.3704756794473774,24.93354,261.2
GARUDA,CONTROL,2026-04-01,,,41.68816965496727,-0.8799892878679132,-0.10036630036630034,-0.5158887799166342,-0.05106574795543806,-0.22401263823064765,0.04350276241818557,-0.3920039608862482,-0.12724481564705048,-0.20072355779987439,1.1319794326231911,1.0017642749854816,12.364235,147.36
SUNPHARMA,CONTROL,2026-04-01,,,41.89613880306059,-0.8592326656300306,-0.012567837760639855,-0.22346851895776293,-0.0372618915005013,-0.03034892853135862,0.012575614540270442,-0.056289582878357725,-0.001556151419193852,0.017802864804453478,0.9483862027279851,0.8846543841521771,520.796175,1728.5
NESTLEIND,CONTROL,2026-04-01,,,36.53751969843993,-1.2848783022947083,-0.05179474825343289,-1.073650872056552,-0.019350552279710942,-0.10191664131426836,0.010787173091968026,-0.11377964575202648,-0.06402339941501456,-0.041241708908706154,0.9869691368967238,0.8350781733414673,160.41337000000001,1180.8
IREDA,CONTROL,2026-04-01,,,44.929761825862144,0.16825023372224188,0.0021141649048626032,0.017086841511509205,-0.045637583892617406,-0.22098199000205432,0.02766700001128298,-0.37917485265225936,-0.06774271796922626,-0.19868334996286097,1.0397949881644348,0.8009277991011088,117.360715,113.76
AWL,CONTROL,2026-04-01,,,48.33500957333656,0.463645479293557,0.01630495269894272,0.10988834561765012,-0.0012031719989061829,-0.20262836185819066,0.0331782068424357,-0.34891265597147947,-0.054725801643037086,-0.24205088256893414,0.8854530047956153,1.6884060219550399,126.275145,182.63
EIDPARRY,CONTROL,2026-04-01,,,48.4629951925042,0.09100721303254944,-0.04660967326384813,-0.40922632624302085,0.00717555363107758,-0.1816445516686771,0.025468155674111245,-0.3414496036240091,-0.05013592822056545,-0.19817237274889188,1.0738803593804018,1.1336036653912993,18.696935,814.1
SILVERAG,CONTROL,2026-04-01,,,46.489994042119825,-0.947940093226917,-0.1308756814456178,-0.6623578053104187,0.017222916294842072,-0.04189955873082585,0.04418260311386506,-0.37069036906174957,-0.09692865427396202,,0.9414715940220052,0.6800879850354268,15.380705,227.98
TEAMLEASE,CONTROL,2026-04-01,,,43.19780359167409,0.29185871483741854,-0.02764392594471221,-0.194815523460878,-0.05231935404136112,-0.27101026746102164,0.031729349119224454,-0.44154204699941735,-0.09364273353947405,-0.2983644058103625,1.0244789961746599,1.2030786998188192,6.782515,1150.2
WAKEFIT,CONTROL,2026-04-01,,,33.67003088147386,,-0.20275303643724696,-1.2361552575900783,-0.08392259024934867,-0.12851832182687206,0.03667577914137044,-0.315616311399444,-0.18041429338826476,,1.1337986885955063,0.9599322647287274,5.912535,147.69
HPL,CONTROL,2026-04-01,,,48.51070424597408,0.3823539584649237,-0.0513853092783505,-0.20315881700213034,0.020270270270270174,-0.25209550419100835,0.05655725224568398,-0.5322478157267673,-0.07782938355971325,-0.31939493296519716,1.0533332258887118,0.8904331877470596,10.6805,294.45
TATAINVEST,CONTROL,2026-04-01,,,41.898689175739655,-0.45002140845097377,-0.07759929673139931,-0.5915640128128011,-0.01778572036422421,-0.17433292796337363,0.0293319571068119,-0.45453686200378074,-0.07754769307001907,-0.18656184952521826,1.244724925718507,0.8984045744240785,45.86676,577.1
RITCO,CONTROL,2026-04-01,,,36.90236138002656,-0.7732361825728132,-0.09782502204369548,-0.4410015219210094,-0.016711158569140516,-0.3170035230854812,0.049601506642713816,-0.4075277465015281,-0.15030357834905061,-0.2901625048780371,1.080942929457708,2.112761973477921,7.105645,184.17
JKLAKSHMI,CONTROL,2026-04-01,,,40.77896969389911,-0.30869174261816723,-0.09892210075682273,-0.7633569925118594,-0.04310764734534822,-0.23984264155810642,0.028976814772008856,-0.41553032181286254,-0.1371106126536613,-0.2797805429539386,1.021290615082284,0.6968984167974219,9.123205,589.35
BANKADD,CONTROL,2026-04-01,,,34.697203169109116,,-0.12235019195459851,-1.3242572495883986,-0.04086099963516965,-0.14084967320261443,0.020659380672121253,-0.16340493237867948,-0.10772165259860367,,0.9770321377220812,1.675734364389832,5.27365,52.58
STOVEKRAFT,CONTROL,2026-04-01,,,46.766070685981205,-0.07041794956732483,-0.028391167192429068,-0.14869573835071026,0.0005239442523314874,-0.1824642520763765,0.04269428331099847,-0.3942008755789608,-0.04025346636564853,-0.197904538207063,0.7925409805341322,0.4774646944763163,44.120225,477.4
DOMS,CONTROL,2026-04-01,,,56.31550051169925,1.082199719874813,0.06643929058663023,0.5296366364149463,0.003208418891170517,-0.10018417619522679,0.02804994215169339,-0.1289280142634277,0.018783038441888777,-0.04514422593407996,0.9399392370635302,5.709445549317078,102.31173,2345.1
GMRP&UI,CONTROL,2026-04-01,,,44.20721182806162,-0.4311667471606054,-0.09053079341594239,-0.5487328852188555,-0.035027472527472625,-0.08833889506859471,0.036890992610056454,-0.25599515848400034,-0.07053887009280435,-0.12775912139136392,0.9746832408689811,0.7110070343842023,17.276565,98.35
ABCAPITAL,CONTROL,2026-04-01,,,41.93584615379426,-1.313092988730637,-0.05800031099362468,-0.45577299963418333,-0.037496027963139555,-0.16117418997507627,0.028455533390957393,-0.16797143249553637,-0.08930740460126774,-0.0354140610134841,1.0852467910007706,0.9220127627950974,138.127145,302.9
CIPLA,CONTROL,2026-04-01,,,26.264080607772996,-1.7389528694279839,-0.08932378921717932,-1.6147739979803897,-0.03897460623593696,-0.1852987260712583,0.012369165279307483,-0.2811372926184178,-0.08690964841554882,-0.18562854678720264,0.9571474487107796,,192.048875,1195.9
UGROCAP,CONTROL,2026-04-01,,,39.42864080155229,-0.3479204590586984,-0.13941096686688625,-0.531242419461112,-0.039364118092354294,-0.46683872516655667,0.05867987707750209,-0.5323506185838378,-0.2421204587376694,-0.44353192784896245,0.9883840047827392,1.8089313132332656,15.79893,88.83
ASTRAL,CONTROL,2026-04-01,,,43.66363107504373,-0.8254339057425986,-0.04651162790697683,-0.36761781808318106,-0.04633790841734475,0.04505523758818053,0.028291110122590304,-0.10078451583347647,-0.011648984647610217,0.06145279718802543,1.0606861730605945,0.7680646758672564,125.82194,1570.3
INOXWIND,CONTROL,2026-04-01,,,43.95322643861058,0.40155555990753816,-0.06196854979615596,-0.3655724409231841,-0.0169677734375,-0.3449650235887425,0.0379038117483264,-0.5686200985643883,-0.1365686188314459,-0.38926562091770933,1.0424097785040876,1.343751833909086,113.34842,80.53
JAINREC,CONTROL,2026-04-01,,,72.88981781555387,2.0523836150674692,0.1531017369727048,2.2873285100536696,0.02109426499670386,0.1667085111724831,0.014967062660196023,0.0,0.13501472808007398,,0.9107360361473178,1.076601528259304,72.10286,464.7
MOTHERSON,CONTROL,2026-04-01,,,38.735518160817385,-1.3558269103515044,-0.12418619791666663,-0.8916374299501412,-0.04870502961195078,-0.09828236279849178,0.03114368812718385,-0.20464119429458283,-0.10481827694570167,-0.020871753487496147,1.0326909017465153,0.9477263702594578,254.15927,107.62
DENTA,CONTROL,2026-04-01,,,47.12501587929061,0.05742815290606785,0.0004202563563775463,0.00201774839197487,-0.018350515463917527,-0.2816837658418828,0.04657279294951234,-0.4909654656260023,-0.06286906542791904,-0.29489282326483435,0.9778229591598265,3.31716169785904,14.42665,238.05
JUSTDIAL,CONTROL,2026-04-01,,,42.06404083305948,0.18859036861781622,-0.013274758857797608,-0.13386325094479376,0.001065788198818085,-0.306158082062991,0.022174318180270793,-0.4527832212276892,-0.11983439392777728,-0.3104605838994682,1.0933905689701633,0.9302596569660886,12.46345,516.6
CRAFTSMAN,CONTROL,2026-04-01,,,41.11969366040763,-1.3676217263106096,-0.0786229198949,-0.5796888464370582,-0.029933323875727003,-0.12400717396874195,0.03032768261026147,-0.1577780514841729,-0.08140661123940252,-0.01292522309506694,0.9895508715807496,0.8407165636185021,28.514545,6838.0
POWERINDIA,CONTROL,2026-04-01,,,55.780193097851445,0.1568304372036126,0.023061224489795862,0.22750309026692983,-0.023568367744448815,0.28000204269226847,0.022666270397937633,-0.030742459396751687,0.09198747383848072,0.24002206462560638,1.127677306160944,0.9861043984172853,324.00871,25065.0
GOLDIAM,CONTROL,2026-04-01,,,42.5814221176619,-0.4468806266750522,-0.11598173515981747,-0.7736832408734295,-0.0024046719340434786,-0.22259403025030133,0.033520571503261556,-0.3028447965430322,-0.12216001837901891,-0.18349099773519983,1.2067502928345621,1.2584340779913477,20.977125,217.79999999999998
INDOTHAI,CONTROL,2026-04-01,,,70.42923884424245,,0.13419082357458234,1.3797600260693073,0.04788932245477118,0.168512658227848,0.021747245738395888,-0.2141527001862198,0.1363015653573425,-0.017997179650667716,1.0324108357647854,1.7070660265757933,18.289995,295.4
DBL,CONTROL,2026-04-01,,,44.448871552161975,-0.3893122428449771,-0.040018887970723616,-0.30573845540906325,0.002836354667653307,-0.11675898772672966,0.0292684653511316,-0.2934225388826136,-0.06986532949322977,-0.13840507463730267,1.0246686786689922,1.1751081826581498,14.46823,406.6
STAR,CONTROL,2026-04-01,,,70.22544873178674,1.6492387468084866,0.15699105481179076,2.1706965774499003,0.0370210934136892,-0.013917314776913603,0.01617189035378491,-0.021825195411633302,0.10232040962940259,0.09409830137151176,0.9775273182296935,1.1783925780060003,27.251245,963.6
GMRAIRPORT,CONTROL,2026-04-01,,,46.05335288854025,-0.5363457218406028,-0.06207983193277311,-0.41796854839652836,-0.008549855651787674,-0.14563199693809203,0.03321176312571461,-0.17591139824642354,-0.05479620267100249,-0.05135173612512933,1.056837048787,0.9696501936676412,176.509465,89.29
TARC,CONTROL,2026-04-01,,,39.48779017629995,-0.5818091167644955,-0.1400632729364396,-0.9130869210984994,-0.025582532181847806,-0.3449088021033029,0.034300239352919176,-0.4102273287637458,-0.15942053431616476,-0.24518894731942675,1.0962995709516279,0.975115726971228,9.43325,119.6
KANSAINER,CONTROL,2026-04-01,,,44.096173731468745,0.10102385013929902,-0.09936900425793882,-0.7766101871456804,0.011232071885260098,-0.2619187757504414,0.028610988119260484,-0.31648822269807286,-0.10928643473072608,-0.23830035462246824,0.8892669233392503,0.8797017437919569,13.46513,175.56
HDFCGOLD,CONTROL,2026-04-01,,,48.67065211957502,-1.0378177255367118,-0.07945344129554655,-0.6109838150422404,0.0356242374949165,0.09202401372212687,0.029078232746778777,-0.15887171356850305,-0.0336818746860017,0.1823028767853394,0.8559729834470406,0.5686929955632026,135.22166,127.33
IFCI,CONTROL,2026-04-01,,,45.665001748496906,-0.2305633498363848,-0.03267124559123813,-0.19332235375271403,-0.013628620102214661,0.007540603248259892,0.037789280253149794,-0.2311891413396282,-0.08229252520129327,-0.06656898271961431,1.210497923477143,3.1715316245157625,130.92225,52.11
SJVN,CONTROL,2026-04-01,,,45.379243045645424,0.31486101555768,-0.014361078546306971,-0.10370982780115297,-0.009133765468473665,-0.1897361763642934,0.030963649772253545,-0.35358000961076397,-0.06031267027117637,-0.19935862983906827,1.1253919717311385,1.0657409370062094,42.9954,67.26
WEBELSOLAR,CONTROL,2026-04-01,,,57.71788316136981,1.4089515401771289,0.3417340605604664,1.1271656211629468,-0.043443282381335435,-0.19307770614183906,0.0677931064692902,-0.5074224953393633,0.07596616754545793,-0.3218453904450924,0.8550166919424471,3.2646647184980155,85.007895,71.34
IFBIND,CONTROL,2026-04-01,,,40.66610402819403,-0.32788381099819597,-0.12036099088313845,-0.786178655361874,-0.028379615501983535,-0.3799013243313425,0.03423335848898726,-0.5116564417177913,-0.12457887771598675,-0.34712714070120954,0.9297022185824645,0.9589765196289015,8.51415,955.2
ABB,CONTROL,2026-04-01,,,50.17246827098884,0.04323068266990189,0.03987651144841786,0.43183424291242484,-0.024064386317907416,0.14417814682015484,0.020648337126496417,-0.053986581369948494,0.03359393379407227,0.11829012094059577,0.9492657893935583,0.7616848308898013,233.962425,6063.0
BRIGADE,CONTROL,2026-04-01,,,47.931301467235194,0.47077882395401355,0.025461198353407655,0.20985779747278463,0.0026086308414696724,-0.241628142969895,0.02712930898562803,-0.4737089201877934,-0.05658260162145479,-0.24903743145345192,0.6991404474877531,5.166279648733651,110.903365,504.45000000000005
LEMONTREE,CONTROL,2026-04-01,,,47.33241797644146,0.0699023697442469,-0.03301040545389311,-0.25764346488991985,0.0015794852736226161,-0.29445644348452127,0.028649479074220722,-0.39414376440173104,-0.07514014458013252,-0.26936455048975616,0.9828457889489254,1.1385458731763933,46.801245,107.8
KNRCON,CONTROL,2026-04-01,,,51.360458342827066,1.1226485670273803,-0.01472226643323249,-0.09968250567898268,0.06898635814194454,-0.19136568480177651,0.03302484052074962,-0.46328246922143235,-0.06531825683100556,-0.2858333588097568,0.7574085620919475,4.162673023223567,173.351,123.81
KOTAKBANK,CONTROL,2026-04-01,,,32.282794498948235,-1.3802852688430114,-0.11726788149250034,-1.4462364280390247,-0.04055510644031257,-0.16965951492537312,0.01813112638506604,-0.20143094244830229,-0.11171818476660922,-0.14239020342489905,0.9098983073097445,0.9179976206391313,938.787715,356.05
HEG,CONTROL,2026-04-01,,,58.93073535536992,0.7493777941083083,0.03856774668630325,0.20467767912538126,0.12134764460345848,-0.08794761943254381,0.04213459117676307,-0.11505882352941177,0.05237925573291591,0.06443697482162669,0.7484097837841162,1.8543284958313637,260.788755,564.15
SAILIFE,CONTROL,2026-04-01,,,49.03519115311977,-0.6357050967816551,-0.027332470377377183,-0.24831999601298005,-0.03506692349483875,0.010029468024608468,0.024612299749561858,-0.08637298915076697,0.038723651764665856,0.10589494592367865,1.0492677193414628,1.2804913378724956,65.705665,976.85
REDINGTON,CONTROL,2026-04-01,,,33.10742783557946,-1.3270051374372143,-0.18873973151673018,-1.0930644758213333,-0.041656804733727903,-0.287649542575651,0.03861024478078929,-0.3859569305429178,-0.17729337852225735,-0.24361387057857842,1.4491673406882333,0.9365816705681829,193.78867,202.45
GLENMARK,CONTROL,2026-04-01,,,47.42678069894931,-0.6035183582219477,0.030102466048928633,0.2580079157977185,-0.03108139266774268,-0.005678860442004607,0.026088796604425406,-0.07550490605887272,0.013526876720284742,0.054838710487163045,1.121357907896386,0.8359478269181433,157.1657,2101.1
SCI,CONTROL,2026-04-01,,,47.29824534174345,-0.4311301396266003,-0.06015434606011372,-0.3849508491569774,-0.00839940004285411,0.012514768301754575,0.03494191718943578,-0.15655755631697887,-0.03728537692280809,0.00814677926970675,1.107758983253041,1.303031381050821,89.056095,231.39
TVSMOTOR,CONTROL,2026-04-01,,,42.557541631203904,-1.2286588392538371,-0.08564870419302306,-0.6814769617502949,-0.03313389026868363,-0.10791104629967185,0.028103125345350376,-0.1336300642354964,-0.06549245367016121,-0.004302588194193158,0.9868015203618548,0.7761530396299474,402.81396,3425.8
LICI,CONTROL,2026-04-01,,,38.75968879825202,-0.7639989989444367,-0.0990882193104281,-0.9358830392044948,-0.04493662783254393,-0.1243617583191502,0.02367475259898485,-0.23314144736842102,-0.09281058468722647,-0.14584154501921698,1.0070422587610406,0.5671135421222373,116.56189,373.0
KPRMILL,CONTROL,2026-04-01,,,45.70445556461569,-0.018546879524646495,-0.01903590464476068,-0.12006253772075716,-0.021042787000233765,-0.054533137631252226,0.03545283783513587,-0.3263073209975865,-0.050429087214471036,-0.16405120710446675,1.3452534324629069,1.2687987133303338,61.79691,837.4
MAITHANALL,CONTROL,2026-04-01,,,45.48735357320003,-0.2190912206876147,-0.06045340050377823,-0.3650789306843801,-0.0020066889632106566,-0.12045588524268025,0.03702703761733456,-0.2746130783566971,-0.08395821736140663,-0.15022957660511393,1.055911498108032,0.6412469243775529,5.050055,895.2
THELEELA,CONTROL,2026-04-01,,,48.555556435064446,-0.10152161336713576,-0.046949965729952026,-0.6241778732239434,0.005786618444846292,-0.009027200380092637,0.016819454744720214,-0.10367425870219171,-0.023035884080508606,-0.01874822476699245,0.9735163131938099,1.2407827112455028,12.397715,417.15
INDOSTAR,CONTROL,2026-04-01,,,45.15592269419774,0.12056631486307551,-0.09707569868591537,-0.5930648315493263,-0.009692971327074473,-0.20552072306815417,0.03660103409907552,-0.4621278941565602,-0.08530468906734279,-0.22562124608946477,1.0027127781304903,1.4078049795511496,8.809375,195.14
SUPREMEIND,CONTROL,2026-04-01,,,38.82045495711036,-0.7229735030045104,-0.061515571289312954,-0.6174638148494982,-0.045302713987473875,0.008685102980506842,0.022277094749457597,-0.21229868228404092,-0.038272465633435115,-0.07279699312910737,1.0605380609445159,1.0732056520272182,124.78922,3658.4
DBOL,CONTROL,2026-04-01,,,65.5889306854342,1.4657630265206625,0.08870349060222482,0.5799510383722621,0.131791446515801,0.43745251962522147,0.03420065172825371,-0.02213608957794999,0.13273548685775394,0.3373785707259813,0.8702651772485325,2.622205525951579,7.69463,113.53
GOKEX,CONTROL,2026-04-01,,,49.74891090412293,0.3680890241735971,0.004137931034482678,0.025237844614264,-0.0037833051597843115,-0.09624653132758887,0.036661986079745607,-0.3481856006741455,-0.05915552061936402,-0.19562533533213766,0.9653487624578091,1.3544285587371563,41.960875,618.8
PRINCEPIPE,CONTROL,2026-04-01,,,43.30763377928681,-0.1468119799158249,-0.0538983050847458,-0.3019845098527268,-0.030481980026053068,-0.11694680640696065,0.039909422539682604,-0.41763171622326545,-0.0884603356954653,-0.24034668198584286,1.0960764501322822,0.9459813490102184,7.0789,223.28
CRAMC,CONTROL,2026-04-01,,,47.48161294348029,0.28523464505780416,0.003999139969898868,0.02381420131234901,-0.021458507963118212,-0.24853556485355655,0.037550488076176704,-0.3340559041642899,-0.049567567083481645,,1.0989475152354227,0.9677906058551015,14.02717,233.48
ASTEC,CONTROL,2026-04-01,,,43.08991371436286,-0.19827584525286776,-0.12829127275568408,-0.5117963119012314,-0.10529270248596623,-0.18869982547993014,0.056051206335585586,-0.4259621321259518,-0.07898581950202332,-0.24677972509519053,0.7519154559361028,2.5819558227637325,27.312805,557.85
BLUEJET,CONTROL,2026-04-01,,,44.33964176613763,0.31549962456728603,-0.06760525966263775,-0.4133977220693336,-0.006791171477079749,-0.33377621713960337,0.03656768002626507,-0.6525440506830331,-0.09346129906221046,-0.42032408177724334,1.0159412370180623,0.914989892701916,24.397685,351.0
FORCEMOT,CONTROL,2026-04-01,,,46.82374244879595,-0.8030230537896366,-0.0334265734265734,-0.18105320333588412,-0.0345518044237485,0.003776325344952758,0.04128294283644535,-0.19564711359404097,-0.05054161213299102,0.1025725363023855,1.229502199573625,1.2346662589433377,216.137695,20733.0
GLOBUSSPR,CONTROL,2026-04-01,,,47.543580732440645,-0.03384869834225088,0.01942269766330007,0.13926838092346322,-0.02100550964187331,-0.2566024579447398,0.0311847326676635,-0.33426999180423844,-0.052900540676195096,-0.17630453457439754,1.0307775338686762,1.0539958811578147,6.053335,852.9
GESHIP,CONTROL,2026-04-01,,,61.506055780180084,0.4817781367673894,0.07788276982134956,0.5751878012868517,0.030780091775503005,0.31766086093312884,0.03027727069435117,-0.017759838546922313,0.10015386029605655,0.31597921976789856,1.138067217065778,1.087915695680877,104.776525,1460.1
JUBLPHARMA,CONTROL,2026-04-01,,,38.99560601240829,-0.7824301581240298,-0.02127532062807147,-0.24056631391146985,-0.05019192741654077,-0.2425324675324676,0.019775446692415363,-0.339521151823991,-0.07756664215279274,-0.2237403962769391,0.9519976629310607,1.2019948298391354,17.319895,816.55
POLICYBZR,CONTROL,2026-04-01,,,41.6012969754786,-0.6471604247433108,-0.03168918918918928,-0.37314593533056034,-0.02397330245862561,-0.16656004652515266,0.018989669850244077,-0.2678179124303889,-0.05090452487608976,-0.16887940226126752,0.9244406054064497,0.6502120933560516,227.934565,1433.1
MANORAMA,CONTROL,2026-04-01,,,43.19979268221884,-0.5562272849567735,-0.10265265633036968,-0.621218835504973,-0.039861624341536284,-0.09460260972716483,0.03694967127631358,-0.27611144042679314,-0.0806003050612154,-0.11392441801406472,1.0774861807297886,0.7864750091452734,13.592335,1221.2
PIIND,CONTROL,2026-04-01,,,44.04241982655161,-0.07238973262094593,-0.07135629182307812,-0.6447157964663992,-0.020823294554966565,-0.13365613009318478,0.024748504692025296,-0.3420979603163591,-0.06497609278392547,-0.18948844951952348,0.8923640790490068,1.163684207479848,69.89179,2844.9
BELRISE,CONTROL,2026-04-01,,,52.97247124314547,-0.32030030833376216,0.032331933918543276,0.21875266645896835,-0.027879036812650804,0.03165694981746858,0.03304938095438239,-0.039858012170385315,0.03757837733570213,0.20851012224564336,0.8884210516249602,1.4198602084919287,127.20761,189.34
LIQGRWBEES,CONTROL,2026-04-01,,,99.75363794711474,-1.036564039092096,0.0036406706600777827,5.4154414392565355,0.0009004211647383187,0.010498123240538115,0.00015032545676905277,0.0,0.0042806615596127084,,1.1510095873623816,,8.15072,1033.78
GANECOS,CONTROL,2026-04-01,,,77.58580032000388,3.0513658105288335,0.34757102366356873,1.343386503903241,0.3333333333333335,0.2500152858453073,0.05785322642908625,-0.34612678308705935,0.3327944090956503,-0.05343766631918312,0.7252056387972158,15.150193190761913,105.75629,1022.2
MID150BEES,CONTROL,2026-04-01,,,44.185058794889024,-0.6799387453273259,-0.04419354838709677,-0.4879559066108204,-0.0178520693247467,-0.11116348832226264,0.020251784438238263,-0.11116348832226264,-0.052522616848387105,-0.07067357011494813,0.9727528855271312,0.4699640984563737,51.45064,207.41
INDIACEM,CONTROL,2026-04-01,,,40.155280043779605,-1.0951763902451446,-0.083279866546901,-0.8152249753164676,-0.0075020839121977545,-0.2170100832967996,0.022842705804454966,-0.2535785184411242,-0.12188190639143126,-0.09805951494186127,1.1437147229238902,0.9490955076811375,7.27784,357.2
360ONE,CONTROL,2026-04-01,,,30.383497744153345,-1.7548860407363918,-0.10629219804951251,-1.19333533285834,-0.048947210857199996,-0.20032723611344183,0.019916998497587848,-0.23938547486033523,-0.11821335156645396,-0.14101081859492348,1.045728621552343,1.151053733741481,76.41464,953.05
GCSL,CONTROL,2026-04-01,,,65.4647231152858,,0.5261152208025104,2.0972716490237104,-0.03917805125889129,,0.05609332478505386,,0.29084907835499396,,1.0522068402633091,3.65744418092589,8.38688,340.4
TATAPOWER,CONTROL,2026-04-01,,,46.728144233395376,-0.26515913440699623,0.03922372557058895,0.46240100270547474,-0.026874840030714053,-0.0014445173998687277,0.018967717672208062,-0.08319266939956593,0.010047340987944464,-0.015483732305831999,0.9865707963536161,1.7381380373528883,394.00425,380.2
LICMFGOLD,CONTROL,2026-04-01,,,11.286901885923342,-2.7416366107656844,-0.9908258772819298,-0.9979856212098172,0.03329461866047212,-0.9891623455461667,0.2220025988733619,-0.9916899921850433,-0.984857502231093,-0.9867905265556444,0.8784572773264756,1.3595445057498747,18.926715,133.45
JAIBALAJI,CONTROL,2026-04-01,,,44.41073649536117,0.24149275872957512,-0.04413928396272693,-0.21264162648609514,-0.011997296383913447,-0.19816236972024137,0.04641538961576636,-0.5655372269282212,-0.10490944996402507,-0.3225931463387648,1.091105377436123,0.7138121588385339,21.32301,58.47
KRISHNADEF,CONTROL,2026-04-01,,,43.0226735193456,,-0.20212093862815883,-1.0062578064848255,-0.0035504959422903992,-0.040431998263323554,0.044914549287070976,-0.23880661270879977,-0.10930003405424915,,1.0294283743756252,0.7564392577967699,17.9288,884.05
JAMNAAUTO,CONTROL,2026-04-01,,,46.640934814677166,-0.6448391818086764,-0.12572886297376085,-0.708664363433557,-0.012513377788754387,-0.09218194202679175,0.039671570753316794,-0.19089376053962903,-0.06722801473149831,0.07839466187899591,1.008412513857129,1.5104653618680441,29.694175000000005,119.95
NETWEB,CONTROL,2026-04-01,,,43.91983172648376,-0.8970824330519938,-0.09169435215946842,-0.7755161823928105,-0.03294168307086609,-0.06658947868424181,0.02643849467444418,-0.2788926859475701,-0.03915267207299289,0.04065371098417403,1.4125819559522448,1.095249728049838,484.04665,3144.1
CASHIETF,CONTROL,2026-04-01,,,99.63279410396215,-2.6629191967112296,0.003802425947754706,5.387851668549319,0.0009004653984323596,0.01107823705703792,0.00015780840716570586,-9.469966002817465e-06,0.004473500871147396,0.01908880648261535,0.9619107912057364,,34.01034,1055.96
BASF,CONTROL,2026-04-01,,,41.32625659594555,-0.07460105326268507,-0.06303339251961748,-0.5713353220232898,-0.03694218768397506,-0.14139876656606754,0.024669742109966357,-0.3715520553207837,-0.07357329381123079,-0.22788005083431773,1.0542991869002207,0.5508964427409827,10.127595,3271.7
SHANTIGOLD,CONTROL,2026-04-01,,,34.1131928534201,-1.0286053588345792,-0.15566497409857927,-0.9544239678945189,-0.056781069157164965,-0.25247479792934335,0.03646989969960982,-0.34932806324110666,-0.16956308989926006,,1.099065684424175,0.6452216137220063,6.14228,164.62
HUDCO,CONTROL,2026-04-01,,,42.88530199089309,-0.33576057621824085,-0.04609707635537896,-0.336554434301226,-0.05116042690157552,-0.2591923110836787,0.0306269018587256,-0.32152951627230875,-0.09224199964992741,-0.21533869718578713,1.055066933722259,0.8752044860131786,75.42927,168.03
TRITURBINE,CONTROL,2026-04-01,,,45.32445265119092,-0.09957588406877796,-0.013363754889178514,-0.1498390530923031,0.005313849219528377,-0.1480439065578385,0.019942907906952936,-0.3200299513290902,-0.04792957970929401,-0.14455640289782568,0.9748180070635405,1.2330749664478005,18.209945,454.05
AUTOBEES,CONTROL,2026-04-01,,,39.686752536081066,-1.4046893106221714,-0.0970574362323573,-0.860841794512237,-0.035314183819824096,-0.15284586056644878,0.025211023270585046,-0.16189000774593332,-0.09013798196801603,-0.07949601981713461,0.9970333762534775,0.8257380621487772,9.80551,248.86
UNIONBANK,CONTROL,2026-04-01,,,44.6697158799874,-0.8888254333135958,-0.10197247946423904,-0.6862197386245348,-0.04813664596273293,0.031924487464678464,0.0332280438877028,-0.15143125525287993,-0.05612752726748815,0.11034919977746438,0.9515053359237884,0.4974682547710193,340.107435,171.64
CENTURYPLY,CONTROL,2026-04-01,,,54.36087983503195,0.4663287126595766,0.02531191739566907,0.2434402343644169,0.018447293447293456,-0.11246974117062869,0.02324971797917742,-0.15290284360189565,-0.024188176974143882,-0.061998987150455376,1.0276597005057497,0.41229439510552107,5.894095,714.95
ENRIN,CONTROL,2026-04-01,,,40.554836651944946,-0.46954406466427867,-0.11152277362338547,-1.0825433964288849,-0.05683048278848235,0.004071755080090611,0.023035797334669934,-0.2752252876750312,-0.033756244413573944,,1.1501574288580105,1.4855153052287757,82.45922,2613.9
TATASTEEL,CONTROL,2026-04-01,,,49.22457884538498,-0.5407847289426742,-0.01082702180653683,-0.09113982100639442,-0.010424612255275911,0.05875952121871597,0.02656353335562327,-0.09706755753526364,-0.01927878184950116,0.10349207609332067,1.0468266658019958,1.1381036468501597,714.23098,194.6
ARVIND,CONTROL,2026-04-01,,,50.41806027147427,0.2679054555589559,0.03162694910267727,0.2849476501403127,-0.034421038138510274,0.13185926404131676,0.024818596707040293,-0.0953302373581012,0.005560478447768968,0.07230038477740175,1.0713034843617462,0.9353073106246238,13.232975,350.65
FACT,CONTROL,2026-04-01,,,51.0264885634525,0.35133310846370797,0.17304964539007095,0.6538896285779016,-0.005820942739639401,-0.10124120574272155,0.059176771378983896,-0.2609472743521001,0.006723449294787409,-0.11127500900008691,1.0333492981673604,1.9652238253690504,239.41545,785.65
BECTORFOOD,CONTROL,2026-04-01,,,47.67762254062315,0.42461005070911595,-0.021911421911422035,-0.20384853589801438,0.024469643535347974,-0.19610013623978206,0.024035212547285845,-0.39160974352364997,-0.0763749207566663,-0.247224033973391,0.9595888869285009,0.5867428153340568,11.52252,188.82
FIVESTAR,CONTROL,2026-04-01,,,39.715807092296764,-0.05092759146040937,-0.09863562398297654,-0.6300723960843867,-0.058938839519079966,-0.32308704643730024,0.035004860012865034,-0.5504713153130658,-0.1366866799662395,-0.34771748676027725,0.9048821214930636,1.4907775792492786,70.03843,360.05
TATATECH,CONTROL,2026-04-01,,,42.98214860618775,-0.14164764927456316,-0.07150974735553828,-0.5762944925855072,-0.023535901443412777,-0.22304316020482817,0.027746344655045312,-0.3257364144235654,-0.09611741537749285,-0.19496437749583995,1.0589367339004359,1.0209971420843105,73.054495,531.05
GLAXO,CONTROL,2026-04-01,,,41.1425284356737,-0.36703967797578574,-0.06303552033468773,-0.8260431113741912,0.0032736044107510853,-0.05309374745914319,0.017063480891565962,-0.32802492643240433,-0.05534114303235016,-0.1302092639883221,0.9985260221561827,1.347760514717187,13.93322,2329.2
BIRLACORPN,CONTROL,2026-04-01,,,51.22716094952745,0.652929318139016,0.008933619812280913,0.051730643531458974,-0.00998668442077233,-0.1850566313481914,0.038615760063473614,-0.41027166369224666,-0.06691013597886586,-0.22698098037041148,0.8281152407101402,1.6277528660926435,16.755685,892.2
PHOENIXLTD,CONTROL,2026-04-01,,,40.23538020310749,-0.8970779399640508,-0.057976412166356406,-0.555584683217348,-0.03460559796437668,-0.21877895603829922,0.023333832377233327,-0.22206274348985033,-0.08203051752525692,-0.07950519158222791,0.9974953671827569,0.8831159611838777,101.75439,1517.6
SENCO,CONTROL,2026-04-01,,,43.56500998162888,-0.31604337454418213,-0.02417582417582409,-0.23049591627617388,-0.023350253807106536,-0.20011086474501105,0.02345325120834407,-0.2591451675009626,-0.07459661903906833,-0.13095716666741952,1.0933784458087923,0.7428681190032098,13.854675,288.6
BEPL,CONTROL,2026-04-01,,,55.63959476145206,1.3943224131455483,0.10733085120041075,0.7620409274628939,0.00971669398267383,-0.028716216216216228,0.03149425059964638,-0.2833402575820523,0.03559816149808115,-0.10653195067642007,1.0413830333477438,1.8261256621644173,5.20072,86.25
HINDOILEXP,CONTROL,2026-04-01,,,40.84759223050499,-0.43472492768845966,-0.17687760311702272,-0.8156830586576888,0.008643398090220522,-0.21131565396498464,0.04848823817890181,-0.3222148467750857,-0.125224351789317,-0.21298886314690124,1.1260987043667918,0.8364683424578969,33.01587,122.53
CANBK,CONTROL,2026-04-01,,,37.443292518004554,-1.4547980814484844,-0.1336010345062275,-1.0469617036122314,-0.06760418955540914,-0.16775627615062771,0.028534090023493924,-0.1990184357893413,-0.12023541477479271,-0.03749970701581817,0.9380934719002113,0.8399644997703909,340.005765,127.3
AFCONS,CONTROL,2026-04-01,,,45.129448934464236,0.2398158144485852,0.011099176512710196,0.12457667340801029,-0.0008844861135680615,-0.2531076434805608,0.01992227958712953,-0.39360103070646346,-0.07830190834587192,-0.278404978596812,1.1277822469526153,0.8841357495253143,14.37821,282.4
LODHA,CONTROL,2026-04-01,,,17.219157460142142,-1.9257919788336484,-0.24921947746069995,-2.211601910952778,-0.06608980036792256,-0.383067782878747,0.025197649276719247,-0.5479221635883904,-0.26391299491339015,-0.3963543448879048,1.0346162762505091,2.016057871291526,315.777575,685.35
CHOLAHLDNG,CONTROL,2026-04-01,,,34.75232028239196,-1.1395243273026696,-0.14358942687747034,-1.238455479364814,-0.010912981455064141,-0.2641549482621385,0.025925495481915438,-0.35978762696214217,-0.13049748560966123,-0.24132629753336676,1.0397043998089306,1.1692138192660184,40.97858,1386.7
HDFCAMC,CONTROL,2026-04-01,,,43.42377853487031,-0.596987358666736,-0.08114792713567831,-0.6235242905380084,-0.01919289276285474,-0.10824506591480598,0.029101076583882602,-0.20553292600135775,-0.08593785392814346,-0.1263823026442379,1.0060349665666057,0.6789120537712258,341.431645,2340.5
NCC,CONTROL,2026-04-01,,,46.10837868949762,0.4220571302489207,-0.03320544122776414,-0.25281641175913117,-0.011413082245523842,-0.12095648864645436,0.02936898886093496,-0.42237319218105285,-0.05288378742609079,-0.25059285032377965,1.0191115357815148,0.6830738266675496,50.516825,138.59
CARBORUNIV,CONTROL,2026-04-01,,,55.45318317191177,1.1604219309624793,0.00419195395107308,0.04983723308783554,0.01840101522842641,-0.025500910746812377,0.018808215088160968,-0.19878194888178913,0.0006608726012193866,-0.08931184033622275,1.095760348646918,0.7629340077926225,10.405735,802.5
JKCEMENT,CONTROL,2026-04-01,,,45.0268565387071,-0.40910689743766493,-0.07001990229781074,-0.6157623227472144,-0.023185100722158847,-0.1397489539748954,0.02542689858276276,-0.3182119644515188,-0.058514944701490657,-0.1484712449590616,1.1414744348062644,0.8061627848368589,43.705535,5140.0
BHARTIHEXA,CONTROL,2026-04-01,,,31.708909883605614,-1.672247252032811,-0.07064045656309459,-0.7623177373050598,-0.0742799393633149,-0.17695288369742246,0.02072060705226519,-0.26151365514461355,-0.08605067380065978,-0.154171028741795,1.0379325026924164,0.6027261597233897,28.812155,1465.6
CASTROLIND,CONTROL,2026-04-01,,,37.38907204276169,-0.8547384539096864,-0.04779391910136632,-0.6915276713107159,-0.009660750393170048,-0.07258573532505797,0.015454255332866056,-0.22889880171433574,-0.044514193559574755,-0.10476785247354081,0.9590875025947005,0.9089213242279447,41.18647,176.32
AAVAS,CONTROL,2026-04-01,,,43.20977699545565,0.11107423825151085,-0.08027894907557576,-0.7737337066004786,-0.0011448701012769513,-0.22696292257360962,0.023200383512298216,-0.45796893667861405,-0.10459402789005667,-0.27128341369861253,0.9441646721101744,0.9153292969550828,31.28884,1134.2
SHILCTECH,CONTROL,2026-04-01,,,54.79303198842578,,0.05373712379979034,0.324497034724076,0.031677901832736444,0.03492088649391145,0.03702957157492255,-0.06317400349106916,0.041481695717960454,,1.0161215682848201,1.299712636994848,13.53515,3917.9
RAINBOW,CONTROL,2026-04-01,,,52.93983382037918,0.6980224167715636,-0.032518317279986775,-0.4485829643580562,0.005819924683327482,-0.08920406107106871,0.016209525044271915,-0.27631011761808,0.0019558259570673364,-0.13180502846825481,1.1051217746384128,0.5162325812181144,18.06184,1175.2
ASHAPURMIN,CONTROL,2026-04-01,,,41.797596173082695,-0.8767013565067053,-0.05525881324657678,-0.41384415976856254,-0.006434480645490792,-0.46102277134467284,0.029857244534853982,-0.46102277134467284,-0.13136187242949016,-0.21344103779210455,1.0711629804581129,0.8032636756852087,27.09033,486.4
PARKHOSPS,CONTROL,2026-04-01,,,54.55314604231844,,0.07619151133090596,0.4251713042829077,-0.01039428314427071,0.339579246431712,0.04007076604845088,-0.035693416439423475,0.09213341863184143,,0.9865171158600059,1.152360252056684,17.490435,198.03
HOMEFIRST,CONTROL,2026-04-01,,,40.789353583518604,-0.6799052534112452,-0.11536671630677586,-1.0339827947087428,0.002584388185653985,-0.10233282961843593,0.02494894705434145,-0.3573698444895199,-0.12577619613076974,-0.20197463942658378,0.9810846246156879,0.7656647949827364,41.707655,950.45
DELTACORP,CONTROL,2026-04-01,,,46.42637351668466,0.5027601121040596,-0.06474944033063545,-0.32438680055076496,0.011736214605067019,-0.21574007220216607,0.0446331816949837,-0.42963663095988236,-0.1018211646721836,-0.27203416922290224,0.9198059047652759,1.009403591676716,11.45040999999999,54.31
BLACKBUCK,CONTROL,2026-04-01,,,44.970175010447036,-0.7028249642209912,0.022563738118503984,0.21118325049482578,-0.026389241309312417,-0.1668958529347906,0.023891124007826697,-0.21533742331288352,-0.022378869591065498,-0.032767917236998345,0.8585911221372846,2.101516707976087,42.10524,575.55
SBICARD,CONTROL,2026-04-01,,,30.369716485941296,-1.1090022235499806,-0.12310762455271129,-1.1212287786773252,-0.09004570122822064,-0.2805442637759712,0.024551369201664567,-0.37350049164208454,-0.135539156826751,-0.23988166658166565,0.968911900139458,0.7163882516631412,113.82183,637.15
DEEPAKFERT,CONTROL,2026-04-01,,,53.016228410637055,0.6496939857754913,0.04859158665322805,0.26217599042702927,-0.010710174665932604,-0.1997165991902834,0.04144318887256414,-0.43312302839116723,-0.016342048428993672,-0.25568711973846825,0.7884742673973811,3.429152308215465,106.210205,988.35
CYIENT,CONTROL,2026-04-01,,,32.39954788518614,-1.0816310711929331,-0.11538679512609795,-0.9510760997838116,-0.04321441706509743,-0.3368595462656131,0.027128503982640835,-0.4246590490232215,-0.182895509668206,-0.310959948139903,1.089872479257758,1.3615828234318208,29.16195,780.45
YATHARTH,CONTROL,2026-04-01,,,53.28979028137655,-0.034088486804297775,0.006264150943396274,0.04593048962852279,0.0290984871874036,-0.0383006347374496,0.03049622907145133,-0.1985934964236341,0.023643689385982825,-0.038518396727803994,1.1501088262404133,0.938108522433989,26.280125,666.65
WAAREERTL,CONTROL,2026-04-01,,,50.67702430165315,0.3565408374541491,0.040320079399541076,0.2895396666489862,-0.01318034716092975,-0.11278633021213569,0.031138544655735657,-0.3697482149567832,-0.02466627198150184,-0.16776789006258985,1.1770214328085993,1.1598225987290731,26.45845,838.55
BEL,CONTROL,2026-04-01,,,45.64689270105131,-0.7009277559172705,-0.06299653127447702,-0.600492350865526,0.0126980287821985,0.007337904486948155,0.023458171627562866,-0.10620130216672008,-0.038812507604331414,0.01874346861834586,1.005018377174386,0.9501672205311387,855.26841,418.7
YATRA,CONTROL,2026-04-01,,,39.53550549919539,-0.7646642836013368,-0.16632774106083714,-0.8906313550287547,-0.05093083823671263,-0.4299536500579374,0.04175915584557509,-0.4857844674401589,-0.2219157369301772,-0.296673477856366,1.0430751659901387,1.2458246374427935,34.40876,98.39
TEXRAIL,CONTROL,2026-04-01,,,43.127694480003726,0.04784174306078853,-0.0772442588726513,-0.38954736718423044,-0.00045228403437347353,-0.3368839546920711,0.044339515104244734,-0.5062555853440571,-0.1588322612568034,-0.3302106805635322,1.0317119313254302,1.315061938245656,25.05734,88.4
CGCL,CONTROL,2026-04-01,,,58.53083091073401,0.8914864451387954,0.15799170888991232,1.1466461624747895,0.035115581436386156,-0.04643727986995405,0.0308098707797288,-0.15831260761431043,0.03960887359754994,-0.031717603558842344,0.8848024686915604,0.6795340253679454,38.957165,175.98
ALGOQUANT,CONTROL,2026-04-01,,,35.85696416959398,,-0.14095205941931133,-1.0133664652065693,-0.045573893473368376,-0.2642764204134741,0.031102113327375818,-0.2642764204134741,-0.12170791481136312,,0.8666972894148314,1.5118976798191286,7.244055,50.89
MINDACORP,CONTROL,2026-04-01,,,46.613840719927374,-0.32951265310663636,-0.02094639626773298,-0.16882964078923118,-0.054784447099917366,-0.1373322147651007,0.027742501683558855,-0.15380184331797242,-0.05688238315356953,-0.06321627560372134,0.8277085581567952,0.7860993217745985,14.922115,514.15
BAJAJHFL,CONTROL,2026-04-01,,,37.36749531601556,-0.059775205067151005,-0.082243879248871,-0.8335471679183214,-0.024137495260962982,-0.19470226300969862,0.022062687249365158,-0.3925902619366003,-0.0971546692607006,-0.25009286437431255,1.0154352921966834,1.0033535685135486,80.32445,77.22
MANYAVAR,CONTROL,2026-04-01,,,50.014704194500496,1.022144266065129,0.007671601615074186,0.051791765773812934,0.05525017618040873,-0.32839971295299597,0.03312152511370178,-0.5476132930513595,-0.09224057867692881,-0.3936387546391251,1.009431737055266,0.7431126627932073,25.93751,374.35
APLAPOLLO,CONTROL,2026-04-01,,,40.482184542889954,-1.0714826442271619,-0.08722932490446755,-0.7560182736393192,-0.03192234564194929,-0.007693096727869553,0.025799733540681515,-0.15170115748860058,-0.07776727017586682,0.05894963777168494,0.9951168328562201,0.7938974382052797,136.155315,1934.8
WAAREEENER,CONTROL,2026-04-01,,,58.66120264188229,0.7798444906114714,0.17281700835231573,1.3629444660915713,-0.027911513892822426,0.15566196550821143,0.028352628295419045,-0.1739665222739185,0.0624438547328483,-0.002485068920622391,1.1292183700828868,1.2579724399571681,643.934605,3089.2
INDIAGLYCO,CONTROL,2026-04-01,,,51.01885889557126,0.022787015351293214,0.032374941561477355,0.2666518575614768,-0.0067468795681997484,-0.11819906159528815,0.027148721468162426,-0.2357674338120782,-0.0066552858804028725,-0.061161357112356485,0.9691421609806966,1.037454494710228,11.57655,883.3
VOLTAS,CONTROL,2026-04-01,,,33.57044568407811,-1.7982142534638355,-0.1314893321287095,-1.027200778446268,-0.08701052016364696,-0.1710665959140355,0.028623331594488412,-0.19957727534746683,-0.12172077228413036,-0.09827191030774696,1.1523486199477118,0.6554819192465097,159.17742,1249.7
STYL,CONTROL,2026-04-01,,,41.682790543513654,-0.03264691826887132,-0.03607738835742791,-0.22414306974182446,-0.008428577732668585,-0.24100658672521535,0.03599107164490449,-0.4765288293535236,-0.08209509445801133,,1.0198167358764674,1.1346795394599685,5.34494,224.7
ADANIPOWER,CONTROL,2026-04-01,,,63.36072731622859,1.046156565901757,0.13996517196343072,1.2332969821894637,0.022518711356980248,0.07337569174011072,0.025376826791310425,-0.08004450169809108,0.0850108148872517,0.13122041625685643,0.9836056039900015,1.5802246402766607,490.57163,157.11
NESCO,CONTROL,2026-04-01,,,45.272864396846956,-0.48162071164480963,-0.030122722201561758,-0.28243043868405204,-0.023769417930001757,-0.16168434586949532,0.02384886516618848,-0.3389519041885811,-0.05913930005447454,-0.16818498953453598,1.02471569985758,0.9257323125110832,6.480435,1043.2
KRBL,CONTROL,2026-04-01,,,47.23389671159187,-0.11312831415777226,-0.055070202808112256,-0.33695996217223667,-0.0008248102936324608,-0.21693600517129918,0.0365446138525786,-0.37832289849122436,-0.08222822924747875,-0.2003411455307822,1.0044625772501061,0.9333195255813135,18.57039,302.85
ZAGGLE,CONTROL,2026-04-01,,,49.09033255837216,0.48338896840723317,0.00862588693595523,0.03692291737905971,0.03542013806236599,-0.35472481827622016,0.05223874743430273,-0.5273497772465501,-0.10738324446429026,-0.35890813055352955,0.9795558732153664,1.918244499582037,48.522595,217.49
PGEL,CONTROL,2026-04-01,,,36.914305801545936,-0.8863585558563716,-0.18897040222615746,-0.9301068735245985,-0.07018561484918806,-0.2273457583547558,0.04543033463583908,-0.4192028985507247,-0.14248726836992343,-0.19881646749533943,1.102821498743946,0.8345816524324595,267.93871,480.9
TRANSRAILL,CONTROL,2026-04-01,,,44.577237536082855,-0.2380627724306417,-0.052126200274348444,-0.37928670888018085,0.0009311950336263752,-0.10467376214715407,0.030730770283604283,-0.3992796820665674,-0.06800463974535353,-0.24888184408280933,1.0527199625891703,0.6634600224158869,37.12762,483.7
GODFRYPHLP,CONTROL,2026-04-01,,,44.137626371060826,-0.12147356379982951,-0.03470900530902532,-0.21574229244905482,-0.06191287417863234,-0.1078140912878437,0.03597426096726438,-0.4809318610288177,-0.06589119108203079,-0.30958142500703023,0.8496885211412092,4.024169740770901,317.58325,1927.3
ANTHEM,CONTROL,2026-04-01,,,53.41781399494259,0.5562994978300144,-0.0027713279904125754,-0.029790755420222567,0.030734690717658886,0.015560640732265485,0.02080134487057632,-0.22995951417004046,0.016182286952048486,,1.0431136118371442,1.3010421094767501,22.30917,665.7
