date,ic_E,pic_E,ic_G,pic_G,ic_P,pic_P,ic_F5,pic_F5
2019-01-01,,,,,,,,
2019-01-02,,,,,,,,
2019-01-03,,,,,,,,
2019-01-04,,,,,,,,
2019-01-07,,,,,,,,
2019-01-08,,,,,,,,
2019-01-09,,,,,,,,
2019-01-10,,,,,,,,
2019-01-11,,,,,,,,
2019-01-14,,,,,,,,
2019-01-15,,,,,,,,
2019-01-16,,,,,,,,
2019-01-17,,,,,,,,
2019-01-18,,,,,,,,
2019-01-21,,,,,,,,
2019-01-22,,,,,,,,
2019-01-23,,,,,,,,
2019-01-24,,,,,,,,
2019-01-25,,,,,,,,
2019-01-28,,,,,,,,
2019-01-29,,,,,,,,
2019-01-30,,,,,,,,
2019-01-31,,,,,,,,
2019-02-01,,,,,,,,
2019-02-04,,,,,,,,
2019-02-05,,,,,,,,
2019-02-06,,,,,,,,
2019-02-07,,,,,,,,
2019-02-08,,,,,,,,
2019-02-11,,,,,,,,
2019-02-12,,,,,,,,
2019-02-13,,,,,,,,
2019-02-14,,,,,,,,
2019-02-15,,,,,,,,
2019-02-18,,,,,,,,
2019-02-19,,,,,,,,
2019-02-20,,,,,,,,
2019-02-21,,,,,,,,
2019-02-22,,,,,,,,
2019-02-25,,,,,,,,
2019-02-26,,,,,,,,
2019-02-27,,,,,,,,
2019-02-28,,,,,,,,
2019-03-01,,,,,,,,
2019-03-05,,,,,,,,
2019-03-06,,,,,,,,
2019-03-07,,,,,,,,
2019-03-08,,,,,,,,
2019-03-11,,,,,,,,
2019-03-12,,,,,,,,
2019-03-13,,,,,,,,
2019-03-14,,,,,,,,
2019-03-15,,,,,,,,
2019-03-18,,,,,,,,
2019-03-19,,,,,,,,
2019-03-20,,,,,,,,
2019-03-22,,,,,,,,
2019-03-25,,,,,,,,
2019-03-26,,,,,,,,
2019-03-27,,,,,,,,
2019-03-28,,,,,,,,
2019-03-29,,,,,,,,
2019-04-01,,,,,,,,
2019-04-02,,,,,,,,
2019-04-03,,,,,,,,
2019-04-04,,,,,,,,
2019-04-05,,,,,,,,
2019-04-08,,,,,,,,
2019-04-09,,,,,,,,
2019-04-10,,,,,,,,
2019-04-11,,,,,,,,
2019-04-12,,,,,,,,
2019-04-15,,,,,,,,
2019-04-16,,,,,,,,
2019-04-18,,,,,,,,
2019-04-22,,,,,,,,
2019-04-23,,,,,,,,
2019-04-24,,,,,,,,
2019-04-25,,,,,,,,
2019-04-26,,,,,,,,
2019-04-30,,,,,,,,
2019-05-02,,,,,,,,
2019-05-03,,,,,,,,
2019-05-06,,,,,,,,
2019-05-07,,,,,,,,
2019-05-08,,,,,,,,
2019-05-09,,,,,,,,
2019-05-10,,,,,,,,
2019-05-13,,,,,,,,
2019-05-14,,,,,,,0.5272727272727272,0.434219866449216
2019-05-15,,,,,,,0.6121212121212121,0.47867290890672487
2019-05-16,,,,,,,0.34545454545454546,0.11316720278249101
2019-05-17,,,,,,,0.01818181818181818,-0.29315098498896436
2019-05-20,,,,,,,0.04242424242424241,0.21353038633349117
2019-05-21,,,,,,,-0.12727272727272726,0.13919646236980437
2019-05-22,,,,,,,-0.19999999999999998,-0.30525717427547594
2019-05-23,,,,,,,-0.1515151515151515,-0.16251015447229483
2019-05-24,,,,,,,-0.18787878787878787,0.11336137087647064
2019-05-27,,,,,,,0.07272727272727274,0.5042734131728305
2019-05-28,,,,,,,0.009090909090909092,0.20697247100644497
2019-05-29,,,,,,,-0.006060606060606061,0.1067010865745673
2019-05-30,,,,,,,0.09090909090909088,0.011188236228738694
2019-05-31,,,,,,,-0.13939393939393938,-0.17536310496483126
2019-06-03,,,,,,,-0.3939393939393939,-0.3832708774535481
2019-06-04,,,,,,,-0.33333333333333326,-0.3693898050232415
2019-06-06,,,,,,,-0.5272727272727272,-0.6345201841265933
2019-06-07,,,,,,,-0.5272727272727272,-0.6728384948943099
2019-06-10,,,,,,,-0.49090909090909085,-0.6640151126353535
2019-06-11,,,,,,,-0.3696969696969697,-0.5481185336752601
2019-06-12,,,,,,,-0.35757575757575755,-0.49573800826596526
2019-06-13,,,,,,,-0.23636363636363633,-0.49506823999753746
2019-06-14,,,,,,,-0.3939393939393939,-0.679112170042963
2019-06-17,,,,,,,-0.16363636363636364,-0.21186224316658117
2019-06-18,,,,,,,,
2019-06-19,,,,,,,,
2019-06-20,,,,,,,,
2019-06-21,,,,,,,,
2019-06-24,,,,,,,,
2019-06-25,,,,,,,,
2019-06-26,,,,,,,-0.18787878787878787,-0.2751723310627897
2019-06-27,,,,,,,-0.23636363636363633,-0.34668362571781797
2019-06-28,,,,,,,-0.16363636363636364,-0.24726445021020116
2019-07-01,,,,,,,0.05454545454545454,-0.12576181264865013
2019-07-02,,,,,,,0.05454545454545454,-0.15681790513537716
2019-07-03,,,,,,,-0.10303030303030303,-0.18515353196950365
2019-07-04,,,,,,,0.04242424242424241,-0.007907644901683568
2019-07-05,,,,,,,0.04242424242424241,0.027597790815956452
2019-07-08,,,,,,,0.06666666666666665,-8.450117736120759e-05
2019-07-09,,,,,,,-0.01818181818181818,-0.06232334854776082
2019-07-10,,,,,,,0.12727272727272726,-0.0023049082415485364
2019-07-11,,,,,,,0.2606060606060606,0.199523266847627
2019-07-12,,,,,,,0.29696969696969694,0.24228854141381798
2019-07-15,,,,,,,,
2019-07-16,,,,,,,0.309090909090909,0.26249843852416466
2019-07-17,,,,,,,0.22424242424242422,0.18391299567479466
2019-07-18,,,,,,,,
2019-07-19,,,,,,,0.13939393939393938,0.14164463778893213
2019-07-22,,,,,,,0.04242424242424241,0.042378613162968884
2019-07-23,,,,,,,0.13939393939393938,0.12761549390929874
2019-07-24,,,,,,,0.22424242424242422,0.22493385271060923
2019-07-25,,,,,,,0.41818181818181815,0.4173726639460692
2019-07-26,,,,,,,0.13939393939393938,0.10019744930420534
2019-07-29,,,,,,,0.3696969696969697,0.3407910593410203
2019-07-30,,,,,,,0.41818181818181815,0.3416324419911298
2019-07-31,,,,,,,0.43030303030303024,0.39133886655771544
2019-08-01,,,,,,,,
2019-08-02,,,,,,,0.10303030303030303,-0.029608125604317446
2019-08-05,,,,,,,0.3939393939393939,0.3331690652849667
2019-08-06,,,,,,,0.32121212121212117,0.2669358506047505
2019-08-07,,,,,,,0.24848484848484845,0.22875945255058036
2019-08-08,,,,,,,0.2727272727272727,0.20722428276293528
2019-08-09,,,,,,,0.06666666666666665,-0.1591373893029235
2019-08-13,,,,,,,0.5636363636363636,0.6252044976595146
2019-08-14,,,,,,,0.49090909090909085,0.5033703938272028
2019-08-16,,,,,,,0.0790277206784084,0.0414470177902633
2019-08-19,,,,,,,0.2857156055296304,0.2721653967354147
2019-08-20,,,,,,,0.2121212121212121,0.2475844844150718
2019-08-21,,,,,,,0.22424242424242422,0.23515190848152176
2019-08-22,,,,,,,0.2606060606060606,0.221546564935642
2019-08-23,,,,,,,0.34545454545454546,0.3248351886386036
2019-08-26,,,,,,,0.24848484848484845,0.17878945548612826
2019-08-27,,,,,,,0.35757575757575755,0.2838874869788344
2019-08-28,,,,,,,,
2019-08-29,,,,,,,,
2019-08-30,,,,,,,,
2019-09-03,,,,,,,,
2019-09-04,,,,,,,,
2019-09-05,,,,,,,0.38181818181818183,0.40260679509640745
2019-09-06,,,,,,,0.28484848484848485,0.3303781087257314
2019-09-09,,,,,,,0.06666666666666665,-0.027777777777777752
2019-09-11,,,,,,,0.35757575757575755,0.34091240651569943
2019-09-12,,,,,,,0.5757575757575757,0.5060806849743025
2019-09-13,,,,,,,0.4424242424242424,0.38275220412588495
2019-09-16,,,,,,,0.33333333333333326,0.27957904578435
2019-09-17,,,,,,,0.3696969696969697,0.2960226431609083
2019-09-18,,,,,,,0.33333333333333326,0.27957904578435
2019-09-19,,,,,,,0.3696969696969697,0.2960226431609083
2019-09-20,,,,,,,0.41818181818181815,0.27683807474724853
2019-09-23,,,,,,,0.4545454545454545,0.36799003609699343
2019-09-24,,,,,,,0.23636363636363633,0.050262538685006165
2019-09-25,,,,,,,0.006060606060606061,-0.12991049666875418
2019-09-26,,,,,,,0.11515151515151514,0.024676694022195463
2019-09-27,,,,,,,-0.006060606060606061,-0.12440555850442811
2019-09-30,,,,,,,0.04242424242424241,-0.13567318313538843
2019-10-01,,,,,,,0.07878787878787878,-0.1215937531725319
2019-10-03,,,,,,,-0.0303030303030303,-0.21970745826347382
2019-10-04,,,,,,,0.006060606060606061,-0.22831012326485636
2019-10-07,,,,,,,-0.06666666666666665,-0.1487533147421009
2019-10-09,,,,,,,0.1515151515151515,0.11372984678947344
2019-10-10,,,,,,,0.28484848484848485,0.24483938993431806
2019-10-11,,,,,,,0.06666666666666665,0.18432598624521515
2019-10-14,,,,,,,0.28484848484848485,0.4491530948442358
2019-10-15,,,,,,,0.4545454545454545,0.5354496700964052
2019-10-16,,,,,,,0.5030303030303029,0.5719682792321296
2019-10-17,,,,,,,0.4545454545454545,0.5372285023438005
2019-10-18,,,,,,,0.32121212121212117,0.42645247694875016
2019-10-22,,,,,,,0.24848484848484845,0.3234360039949493
2019-10-23,,,,,,,0.01818181818181818,0.0779612177238931
2019-10-24,,,,,,,0.22424242424242422,0.3664769390521042
2019-10-25,,,,,,,0.13939393939393938,0.2774353077668168
2019-10-29,,,,,,,0.13939393939393938,0.3027488290607278
2019-10-30,,,,,,,-0.01818181818181818,0.08186826500572669
2019-10-31,,,,,,,-0.09090909090909088,-0.04117719457539351
2019-11-01,,,,,,,0.3216783216783217,0.3159860580986235
2019-11-04,,,,,,,0.4000000000000001,0.3796073133045672
2019-11-05,,,,,,,0.3454545454545455,0.3242463637731978
2019-11-06,,,,,,,0.39860139860139865,0.3603519704285468
2019-11-07,,,,,,,0.08391608391608392,0.11056671000650786
2019-11-08,,,,,,,0.15384615384615385,0.1669035128535541
2019-11-11,,,,,,,0.1398601398601399,0.09843686616774669
2019-11-13,,,,,,,0.22377622377622378,0.16297178930076758
2019-11-14,,,,,,,0.07692307692307693,0.04145024113271042
2019-11-15,,,,,,,0.03852895575860905,0.02181672128435488
2019-11-18,,,,,,,0.03852895575860905,0.015512411917717293
2019-11-19,,,,,,,0.02097902097902098,0.021334622931739565
2019-11-20,,,,,,,-0.006993006993006993,-0.0036953019569143626
2019-11-21,,,,,,,0.04195804195804196,0.06944239586587801
2019-11-22,,,,,,,0.055944055944055944,0.077813480602504
2019-11-25,,,,,,,-0.06993006993006995,-0.05142667857861355
2019-11-26,,,,,,,-0.09090909090909093,-0.08259308406823931
2019-11-27,,,,,,,-0.1258741258741259,-0.1257338489289189
2019-11-28,,,,,,,-0.11188811188811189,-0.08770441106315072
2019-11-29,,,,,,,-0.06293706293706294,-0.05789250745625627
2019-12-02,,,,,,,-0.09090909090909093,-0.10650345025423799
2019-12-03,,,,,,,-0.006993006993006993,-0.031432143940728664
2019-12-04,,,,,,,-0.03502632341691732,-0.03749395193580884
2019-12-05,,,,,,,-0.11558686727582713,-0.07962235304552787
2019-12-06,,,,,,,-0.06293706293706294,0.10114680407462177
2019-12-09,,,,,,,-0.15384615384615385,-0.08179754470664427
2019-12-10,,,,,,,-0.20979020979020982,-0.13543719897383316
2019-12-11,,,,,,,-0.1958041958041958,-0.15252355063766432
2019-12-12,,,,,,,-0.1958041958041958,-0.1672196578350487
2019-12-13,,,,,,,-0.12959739664259406,-0.13576542029494496
2019-12-16,,,,,,,-0.18563951410966176,-0.19288030805000725
2019-12-17,,,,,,,-0.19264477879304523,-0.18688108383671861
2019-12-18,,,,,,,-0.19264477879304523,-0.18403867490010697
2019-12-19,,,,,,,-0.18213688176797005,-0.18528809398284565
2019-12-20,,,,,,,-0.08056054385890982,-0.08535165692574616
2019-12-23,,,,,,,0.2414584852164488,0.30303640196392795
2019-12-24,,,,,,,0.19590028045862823,0.21510804519701754
2019-12-26,,,,,,,0.11515151515151514,0.11511901263590951
2019-12-27,,,,,,,0.11515151515151514,0.13952533666272107
2019-12-30,,,,,,,0.23636363636363633,0.25087243839787304
2019-12-31,,,,,,,0.18787878787878787,0.22279144497276648
2020-01-01,,,,,,,0.43030303030303024,0.411433790480142
2020-01-02,,,,,,,0.5030303030303029,0.4652955105957899
2020-01-03,,,,,,,0.6242424242424242,0.5753964555687504
2020-01-06,,,,,,,0.7696969696969697,0.7503328214741056
2020-01-07,,,,,,,0.5878787878787878,0.5965681520810286
2020-01-08,,,,,,,0.6,0.5565072237104339
2020-01-09,,,,,,,0.7212121212121211,0.6142831714717725
2020-01-10,,,,,,,0.6,0.4306821188164402
2020-01-13,,,,,,,0.3939393939393939,0.1455169854353541
2020-01-14,,,,,,,0.5272727272727272,0.3332987981765438
2020-01-15,,,,,,,0.6242424242424242,0.44870299743350106
2020-01-16,,,,,,,0.6484848484848483,0.507661469629964
2020-01-17,,,,,,,0.5636363636363637,0.512164709445968
2020-01-20,,,,,,,0.6181818181818182,0.5847436094672065
2020-01-21,,,,,,,0.5,0.32281106410995786
2020-01-22,,,,,,,0.5272727272727273,0.4178626834530393
2020-01-23,,,,,,,0.5636363636363637,0.39056851198583764
2020-01-24,,,,,,,0.5454545454545455,0.35313556614943403
2020-01-27,,,,,,,0.5454545454545455,0.3985266984930429
2020-01-28,,,,,,,0.7454545454545456,0.7305512095603959
2020-01-29,,,,,,,0.7636363636363637,0.7496888945872318
2020-01-30,,,,,,,0.6636363636363638,0.6910878104115256
2020-01-31,,,,,,,0.7000000000000001,0.7466172318612421
2020-02-03,,,,,,,0.8000000000000002,0.797897208786252
2020-02-04,,,,,,,0.8000000000000002,0.7959870199050822
2020-02-05,,,,,,,0.790909090909091,0.7899071969259646
2020-02-06,,,,,,,0.8000000000000002,0.8637869625182191
2020-02-07,,,,,,,0.7881569423102951,0.8281337956619035
2020-02-10,,,,,,,0.8181818181818182,0.8333536619412687
2020-02-11,,,,,,,0.8363636363636365,0.8470554740927396
2020-02-12,,,,,,,0.6818181818181819,0.7609533377782034
2020-02-13,,,,,,,0.5272727272727273,0.5246482700899847
2020-02-14,,,,,,,0.4090909090909091,0.4024584735369332
2020-02-17,,,,,,,0.3545454545454546,0.29642956274318866
2020-02-18,,,,,,,0.43636363636363645,0.1102396379610245
2020-02-19,,,,,,,0.41818181818181827,0.13558153613666016
2020-02-20,,,,,,,0.44545454545454555,-0.07319694101573823
2020-02-24,,,,,,,0.38181818181818183,-0.12672748933865427
2020-02-25,,,,,,,0.48181818181818187,-0.049943985470575804
2020-02-26,,,,,,,0.5090909090909091,0.34371696458595985
2020-02-27,,,,,,,0.4727272727272727,0.20573100083512808
2020-02-28,,,,,,,0.6000000000000001,0.26162631414833276
2020-03-02,,,,,,,0.6059241232790129,0.28509135300159366
2020-03-03,,,,,,,0.5011402523360258,0.23738930500478517
2020-03-04,,,,,,,0.5011402523360258,0.16348060917209045
2020-03-05,,,,,,,0.38181818181818183,-0.19622758082790373
2020-03-06,,,,,,,0.3696969696969697,-0.20572336423298235
2020-03-09,,,,,,,0.33333333333333326,-0.04183300132670378
2020-03-11,,,,,,,0.22424242424242422,-0.22920042107430325
2020-03-12,,,,,,,0.10303030303030303,-0.21786412885119874
2020-03-13,,,,,,,0.33333333333333326,0.1617993009667936
2020-03-16,,,,,,,0.2121212121212121,0.0392410511815091
2020-03-17,,,,,,,0.3465061598976368,0.14853103912556714
2020-03-18,,,,,,,0.2857156055296304,0.08275218185038107
2020-03-19,,,,,,,0.3939393939393939,0.2489956606234091
2020-03-20,,,,,,,0.09090909090909088,0.055294481447938394
2020-03-23,,,,,,,0.29696969696969694,0.3320697367227189
2020-03-24,,,,,,,0.07878787878787878,0.3562728737828401
2020-03-25,,,,,,,0.0303030303030303,0.20154955825865262
2020-03-26,,,,,,,0.006060606060606061,0.012355913613901889
2020-03-27,,,,,,,-0.006060606060606061,-0.05141886349888534
2020-03-30,,,,,,,0.13939393939393938,0.31137662505161995
2020-03-31,,,,,,,0.05454545454545454,0.20703021299807634
2020-04-01,,,,,,,-0.07878787878787878,-0.09601001287771377
2020-04-03,,,,,,,-0.2727272727272727,-0.29922187446563814
2020-04-07,,,,,,,-0.33333333333333326,-0.14684461964287038
2020-04-08,,,,,,,-0.2727272727272727,-0.01351712986344893
2020-04-09,,,,,,,0.19999999999999998,0.28868105459600757
2020-04-13,,,,,,,0.10942299786241164,0.33984434376232764
2020-04-15,,,,,,,-0.0303030303030303,0.1331546806938201
2020-04-16,,,,,,,-0.07878787878787878,-0.026472733630055176
2020-04-17,,,,,,,0.309090909090909,0.2785968138669813
2020-04-20,,,,,,,0.3454545454545455,0.18192801615583534
2020-04-21,,,,,,,0.3545454545454546,0.3652080510644244
2020-04-22,,,,,,,-0.06686960980480709,-0.1166712785040686
2020-04-23,,,,,,,0.3272727272727273,0.25172536878945717
2020-04-24,,,,,,,0.29090909090909095,0.3480537740735055
2020-04-27,,,,,,,0.27272727272727276,0.3059573375779967
2020-04-28,,,,,,,0.39090909090909093,0.330328670092359
2020-04-29,,,,,,,0.41818181818181827,0.30960688528954544
2020-04-30,,,,,,,0.3727272727272728,0.20990149322609572
2020-05-04,,,,,,,0.05454545454545456,0.021736723324100163
2020-05-05,,,,,,,0.10000000000000002,0.07669877924505938
2020-05-06,,,,,,,0.24545454545454545,0.24122703782534347
2020-05-07,,,,,,,0.16363636363636366,0.1418780319545411
2020-05-08,,,,,,,0.18181818181818182,0.15915668991203338
2020-05-11,,,,,,,0.4000000000000001,0.3918180843934378
2020-05-12,,,,,,,0.11818181818181818,0.05365161882739061
2020-05-13,,,,,,,0.3727272727272728,0.30092314834258227
2020-05-14,,,,,,,0.18181818181818182,0.12850991851118113
2020-05-15,,,,,,,0.4090909090909091,0.37271432176338176
2020-05-18,,,,,,,0.13636363636363638,0.16165979119786253
2020-05-19,,,,,,,0.3090909090909091,0.2994749330198545
2020-05-20,,,,,,,0.30000000000000004,0.2968489957177137
2020-05-21,,,,,,,0.30000000000000004,0.31751104617593223
2020-05-22,,,,,,,0.045454545454545456,0.07478134690376251
2020-05-26,,,,,,,0.034965034965034975,0.10570017629142195
2020-05-27,,,,,,,0.07692307692307693,0.15635366533000367
2020-05-28,,,,,,,0.16783216783216784,0.2991799808597512
2020-05-29,,,,,,,0.18181818181818185,0.24652966238449084
2020-06-01,,,,,,,0.4265734265734266,0.5094049512357967
2020-06-02,,,,,,,0.4055944055944056,0.49589299904926315
2020-06-03,,,,,,,0.4055944055944056,0.5000290323292651
2020-06-04,,,,,,,0.32924744011902274,0.35572871966023184
2020-06-05,,,,,,,0.23076923076923078,0.3319246606701571
2020-06-08,,,,,,,0.24725274725274726,0.4109555830909658
2020-06-09,,,,,,,0.3186813186813187,0.4361360313093545
2020-06-10,,,,,,,0.26373626373626374,0.3560764328263755
2020-06-11,,,,,,,0.3516483516483516,0.45110709954768086
2020-06-12,,,,,,,0.39010989010989006,0.46881736974894017
2020-06-15,,,,,,,0.4835164835164835,0.7021454930630104
2020-06-16,,,,,,,0.5274725274725275,0.6869941481715816
2020-06-17,,,,,,,0.4340659340659341,0.6164738471427392
2020-06-18,,,,,0.03678403918973623,0.05957452801625472,0.36785714285714277,0.48599751433986216
2020-06-19,,,,,0.032186034291019204,-0.022670005151415998,0.4535714285714285,0.4244065907917034
2020-06-22,,,,,-0.05977406368332138,-0.13276648539635275,0.47142857142857136,0.4519535148472372
2020-06-23,,,,,0.0917469804271967,0.014294675090703635,0.4928571428571427,0.5459170026909977
2020-06-24,,,,,0.13762047064079508,0.08766085916478455,0.5285714285714286,0.5102760201475713
2020-06-25,,,,,0.21101805498255247,0.18171788857753307,0.5464285714285714,0.5332829722244675
2020-06-26,,,,,0.22019275302527214,0.2319080054048545,0.5142857142857142,0.5972176254671121
2020-06-29,,,,,-0.10575411267049167,-0.1540416931518593,0.2821428571428571,0.37960738213142065
2020-06-30,,,,,-0.22530224003713442,-0.24116941825661548,0.1928571428571428,0.3324573299267668
2020-07-01,,,,,0.21474009169894706,0.10841432758722193,0.006593406593406593,-0.027532068666753808
2020-07-02,,,,,-0.16001893827313254,-0.169784083962875,-0.0770077473690976,-0.034524751235166795
2020-07-03,,,,,0.13756718788575892,0.14194470511512405,-0.054945054945054944,-0.03614522030756532
2020-07-06,,,,,-0.19079181101796572,-0.08828518737540327,-0.13406593406593406,-0.015783881684349393
2020-07-07,,,,,-0.22156468376279892,-0.14767324344806218,-0.23076923076923075,-0.14056590978449746
2020-07-08,,,,,-0.33111119544566336,-0.23957427566017472,-0.2821428571428571,-0.2166432419769752
2020-07-09,,,,,-0.04187178946793119,-0.07387153021884273,-0.10357142857142855,-0.05089173356305723
2020-07-10,,,,,-0.32644765748163995,-0.2663430579723912,-0.23928571428571427,-0.15754797076165633
2020-07-13,,,,,-0.013990613892070285,0.15230334721341826,-0.14285714285714282,-0.10649237383569755
2020-07-14,,,,,-0.05596245556828114,-0.039231367439169954,-0.17336914876329135,-0.19702222275660525
2020-07-15,,,,,-0.013990613892070285,0.01096419785586952,-0.16785714285714282,-0.18767132307294235
2020-07-16,,,,,-0.15683308166871684,-0.11500783243849387,-0.30143032541618203,-0.21624296149461752
2020-07-17,,,,,-0.06900655593423541,0.04674645267046978,-0.2879120879120879,-0.19489058474017032
2020-07-20,,,,,,,-0.4236592728681617,-0.31197552805320855
2020-07-21,,,,,,,-0.4126551359105471,-0.3435903037952259
2020-07-22,,,,,,,-0.4230769230769231,-0.23391679003885169
2020-07-23,,,,,,,-0.41208791208791207,-0.3022285907528222
2020-07-24,,,,,,,-0.5439560439560439,-0.43495602339819095
2020-07-27,,,,,,,-0.5439560439560439,-0.4370600695511446
2020-07-28,,,,,,,-0.37689169079829965,-0.2513659068988299
2020-07-29,,,,,,,-0.39560439560439564,-0.26977551772970426
2020-07-30,,,,,,,-0.47802197802197804,-0.3556372614092609
2020-07-31,,,,,,,-0.5879120879120878,-0.4956598498295203
2020-08-03,,,,,,,-0.7032967032967032,-0.6752894039541137
2020-08-04,,,,,,,-0.4450549450549451,-0.40738003411717455
2020-08-05,,,,,,,-0.39010989010989006,-0.37706055345108075
2020-08-06,,,,,,,-0.370171395473586,-0.2863880328489388
2020-08-07,,,,,,,-0.476585830456081,-0.3779235307404661
2020-08-10,,,,,,,-0.39614893047412525,-0.22662745724709468
2020-08-11,,,,,,,-0.39394088875849465,-0.3353895317463982
2020-08-12,,,,,,,-0.37912087912087916,-0.2550715538219146
2020-08-13,,,,,,,-0.37912087912087916,-0.23481129384037758
2020-08-14,,,,,,,-0.3021978021978022,-0.05780755735766095
2020-08-17,,,,,,,-0.3736263736263736,-0.218913411479668
2020-08-18,,,,,,,-0.2857142857142857,-0.2535192467185157
2020-08-19,,,,,,,-0.3021978021978022,-0.28972821655834224
2020-08-20,,,,,,,-0.25274725274725274,-0.26346340678283997
2020-08-21,,,,,,,-0.24725274725274726,-0.25100360146096556
2020-08-24,,,,,,,-0.34065934065934067,-0.36738622174146623
2020-08-25,,,,,,,-0.3878958277559143,-0.35281639338895576
2020-08-26,,,,,,,-0.46703296703296704,-0.45403950148310396
2020-08-27,,,,,,,-0.5054945054945055,-0.49777321303213495
2020-08-28,,,,,,,-0.5659340659340659,-0.5939194507644106
2020-08-31,,,,,,,-0.5384615384615384,-0.5350201981851944
2020-09-01,,,,,,,-0.3131868131868132,-0.4266300021296544
2020-09-02,,,,,,,-0.3131868131868132,-0.28895679021745824
2020-09-03,,,,,,,-0.3736263736263736,-0.30658976089425993
2020-09-04,,,,,,,-0.07142857142857142,0.07981591647377087
2020-09-07,,,,,,,-0.03296703296703297,-0.009823073503278388
2020-09-08,,,,,,,-0.22527472527472525,-0.13447183476261973
2020-09-09,,,,,,,-0.16483516483516483,-0.06246732276924758
2020-09-10,,,,,,,-0.11538461538461539,-0.02140027026928662
2020-09-11,,,,,,,-0.25274725274725274,-0.04114148897068084
2020-09-14,,,,,,,-0.2087912087912088,-0.01507770910106327
2020-09-15,,,,,,,-0.2692307692307692,-0.19800465366858003
2020-09-16,,,,,,,-0.14285714285714285,-0.05135218814465167
2020-09-17,,,,,,,-0.26373626373626374,-0.14870935093199267
2020-09-18,,,,,,,-0.0934065934065934,-0.03430799035211693
2020-09-21,,,,,,,-0.10489510489510491,-0.003694984793116172
2020-09-22,,,,,,,-0.27272727272727276,-0.14451912405760112
2020-09-23,,,,,,,-0.26373626373626374,-0.18831276310062484
2020-09-24,,,,,,,-0.2582417582417582,-0.1891370018798182
2020-09-25,,,,,,,-0.2747252747252747,-0.29039162799618506
2020-09-28,,,,,,,-0.2967032967032967,-0.2963401703680721
2020-09-29,,,,,,,-0.2912087912087912,-0.255518472575359
2020-09-30,,,,,,,-0.1868131868131868,-0.1837875532734929
2020-10-01,,,,,,,-0.07252747252747253,-0.14316658558989032
2020-10-05,,,,,,,-0.09010989010989012,-0.20855343699395637
2020-10-06,,,,,,,-0.221978021978022,-0.4066293669829867
2020-10-07,,,,,,,-0.07252747252747253,-0.18494622267925645
2020-10-08,,,,,,,-0.2,-0.2752891055748288
2020-10-09,,,,,,,-0.2703296703296703,-0.3823429042895208
2020-10-12,,,,,,,-0.24835164835164836,-0.3800938619256009
2020-10-13,,,,,,,-0.1824175824175824,-0.25900520263244087
2020-10-14,,,,,,,-0.15164835164835166,-0.23712317686253206
2020-10-15,,,,,,,-0.14285714285714285,-0.2318729656715902
2020-10-16,,,,,,,-0.05054945054945055,-0.16557097211969607
2020-10-19,,,,,,,-0.04615384615384615,-0.22773172583198953
2020-10-20,,,,,,,-0.002197802197802198,-0.1523252405949801
2020-10-21,,,,,,,0.0989010989010989,0.005705443307345522
2020-10-22,,,0.11078234188139946,0.11553540467439777,0.1931162057461152,0.12508567450530797,0.0411764705882353,0.01852420908740636
2020-10-23,,,0.1661735128220992,0.1731281535117479,0.2344982498345685,0.21626742766125887,0.05445181753773658,0.053560177849826515
2020-10-26,,,,,0.1874873733122184,0.17910420236644428,-0.055406635171773515,-0.05340088117747639
2020-10-27,,,,,0.1745572096355137,0.17960624044025525,-0.07327974329170046,-0.08147755388735557
2020-10-28,,,0.12309149097933272,0.1323403364991765,0.20231221554354928,0.2174533159121834,0.0,-0.014870302356984005
2020-10-29,,,,,0.22561395032806852,0.23048655750027713,0.007142857142857141,-0.007074242625237072
2020-10-30,,,,,0.298786042326361,0.33065762972566864,0.08214285714285713,0.050356819195139686
2020-11-02,,,,,0.3658604599914625,0.3819421585770234,0.024999999999999998,0.015298124783084498
2020-11-03,,,,,0.3658604599914625,0.3819421585770234,0.1928571428571428,0.18439104833810369
2020-11-04,,,,,0.3658604599914625,0.3819421585770234,0.11438789196753243,0.09500960551323802
2020-11-05,,,,,0.3658604599914625,0.3620230016972364,0.04615384615384615,0.04920795336923988
2020-11-06,,,,,0.3658604599914625,0.3620230016972364,0.18681318681318684,0.19861702270357284
2020-11-09,,,,,0.42073952899018185,0.4527593084623836,0.3806972029544439,0.38025935125261223
2020-11-10,,,0.4862113893683642,0.5383449785355332,0.5321324864777409,0.6201121334149541,0.4323529411764706,0.4303819444444444
2020-11-11,,,0.473902240270431,0.5681789528070886,0.5229577884350213,0.6401848685608141,0.4147058823529412,0.41421138466355
2020-11-12,,,0.44312936752559784,0.5181017021555852,0.5321324864777409,0.6152334975327778,0.23399564833784092,0.23742055805721268
2020-11-13,,,0.7020800705051397,0.6839880262832941,0.7540728033895928,0.7539764112408366,0.3411764705882353,0.3676661141043137
2020-11-14,,,0.7269324623814278,0.7107374298083208,0.7770628278831779,0.7768564423131488,0.25357142857142856,0.23641686302351916
2020-11-17,,,0.7269324623814278,0.7145359188858659,0.7678668180857438,0.7622488565189652,0.1928571428571428,0.17291329222416205
2020-11-18,,,0.6905138345412429,0.692939060070526,0.7381098177018927,0.7396975893099451,0.31764705882352945,0.3022802864838758
2020-11-19,,,0.3677458160699932,0.11198454100728468,0.4700910087414725,0.3240597468428079,0.1341683721065912,0.05363504697622476
2020-11-20,,,0.6247506122039815,0.6045705708561533,0.6881893469394459,0.6870178709056578,0.15599709889189395,0.13100351579211006
2020-11-23,,,0.3677458160699932,0.17249240064595217,0.42400365494328895,0.37086334439082275,-0.042895459487824666,-0.1153554657620243
2020-11-24,,,0.4300756154038903,0.2331288961347992,0.5392220394387479,0.5005337771347467,0.16815769304026093,0.10447652245668348
2020-11-25,,,0.41137667560372115,0.03125944632779588,0.4793084795011092,0.3982455162810846,0.10733469768527296,0.040956505745613894
2020-11-26,,,0.5966090870502337,0.31246957558146954,0.5974095136492468,0.5324149107705097,0.21983922987510138,0.18432044448224547
2020-11-27,,,0.39992477263806875,0.13667948232936586,0.42135876816019346,0.3292558247972627,0.04270991377115802,-0.09154882508953587
2020-12-01,,,0.5048230736578901,0.23279087273618615,0.3922995427698353,0.24738082964214653,0.15022107602269372,-0.006065147935398833
2020-12-02,,,0.4402043892400667,0.11090858786116792,0.31697154070013095,0.27584283863600306,0.2507739938080495,0.23505493335290822
2020-12-03,,,0.25336082569532675,-0.12212148796645186,0.25846393280051005,0.1862909702937424,0.10216718266253869,0.04023387076906899
2020-12-04,,,0.24766732399430816,-0.07636643327969703,0.22206056198353682,0.10656076310524339,0.2719298245614035,0.16859402102779014
2020-12-07,,,0.2511100593761594,-0.19475485365577103,0.1638151686763796,-0.0920597567182118,0.17853457172342618,0.03479279342131795
2020-12-08,,,0.2903685867519475,-0.06527865210835726,0.22969052726538808,-0.02367356668135884,0.3064935064935065,0.23023768766087208
2020-12-09,,,0.5309573245312402,0.33805667870304346,0.3712547295433163,0.178392598015033,0.25127046866177305,0.20397291053341568
2020-12-10,,,0.5401513907568894,0.35474746804175106,0.36494445085419475,0.21046192238864253,0.16657255787690575,0.0489709800273616
2020-12-11,,,0.4940917061237299,0.33281553547044734,0.4772864237050051,0.39740863904818097,0.20923076923076922,0.15959814904743294
2020-12-14,,,0.571645199007752,0.39113058320036903,0.37890839319751524,0.22767906556273787,0.35160608459603393,0.30224583784837133
2020-12-15,,,0.583462154026,0.4472351981786444,0.4218463224465378,0.2881996416362308,0.3861538461538461,0.36618808879026216
2020-12-16,,,0.5007434688982634,0.3051450433572259,0.4015073033285797,0.2290773958632351,0.3923076923076923,0.37286607896870017
2020-12-17,,,0.5919342027506945,0.5513099497473516,0.45626483822096175,0.41469641158492215,0.3695652173913043,0.3571047617004053
2020-12-18,,,0.5768043833946623,0.4445719382950539,0.4477275254674926,0.4101972975913263,0.3596837944664032,0.3557473721904255
2020-12-21,,,0.5237648998641188,0.33929224236141314,0.39483663646995915,0.3252442096912409,0.32411067193675897,0.3051516707188139
2020-12-22,,,0.5906728403542268,0.3842959206344438,0.44927752889522743,0.32876603200051246,0.3053359683794466,0.2653834782089916
2020-12-23,,,0.6068310639505431,0.42860475046022584,0.4461719238567811,0.34533279625413915,0.3656126482213439,0.34930949322172006
2020-12-24,,,0.5410271965531783,0.34640101240364224,0.41161093145984723,0.33511558509786954,0.3913043478260869,0.39641951776893514
2020-12-28,,,0.5657367214986279,0.4532664430638687,0.42461641013627077,0.3671044019034064,0.3782608695652173,0.40100200714045336
2020-12-29,,,0.4488395443421177,0.19264230457858422,0.27211679238600583,0.15311206855796508,0.3339920948616601,0.32939583889612967
2020-12-30,,,0.5036977076528254,0.14382077161304407,0.34461621692219074,0.12684091203527828,0.43769230769230766,0.40343725732516217
2020-12-31,,,0.4344766789231699,0.09902487536255881,0.2503888355795187,0.10557864643219239,0.37913043478260866,0.3421258300041703
2021-01-01,,,0.35009484458685175,-0.1278951884241409,0.14065968037640442,-0.151967778478663,0.3577075098814229,0.2850722613038199
2021-01-04,,,0.20639417061618842,-0.09094141774509805,0.04896430528397314,-0.11842817851434764,0.29217391304347823,0.28615080875173027
2021-01-05,,,0.19154566913300938,-0.10237009086023093,-0.0037721831870110266,-0.1575573563891804,0.3565217391304348,0.32885876388850294
2021-01-06,,,0.2850912284770373,-0.010096934230886178,0.042248451694523494,-0.11197189017305685,0.3095652173913043,0.2583495123450991
2021-01-07,,,0.3155574123138956,0.15068863331282667,0.0762468240724732,-0.016686286132230475,0.30076923076923073,0.2884484497996056
2021-01-08,,,0.3649996260498839,0.20656644072475763,0.08436926448930755,-0.01276635772118671,0.3565217391304348,0.3438748396812889
2021-01-11,,,0.3115850466279497,0.26124753225693165,0.0773969272830482,0.03197227346728017,0.31478260869565217,0.3142027412011958
2021-01-12,,,0.28784523355153446,0.2548357866320412,0.05047089929271077,0.020721439381161097,0.35826086956521735,0.35810915153963496
2021-01-13,,,0.07497676080566722,0.07934695527533908,-0.2192851897730787,-0.23062261222796482,0.13652173913043478,0.13807725525338288
2021-01-14,,,0.20730676435516526,0.194663292826594,-0.11844646259631683,-0.1285967558593037,0.17153846153846153,0.1695080742283352
2021-01-15,,,0.17750641697911024,0.10605350604894406,-0.12903385590101554,-0.17843974737634508,0.18,0.16506449287352673
2021-01-18,,,0.20730676435516526,0.10411015227696142,-0.09727167598691942,-0.16413257433419398,0.20230769230769227,0.1779834332294518
2021-01-19,,,0.11920138950422002,0.0692118132879566,-0.15417891499967498,-0.1855321739247652,0.16692307692307692,0.15962100718413785
2021-01-20,,,-0.09140179582588942,-0.06054376377667682,-0.3272910513891272,-0.3197976796451289,0.029565217391304344,0.03203980454641507
2021-01-21,,,-0.10933427420751245,-0.08305326454787232,-0.31207439734575265,-0.333408068840513,0.06818181818181818,0.060613905365663114
2021-01-22,,,-0.2916418095111622,-0.09656725889781509,-0.4542739807701553,-0.42630259750933136,-0.006211180124223602,0.04142947342709284
2021-01-25,,,-0.2959675585729572,-0.21026366899067864,-0.4166010667876246,-0.4269825966648791,0.012845849802371542,0.04800831240370521
2021-01-27,,,-0.3617262753626818,-0.29759228503493534,-0.482094685011276,-0.5465997596539756,-0.12140033879164315,-0.0890415009305715
2021-01-28,,,-0.38888143595287655,-0.36853058012433193,-0.4975429826737014,-0.5801672575453953,-0.07848673066064371,-0.05464552194169788
2021-01-29,,,-0.3617262753626818,-0.30586150926668293,-0.5204150317685826,-0.5873897711810135,-0.101072840203275,-0.047603782347718705
2021-02-01,,,-0.42728916277216794,-0.3766251972941479,-0.5426339083799109,-0.5814492816613844,-0.3280632411067194,-0.28786571851198905
2021-02-02,,,-0.37303022146776565,-0.11921125887195573,-0.6724602785798311,-0.569822386195615,-0.49323308270676686,-0.2993559484283821
2021-02-03,,,-0.4385931088772517,-0.39490342114196014,-0.6415567731303904,-0.6288966809880838,-0.48872180451127817,-0.3811908447451408
2021-02-04,,,-0.46346179030843615,-0.43617693067212393,-0.7157251862090482,-0.704194909509319,-0.5157894736842105,-0.4735607869897058
2021-02-05,,,-0.436332319656235,-0.5059728239498708,-0.723142027516914,-0.7352698847958926,-0.6180451127819548,-0.6284353454935369
2021-02-08,,,-0.5085838053764807,-0.4969325294581613,-0.8201623827764769,-0.7936536036901977,-0.6281260480680853,-0.4792338407172484
2021-02-09,,,-0.4717632583808984,-0.5210581660645145,-0.8127176410266149,-0.7889902049403517,-0.638961038961039,-0.4883929984819872
2021-02-10,,,-0.4717632583808984,-0.481910517442699,-0.7742531419856605,-0.738758195480719,-0.6090909090909091,-0.4969850789275288
2021-02-11,,,-0.4717632583808984,-0.46274731607669645,-0.7767347225689479,-0.7670688265491187,-0.5493506493506494,-0.40521726417957676
2021-02-12,,,-0.3668351328674536,-0.3370409997108533,-0.6831446427154453,-0.6704334929160083,-0.42786561264822137,-0.21100122308823838
2021-02-15,,,-0.47266434542021846,-0.4874499571453561,-0.6478499640299078,-0.6227543893619725,-0.4367588932806324,-0.27864480282777676
2021-02-16,,,-0.3847772597200324,-0.4655910083957804,-0.6198121527461531,-0.6454727783519484,-0.350510988933965,-0.26189740190402855
2021-02-17,,,-0.4705636651658101,-0.48413469541091353,-0.6790279324697402,-0.6438928042911419,-0.36347826086956525,-0.23390153992598164
2021-02-18,,,-0.450378628590333,-0.4568614534447889,-0.6623925042800584,-0.6127949883094571,-0.288695652173913,-0.10379638922234684
2021-02-19,,,-0.4592095820921043,-0.4243362824509014,-0.6669294392408808,-0.6076422943356437,-0.27391304347826084,-0.15232849484297153
2021-02-22,,,-0.4806561834535487,-0.4708356761203882,-0.6722225300285067,-0.6090837627256382,-0.31130434782608696,-0.2324987524745171
2021-02-23,,,-0.4831793130254833,-0.4116558449507128,-0.6911264256985997,-0.5992621082016465,-0.3539130434782608,-0.24923420858268105
2021-02-24,,,-0.4491170638043657,-0.3890948501150259,-0.6812963999501513,-0.5861972935653676,-0.3278260869565217,-0.2497389660977362
2021-02-25,,,-0.49453339609918917,-0.46182094797410866,-0.6888579582181886,-0.6128551814305209,-0.3214441365417829,-0.28251604838336436
2021-02-26,,,-0.49705652567112385,-0.4082607014360663,-0.7145672563295151,-0.6069347573320599,-0.33391304347826084,-0.25647784501768084
2021-03-01,,,-0.4932718313132219,-0.3430154336543404,-0.7296903728655895,-0.5707075714060065,-0.22076923076923075,-0.13290729963653047
2021-03-02,,,-0.5260725157483722,-0.4264014166187018,-0.733471151999608,-0.6525767241962757,-0.10502019813426397,-0.01527845973543719
2021-03-03,,,-0.4554248877342023,-0.4387928061916105,-0.6971756723130296,-0.6770344016239733,-0.11153846153846154,-0.08103337943021277
2021-03-04,,,-0.5525653762536858,-0.5278145790786822,-0.7682543200325793,-0.7451929546121017,-0.1423076923076923,-0.09303384645150282
2021-03-05,,,-0.4251473328709866,-0.31461709071527577,-0.6669294392408808,-0.5578095123758258,-0.057692307692307696,0.011938207606454556
2021-03-08,,,-0.47434835952371207,-0.36064535724344843,-0.7017126072738518,-0.601372627732603,-0.17307692307692307,-0.10774058525421729
2021-03-09,,,-0.4831793130254833,-0.3499267888305296,-0.7077618538882816,-0.6155984883180591,-0.19153846153846155,-0.103170286210157
2021-03-10,,,-0.47434835952371207,-0.42032933376989556,-0.7054933864078704,-0.6732994044757891,-0.027692307692307697,0.047868307826909304
2021-03-12,,,-0.47213109948129944,-0.320103173367812,-0.7096340205450216,-0.6193999212843255,-0.10956521739130433,0.013043697977213943
2021-03-15,,,0.19317538273082077,0.1739241595417645,-0.2075644868045384,-0.13279872458538003,0.12347826086956522,0.14593095229716607
2021-03-16,,,0.1161971804898973,0.0781684459738243,-0.23804185338054631,-0.21749076393680714,0.17076923076923078,0.18335617251000683
2021-03-17,,,0.1285585826696736,0.09525338597484113,-0.19058414210531083,-0.17198956372995883,0.23384615384615384,0.25470168435341806
2021-03-18,,,0.1557536674651815,0.14104540819280148,-0.19661051814026137,-0.19107010134870425,0.22153846153846157,0.22400178308104776
2021-03-19,,,0.11001647940000914,0.06762269988069886,-0.1822978750572538,-0.17908150171491513,0.19076923076923075,0.19456616280557712
2021-03-22,,,0.07659295717020316,0.029169848354183278,-0.24189963851453652,-0.21914983554172215,0.28159261917319134,0.29496628238499
2021-03-23,,,0.09635888160122333,0.07733487800952153,-0.30960506879558397,-0.26281386768288023,0.18,0.20208699123207982
2021-03-24,,,0.14330295212489624,0.1255597508696821,-0.25320335994044935,-0.2191989508977908,0.27999999999999997,0.3022986825983904
2021-03-25,,,0.1346553601863249,0.12220718563144449,-0.2622463370811797,-0.2393466249287348,0.2700519380595359,0.28119353994094937
2021-03-26,,,0.13712610074020243,0.13087797007980628,-0.24868187137008427,-0.2304756675582565,0.26076923076923075,0.26410420514070326
2021-03-30,,,0.09512351132428457,0.08601791951630108,-0.255464104225632,-0.2435062968695754,0.20923076923076922,0.21352446211217374
2021-03-31,,,0.16924572794061019,0.13955818558450642,-0.19668475281088482,-0.1892089257743387,0.15926139936844425,0.15776899962742222
2021-04-01,,,0.18036406043305905,0.16611177322476042,-0.1981919156676732,-0.1730670000194671,-0.1176923076923077,-0.09509306672685687
2021-04-05,,,0.20047843214385233,0.2000415887050714,-0.14153880337875693,-0.1412301052101827,-0.009565217391304347,-0.018134541037900187
2021-04-06,,,0.23119623000962253,0.2247696765737628,-0.13188210291792282,-0.15721141410005895,0.042490118577075096,0.025025180406873578
2021-04-07,,,0.2911625680365541,0.28832743244671627,-0.13036774083892297,-0.1617755925209011,0.06324110671936758,0.05943386592033968
2021-04-08,,,0.21244729376438082,0.20436905383568948,-0.1961308498195426,-0.2186536801140061,0.17391304347826084,0.1700962174096272
2021-04-09,,,0.2737877095695893,0.2540856781058356,-0.14336021758110065,-0.19134987353658942,0.17043478260869566,0.14410084177910584
2021-04-12,,,0.29323710970294814,0.28180761282458944,-0.1547938545660964,-0.17751517024150978,0.16,0.13136747723851047
2021-04-13,,,0.2451845183701007,0.14003208657159483,-0.18061869433045855,-0.2570638542786146,0.042608695652173914,0.0015935577611668633
2021-04-15,,,0.28604860476511745,0.216688681180889,-0.16025482193045587,-0.19831737170135283,-0.011304347826086955,-0.02915262029960472
2021-04-16,,,0.2103743707002715,0.09440123071634904,-0.15848405041741218,-0.21985405483205717,-0.05391304347826086,-0.06356912410318527
2021-04-19,,,0.15777154049226513,0.012566579066451752,-0.13873256927952626,-0.21419803417983474,-0.10307692307692308,-0.12478428061856402
2021-04-20,,,0.1628609450242737,0.06001072047230869,-0.14254390360039235,-0.1705185528181736,-0.15076923076923077,-0.17272122330788864
2021-04-22,,,0.2543221365138574,0.232346625002634,-0.07840596556016086,-0.031522304045373054,0.027826086956521737,-0.04734540793259393
2021-04-23,,,0.21188785538156849,0.29930813562026815,-0.06817470325218289,-0.015302920892147047,0.06695652173913043,0.0677574209233684
2021-04-26,,,0.19977997793119318,0.3070573545075136,-0.08234087535653258,-0.054840075437614245,0.09739130434782609,0.07590639521262343
2021-04-27,,,0.11502483577856575,0.09478946499410276,-0.04161313055652722,-0.03294573098019031,0.10434782608695652,0.11152620456457367
2021-04-28,,,0.15134846812969177,0.22047449421744714,-0.12483939166958165,-0.13826304489385885,-0.02,-0.07794992662343307
2021-04-29,,,0.1181087698098504,0.2477264520169081,-0.1636176111578852,-0.07880227060303259,-0.07454265795388214,-0.12494548565757876
2021-04-30,,,0.1855994954154792,0.29436011740224144,0.00785364533557849,0.18440750371634254,-0.0027355103836287026,-0.03498358772937715
2021-05-03,,,0.19833606957490296,0.21779578572404237,0.15987288307712902,0.25565276270747017,0.115995115995116,0.13441391413047024
2021-05-04,,,0.2045812619920623,0.25699351086212135,0.028796699563787793,0.19728471677842116,0.05025641025641025,0.06103397150775188
2021-05-05,,,0.24254479514522853,0.30849997794660944,0.06152022179536483,0.22799091296087523,0.050940170940170934,0.061755518687628796
2021-05-06,,,0.20563580457965025,0.2534731385465318,0.1335119707048343,0.3316326147914755,0.06256410256410255,0.09709472263296676
2021-05-07,,,0.23585910976474952,0.28644105733378755,0.16089061154469358,0.39161247633398916,0.15567765567765565,0.1804936921909741
2021-05-10,,,0.2304986754519143,0.2656363934176337,0.15520543092473976,0.3525903367591302,0.19291819291819293,0.22100159011037393
2021-05-11,,,0.16579673806321626,0.13910778472175211,0.12028046933874105,0.22660190481341916,0.21245421245421242,0.2539299106969684
2021-05-12,,,0.09092079184111859,0.051305876843207705,0.025845390105845183,0.09402743037371357,0.25946275946275943,0.3016189524303103
2021-05-14,,,0.1927511813770507,0.35540510613416254,-0.011764733803114099,0.2820818192753434,0.15599343185550082,0.2454695230106852
2021-05-17,-0.13373921960961418,0.11735849407546282,0.2321398388287419,0.314765329257879,0.027433082154092674,0.2805268396985673,0.18500273672687464,0.2437412435141698
2021-05-18,-0.07294866524160776,0.17251742884329085,0.25255604615244237,0.30452469232922696,0.057914284547528984,0.25767914971938716,0.1510673234811166,0.2082578991382248
2021-05-19,0.03647433262080388,0.3462650903416072,0.12479822251870061,0.22718809194597014,-0.02736035907273968,0.2731223867492501,0.0996168582375479,0.15368022744438142
2021-05-20,0.09118583155200968,0.16951900579673104,0.11434392115587752,0.1984533584021593,-0.035067502473511425,0.21022310239323386,0.02681992337164751,0.06348114682446628
2021-05-21,-0.17629260766721871,0.2123022608295763,0.13002537320011218,0.23347061948836867,-0.08670536325868208,0.22691699020461445,0.044827586206896544,0.11109956941247086
2021-05-24,-0.2006088294144213,0.22210191356412948,0.05423168831964477,0.16350763549433617,-0.148362510464856,0.1413079549732631,-0.10745272525027807,-0.08373574844183855
2021-05-25,0.006079055436800646,0.20235127696145197,0.023823274200565934,0.12025698231376622,-0.1194592676534388,0.11342449247277765,-0.13266129032258067,-0.1210551876752018
2021-05-26,0.0790277206784084,0.2027815459481143,-0.03460046967225052,0.040422271466516974,-0.13383545459167498,0.07541180663909916,-0.15887096774193551,-0.14557689019517342
2021-05-27,-0.21276694028802262,0.07512940035133978,-0.08989282175737527,-0.01400664265389311,-0.22212082341200243,-0.010231398565708472,-0.17998533724340174,-0.1638241243487886
2021-05-28,-0.12766016417281356,0.23902150858213692,-0.0669202117527127,0.004484870381167237,-0.18724234700846487,0.010802482410802845,-0.18401759530791786,-0.1703143560590714
2021-05-31,0.006079055436800646,0.31987205870957713,-0.003995236522550013,0.06017990141971704,-0.11870920039098752,0.061221091808012405,-0.08890925905579035,-0.061940422173351016
2021-06-01,-0.06686960980480709,0.17266340411108683,0.010487495871693783,0.08410740239141672,-0.1441031788251421,0.03355994596254065,-0.013563049853372432,-0.014462184775071064
2021-06-02,0.0,0.24540615314400424,0.003495831957231261,0.06627703018541863,-0.11167231480080014,0.04005937542290724,-0.04765395894428152,-0.059371913078905346
2021-06-03,-0.07294866524160776,0.15702889167847425,0.026468441961893834,0.08412720790546466,-0.07862954768165926,0.06784572925043339,-0.04912023460410556,-0.05453892712732529
2021-06-04,-0.07294866524160776,0.15702889167847425,-0.004494641087868764,0.03404002070835105,-0.12421632824417768,-0.04611088944944408,-0.04912023460410556,-0.050211558848982596
2021-06-07,-0.07294866524160776,0.15702889167847425,0.22040436525371845,0.25706261402864966,0.042234266851305276,0.12181454251920742,0.0722140762463343,0.07138615342873868
2021-06-08,-0.06686960980480709,0.379662908867938,0.2698681330001585,0.26889336915892,0.06866289303139649,0.1202177005575173,0.1711229946524064,0.17113581410508366
2021-06-09,-0.18237166310401937,0.36805051992686166,0.294120988090042,0.29795845694365886,0.08678989679168515,0.17541811330934098,0.16194535027712295,0.16442608233421366
2021-06-10,-0.07294866524160776,0.5125033758944261,0.24221121417959451,0.23268661056712275,0.07374563100138425,0.142626540086425,0.16972140762463342,0.17149135858392875
2021-06-11,0.15197638592001614,0.5913445187410719,0.30164035745252593,0.29548075527656303,0.15697721453821628,0.24702361154161773,0.15615835777126097,0.1675697900839084
2021-06-14,0.2006088294144213,0.5501839450966657,0.40766384960494884,0.38385322028179264,0.325076999821463,0.38306453698295134,0.26615342426877137,0.2650018998640437
2021-06-15,0.1580554413568168,0.5716785135162801,0.3693832198249719,0.3530415723073054,0.2788995520575487,0.3466611131745507,0.3170821114369501,0.3201076342051874
2021-06-16,0.15197638592001614,0.41183120558851766,0.3665860523009296,0.33909144992522194,0.2942553872363982,0.32200594530747856,0.3308823529411765,0.3299977297873272
2021-06-17,0.15197638592001614,0.3890793769771705,0.38758382140647213,0.3780819746828676,0.283560177448682,0.335410312123105,0.3185160427807487,0.31721518692782813
2021-06-18,0.23100410659842457,0.4280558009592805,0.39473792266625535,0.39851703805162436,0.28593320304145614,0.3509092556272989,0.33687683284457476,0.3456703096290513
2021-06-21,0.21884599572482327,0.27495432553957105,0.41909832343533154,0.4157991978367584,0.31682010518818027,0.3639042438722157,0.3775659824046921,0.3788160479569045
2021-06-22,0.26747843921922837,0.2826748031926805,0.40120088613560206,0.3828462541887196,0.33027578533130764,0.3367795811138581,0.30461876832844575,0.30024701133154896
2021-06-23,0.18845071854082002,0.22923474787011777,0.3235794005492186,0.3218905084139908,0.25796560148864983,0.2994848822300811,0.3173387096774194,0.31838729189166337
2021-06-24,0.1702135522304181,0.4964490221044265,0.3599749746004488,0.3600617658873301,0.28674264069853905,0.3502290897301377,0.38225806451612904,0.38281945430765574
2021-06-25,0.2006088294144213,0.26109134562120945,0.35408129855814796,0.37007025740253696,0.28414310744402677,0.3592849826329512,0.36253665689149556,0.377353883632977
2021-06-28,0.23708316203522517,0.2924435215443413,0.3699504884094935,0.3970803467648289,0.2951421954741181,0.38450798989756385,0.3911290322580645,0.40986497410937145
2021-06-29,0.21884599572482327,0.32610139426180274,0.4536474255641863,0.47404596234912943,0.36687219883586647,0.45286394733785973,0.40362903225806457,0.4272432925190267
2021-06-30,0.17629260766721871,0.6401183680526163,0.3611123362895497,0.4151036089077713,0.31812169005318,0.476626340090947,0.385483870967742,0.4185984822098415
2021-07-01,0.19452977397762067,0.5284678251151026,0.3065189752127044,0.3702167359432776,0.282974218897244,0.42646509743382555,0.3862903225806452,0.43181352027396264
2021-07-02,0.10334394242561099,0.508860316597291,0.2513995798451207,0.2932918648174792,0.23445557311897136,0.3591435749174992,0.35839822024471635,0.37770455112728174
2021-07-05,0.11550205329921229,0.5254874230715633,0.2802057817023741,0.32128921109651437,0.2684458374261699,0.38592584932909774,0.4202447163515017,0.43989888628161944
2021-07-06,0.04863244349440517,0.45406463213704135,0.26273055018231806,0.33208584592309853,0.2709837858931235,0.3855994156905198,0.4165322580645161,0.4740260782557191
2021-07-07,0.14589733048321551,0.39046666139538044,0.27637889045152936,0.3249616598804147,0.2850297216979504,0.39241347242051794,0.42661290322580653,0.47656650730776023
2021-07-08,0.3100318272768329,0.5510031099982169,0.3099310602800073,0.3717121085364316,0.34909289231996565,0.46198897174359815,0.455241935483871,0.49595931232389967
2021-07-09,0.3100318272768329,0.593599785172643,0.3571315703776964,0.43677700512291745,0.38437902373209176,0.5118069134986674,0.3983870967741936,0.42772327353369216
2021-07-12,0.33434804902403553,0.5267559164758971,0.31959863463736526,0.3784838225741906,0.3603981577238507,0.45470772332921794,0.35322580645161294,0.3731174750503123
2021-07-13,0.43769199144964654,0.4844915657482568,0.3121493614506518,0.34041678336409803,0.3669072499260876,0.416174476181485,0.3266129032258065,0.3337264048210339
2021-07-14,0.3039527718400323,0.30536383476570245,0.2917177668829728,0.30098265134262214,0.32065843691019413,0.3491738558739097,0.31979030306685025,0.3117853104152007
2021-07-15,0.5288778230016562,0.5337141761075553,0.31101427286355854,0.32577637026813905,0.3775273477297372,0.4013852456669719,0.36814516129032265,0.35616723224167296
2021-07-16,0.7112494861056756,0.6983664731080963,0.2968256655248926,0.3093152496772086,0.3987675433370364,0.42026290203572236,0.34314516129032263,0.33092983517481195
2021-07-19,0.6930123197952736,0.6891354036446972,0.3325809560183308,0.3384877384432735,0.42754458254692557,0.4411227910854184,0.3435483870967742,0.3286179841421206
2021-07-20,0.7538028741632801,0.7499215548231615,0.3297432345505977,0.33469889609644354,0.4561946278434794,0.46388968458192387,0.3653225806451613,0.3574050549556148
2021-07-22,0.7112494861056756,0.7117771345335074,0.3200949815603048,0.3284507036519049,0.45037669185447776,0.4679748413990711,0.3487903225806452,0.3419493127017288
2021-07-23,0.7781190959104827,0.7697010978029601,0.3303107788441442,0.3419378195814085,0.47672851956936746,0.4869330656182199,0.36774193548387096,0.3643486603411326
2021-07-26,0.7659609850368815,0.7696434425912027,0.3410941204215304,0.33350690985007597,0.4921289383637835,0.49302410377279776,0.39637096774193553,0.37428778701047816
2021-07-27,0.7416447632896788,0.7549287801967862,0.3882002967859015,0.36148936815179966,0.5396991208620907,0.5353423850004521,0.4838709677419355,0.4384501121000838
2021-07-28,0.8267515394048879,0.8563511836562857,0.38536257531816825,0.31020960262452224,0.5520194558976236,0.5202241522448137,0.44516129032258067,0.35521179629145544
2021-07-29,0.7598819296000807,0.7687572822625655,0.36322834786984937,0.3185709866305205,0.5393568893333259,0.5289434701341976,0.4278225806451613,0.37035655475813734
2021-07-30,0.7416447632896788,0.7503071074882638,0.3995511826568343,0.34465514989689383,0.5669761891948412,0.5549641925458045,0.5387096774193548,0.47645064643362545
2021-08-02,0.7477238187264795,0.7527310312192088,0.3904704739600881,0.34703863412900043,0.550874750589308,0.5435677022031224,0.4556451612903226,0.3969650368209788
2021-08-03,0.7477238187264795,0.7537387208110837,0.38933538537299484,0.3339253196438476,0.538199149984952,0.5224789434945969,0.531924360400445,0.48440453316199655
2021-08-04,0.7294866524160775,0.734701186122128,0.40636171417939404,0.3228141774328031,0.5519025019896611,0.5250540331300813,0.5199110122358176,0.45064457021855464
2021-08-05,0.7598819296000807,0.770901433651811,0.36493098075048935,0.22671093245261137,0.5306623063823619,0.5080922594549718,0.45984427141268075,0.3603110891389703
2021-08-06,0.7598819296000807,0.7888526541959734,0.35528272776019637,0.21792580066999506,0.5429953231866002,0.5176887828358945,0.4758064516129033,0.3595247079506778
2021-08-09,0.7841981513472833,0.7951655236323817,0.33598622177961074,0.18257256726676477,0.5313474739825974,0.5048094036554179,0.4495967741935484,0.29704660149634654
2021-08-10,0.772040040473682,0.78229715493847,0.32123007014739813,0.07933444914530113,0.5092405148020236,0.4416497143737532,0.4512096774193548,0.19949598634319057
2021-08-11,0.7173285415424762,0.7177339393895138,0.3524450062924632,0.18645591788713728,0.5331967218155595,0.4999739490379415,0.4843159065628476,0.344314245798476
2021-08-12,0.6747751534848716,0.6923908109044832,0.39501082830846124,0.23427326937572557,0.5561262342428013,0.5168747040393405,0.4825361512791991,0.31487830152641627
2021-08-13,0.6990913752320743,0.7013802651702051,0.3596179962656857,0.27595527066538145,0.5507448758005244,0.5379564027366788,0.4776418242491657,0.37007372299513164
2021-08-16,0.6383008208640678,0.6418871697607988,0.32218142252193926,0.2553218853489089,0.5309830380865116,0.5232455256760281,0.4901001112347052,0.4201384178847344
2021-08-17,0.6990913752320743,0.723211952426913,0.35054246323689864,0.30811823875569005,0.5329457872103271,0.5312238243464662,0.517686318131257,0.5096627082495901
2021-08-18,0.6565379871744699,0.675190392573587,0.31026978542165634,0.2494446707449422,0.49905906085591334,0.49305466269324494,0.4923248053392658,0.44385071280579763
2021-08-20,0.6565379871744699,0.6788280622147974,0.36585742522297676,0.3132981599242046,0.5130929576289535,0.5112245974786095,0.5216907675194661,0.4834151258757259
2021-08-23,0.6383008208640678,0.6603420694329124,0.2932531609926806,0.23957796940693823,0.4672260754926761,0.4619425558152748,0.47274749721913245,0.4386307170622763
2021-08-24,0.6383008208640678,0.7066588312766201,0.2529804831774382,0.20220429979198265,0.4511384377284594,0.44968925894845685,0.45317018909899887,0.4091989822948872
2021-08-25,0.6383008208640678,0.6918644279800013,0.2864465112210904,0.2365405093897152,0.4774947804485591,0.4804229748650295,0.5038932146829811,0.4394313087955907
2021-08-26,0.6383008208640678,0.6918644279800013,0.297223706692775,0.2296872890343281,0.48810577556963813,0.47735961135372496,0.5087875417130144,0.4374311416249401
2021-08-27,0.6261427099904666,0.6728115612108635,0.31367311030745143,0.24078263852716078,0.4870789050740499,0.4863683198230895,0.5047830923248053,0.42513858517751163
2021-08-30,,,0.35321006202434646,0.29387581210840313,0.5003271650008331,0.5129354615575074,0.4455391351943076,0.3674179499761827
2021-08-31,,,0.2996247748368922,0.26379563620801094,0.45242813266829035,0.4694013410110139,0.42145593869731796,0.3506352110999576
2021-09-01,,,0.3652856197003925,0.27476146532086276,0.46505605937414246,0.4327828195741481,0.4510125889436234,0.35231411730726897
2021-09-02,,,0.33887033728404176,0.311425483968656,0.4781194318284724,0.4699281253437027,0.43349753694581283,0.39045510184346105
2021-09-03,,,0.4632356940426991,0.4242234353809543,0.49542266856679473,0.4762340168387734,0.5262515262515262,0.44461264755661273
2021-09-06,,,0.46059366536945173,0.44356110333710674,0.4686965705621924,0.4517603912178099,0.5268620268620269,0.45238239378852535
2021-09-07,,,0.4569987446703659,0.4470315698627389,0.4411771057162543,0.4271021874998847,0.4981196581196581,0.43321136803259813
2021-09-08,,,0.4663252496636387,0.4385601790048863,0.4479644458041967,0.4247991949486491,0.5487179487179487,0.470088984417137
2021-09-09,,,0.4704703629939822,0.445791760573014,0.43778343567228306,0.4182060709360984,0.5535042735042734,0.4812785010877576
2021-09-13,,,-0.021795892220221172,0.06220761762103326,0.1160490603771989,0.15506697692439608,0.2512820512820513,0.20380163547866167
2021-09-14,,,-0.07991827147414429,0.006759103790467351,0.1092559446478019,0.14322566508965787,0.388034188034188,0.33176579858763533
2021-09-15,,,-0.04149433407941541,0.0719782350561561,0.03904933604643536,0.10160588260791308,0.3524786324786324,0.28326400497519044
2021-09-16,,,-0.021784525391693094,0.15702002784259864,-0.03339001198173457,0.048541584156143326,0.3374358974358974,0.2675177267457241
2021-09-17,,,-0.02385924209566386,0.15261527212933138,-0.03678560642055504,0.06137975549112364,0.36615384615384616,0.2576979529568505
2021-09-20,,,-0.03644078145465823,0.15762157651763525,-0.00396828521274908,0.08079493128091639,0.43384615384615377,0.3480081197235474
2021-09-21,,,-0.04789359848326512,0.07325352300217845,-0.005102080987820245,0.06719261333709342,0.4147008547008547,0.29179605014970617
2021-09-22,,,0.013535147397444488,0.1393214585767288,0.02494350705156564,0.09391344161787163,0.41880341880341876,0.2618896162713057
2021-09-23,,,0.010378996295343416,0.11652073113690081,-0.032833392692085545,-0.0065802564416742775,0.3688888888888889,0.1610007340911272
2021-09-24,,,-0.042553884810908,0.04137142660930316,-0.06395036193111876,-0.06200925175899333,0.3558974358974359,0.14895096582278716
2021-09-27,,,-0.03944018592230498,0.00653670836407621,-0.015280174974692093,-0.02262035047931123,0.362051282051282,0.11763449536839768
2021-09-28,,,-0.09548676591715943,-0.08598913951859428,-0.044708660111136125,-0.04139391489989348,0.3757264957264957,0.059348317602612125
2021-09-29,,,-0.1349269518394644,-0.130254677490573,-0.024335093478213336,0.0026239997468277963,0.3367521367521367,0.0396655525688066
2021-09-30,,,-0.13285115258039573,-0.1497909207234367,-0.0628184971181786,-0.073627103663615,0.4242735042735042,0.12503008046050884
2021-10-01,,,-0.023871691479289858,0.006421398517169682,-0.08771952300286202,-0.06964862753053305,0.4256410256410256,0.19276148905277568
2021-10-04,,,0.015568494443015122,0.025926657461037412,0.08201369272930369,0.1354112016395051,0.4229059829059829,0.29046160192126386
2021-10-05,,,-0.006227397777206049,-0.00429748876226257,0.1023757129931308,0.13888737289148376,0.3429059829059829,0.21571720643091813
2021-10-06,,,-0.008303197036274733,-0.0010223355591029524,0.08658765818992188,0.1224915178386711,0.3654700854700854,0.2362923005977227
2021-10-07,,,0.0246766940221955,0.026881528582241597,0.17057349505542077,0.18125475138845878,0.20846153846153848,0.13890958958029476
2021-10-08,,,-0.03578120633218348,-0.03556912458684254,0.16276096856433278,0.17229445518990785,0.36153846153846153,0.2888616806397382
2021-10-11,,,0.03207970222885415,0.028651097707573955,0.04557307119801318,0.05042696699611813,0.36076923076923073,0.2994140056194562
2021-10-12,,,0.037015041033293256,0.034306013979483,-0.036458456958410546,-0.04326867437963956,0.4246153846153846,0.3977661155872691
2021-10-13,,,-0.08168717229557564,-0.04599061726493447,-0.1340275812646924,-0.16619017685727766,0.363076923076923,0.32037497214748845
2021-10-14,,,-0.15663502188007308,-0.13125584896072634,-0.1891735312048496,-0.2166107270129082,0.3130769230769231,0.2903002439148657
2021-10-18,,,-0.2673398366037021,-0.2846328700744405,-0.25113906003966635,-0.3059687714473897,0.19230769230769232,0.1380545765413506
2021-10-19,,,-0.23763541031440183,-0.22348903813812643,-0.28041692973340987,-0.36436984189114235,0.30230769230769233,0.29706472744155377
2021-10-20,,,-0.315609529323815,-0.35770676511548,-0.34547886238617315,-0.5413964323961773,0.2538461538461539,0.19407668403970746
2021-10-21,,,-0.40153263545447304,-0.4254286865254804,-0.4116155110008969,-0.5408634526942551,0.2169230769230769,0.13887852161611064
2021-10-22,,,-0.3008386928172832,-0.35378419020344964,-0.3489925489468777,-0.48783214787900964,0.25769230769230766,0.15890461535552755
2021-10-25,,,-0.3008386928172832,-0.32714185266876883,-0.27136616890074977,-0.4653852574486823,0.18076923076923077,0.08782481640656424
2021-10-26,,,-0.3605091773430253,-0.3642244473931584,-0.1989583690257901,-0.3783301400558323,0.1753846153846154,0.06539862291564415
2021-10-27,,,-0.2859210716858477,-0.31049050905075204,-0.18786888616205752,-0.40132721088506634,0.18846153846153846,0.030460698825809804
2021-10-28,,,-0.23122312753725072,-0.22730380396493763,-0.216571077103483,-0.3318025572174771,0.23555555555555555,0.11534214323474265
2021-10-29,,,-0.24987015395154513,-0.25663376615915756,-0.21852804466767106,-0.34770101614514903,0.21367521367521364,0.06767783158237105
2021-11-01,,,-0.22625058716010554,-0.20906387120290157,-0.17417011321274084,-0.3054891779794957,0.3408547008547009,0.05327129891203419
2021-11-02,,,-0.22500745206581926,-0.2170574586578189,-0.216571077103483,-0.3840642482889546,0.24444444444444444,-0.017867803226703814
2021-11-03,,,-0.27597599093155734,-0.2947399383880328,-0.19498055820095803,-0.3455896962240376,0.13846153846153847,-0.07799324747769734
2021-11-08,,,-0.20747278683630144,-0.239284306511014,-0.17998205372396123,-0.32648452939226535,0.13572649572649573,-0.08983840016119041
2021-11-09,,,-0.18522712904865782,-0.21317153696535615,-0.2145438249100842,-0.3240948514602028,0.107008547008547,-0.08599275046023266
2021-11-10,,,-0.147933076220069,-0.14803046418358293,-0.20737062711673795,-0.33892160363088975,0.14803418803418802,-0.06749639824163824
2021-11-11,,,-0.1366587218682225,-0.12981058007279334,-0.22758600271616833,-0.32595790654224693,0.07965811965811966,-0.08746424389449872
2021-11-12,,,-0.2447433473458167,-0.23277637278098823,-0.2041100826652169,-0.3053586299181143,-0.0003418803418803419,-0.2128101679489784
2021-11-15,,,-0.15422933763872188,-0.12978508858967316,-0.2837625324915678,-0.3285737880895482,0.06188034188034188,-0.0488864006580287
2021-11-16,,,-0.15176166823650233,-0.13320203597462807,-0.19980526943787,-0.24002296929672737,0.024957264957264955,-0.0699562479932403
2021-11-17,,,-0.025910528723305275,-0.0009229403571079538,-0.08070310557099634,-0.10279623908201595,0.04752136752136752,-0.02316790247251576
2021-11-18,,,-0.11474662720320908,-0.08102142770453954,-0.1731776705524501,-0.21898780781375218,0.046153846153846156,-0.10287229162864941
2021-11-22,,,-0.18507520516646625,-0.1376459637019927,-0.1802803245416612,-0.1998590658244303,0.024957264957264955,-0.12584762210432918
2021-11-23,,,-0.1628661805464903,-0.12148156826873416,-0.19596420615145668,-0.22232964179734985,-0.07076923076923076,-0.16895237838772573
2021-11-24,,,-0.2541699484286137,-0.2370074238891541,-0.206380908139574,-0.22478117110788612,-0.1794871794871795,-0.25421364889058357
2021-11-25,,,-0.21948629221922994,-0.18302473471206473,-0.3121955346628872,-0.32464319695795585,-0.11726495726495725,-0.20531501350459205
2021-11-26,,,-0.15552774562660654,-0.13020430750101758,-0.28348178180791317,-0.33300159794929074,0.037955206572848246,-0.0907921489455227
2021-11-29,,,-0.11539155320683712,-0.0893776947831322,-0.22939215447444924,-0.25490129750030144,0.027692307692307693,-0.07118429169018269
2021-11-30,,,-0.07650961680018548,-0.047613044689502414,-0.19811140613702435,-0.20056022548669564,0.016752136752136753,-0.07629517169377655
2021-12-01,,,-0.017559584183649127,0.007152372091195681,-0.18181934971128222,-0.18252839035473226,-0.03863247863247863,-0.1148781877505238
2021-12-02,,,-0.05188555163142795,-0.059111455223523936,-0.15024410105651448,-0.1488810224732891,-0.021542144271076032,-0.05793827760874931
2021-12-03,,,-0.018825927470867507,-0.012712512538410046,-0.15189164426840113,-0.15887843758807488,0.06736194319685679,0.004605676618078974
2021-12-06,,,-0.16553961710979392,-0.1572333239153817,-0.1990246533475906,-0.20763628837784573,0.08717948717948718,0.022437111373125367
2021-12-07,,,-0.04769234959286435,-0.03884676606835827,-0.18774589506137135,-0.20039624953470578,0.0338577311182031,-0.020641720523378607
2021-12-08,,,-0.1161248060322435,-0.09292292073689636,-0.22048809635566408,-0.2198615785261748,0.0003418803418803419,-0.05276360303091257
2021-12-09,,,-0.1501552393166124,-0.1318215996994469,-0.26536620446345416,-0.26816721172558977,-0.08692307692307692,-0.1477839311324115
2021-12-10,,,-0.2289252009253271,-0.22310017897797646,-0.29593535056586184,-0.3029168436968666,-0.1776923076923077,-0.22590581055902775
2021-12-13,,,0.06725663500057741,0.09208953939585338,-0.09378093024257131,-0.09448250388819329,-0.041570451116971385,-0.10550044251850368
2021-12-14,,,0.032382824259537264,0.04021095828357319,-0.14002013890383913,-0.13959039617835134,-0.04230769230769231,-0.10520926584064344
2021-12-15,,,0.02970442628930023,0.031450899888024686,-0.07424323644203563,-0.07267704834388182,0.016923076923076923,-0.01784096298476149
2021-12-16,,,-0.0086637910010459,-0.01092022073444852,-0.11266736758308916,-0.11254914034099309,-0.07615384615384616,-0.0944358787159204
2021-12-17,,,0.0,0.005806993134188889,-0.14636070765602782,-0.13045974194239937,-0.022307692307692306,-0.08585827241951283
2021-12-20,,,0.06312190586476299,0.06390989896425832,-0.007550083969669572,-0.007006259668334018,0.061538461538461535,0.01949020050890077
2021-12-21,,,0.02970442628930023,0.029080700715071073,-0.0867602133012536,-0.08730927503734474,0.06308905675464942,0.03782974160090345
2021-12-22,,,0.006188422143604215,0.005718403686731971,-0.09807676286228668,-0.09485691010636703,-0.012307692307692308,-0.038331913232697724
2021-12-23,,,-0.011139159858487587,-0.010658278666956653,-0.09807676286228668,-0.10209143703281334,0.015384615384615384,0.0016188109119962236
2021-12-24,,,-0.037130532861625286,-0.03572828640110204,-0.13504415809499473,-0.13238386749615913,0.02923076923076923,0.01334249351888099
2021-12-27,,,-0.0693103280083672,-0.06831838157553762,-0.15994056712926752,-0.1541913997101317,0.018461538461538463,0.009177949526918364
2021-12-28,,,-0.011139159858487587,-0.005422897492317014,-0.09656788958748228,-0.08775664245868013,0.07615384615384616,0.06622840050256243
2021-12-29,,,-0.022278319716975175,-0.02106981064797204,-0.09883119949968888,-0.09416938177096154,0.07692307692307691,0.06264960395814864
2021-12-30,,,0.016296743401013895,0.014027613909350091,-0.1240109857603386,-0.11333601223985723,0.1226086956521739,0.10360912865903582
2021-12-31,,,0.029648886646530256,0.029811613066676214,-0.0836475385517556,-0.08074766453599393,0.13348721154794724,0.12936761867575333
2022-01-03,,,0.05065018135448919,0.0580216062083895,-0.02260744285182584,-0.031100539110027695,0.15076923076923074,0.15140882087439392
2022-01-04,,,0.0738065277681488,0.07151956754964625,0.016265483163190826,0.015494923116469253,0.09462759462759461,0.08776006617718012
2022-01-05,,,0.07276699920803402,0.08791099018031147,0.04033839824471325,0.03800289592299648,0.15995115995115994,0.15184915998164833
2022-01-06,,,0.031169541941325558,0.06268870593596589,0.0039037159591657983,0.005272466389219082,0.08363858363858362,0.08536581412265876
2022-01-07,,,0.15273075551249524,0.19675514463373384,0.09499042167303444,0.10121491075995387,0.19230769230769232,0.20071570689882884
2022-01-10,,,0.08935268689846661,0.11428235433191035,0.06441131332623568,0.07506560068797795,0.14652014652014653,0.17352041802064194
2022-01-11,,,0.06764022098530792,0.13022731060978845,0.02212827088236997,0.04405176503920505,0.09523809523809523,0.15007417298337655
2022-01-12,,,-0.037202828737312565,0.014473158697652108,-0.05832412957380465,-0.04739685998259076,-0.00930487137383689,0.019462712777517405
2022-01-13,,,0.00532183482372016,-0.007314722473320912,-0.05670592819552329,-0.04762485330886218,0.13902572523262177,0.15438097613229865
2022-01-14,,,-0.07716660494394231,-0.08825221043997923,-0.11964950849255414,-0.11471843648749194,0.06787082649151616,0.09253355929015823
2022-01-17,,,0.052331375766581575,0.056508068868947076,-0.032322379071448276,-0.02229211967511638,0.09414340448823208,0.1324817355758009
2022-01-18,,,0.004434862353100134,0.0024990006150650847,-0.06577887670680702,-0.0548187474960741,0.03886152162014231,0.07981056317300854
2022-01-19,,,-0.03703755546897745,-0.060912546464201016,-0.10143504495669145,-0.09034211152998134,-0.02758620689655172,0.023196838944676113
2022-01-20,,,0.003023473915834893,-0.03334982977688754,-0.05591297600051773,-0.05209429169883454,-0.05369458128078817,-0.015475403348495073
2022-01-21,,,0.057479765213927635,0.02959597383330644,0.05965606754143963,0.06348872894148046,0.04516129032258065,0.07585650522906832
2022-01-24,,,0.17794615340455508,0.18178010547893544,0.12181990952986586,0.12740253476502011,0.1556451612903226,0.16194117342428357
2022-01-25,,,0.14781469611879977,0.14929491084792,0.10485764364596048,0.10577332647998505,0.10766129032258066,0.12228710266789812
2022-01-27,,,0.1353072987549013,0.13628038760397324,0.08018525690573448,0.07666212758646514,0.11209677419354838,0.12049997808844805
2022-01-28,,,0.15995626963237122,0.1566623139212861,0.11284431588431564,0.11350295176130334,0.10725806451612906,0.12844651951177513
2022-01-31,,,0.16543875604065664,0.16027859061965896,0.10832719803130475,0.1085150747451863,0.12459677419354842,0.14098078693173732
2022-02-01,,,0.1571201655608753,0.15907093952274418,0.14712125825190642,0.14771777953554768,0.19435483870967743,0.22076921404817793
2022-02-02,,,0.1718679067326542,0.16582384371226153,-0.06469007011665702,-0.06964182619839827,0.15725806451612906,0.17922304352851595
2022-02-03,,,0.2024978307048104,0.20147459674357912,-0.06276477041080412,-0.06426844965936966,0.13709677419354843,0.14946381020701843
2022-02-04,,,0.1821173655639769,0.18424399643423459,-0.07009148337600153,-0.0696041346416529,0.15150166852057842,0.18158792221917575
2022-02-07,,,0.2101856333749124,0.20997370481459082,-0.030909908817988253,-0.029353769081805422,0.08520578420467186,0.11308816323556634
2022-02-08,,,0.2579464439035874,0.24982465323540876,-0.041839300849333044,-0.042129185767389506,0.16173526140155728,0.16385620659382544
2022-02-09,,,0.2669749194109912,0.24464029468931636,-0.01959078727900664,-0.027312180127860464,0.1474972191323693,0.12654849957425976
2022-02-10,,,0.2549214603792305,0.2161520718262829,0.021276619186037717,0.016557344040376933,0.17142857142857137,0.1680998092724615
2022-02-11,,,0.2609730084001024,0.1743757601002467,0.060366221876665155,0.044243617093579185,0.2162561576354679,0.1633537116325106
2022-02-14,,,0.13076524685985913,0.013313438050545318,-0.05591297600051773,-0.14135038422681306,0.1842364532019704,0.1274877541957185
2022-02-15,,,0.04913145113231702,-0.04000122588752766,-0.13656620686852114,-0.1985737524810732,0.13152709359605907,0.10415684121744288
2022-02-16,,,-0.10204224465942766,-0.16155716126124015,-0.2469077435775075,-0.28994972376167777,0.05369458128078817,0.015485085014534937
2022-02-17,,,-0.04021410991726605,-0.10776550115451221,-0.18384620409353167,-0.22446670380856712,0.0901477832512315,0.04451808582205529
2022-02-18,,,-0.0007587567908918122,-0.053410456388053876,-0.17789969614441478,-0.2068522861638206,0.10394088669950736,0.025905096402125266
2022-02-21,,,0.03035027163567249,-0.02302895503200868,-0.10406388910954623,-0.11765459236031896,0.12807881773399013,0.08535685778843656
2022-02-22,,,0.013657622236052621,-0.06432458472763682,-0.09762183883133624,-0.12551652413630213,0.19753694581280784,0.12939192505156905
2022-02-23,,,-0.08270449020720753,-0.1877511306387062,-0.19722584697904477,-0.23182048799045885,0.1463234399570358,0.06888035526540286
2022-02-24,,,-0.0976107532250926,-0.3371540065813504,-0.16378688631393695,-0.25892153599802925,0.18555008210180626,0.09776079806975205
2022-02-25,,,-0.20498258177269446,-0.3936904356550167,-0.24142980473957487,-0.3193938194765456,0.12096332785987958,0.05803896836516876
2022-02-28,,,-0.20675732274042338,-0.3609545258652631,-0.20289171384217794,-0.26932293730045953,0.14012041598248495,0.08885893992080804
2022-03-02,,,-0.23604054870795121,-0.3510340511143326,-0.31227188359508395,-0.35981763289047886,0.021893814997263273,-0.047374104982985867
2022-03-03,,,-0.3478492296748754,-0.40631070456936064,-0.3717792298337115,-0.3997600204417165,-0.030103995621236997,-0.04755443429584558
2022-03-04,,,-0.3647092688683005,-0.4090503891602533,-0.40068279800675916,-0.41806361282303867,-0.07116463731622018,-0.08350724505607049
2022-03-07,,,-0.45458119311430517,-0.4564830257284769,-0.2887896927506511,-0.26638263391993006,0.013431013431013432,0.07631688126425065
2022-03-08,,,-0.25190725457608165,-0.21640241161170018,-0.38701855902169335,-0.37472382212966693,-0.07044334975369455,-0.027868629574550937
2022-03-09,,,-0.25114849778518983,-0.2531452601229981,-0.3820631357307626,-0.3878152540982703,-0.03314794215795328,0.002108203815950323
2022-03-10,,,-0.23445584838557,-0.25799397863629725,-0.3711612044907149,-0.3870123411131652,-0.010011123470522802,0.002070490629357084
2022-03-11,,,-0.3035027163567249,-0.2594412113493997,-0.4202198950709296,-0.3956985003291608,-0.1096774193548387,-0.03384165935285378
2022-03-14,,,-0.022340036069279128,0.02817092388071698,-0.15565715354882162,-0.16378735825041746,-0.08209121245828699,-0.024355021688982334
2022-03-15,,,-0.03235453499688701,0.03239462036443097,-0.17212089094340852,-0.17356140825409824,-0.14972191323692993,-0.09947160405432
2022-03-16,,,0.024651074283342483,0.08402581758941917,-0.16114506601368392,-0.16193330052675603,-0.14883203559510566,-0.11018434106020757
2022-03-17,,,0.003851730356772263,0.07816384678613365,-0.15316264788297512,-0.1588599560885843,-0.1657397107897664,-0.09718002640314413
2022-03-21,,,-0.09103217533631901,0.040651060566166804,-0.059439762632223836,-0.06684375254782704,-0.26009852216748763,-0.12644338319117243
2022-03-22,,,-0.09103217533631901,0.059889075968200374,-0.06849725027141984,-0.07054782057892149,-0.29359605911330044,-0.14017649106584915
2022-03-23,,,0.021393127492027906,0.15494427672330927,-0.07853022378314499,-0.06416379036509308,-0.25467980295566495,-0.14776535867905508
2022-03-24,,,0.004584241605434551,0.10701633336939154,-0.0884707584392393,-0.07122269596753306,-0.280295566502463,-0.271991354816441
2022-03-25,,,-0.05271877846249733,0.07370656839216029,-0.1252507366667882,-0.10385182397944775,-0.23004926108374377,-0.19791269715212492
2022-03-28,,,-0.10103075829300022,-0.01909586338831698,-0.1393166545612454,-0.13784181049056243,-0.2970443349753694,-0.24942305226860237
2022-03-29,,,-0.05849149164331592,0.028054131634528946,-0.13336718888603208,-0.15718163924615264,-0.30147783251231525,-0.25072866621050677
2022-03-30,,,-0.08128038449136107,-0.023448047165875095,-0.15964399561822426,-0.17761162163747102,-0.2807881773399014,-0.24338136977457442
2022-03-31,,,-0.04349966516833966,0.019071287156388256,-0.13707660932101945,-0.13603606919625377,-0.27733990147783244,-0.24528955765964075
2022-04-01,,,-0.15720931622242051,-0.0905567937398644,-0.20809818588951867,-0.21233323725000083,-0.2576354679802955,-0.22195394101383453
2022-04-04,,,-0.1884985490628052,-0.1272697862497161,-0.2051182595999313,-0.2082812147102481,-0.27980295566502456,-0.24090809145783326
2022-04-05,,,-0.22741930210816175,-0.1881001411411762,-0.18588799806896344,-0.18553909898133922,-0.2502463054187192,-0.23297319438572922
2022-04-06,,,-0.260997991010038,-0.2139674242793955,-0.19284637232822946,-0.20368573676343774,-0.22266009852216745,-0.19111270484707402
2022-04-07,,,-0.2419191904976083,-0.19429298867262174,-0.22266797629651233,-0.21242965200311614,-0.2571428571428571,-0.22086848269645756
2022-04-08,,,-0.23428767029263642,-0.18962441440612166,-0.25248958026479523,-0.25724820189035263,-0.33797265929470227,-0.3321577360618175
2022-04-11,,,-0.28236624758395923,-0.2190722605068453,-0.26640632878332726,-0.2754813103872862,-0.4182266009852216,-0.3995222734975996
2022-04-12,,,-0.2709189672765014,-0.2009654650764414,-0.23956688521187267,-0.2511361619892538,-0.4182266009852216,-0.42183877270423376
2022-04-13,,,-0.13247847210488647,-0.15717245461668297,-0.08314786045876274,-0.1394678124945454,-0.431527093596059,-0.4232169823103964
2022-04-18,,,-0.1801707220626456,-0.2247351344202415,-0.08908699334867437,-0.174599861335913,-0.4876847290640393,-0.44060568167563613
2022-04-19,,,-0.14231973003267803,-0.1640555013138576,-0.05987141677931544,-0.1443414351819938,-0.46108374384236434,-0.412219471800339
2022-04-20,,,-0.15594608716346636,-0.20411808528382036,-0.04057401798267658,-0.1534763856454134,-0.41330049261083734,-0.3675143160079974
2022-04-21,,,-0.14837588875747285,-0.21540711375262883,-0.03909929152525153,-0.14823375500942065,-0.4334975369458127,-0.3982785943317094
2022-04-22,,,-0.14231973003267803,-0.20116797870437028,-0.05047011992967086,-0.18982095120289882,-0.2769567597153804,-0.24278666585987196
2022-04-25,,,-0.07797304358173318,-0.12203169421536424,0.004948050973497144,-0.09187383384627418,-0.24192665571975916,-0.17566028583662197
2022-04-26,,,-0.07570198405993513,-0.11825629867368147,0.07372595950510744,-0.0415859738776869,-0.2386425834701697,-0.1633786846711971
2022-04-27,,,-0.07873006342233252,-0.09037208414964237,0.04255323837207543,-0.02061241430912096,-0.18117131910235357,-0.12328973407232273
2022-04-28,,,-0.003028079362397405,-0.016285474051541588,0.13557659667382174,0.07346474399995653,-0.11220580186097427,-0.05611437949169938
2022-04-29,,,0.017411456333785078,0.006627757059434294,0.19346879306373832,0.14983969111990955,-0.06787082649151616,-0.005562244932542727
2022-05-02,,,-0.013626357130788323,-0.042062227487389824,0.24344410789605944,0.17106437618148337,0.0005473453749315818,0.041505437331199435
2022-05-04,,,-0.02271059521798054,-0.044475609462568365,0.25680384552450175,0.1994982143503775,0.031198686371100168,0.07116033581725267
2022-05-05,,,-0.0650046891904502,-0.0897483948246298,0.21122944671574376,0.15213075175995772,0.03776683087027915,0.11538637394808658
2022-05-06,,,-0.029478870679390208,-0.03067947422515779,0.21172412926074552,0.15412621962866463,0.09797482211275313,0.18842813216054563
2022-05-09,,,-0.08994834899608808,-0.08380558485449131,0.14642603332051557,0.11082618687951534,0.1718664477285167,0.21532821808085328
2022-05-10,,,-0.09523942834879913,-0.08684022185705345,0.11971317589042152,0.09358422046543279,0.17569786535303775,0.19921475126366545
2022-05-11,,,-0.10295469832151176,-0.11433550668057059,0.1415142578420183,0.13113325123503183,0.26108374384236455,0.2656415278335473
2022-05-12,,,-0.05526244836375264,-0.04677143641710772,0.1954480134531372,0.22054406578802882,0.25506294471811713,0.2541354058008282
2022-05-13,,,0.1513463013997743,0.1713770541909201,0.21326099695772688,0.25220700241279803,0.28078817733990147,0.27534580927152486
2022-05-16,,,0.09232124385386231,0.09375258367487743,0.19396359816108805,0.20281861884621372,0.3103448275862069,0.31173203579096137
2022-05-17,,,0.058268326038913104,0.05721281475386749,0.21573502244447548,0.21535638702896107,0.2922824302134647,0.32014830678493766
2022-05-18,,,0.09913182741685217,0.09882544150454006,0.2756064392237909,0.2766474893631882,0.247707679889151,0.28193811198258023
2022-05-19,,,0.07037603015089505,0.06810662557278273,0.2958934482151292,0.29092725993217794,0.32129173508483855,0.3692452520134425
2022-05-20,,,0.029512528772955987,0.022445376870337822,0.2602674812059498,0.2510315584698904,0.27203065134099613,0.35641688793879495
2022-05-23,,,0.13469820824579914,0.12620325002006405,0.3651661618440892,0.3658527401525251,0.41488779419813904,0.44550770993990296
2022-05-24,,,0.18766941373572016,0.19168718751827393,0.39881290846386985,0.413236192850328,0.6113847837985769,0.616333420543792
2022-05-25,,,0.11805011509182395,0.14448681609833364,0.29094539724163204,0.34557923205177155,0.6338259441707716,0.5989434285952756
2022-05-26,,,0.09387046023431955,0.07640832101886123,0.32665230894513936,0.3491930116573068,0.5199781061850027,0.4787170756731054
2022-05-27,,,0.2142366148896164,0.2244149293844253,0.3751552275460843,0.4184360180043368,0.5588396278051451,0.5385960519536735
2022-05-30,,,0.16730138477245665,0.20002900749769295,0.30932983801623043,0.3663848646140709,0.4964422550629447,0.49315084184857555
2022-05-31,,,0.26117184500677615,0.2888224808747636,0.41227480810803196,0.45844375628044254,0.5593869731800766,0.5664971338507886
2022-06-01,,,0.3035649560803399,0.30627512949498414,0.4617675821906289,0.483158511948507,0.5801860974274767,0.5722751088907384
2022-06-02,,,0.34292998779150613,0.34725222463770783,0.47760526989705987,0.5012648110212519,0.5435139573070608,0.5255725861742536
2022-06-03,,,0.3171913132111282,0.3259325117938939,0.46028279896815094,0.48761615397191205,0.5265462506841817,0.49343045170745525
2022-06-06,,,0.28085436086235926,0.2823992334865721,0.4449400390025459,0.4579052622079726,0.49863163656267107,0.48118860255001694
2022-06-07,,,0.20893747600542095,0.20945043058791907,0.42464800162868116,0.4331216826068465,0.4477285166940339,0.43727863333774636
2022-06-08,,,0.13929165067028063,0.14245829247837502,0.3608023230621312,0.3766086391044283,0.43130815544608647,0.4107331052270003
2022-06-09,,,0.2006102577588281,0.20071329956056583,0.37070087787865064,0.37981964064974033,0.4510125889436234,0.43095087918224545
2022-06-10,,,0.21726469425201383,0.224414443642951,0.35832768435800133,0.38040144957710276,0.4614121510673235,0.43507850436955003
2022-06-13,,,0.001516932937575728,-0.0063785635522700165,0.1692233432936023,0.20039957264487376,0.3607006020799124,0.32550826753152073
2022-06-14,,,0.011376997031817961,0.0067339338871625605,0.15437919037311088,0.1846890315361919,0.3820470717022441,0.3462440501575397
2022-06-15,,,0.017444728782120875,0.002989701205345176,0.1746661993644492,0.19485790294526598,0.36672140120415986,0.32204657817979365
2022-06-16,,,0.025029393469999512,0.011674230388723936,0.2107869714709783,0.23188097975831864,0.4143404488232074,0.39581650683904857
2022-06-17,,,0.03640639050181747,0.022331779033802148,0.2360220314358138,0.24945677048580722,0.40613026819923376,0.3833645539340312
2022-06-20,,,-0.04474952165848398,-0.06624524953678543,0.16575970761215433,0.18817258466712666,0.3880678708264915,0.39932586155107036
2022-06-21,,,-0.03640639050181747,-0.06436632451081868,0.23354800594906522,0.24315491063888556,0.3886152162014231,0.3791585566750909
2022-06-22,,,-0.04095718931454466,-0.054140381319837394,0.22909476007291776,0.21939641332359583,0.3426382047071702,0.3173743825858152
2022-06-23,,,0.0,-0.005964906682576125,0.2577934557192012,0.25635097082230857,0.3842364532019705,0.37837936686383733
2022-06-24,,,-0.0568849851590898,-0.07154832821974107,0.21870385302857376,0.19111038645630704,0.3311892736639477,0.30395505379110066
2022-06-27,,,-0.04019872284575679,-0.04976248627518181,0.20732333578953033,0.18763121301960306,0.3131244041913687,0.27254576526248275
2022-06-28,,,-0.10997763797424029,-0.1201493346858529,0.15932724134660803,0.13984041153551766,0.30870279146141216,0.27927591434209337
2022-06-29,,,-0.1221131014748461,-0.1256418723239693,0.14695711391286517,0.13314675604143242,0.30080744773279217,0.27738443378904515
2022-06-30,,,-0.11528690325575534,-0.11537512012489422,0.12864932531092574,0.12271791194605455,0.31527093596059114,0.3055050194609022
2022-07-01,,,-0.08191437862908932,-0.0854496665588138,0.1311233507976743,0.12196507363194654,0.35467980295566504,0.3469765382456845
2022-07-04,,,-0.06219425044060486,-0.06421977852632996,0.13904023235526974,0.13252335183990718,0.3513957307060755,0.34685601222929496
2022-07-05,,,-0.1137699703181796,-0.1211571312639452,0.09332592620920764,0.08704767310385975,0.4023199023199023,0.39980770317325215
2022-07-06,,,-0.20857827891666264,-0.21794671902125556,0.05542994405152938,0.042294939849413286,0.40598290598290593,0.4075499857805894
2022-07-07,,,-0.06275033445513252,-0.05816748560682474,0.19121976498101842,0.19757631776778892,0.4372649572649573,0.443688675602429
2022-07-08,,,-0.08418977803545291,-0.0845139110698145,0.14819025858674184,0.1450212661060952,0.4084249084249084,0.4179171332545083
2022-07-11,,,-0.11983770206848253,-0.11971193979853337,0.13631241343284267,0.1354019172102161,0.4072039072039072,0.4177133974378048
2022-07-12,,,-0.1577610255078757,-0.15547764545728446,0.11029427642906357,0.11145109347359834,0.40964590964590963,0.4281854818224557
2022-07-13,,,0.024196986457719026,0.03161267327310435,0.16742105550257855,0.18878100683681814,0.41941391941391937,0.46055379393427937
2022-07-14,,,0.006805402441233477,0.028824104205314796,0.16575970761215433,0.2552576903787025,0.33388067870826493,0.4096451551824088
2022-07-15,,,-0.01966005149689671,0.0386611159239446,0.1479467241075646,0.28939962935104857,0.3103448275862069,0.41421490453994964
2022-07-18,,,0.0,-0.009746774130043347,0.1340921813817726,0.1949214638884311,0.3262178434592227,0.38289225988519776
2022-07-19,,,0.018923554514888707,-0.04587456405108087,0.12625174024248723,0.07159618951639868,0.2596059113300492,0.24759430789055895
2022-07-20,,,0.013703263614229752,-0.03206173381706926,0.13800621260989124,0.09671225462951034,0.2364532019704433,0.2282366414598364
2022-07-21,,,-0.010440581801317905,-0.09540929917302475,0.12712244189933197,0.05661548458352676,0.23004926108374377,0.2059869325466376
2022-07-22,,,0.016313409064559227,-0.16243591742070815,0.17501103302579266,0.06646801782726336,0.22216748768472902,0.18121560948014287
2022-07-25,,,-0.05872827263241322,-0.3618738039463763,0.14888998332045045,-0.04799447582801921,0.12413793103448274,0.042742007956590104
2022-07-26,,,-0.023440830630915312,-0.26934368979715645,0.19396359816108805,0.009662880971014616,0.2326217843459223,0.14956354079812956
2022-07-27,,,0.02873392141854135,-0.15513467712244441,0.2572986506218515,0.09386453465110624,0.2791461412151068,0.19540155677455465
2022-07-28,,,0.0015123116536074391,-0.21214068440881145,0.22315709890472119,0.056872080957921956,0.25068418171866447,0.17115226666149977
2022-07-29,,,-0.021928518977307868,-0.2804779683437609,0.23651683653316347,0.01749007198986803,0.2517788724685276,0.1313930717088271
2022-08-01,,,-0.043100882127812025,-0.33839917781260265,0.2236519040020709,-0.05072558452947831,0.04542966611932129,-0.12394902980931395
2022-08-02,,,-0.06851631807114876,-0.3596670883389724,0.21951252824590378,-0.0005099252079415602,-0.07487684729064037,-0.2053608851606558
2022-08-03,,,0.014355799976812121,-0.2606073280207765,0.28123663516085085,0.0732272085760694,-0.032512315270935954,-0.17306353066927999
2022-08-04,,,0.008482972713570798,-0.19596287545596272,0.27557707439136003,0.11537756332913938,-0.06403940886699507,-0.20709679285033764
2022-08-05,,,-0.030016672678788985,-0.25194739352025824,0.23987830646072575,0.08224504158601494,-0.08522167487684727,-0.20277541107711475
2022-08-08,,,-0.12418598274819602,-0.3031322253060634,0.1728919135855893,0.05610757641263792,0.0037819799777530586,-0.18808012376060018
2022-08-10,,,-0.18486132591740595,-0.3036913438646292,0.1586446957622779,0.07875900552567947,0.046496106785317015,-0.09946094883336457
2022-08-11,,,-0.15594130253768904,-0.28255468240025683,0.18367359193836547,0.09387010945474447,0.014905450500556172,-0.15962074181667352
2022-08-12,,,-0.20073898581215247,-0.3498359444878567,0.1524837367035487,0.018832220803812312,0.054505005561735265,-0.2154800652063206
2022-08-16,,,-0.002976213909561809,-0.1569617187148231,0.259411498803719,0.1921407986117219,0.23991935483870971,0.09436568409632005
2022-08-17,,,-0.10863180769900604,-0.2359677371633436,0.18138271024534441,0.1035715932592034,0.1737903225806452,0.018341856748065506
2022-08-18,,,-0.13293755462709414,-0.2576661758749528,0.14750178889762913,0.06497352877096531,0.16330645161290325,0.009805843905474955
2022-08-19,,,-0.10168730857669515,-0.1951474428114684,0.1317591385744483,0.07124675308851026,0.16975806451612904,0.022350723934074487
2022-08-22,,,-0.08432606077091793,-0.14552402307754628,0.14613286278256996,0.09894543373714479,0.10524193548387097,-0.0070431747838212095
2022-08-23,,,-0.04513924429502078,-0.09833687641888546,0.15160856724280672,0.10060659246203733,0.1,-0.006208387755569569
2022-08-24,,,-0.040674923430678064,-0.048363804124871256,0.16495559686463399,0.14354140999332293,0.06088709677419355,0.010136598785878291
2022-08-25,,,-0.09970316597032061,-0.12793135432410516,0.14339501055245155,0.11284713959685912,0.0406891495601173,-0.013318872191511306
2022-08-26,,,-0.08779831033207337,-0.10356216814861996,0.16324443922081,0.13853927598325994,0.024928970868149384,-0.030015824479936545
2022-08-29,,,-0.04811545820458258,-0.041031125613700835,0.1848050255329924,0.17076898310619112,-0.02565982404692082,-0.04685467882385218
2022-08-30,,,-0.12021656777450938,-0.12237538979118436,0.16596083464451888,0.159257921998071,-0.11612903225806454,-0.15425999092575032
2022-09-01,,,-0.12872245700383786,-0.12754420560588975,0.16788613435037178,0.16777125951809876,-0.13024193548387097,-0.14923447096105558
2022-09-02,,,-0.12815539772188264,-0.14308963904098285,0.14786301740950175,0.13339773438646896,-0.15927419354838712,-0.19981404005464726
2022-09-05,,,-0.13552716838730067,-0.14753952687503175,0.11590304229234381,0.0991817418173911,-0.06854838709677422,-0.11024590864245891
2022-09-06,,,-0.1721243711029913,-0.1780106654079657,0.12114996118273946,0.10796296785452812,-0.016129032258064516,-0.05104776721461404
2022-09-07,,,-0.15075730358778286,-0.15182662688506557,0.11259417296361944,0.10366710660469669,-0.05975073313782991,-0.09086797289574952
2022-09-08,,,-0.15670824978203746,-0.15670433941198697,0.08521565066243539,0.08061196137674287,-0.09200879765395893,-0.11230328122186925
2022-09-09,,,-0.19836487314181958,-0.20085422322619664,0.05030803472842571,0.03777258221170342,-0.14626099706744866,-0.17952343203334167
2022-09-12,,,-0.21831782355276466,-0.2506919874096811,0.011166738293946748,-0.03948166114432828,-0.08346774193548387,-0.14737262280757818
2022-09-13,,,-0.19732947379203097,-0.2052631233814569,-0.04820688603329228,-0.0811394560185733,-0.09072580645161292,-0.13478509582831913
2022-09-14,,,-0.1976191192479021,-0.1953381881499223,-0.043813141145100765,-0.055130696409385935,-0.15945747800586507,-0.20535801105421722
2022-09-15,,,-0.12562220394401818,-0.12612479529364223,0.06674658221323944,0.05582176978575081,-0.17705278592375365,-0.23828630968958694
2022-09-16,,,-0.24280339023171893,-0.24851949737234907,-0.08043818882108343,-0.10219578736205975,-0.28005865102639294,-0.3590457527716131
2022-09-19,,,-0.22885093572260898,-0.23090966500912,0.028499929609008046,0.01258475793741812,-0.35040322580645167,-0.37647556810017385
2022-09-20,,,-0.16137239637077433,-0.16079659726966516,0.030806114867648973,0.025700121378736993,-0.2214076246334311,-0.20853688159390754
2022-09-21,,,-0.2123561429927184,-0.2179293188000808,0.006844630575296016,-0.022936903584348075,-0.35630498533724336,-0.40299173077797135
2022-09-22,,,-0.2669336563786975,-0.26841180131816494,-0.019849428668358444,-0.0395749984500603,-0.4266862170087976,-0.4751842606643509
2022-09-23,,,-0.3473114488198666,-0.34774406771851135,-0.10472284780202903,-0.12234860779221185,-0.4673753665689148,-0.5067174138208368
2022-09-26,,,-0.3448306527568675,-0.3419372699065777,-0.11156747837732506,-0.11394052087309509,-0.4893695014662756,-0.5199841572921429
2022-09-27,,,-0.3274650803158741,-0.3221688096954995,-0.10609177391708824,-0.11314863221250375,-0.4893695014662756,-0.5244628353171086
2022-09-28,,,-0.34260601075641317,-0.33811475481212866,-0.23618021398530878,-0.23208309870854177,-0.5106304985337243,-0.5325721711788929
2022-09-29,,,-0.36246722877127774,-0.3566501331281433,-0.2508986910887411,-0.24668658744678018,-0.5395894428152492,-0.5647772676812756
2022-09-30,,,-0.41013415200695263,-0.4083823421509635,-0.2902620600862925,-0.2894644651058907,-0.5744134897360703,-0.6104333083976445
2022-10-03,,,-0.37686661183205455,-0.37069683990742736,-0.2615096862098202,-0.2574477957185237,-0.5432551319648093,-0.5811378452278646
2022-10-04,,,-0.3599845765194197,-0.3462637978921325,-0.2461066287759957,-0.2377932233661313,-0.532624633431085,-0.573544067840105
2022-10-06,,,-0.39246193716644917,-0.3815892274121436,-0.25359356281471734,-0.243217533904502,-0.5751466275659823,-0.5941912364239993
2022-10-07,,,-0.36173212420670453,-0.3355855766267676,-0.23493185218236362,-0.23008719378662681,-0.5205645161290323,-0.5398353272588577
2022-10-10,,,-0.2532692737773787,-0.2279152007571022,-0.15829014958516632,-0.1518736128497487,-0.4685483870967742,-0.4800070126889812
2022-10-11,,,-0.25554074708479907,-0.22721829270469512,-0.16069393990609082,-0.14666704779987072,-0.4346774193548387,-0.45704656311669745
2022-10-12,,,-0.28677350506183014,-0.2793395923830572,-0.19102655521713502,-0.21503187767428697,-0.43588709677419357,-0.46730639993679485
2022-10-13,,,-0.03521789421016267,-0.038855312116296975,-0.011939159701070939,-0.049865341612634215,-0.4379032258064517,-0.4847676611247214
2022-10-14,,,-0.11247004925180984,-0.11187224498491738,-0.06855388473518151,-0.1117299035710012,-0.4303519061583577,-0.4722332182413814
2022-10-17,,,-0.12099050752846209,-0.11852116315998637,-0.07240522657423668,-0.09028736523139852,-0.4270527859237536,-0.45824503415963835
2022-10-18,,,-0.1118700603904565,-0.11585485665050911,-0.07585680841060376,-0.08404605088859454,-0.469941348973607,-0.48570827342019496
2022-10-19,,,-0.124931031908124,-0.13531995453167853,-0.08971896629274455,-0.0665440735534136,-0.44428152492668616,-0.42769541471310873
2022-10-20,,,-0.08562274389462037,-0.09295331220353838,-0.04832394195488305,-0.024201621431665005,-0.4866935483870969,-0.4950800250676057
2022-10-21,-0.14589733048321551,0.014775841033144626,-0.1334900985066641,-0.13775848380777228,-0.15019603580571758,-0.1436475118869021,-0.4126807563959955,-0.4006868667526751
2022-10-24,-0.14589733048321551,-0.02845382875221676,-0.18279041897787526,-0.16917919295403847,-0.19024831202057557,-0.21163691253025163,-0.47230255839822033,-0.4909194455133326
2022-10-25,-0.03647433262080388,0.13129909674859902,-0.09404984212969515,-0.08699398639122796,-0.09621253308134371,-0.08548523219121,-0.4629588431590656,-0.4221843624694109
2022-10-27,-0.06079055436800646,-0.01754927138626167,-0.12561743016181268,-0.11682547559259132,-0.08748645005303107,-0.08804988088780091,-0.4197997775305895,-0.3730492961802776
2022-10-28,-0.03647433262080388,0.015226421504709991,-0.15512995893476866,-0.12510563753829193,-0.14102293441384112,-0.13510622935603858,-0.4126807563959955,-0.35322605068382623
2022-10-31,-0.10942299786241164,-0.04608295929483169,-0.09610490138885668,-0.09732113676839578,-0.1288357672422746,-0.11814162634559396,-0.3904338153503893,-0.3194163003593748
2022-11-01,-0.03647433262080388,-0.025826891621054882,-0.06432217809490408,-0.07309017416302821,-0.06659416347320275,-0.0796145023158783,-0.27919911012235815,-0.20631977072650237
2022-11-02,-0.03647433262080388,0.0009799326268522986,-0.01513463013997743,-0.04532391904891975,-0.03177368584015556,-0.05244958873024594,-0.2783092324805339,-0.21836635641649968
2022-11-03,0.01823716631040194,0.006900903275790092,-0.03026926027995486,-0.06156915054538819,-0.05092494853833151,-0.0644127533710679,-0.2765294771968854,-0.23922573104499867
2022-11-04,0.01823716631040194,-0.043928815324293935,-0.04464715891293342,-0.06655223756205675,-0.060935835857832577,-0.08261104273369162,-0.35714285714285704,-0.3518016037156192
2022-11-07,-0.024316221747202584,-0.010510542441421663,0.020431750688969533,-0.01129830476865411,-0.0256801022543723,-0.030625601358059373,-0.24938820912124582,-0.21491630749715454
2022-11-09,-0.012158110873601292,0.018820427348245256,-0.005297120548992101,0.014110380374877097,-0.013057679112392697,-0.013195879414982424,-0.20667408231368187,-0.19180052235936243
2022-11-10,0.06079055436800646,0.058021680557692995,0.055241400010917624,0.058114638048077594,0.02393907837271994,0.02368561200655458,-0.15506117908787542,-0.14572759766753335
2022-11-11,-0.012158110873601292,0.037907532447401415,0.03632311233594583,0.05939367151032599,0.013492935082805786,0.016147494514288516,-0.08565072302558399,-0.06800533394413667
2022-11-14,-0.06079055436800646,-0.02567290641908969,0.3461877633630953,0.3853540981360875,0.10627193827777882,0.09323791208804907,0.020689655172413793,0.01493821032736103
2022-11-15,-0.06079055436800646,-0.0402689329584033,0.3461877633630953,0.40036140120165314,0.11324058996812499,0.09043976841562125,0.0037819799777530586,-0.005288202981818965
2022-11-16,-0.10942299786241164,-0.0536928370927489,0.35614939442455196,0.4068891467974453,0.13775112505396578,0.10562937652071203,0.005116796440489433,-0.01603467869309481
2022-11-17,-0.03647433262080388,0.018029265011592976,0.33724549875445897,0.3938930404838834,0.155623897608436,0.11744976824771461,-0.00867630700778643,-0.02948418503218452
2022-11-18,-0.03647433262080388,0.001381836582471464,0.3599301735585705,0.4164312182838422,0.1795995681083351,0.14317739721825617,0.00689655172413793,-0.01532556439602358
2022-11-21,0.10334394242561099,0.1535586248490577,0.328927784659618,0.4080307406199077,0.21403734937182659,0.17787523262466207,-0.021579532814238044,-0.05505548476942961
2022-11-22,0.10334394242561099,0.1535586248490577,0.3319524079668329,0.39978313223056045,0.21360142809001026,0.18600027015081258,-0.024249165739710785,-0.062155942135134194
2022-11-23,0.10334394242561099,0.1264624130542459,0.31531697977715106,0.3783948451214653,0.2035752386082343,0.1813235483968264,-0.03225806451612903,-0.08910639773801746
2022-11-24,0.2735574946560291,0.28253763731463505,0.24043387060575286,0.3028840571063452,0.2051844500236159,0.18087070671980884,-0.05761957730812013,-0.11429140071968033
2022-11-25,0.2735574946560291,0.28253763731463505,0.20251054716635972,0.24584236396291104,0.1794819392987893,0.13973354023238813,-0.071412680756396,-0.12410288195071002
2022-11-28,0.3100318272768329,0.31251570334004114,0.19338172413149637,0.2721908128889189,0.19346879306373832,0.18158199724072668,-0.09753694581280786,-0.16409513165185102
2022-11-29,0.3586642707712381,0.36445417689161386,0.2534271909851117,0.3236149615035912,0.2370116416305132,0.2422489917959061,-0.05369458128078817,-0.10943221437822133
2022-11-30,0.22492505116162387,0.23051172663957897,0.254197261090754,0.2921720925090766,0.2151869070757577,0.20864965191170012,-0.07832512315270934,-0.14742075888185002
2022-12-01,0.12158110873601292,0.07204572490523366,0.30715502381799437,0.3315576611790834,0.20529325617572283,0.20765070621116796,0.012235817575083427,-0.050025108493118225
2022-12-02,0.09118583155200968,0.061834617441423816,0.3468733458634247,0.3665798004852695,0.21419754198575425,0.21874186705619653,0.09300255925833036,0.03627701471658237
2022-12-05,0.09118583155200968,0.04730821693149629,0.3336339051816146,0.34914979201502533,0.20034643072570543,0.20183852667252175,-0.021674876847290636,-0.06053183255786151
2022-12-06,0.12766016417281356,0.08231058493744303,0.34510808710585,0.34833881860682375,0.23250079615081864,0.22155487096067467,0.04729064039408866,0.01728277071571915
2022-12-07,0.38905954795524134,0.3805827721664098,0.33010338766646524,0.32675175764347164,0.2879052411910138,0.2895569455955098,0.08078817733990146,0.06399564139663533
2022-12-08,0.4012176588288426,0.371542404409092,0.39630059107551574,0.38970754952691256,0.3987141312714039,0.40215125180062916,0.11133004926108372,0.09087454477005219
2022-12-09,0.4012176588288426,0.37038075308893925,0.34952123399978674,0.34722019399971776,0.3151127811661096,0.32028372002487304,0.12167487684729061,0.1059786186532733
2022-12-12,0.42553388057604524,0.40121442044245087,0.3715869684694703,0.36452107088958996,0.38436833746635346,0.38591459704750825,0.08719211822660097,0.0735034169699241
2022-12-13,0.2613993837824278,0.2584510780850216,0.35067992034557,0.3454174181968562,0.3828225533525597,0.3860546319734255,0.09632925472747497,0.106681941821155
2022-12-14,0.2613993837824278,0.24485160368427256,0.3620656320451015,0.3623062166172822,0.3836945865037045,0.38370102078514307,0.06295884315906564,0.08975063613886218
2022-12-15,0.38298049251844074,0.38246626545927764,0.23226851867044246,0.22203070084830256,0.4170855303417888,0.41703731779231196,0.17196885428253617,0.18158794070277715
2022-12-16,0.6504589317376691,0.6602848109340742,0.15408663166699288,0.14158537598449408,0.39703753201815006,0.3960176737404944,0.2667408231368187,0.2670321009542795
2022-12-19,0.6261427099904666,0.6727291105472393,0.12676092358811727,0.13287650160158426,0.3774253597450251,0.38184089612667965,0.40333704115684094,0.40282356874112
2022-12-20,0.6504589317376691,0.681119735801109,0.21928071256773374,0.2229344706140943,0.4231870950489832,0.4232607342922788,0.4567296996662959,0.4571950639371644
2022-12-21,0.6443798763008685,0.680498889439696,0.2238332533130846,0.21579768438277477,0.40183161857380273,0.3959625044255166,0.4331479421579533,0.4331942497152343
2022-12-22,0.6626170426112704,0.7562639514565597,0.12220663890830469,0.12790029155688826,0.37611788159348347,0.37607780264663127,0.44560622914349274,0.45134990373888845
2022-12-23,0.686933264358473,0.813168256735267,0.20418376314493145,0.2007757057649039,0.42187961689744147,0.4319574730534822,0.4709677419354839,0.5165357096325628
2022-12-26,0.7234075969792769,0.7907838118060977,0.305868372398536,0.3146089690347029,0.5063184512986827,0.504130472696006,0.4763546798029556,0.4920618272861933
2022-12-27,0.6747751534848716,0.6956592524395417,0.12417614588680373,0.15314838605636444,0.38246364422953333,0.3812265952918555,0.45467980295566496,0.46611909116513767
2022-12-28,0.6990913752320743,0.7060409399200158,0.12234734895941439,0.16136564344911608,0.3839499019143631,0.3857759963078076,0.4458128078817733,0.44079618488694
2022-12-29,0.6990913752320743,0.6746019941368774,0.05225071185221898,0.113289069232231,0.34891135039545884,0.36943553222059033,0.40777230432402845,0.41033512086222973
2022-12-30,0.7112494861056756,0.7243397219321139,0.04180056948177519,0.1112353614001281,0.36477095723161596,0.3853569955533001,0.4657909140667761,0.46156029669139853
2023-01-02,0.6990913752320743,0.6851492138739287,-0.08569116743763913,0.005157377823114247,0.2769767051028886,0.30681271022878065,0.3240284619594964,0.3462457845920579
2023-01-03,0.6747751534848716,0.70948797981573,0.19048438646221832,0.24496027256217143,0.48585430081911823,0.491191185693789,0.2863247863247863,0.2552977785515862
2023-01-04,0.6504589317376691,0.6794458658069616,0.14471865724726976,0.1847710951889451,0.46519281846725763,0.47311397986954923,0.2442002442002442,0.21181209032443046
2023-01-05,0.6261427099904666,0.6928102027915161,0.05813484521898871,0.15562972373948772,0.4391680454061523,0.4576904076483436,0.3156288156288157,0.3138785672639496
2023-01-06,0.6383008208640678,0.6872921847175163,0.15090321524928985,0.2602170127032181,0.44892733530406675,0.45941325208922507,0.37851037851037844,0.38101496138937047
2023-01-09,0.6383008208640678,0.6604159294173072,0.021027497206868254,0.06817526786966081,0.3715036354472785,0.3816742941133611,0.34798534798534797,0.33237421225020464
2023-01-10,0.6261427099904666,0.6518651500785136,0.04452881761454454,0.07570342977066472,0.38451602197783114,0.38591364018835056,0.33333333333333326,0.31014805948230617
2023-01-11,0.6626170426112704,0.6904723028483745,0.07792543082545295,0.16002667996658607,0.45478290924281556,0.4671460685208117,0.3345543345543345,0.33119892349192254
2023-01-12,0.6686960980480711,0.684816973835815,0.08782072362868507,0.12276442104955253,0.48210892095697616,0.489227494808493,0.41514041514041516,0.3904469250487763
2023-01-13,0.5835893219328621,0.593118574583431,-0.2526455763199557,-0.24437209717363478,0.2947305549170178,0.2971879231424366,0.22344322344322343,0.20524284868142503
2023-01-16,0.5288778230016562,0.5796036842025732,-0.17586113645800838,-0.17560943235206294,0.35914186824325345,0.35759682980356794,0.2277167277167277,0.19637584115015735
2023-01-17,0.480245379507251,0.5519678251355636,-0.18948418223996677,-0.19162109614169062,0.3070923221210428,0.30726504444808084,0.18376068376068375,0.17027050023330514
2023-01-18,0.44377104688644714,0.4896266451013451,-0.14985350360154234,-0.15108398668154233,0.31359851538631917,0.3135489068248015,0.14896214896214896,0.13919831423674034
2023-01-19,0.2978737164032316,0.3220928262233183,-0.13746891652703472,-0.14001902016577106,0.2947305549170178,0.2941591359056163,0.12576312576312576,0.11088419194070076
2023-01-20,0.3161108827136336,0.3597018069873761,-0.15604579713879616,-0.1583717374127775,0.27586259444771644,0.2743003501894144,0.1807081807081807,0.1412193252796962
2023-01-23,0.40729671426564323,0.41418244160063,-0.14613812747919006,-0.14325405029328211,0.29538117424354543,0.2911880057355999,0.1111111111111111,0.05690357261661819
2023-01-24,0.395138603392042,0.45856369402806635,-0.053253724420382814,-0.027458815821945936,0.33962328844742445,0.37459691860206956,0.16178266178266176,0.11319821260716659
2023-01-25,0.2978737164032316,0.3152544950221462,-0.026007632856466026,-0.0031319299285116776,0.32596028259034415,0.35982295838651246,0.13675213675213677,0.07177458391449798
2023-01-27,0.2978737164032316,0.30272131695467375,0.06687677020234122,0.09687897903811683,0.3819135446717206,0.4156734750697277,0.2742200328407225,0.1877358788899108
2023-01-30,0.43769199144964654,0.4313235287243624,0.10031515530351182,0.12823364690161151,0.4638915798142023,0.47771496089330145,0.24083196496989598,0.1653453638936322
2023-01-31,0.5410359338752574,0.5304793169682936,0.04086913734587519,0.042821614371591384,0.4664940571203129,0.46937564375918106,0.3262178434592227,0.2758462822720275
2023-02-01,0.44985010232324774,0.4496337808737516,-0.0030013659323195356,0.01046874282536838,0.38671091950619346,0.38157160141437924,0.12096332785987958,0.001339602249402804
2023-02-02,0.04863244349440517,0.043598404238995185,-0.024010927458556285,-0.01382348807336267,0.10120949846451158,0.10572166446724143,0.034482758620689655,-0.08508620995750246
2023-02-03,0.14589733048321551,0.1497374229801771,-0.026007632856466026,-0.017422438657803695,0.10279785359136602,0.10815656767704326,0.058128078817733984,-0.03250455684256126
2023-02-06,0.10942299786241164,0.08748563694235312,0.053253724420382814,0.07412791692683954,0.13858191655038585,0.15521795127380886,0.051724137931034475,-0.039396120613646106
2023-02-07,0.10942299786241164,0.10550878183219743,0.05696910054273511,0.09258900662008446,0.13467820059122007,0.1725168047544119,0.10098522167487682,0.0027058896056313055
2023-02-08,0.18237166310401937,0.17080683996050738,0.026007632856466026,0.06782557507653646,0.129473245978999,0.1760468502999196,0.09742747673782157,0.01209344037729219
2023-02-09,0.22492505116162387,0.2295631690480748,0.14576312581863293,0.18463651834580358,0.22178261304348681,0.25012445216928936,0.1527093596059113,0.05525269826526395
2023-02-10,0.24316221747202585,0.23594723995501796,0.18428623764212881,0.25145552605751104,0.28741216180125334,0.308315367845658,0.19556650246305415,0.11568225462565221
2023-02-13,0.3161108827136336,0.339092889679634,0.3347281963569565,0.37913747564192346,0.3715679315899691,0.37510689790524504,0.11182266009852214,0.06171835811376046
2023-02-14,0.2796365500928297,0.2859851354322143,0.38982321004303944,0.405542724739346,0.4105177977943765,0.41452455628449275,0.112807881773399,0.10471845669070011
2023-02-15,0.2796365500928297,0.2985455049363546,0.3763093387615474,0.40096007941735495,0.4241240102017446,0.42523590627723057,0.12463054187192114,0.10429054410573764
2023-02-16,0.4012176588288426,0.49193762975375627,0.3418621509287309,0.36488818743198553,0.40273336312060487,0.39605322487403594,0.11877394636015325,0.08043227322976759
2023-02-17,0.3039527718400323,0.3607933300394241,0.3344033403630131,0.35999084377223683,0.37280487410033375,0.3601636465768915,0.18128078817733986,0.1466746934809152
2023-02-20,0.498482545817653,0.5766200766855074,0.3575978246794815,0.3711010119165629,0.4269552786276574,0.41749311274665896,0.2783092324805339,0.25328972793896715
2023-02-21,0.38905954795524134,0.4128556994471907,0.28898893971190653,0.29431881663699383,0.3244633616096123,0.30800204128937936,0.2527093596059113,0.21581127946367717
2023-02-22,0.26747843921922837,0.2988215323640774,0.30458186811362814,0.3085761812672051,0.29898194577639675,0.2781540016643141,0.267487684729064,0.23383353280859168
2023-02-23,0.23100410659842457,0.27556346524665987,0.3492815961985633,0.3506298300541442,0.29218690155420585,0.288497379833089,0.24137931034482757,0.22388296836096913
2023-02-24,0.18237166310401937,0.25248912458791734,0.369032638840744,0.36675316373062555,0.3069094973689527,0.30622522742823344,0.25369458128078815,0.24888319927836608
2023-02-27,0.09118583155200968,0.1627082470372045,0.3617559389199405,0.35952195274182697,0.27180176888763335,0.2719271022928132,0.20541871921182261,0.19072635654385148
2023-02-28,0.13373921960961418,0.20749579354581765,0.231673309409358,0.24322971131939178,0.19493181502968213,0.19676982564118006,0.20032840722495895,0.18701902002040377
2023-03-01,0.1580554413568168,0.22576604756946403,0.2945208561108328,0.28999155673346405,0.2625081775733053,0.2633703902688356,0.2975369458128078,0.2918009852095858
2023-03-02,0.09118583155200968,0.16624244860905885,0.34566684122704383,0.34402489580427925,0.2514880512590644,0.235560002937695,0.29521690767519465,0.27818752642023464
2023-03-03,0.29179466096643103,0.38104789063001876,0.25092080944493245,0.2505507397395263,0.23846051707222105,0.2297188413668939,0.22135706340378197,0.2029275672093035
2023-03-06,0.2857156055296304,0.3842808041686216,0.29673207755936,0.2896036325504891,0.29396914099877125,0.29632180520375173,0.18620689655172412,0.16857515692475575
2023-03-08,0.3404271044608362,0.3696875352944019,0.23862803243501102,0.23648798594672976,0.2675263832693627,0.2603546768259721,0.18225806451612905,0.15447837998739808
2023-03-09,0.32218993815043423,0.3696217415872573,0.2227194969393436,0.22134523645441434,0.23928748725759666,0.22483865528583794,0.16653225806451613,0.13888996698511757
2023-03-10,0.2796365500928297,0.3113540752037659,0.18029673561756385,0.18197477191906553,0.17785550295129854,0.1551027585222014,0.14354838709677423,0.11841625297176586
2023-03-13,0.16413449679361747,0.060798980531241685,0.08550122511892888,0.07908988383289986,0.10437801699536753,0.04753812448791679,0.17298387096774195,0.1372163792382296
2023-03-14,0.10334394242561099,0.1323843912041358,0.10136743184202908,0.12417823627652821,0.06084595303521424,0.02744285634978535,0.20846774193548392,0.1843263734204206
2023-03-15,0.05471149893120582,0.0777625496485879,0.09255287255141785,0.11825605280629144,0.04303738141515154,0.013531599940482508,0.1810483870967742,0.14747721791203813
2023-03-16,-0.05471149893120582,-0.0616524833735291,0.02115494229746694,0.07138107805160084,-0.02028198434507142,-0.019790767635585044,0.14838709677419354,0.13085565805986965
2023-03-17,-0.012158110873601292,-0.03460695378359166,0.041428428665872756,0.05825245742748968,-0.01582984144005574,-0.051880328724552914,0.0870967741935484,0.041097398691023475
2023-03-20,0.07294866524160776,-0.005272988438689045,0.11547072670700703,0.12014165250374446,0.035617143240125416,-0.025008383784812006,0.14919354838709678,0.09929427727652354
2023-03-21,0.07294866524160776,-0.02032012965396843,0.122522374139496,0.11628069636781586,0.061835318125217725,0.006384775897774725,0.14479472140762462,0.06947118426394207
2023-03-22,0.13981827504641486,0.08013451318392778,0.08373831326080663,0.06829399443288599,0.08607476283030308,-0.010009881894932307,0.21700879765395892,0.1613979473534362
2023-03-23,0.18845071854082002,0.115427555639791,0.14680591235778107,0.10416621636508813,0.07797880372447401,-0.057305065655398245,0.19752673796791445,0.1562885853509952
2023-03-24,0.18845071854082002,0.05407179965586927,0.07491641919288829,0.0037316399603266356,0.017425430999882457,-0.15272495477681602,0.1768048128342246,0.15155195466072147
2023-03-27,0.09118583155200968,0.042118172868213746,0.07188949316489279,0.007530749435486808,-0.025702510724826624,-0.14344182242120795,0.2466577540106952,0.1986171716963259
2023-03-28,0.24316221747202585,0.18803221873228843,0.06205198357390747,0.006475497854099506,0.031801411574785485,-0.07053635922409628,0.2322860962566845,0.18185810210611447
2023-03-29,0.2796365500928297,0.22654648383708745,0.018973386212788382,-0.04367278589950476,0.07057488115273991,-0.02538820430995484,0.19847211611917495,0.1359071325016854
2023-03-31,0.18237166310401937,0.1345573780709785,0.007196801666919731,-0.05718335357604841,0.020439719678115927,-0.08741156576482059,0.25286478227654696,0.188138609861356
2023-04-03,0.4012176588288426,0.34612049799705313,-0.11804921305770107,-0.18421635264401806,-0.026022972168590997,-0.14619741442768525,0.1938375350140056,0.11567139042857562
2023-04-05,0.3404271044608362,0.28107018948792234,-0.04710617636437109,-0.11478965170701054,0.03698001308168194,-0.07832604638903325,0.24313725490196078,0.17469838013513903
2023-04-06,0.3404271044608362,0.2756143620401564,-0.041430733428904694,-0.09090918334423358,0.02773500981126146,-0.07335285982014529,0.20252100840336137,0.10504620648261243
2023-04-10,0.43769199144964654,0.3678933353936912,0.027999065758958244,-0.07722562341722958,0.05443071855970769,-0.11697399023089497,0.20621657754010697,0.07628963192163085
2023-04-11,0.43769199144964654,0.44325719687007736,0.03405291781494922,-0.04756464071095864,0.05399527281123003,-0.0638201215978304,0.1891711229946524,0.05944853488845205
2023-04-12,0.44985010232324774,0.44190655398375706,0.09232124385386231,0.0427663098441305,0.08447647520466633,0.013682508192900586,0.2560160427807487,0.1837677966265089
2023-04-13,0.44985010232324774,0.5521087844744377,-0.06129525206690859,-0.09000690746180239,0.03878004846211685,0.004889161814156448,0.2610294117647059,0.22260834344579206
2023-04-17,0.5106406566912542,0.61361161056767,-0.03783657534994358,-0.057399323368731485,0.07363851898986232,0.05618548286957054,0.2309491978609626,0.21014394931830785
2023-04-18,0.43769199144964654,0.5266924084830426,0.007375972301932102,-0.008955191426229714,0.08866834743030721,0.05388359192529201,0.2869948883009696,0.2690164158218888
2023-04-19,0.43769199144964654,0.496198386069044,-0.03727700496035363,-0.037869328798316115,0.0516583096065796,0.040447122422055996,0.2954954954954955,0.2654768168451407
2023-04-20,0.43769199144964654,0.4929792958786638,-0.02485133664023576,-0.0336265537034591,0.03026137663344012,-0.0028438714006639946,0.3258687258687259,0.29745940078411
2023-04-21,0.36474332620803873,0.4446104746934775,-0.0263424168386499,-0.04523663252148769,0.059300071382700846,0.017176412022695625,0.3886743886743887,0.3522246257488935
2023-04-24,0.46808726863364974,0.5358364492736382,-0.045229432685229075,-0.06536317445894241,0.052575321019714155,0.020985240271453598,0.3518661518661519,0.321340658422318
2023-04-25,0.36474332620803873,0.41152388276402346,-0.02485133664023576,-0.02949291075685103,0.05685470761434205,0.04452643311567861,0.38223938223938225,0.36129381525489834
2023-04-26,0.36474332620803873,0.4761992245151219,0.0021872676151606777,0.00660436611435206,0.09599584271303445,0.08873520053217299,0.37861545756282594,0.3572506200256655
2023-04-27,0.36474332620803873,0.396910481509309,-0.0034996281842570847,-0.004683318460137502,0.0820078770605637,0.057258553817121784,0.362968231389284,0.3306692097173637
2023-04-28,0.36474332620803873,0.3828471543989771,0.09448996097494126,0.09884116892758363,0.18595766102696387,0.18332497248217938,0.39592223802750115,0.3657344537900534
2023-05-02,0.38905954795524134,0.4220239328691764,0.08267871585307363,0.10192145976456304,0.17087260002920132,0.16985186057912702,0.22735893788525366,0.2248460125350632
2023-05-03,0.38905954795524134,0.39465517424236807,0.11592518360351595,0.11290559438969741,0.20543110340589374,0.17208890777309788,0.236619050857246,0.22524809311071758
2023-05-04,0.40729671426564323,0.4418351678563556,0.06561802845482033,0.0761090783855018,0.17224396921081608,0.16866249773124184,0.20649596965386435,0.20527721483885125
2023-05-05,0.33434804902403553,0.3457062073764356,0.13692295270905844,0.10691298489394707,0.21640205685881195,0.20467226661650717,0.23636794689426266,0.26066894095402476
2023-05-08,0.3465061598976368,0.3700472051005318,0.1649199781831151,0.10958546786116548,0.22024189056733331,0.1579613036396639,0.31082923414213376,0.335097657638299
2023-05-09,0.2857156055296304,0.2582882878736407,0.13128071423586218,0.050282544566945024,0.2155966932023814,0.12197071458800583,0.22187902187902186,0.26884286590719725
2023-05-10,0.38905954795524134,0.3897657201830392,0.10989787062926339,0.0272673886414802,0.23088723881957154,0.15425951449073882,0.2471042471042471,0.30814970359536553
2023-05-11,0.38905954795524134,0.392716932746214,0.13625346856297815,0.0825388066678911,0.2360860243294162,0.18855271420950018,0.25045045045045045,0.29221060983526853
2023-05-12,0.2796365500928297,0.28643460151847955,0.15017718067890296,0.09558712592575196,0.23363953703066578,0.19299029449584187,0.2622908622908623,0.3155142298788941
2023-05-15,0.2492412729088265,0.24941600132044053,-0.045445815444006395,-0.11818248160336621,0.07252163712584261,0.008333563551750564,0.26126126126126126,0.31196898395514167
2023-05-16,0.2735574946560291,0.263813621648217,-0.018963020241575233,-0.07352261811995223,0.09021421914142198,0.051724186521055836,0.27052767052767057,0.34759400546767777
2023-05-17,0.37690143708164003,0.33909320086255834,-0.06237835605781326,-0.1080867129528647,0.07186556440079378,0.044272378472297466,0.24916344916344915,0.28937608489107425
2023-05-18,0.35258521533443743,0.3422893166725706,-0.1721642627195646,-0.24764192138118435,0.020489331127034827,-0.03634800875122061,0.1994851994851995,0.1918931373864992
2023-05-19,0.3465061598976368,0.3147992080052499,-0.17995095639865336,-0.2870901222246354,-0.052638877276372766,-0.1496954765982257,0.11830251303935514,0.08438996767651039
2023-05-22,0.12158110873601292,0.07367689781450246,-0.17241320176463693,-0.3065869238658498,-0.08252240656348021,-0.20349943416777294,0.07159791370317686,0.037587788241615294
2023-05-23,0.12158110873601292,0.11521621783933984,-0.16758738695697536,-0.3021531231596992,-0.07676502936137695,-0.2266110282724416,0.08843053579895685,0.02875514320435248
2023-05-24,0.12158110873601292,0.18782971687831604,-0.20487777410708768,-0.31375847078458324,-0.11734083059524762,-0.23111591535143763,0.07942152678994784,0.019938102959830045
2023-05-25,0.17629260766721871,0.28809547654392714,-0.15574220515635145,-0.2351015084301789,-0.09294051769109567,-0.2061078330882641,0.15446624412173923,0.09591681443245374
2023-05-26,0.13373921960961418,0.2889586566569686,-0.18996161924704275,-0.2502885356408066,-0.1154217048612132,-0.21072054681595798,0.010668563300142247,-0.06796016222375877
2023-05-29,0.10942299786241164,0.3175818329533868,-0.14421875920566427,-0.21618500599592766,-0.0547401533095408,-0.1632151877838891,0.044015444015444015,-0.05215933926589866
2023-05-30,0.13373921960961418,0.07356611046393376,-0.16276157214931375,-0.20885904816979245,-0.061960345127397114,-0.12458686269826992,0.012802275960170697,-0.0330494208892105
2023-05-31,0.13373921960961418,0.10784206232549583,-0.08160014129318696,-0.09383517821061468,-0.0337217807551763,-0.06642112464552798,0.013513513513513513,-0.0330101152890034
2023-06-01,0.18237166310401937,0.1834872040297422,-0.08949692916026956,-0.1028069072429392,-0.04551069597853062,-0.0717271026984995,-0.015647226173541962,-0.126832124885288
2023-06-02,0.22492505116162387,0.22888034007995564,-0.0811614308561268,-0.0741523184670447,-0.01809461406375314,-0.013443153513344661,0.033902323376007584,-0.022194003142113436
2023-06-05,0.2824608694984872,0.25979852974442746,-0.03209637136300007,-0.052431106925863294,0.011101531480492038,-0.001855879180714405,0.02834008097165992,-0.03432060086821643
2023-06-06,0.33257489473208984,0.3350871909147778,-0.014694724238481963,-0.022257463749945368,0.029357383248412285,0.040333047836431817,0.09815078236130868,0.07067091380731241
2023-06-07,0.41457966329616674,0.4191189706563708,-0.025909119052060302,-0.04626657114795022,0.04391272452283518,0.04976787253796505,0.14301345880293248,0.11884160359852099
2023-06-08,0.2796365500928297,0.28251108762817423,-0.10441308402031449,-0.07672365085599808,-0.04167244451046177,-0.00351689160454888,0.12683736367946893,0.11567869849013228
2023-06-09,0.3826889199656924,0.3969270212002244,0.05041866177150955,0.06893524762621944,0.050586144620915006,0.0809786880444963,0.15045409782251887,0.12747117834052202
2023-06-12,0.2961283309258334,0.30044513700479986,-0.0410224582398269,-0.03474062466495493,-0.03652976075926674,-0.016079238787021576,0.13951198161724476,0.11539348138030815
2023-06-13,0.2870166899742693,0.2922799960043863,0.022882315727069717,0.0506786811129698,-0.062237819203947095,-0.03964555450899503,0.10734215997373893,0.08640975342160875
2023-06-14,0.2870166899742693,0.3109389955920449,-0.04072276527698849,-0.01852931758674081,-0.11410266854056968,-0.09635621702943961,0.10931174089068825,0.0902970258974913
2023-06-15,0.17767699855550007,0.17885631227912413,-0.03529306324005669,-0.017681436073472667,-0.13587016222042334,-0.12660071701770945,0.13250902724586935,0.10568995175861039
2023-06-16,0.25968176711957697,0.26359776200436436,0.036068734959618376,0.06881794285533147,-0.06594245129942013,-0.05687897299939906,0.14542072436809278,0.08382734055045794
2023-06-19,0.2779050490227052,0.3151989752596126,-0.012410747512986967,-0.01169730112513824,-0.09187487596773142,-0.09524142929739034,0.07429696903381112,-0.010537695709722987
2023-06-20,0.37813309948991036,0.3791955140372827,-0.04060384329054227,-0.02615115998895232,-0.09423966723439908,-0.0878402087900992,0.14345114345114346,0.09386531482982566
2023-06-21,0.2870166899742693,0.29518729951349815,-0.035576700787903696,-0.027790781396827897,-0.13198487426807204,-0.13895418370149115,0.10690447532552796,0.050021361308075704
2023-06-22,0.2414584852164488,0.25457561633207976,0.0007734065388674717,0.027785321148789916,-0.07993102665954269,-0.0764878498839337,0.16183389867600392,0.10090691954637186
2023-06-23,0.2277910237891026,0.23856615249200733,-0.03712351386563864,-0.017098479381590533,-0.1127422197018858,-0.10633150222436967,0.1596454754349491,0.0928102039268587
2023-06-26,0.2414584852164488,0.24271469066422824,-0.05027142502638566,-0.01836423915352286,-0.13889249385593375,-0.13062247709627983,0.13513513513513511,0.07163750355740334
2023-06-27,0.2414584852164488,0.24271469066422824,-0.06341933618713268,-0.03270355090174151,-0.1277909623754417,-0.11746291214120291,0.1611773717036875,0.11496622368910317
2023-06-28,0.2414584852164488,0.24341549775510632,-0.0951687779536464,-0.09832146915650362,-0.15801310618781583,-0.1679131490724251,0.12112922639238427,0.08174361871983567
2023-06-30,0.2414584852164488,0.24277700132936972,-0.10883300871036965,-0.08346248100851972,-0.14781024696550288,-0.15234504743765725,0.16030200240726555,0.1276261168476486
2023-07-03,0.3234632537805257,0.35526987814260574,-0.14020480125677515,-0.13016795516889948,-0.14953757873304632,-0.164684871902149,0.1535178903599956,0.03244458034704509
2023-07-04,0.30523997187739754,0.3324703808395255,-0.17816079717711758,-0.16348035675055386,-0.16409651791662672,-0.17289116521206985,0.1500164131743079,-0.007914775610647835
2023-07-05,0.3599098175867821,0.36529058902237105,-0.1444651681457932,-0.12836471454269138,-0.1312772143333014,-0.13798992389151238,0.10208994419520734,-0.03171190269289253
2023-07-06,0.2277910237891026,0.2550995387542439,-0.11070653761954785,-0.0861685344178229,-0.14824036104952404,-0.14579338168833686,0.13207134259765838,0.010062522059861558
2023-07-07,0.29157251045005134,0.2883316809874953,-0.09439188997035133,-0.07800813034901101,-0.11908642337645096,-0.12554672664724723,0.12287996498522814,-0.006313444320562065
2023-07-10,0.29157251045005134,0.2656777315699027,-0.09439188997035133,-0.09119370355460618,-0.12526310508684782,-0.15552923156267426,0.08020571178465914,-0.09159079047365415
2023-07-11,0.3143516128289616,0.337168258674652,-0.03143314952375265,-0.009585481488803754,-0.05557636352778515,-0.06428834498189374,0.09190283400809718,-0.028234667925492347
2023-07-12,0.23234684426488467,0.2930498328928485,-0.05394083683705701,-0.04758157087286931,-0.15017968455508166,-0.16714168009940622,0.028340080971659923,-0.07674080454953795
2023-07-13,0.2004561009344103,0.3597880842098027,0.31351408614203197,0.28805690305993303,0.0713847513756885,0.022872209243653876,0.14716599190283403,0.03359613839425415
2023-07-14,0.2004561009344103,0.25827374474377807,0.3584678982464519,0.3430296125820659,0.08694613316346834,0.052067047214024734,0.15931174089068825,0.07544286720286211
2023-07-17,0.18223281903128208,0.1676743687315801,0.3448854703438824,0.3008284098363176,0.11465577547452403,0.06193984768185156,0.2181988742964353,0.12242120361863944
2023-07-18,0.18223281903128208,0.18036714669770365,0.3531544526498296,0.3104483138412597,0.1144327097634841,0.05248463615111852,0.2427767354596623,0.1504016858192078
2023-07-19,0.24316221747202585,0.25645557819670345,0.2640645899325046,0.2534121280681951,0.046936965130691705,0.012275733637354925,0.3097713097713098,0.2246372686540432
2023-07-20,0.21276694028802262,0.19902868177034694,0.30555491463555595,0.291963616799403,0.134882015586093,0.1022523748252694,0.2941295546558705,0.23475546539685485
2023-07-21,0.2735574946560291,0.20566878401778724,0.3245551567892898,0.31185221092616106,0.14673977519805717,0.11422931961257315,0.25121457489878546,0.1866813611703516
2023-07-24,0.2857156055296304,0.14477610329090593,0.3171877159541685,0.3031161830228828,0.06497064120722061,0.020856525240409825,0.2453441295546559,0.08177825869088712
2023-07-25,0.1702135522304181,0.10091606454569718,0.1456397095483672,0.09965173978965411,-0.02230407693826664,-0.0822522244659259,0.15253283302063794,-0.024286544899575668
2023-07-26,0.07294866524160776,-0.06411607907204185,0.1267031042879412,0.10207554460383841,-0.07940251390022925,-0.12248796889317853,0.07354596622889306,-0.04605309856894257
2023-07-27,0.09726488698881033,-0.2345400316607535,0.10329057414777816,0.053675034803058415,-0.04973809157233461,-0.1137624315960353,0.1153846153846154,-0.05270206745013782
2023-07-28,0.12158110873601292,-0.17240361919748226,0.05474400429832243,-0.021464837371820873,-0.08676285928985723,-0.17176135699127798,0.07467166979362101,-0.14718153706276205
2023-07-31,0.20668788485122197,-0.007723195770306016,0.10707789519986335,0.05517636591671158,-0.00022304076938266642,-0.05590500980219616,0.08030018761726081,-0.08447434963570487
2023-08-01,0.2553203283456271,0.014976389197561588,0.06025283491953726,0.006847215670549129,-0.05687539619257993,-0.11549875585978184,0.225515947467167,0.06382416952281715
2023-08-02,0.13373921960961418,-0.1887231508701826,0.0653112799412795,-0.009799390337848615,-0.06769497986874841,-0.13725476113891946,0.27917448405253287,0.08917155754993428
2023-08-03,0.3690214585383462,0.34963699268145787,-0.06379335788926055,-0.12791098824816616,-0.0673889170693181,-0.1039913824375526,0.20766550522648086,0.09137200753832408
2023-08-04,0.39180056091725646,0.3443120432523212,-0.06687516261821036,-0.17808901783452633,-0.06516285674570699,-0.12484395687959877,0.30348432055749136,0.16870296964121023
2023-08-07,0.3690214585383462,0.3351913769633828,-0.06256063599768065,-0.14331907884251494,-0.05403255512765145,-0.09830104726328875,0.2977351916376307,0.14723928988470003
2023-08-08,0.23117373455165427,0.20373830366686144,-0.04406980762398193,-0.13634013906517345,-0.05960305241143118,-0.11301863676656014,0.23085649461145774,0.06291398869528235
2023-08-09,0.3826889199656924,0.39527369249562566,-0.08676408228413365,-0.14829486034433903,-0.05442194772937061,-0.09777243135004389,0.2559099437148218,0.14871402785578652
2023-08-10,0.3690214585383462,0.3921685416288107,-0.06810788450979026,-0.11139324193143742,-0.053020709526010026,-0.08404395910705863,0.236411149825784,0.1195072276835849
2023-08-11,0.3690214585383462,0.3221988293508731,-0.03477449329641864,-0.1308125019780091,-0.022527117707649306,-0.07453739833170005,0.24574898785425103,0.04292519443275106
2023-08-14,0.2503441157857319,0.21204842888923553,0.3095483672447072,0.109054793689414,0.2502298256896382,0.08147171859784082,0.2825515947467167,0.0662398066213238
2023-08-16,0.36313651960128146,0.3647071376990288,0.29580663251305345,0.07927626395702347,0.25676240067176387,0.10946280275481882,0.31497975708502024,0.08236515750658205
2023-08-17,0.5218922189120679,0.5400098216908618,0.3192232227469156,0.13765898041051036,0.3422082233695663,0.24352113863761657,0.3048582995951417,0.09581658757131757
2023-08-18,0.6287032256579232,0.6516659224399174,0.27375859103134836,0.07432237076029019,0.32860533182256435,0.2058089720260669,0.2530911478279899,0.008318381736795498
2023-08-21,0.5375868161422822,0.5706265522591528,0.3617051852961763,0.21707741189304305,0.3639002296854237,0.2625786200545205,0.3044534412955465,0.10243122794950259
2023-08-22,0.5603659185211924,0.662443887122891,0.39546107997757696,0.2623727280791797,0.3787990209352736,0.30106179414129686,0.3292682926829269,0.16197435426874385
2023-08-23,0.6287032256579232,0.705008720324129,0.3761449560449495,0.23344585518434655,0.3805814181316095,0.3231923826213637,0.3439271255060729,0.1589586687608118
2023-08-24,0.5785892004243207,0.6428989805284525,0.41155896927404445,0.28866571859631984,0.4222249085883743,0.36515478197510104,0.33645427443261045,0.16299949698204141
2023-08-25,0.5831450209001027,0.6459994956432987,0.4160484089274586,0.32716037683010296,0.4189807934118832,0.3731447774330877,0.3578397212543554,0.22043720496743044
2023-08-28,0.5831450209001027,0.6556094867732395,0.29740894605016577,0.17234943503279654,0.285491736714291,0.21487019202708355,0.3208255159474672,0.1566029152379021
2023-08-29,0.5603659185211924,0.6281343405465034,0.3341982607638857,0.2134528036855029,0.3049679712322671,0.23409190503190358,0.4052532833020638,0.2672218122700885
2023-08-30,0.2004561009344103,0.3114704175952202,0.265177087817132,0.13908661259530794,0.20837984520533176,0.1216913491015432,0.38954703832752624,0.29176659855356984
2023-08-31,-0.021015794050150385,0.021000205178735524,0.22062242068679117,0.1297126229078658,0.13912099075688455,0.0527940386161726,0.3590994371482177,0.28150558561681727
2023-09-01,-0.0665500144921429,-0.013091148445890764,0.23383518404268536,0.1989250575173338,0.15710760961463482,0.10723650213141225,0.37822299651567953,0.3131027500483314
2023-09-04,-0.09457107322567676,-0.04947719029303691,0.24305339103516965,0.21321536194667734,0.1602277373756731,0.11903262120799092,0.39128919860627187,0.34478437988919325
2023-09-05,-0.09457107322567676,-0.07077634381258562,0.2593388900552252,0.23365136891430133,0.17215763763846667,0.13802985308662233,0.37822299651567953,0.33967533648302295
2023-09-06,0.056042117467067706,0.09439457438016156,0.3367718287920935,0.324400307725156,0.23088945431683483,0.21509405469925297,0.45017421602787466,0.43057357819108466
2023-09-07,0.12959739664259406,0.14083507046043392,0.31925723550637336,0.3033849496558381,0.2426358176525084,0.22602514839027105,0.4414634146341464,0.4170828786536306
2023-09-08,-0.01751316170845866,0.023695954944125925,0.3306263574637706,0.3197506869508947,0.2327248235880338,0.21380214064182337,0.4127177700348433,0.39030863890752887
2023-09-11,0.14360792600936098,0.11988367525294025,0.36381190263671415,0.33746418076214973,0.2791596661493686,0.2646183065720456,0.4658536585365855,0.42073285191282644
2023-09-12,0.21182963643408084,0.14754600821018823,0.3493522996355111,0.2850476679967895,0.2429517515794808,0.21296046797367515,0.49080301434243584,0.38232863088408026
2023-09-13,0.3136179032920158,0.27703803848485264,0.5197243805873857,0.4947647298195225,0.367545177572013,0.3261673518438813,0.48082150407731805,0.41483177070578
2023-09-14,0.3108668690526121,0.2859114815889821,0.5375890472918701,0.5121117224423918,0.38879153057685856,0.3623146916151484,0.5443974630021142,0.50856343260832
2023-09-15,0.3658875538406851,0.3067701474314771,0.5010351908042326,0.47305704697315343,0.38778776586796826,0.3536136298689644,0.4899927072360425,0.45127931413530686
2023-09-18,0.374140656558896,0.3635814893039296,0.35317071869634614,0.3010688256743443,0.3076538832748894,0.26871792646230214,0.40169133192389006,0.33733322187218834
2023-09-20,0.3082316460688724,0.2894190547723354,0.3658989359640971,0.3097977845625027,0.28846703702056486,0.23972405115873632,0.3637468600599627,0.2892601368922969
2023-09-21,0.2837132196770302,0.2844971576841832,0.4476949563630055,0.39536873554970664,0.31048780137799464,0.2538538323292979,0.39599303135888514,0.32439694680800224
2023-09-22,0.2767079549936468,0.2600149199038527,0.4655615240766481,0.41274833825843604,0.3446051215554205,0.2943548114780053,0.38484320557491297,0.31296430688860083
2023-09-25,0.24868689626011292,0.2456104358419778,0.4119618209357203,0.3924579963233115,0.31190094481729624,0.2820786132205239,0.3573170731707318,0.3207830848783934
2023-09-26,0.14711055835105272,0.15631274555558067,0.3604236448386744,0.34617290170504006,0.2829449791583797,0.25088059899030474,0.2977351916376307,0.263414438487831
2023-09-27,0.18563951410966176,0.2011169611205816,0.3332802054275636,0.33019369368307483,0.2609314154693979,0.2303237290798731,0.3137630662020907,0.28331233630824953
2023-09-28,0.1576184553761279,0.16598676210494911,0.2821685004920112,0.27545345128992793,0.20937715600538453,0.18699469944971991,0.3393728222996516,0.31710469234874317
2023-09-29,0.17513161708458658,0.19228069525604097,0.3060914820554643,0.32651993911299265,0.21891932262438538,0.20170533029225207,0.3189895470383276,0.30480223611636886
2023-10-03,0.21716320518488735,0.24366264251955938,0.37049950934168424,0.38595034749519874,0.30186277092800834,0.2909692959079421,0.2447735191637631,0.2310639814248006
2023-10-04,0.16812635240120308,0.19387133233437426,0.3692726897743277,0.37058014496476055,0.3027802869490661,0.2931997083181522,0.21846689895470386,0.19502191657831072
2023-10-05,0.24868689626011292,0.25915485367650976,0.41435830887468167,0.40775279793078917,0.3325078060313381,0.32337177391555616,0.22247386759581886,0.18937229233554712
2023-10-06,0.24168163157672948,0.2925670854866415,0.3723397386927191,0.38345506587771416,0.2948896491679692,0.2828739038778841,0.25289684790535616,0.24815151395725005
2023-10-09,0.1786342494262783,0.2063954943609742,0.3606849528028317,0.3743952999337693,0.26020754357198533,0.24600648463906624,0.24981768090106152,0.2420869385065399
2023-10-10,0.1786342494262783,0.2038288805625498,0.3616050674783491,0.37731954577129534,0.2512158865656191,0.23905506196501955,0.26796856008427195,0.26458404338604014
2023-10-11,0.1225921319592106,0.1586327237655435,0.36436541150490137,0.3948282722507708,0.2438757583971569,0.23256191016963457,0.3021635199740702,0.30044257664675567
2023-10-12,0.07355527917552636,0.11194940319428516,0.3976945663260616,0.41946193303704093,0.24763545277819818,0.2267664958844487,0.30564784053156147,0.29465086156237763
2023-10-13,0.03852895575860905,0.07640141185530769,0.3824734261702605,0.39991417947277663,0.18321932555252346,0.1651746824361676,0.28224101479915437,0.2758608249579172
2023-10-16,0.12609476430090233,0.14134951134097015,0.3783370877473665,0.4048973936012542,0.19025333987903714,0.18517760207425366,0.28918755662941714,0.29191141548126587
2023-10-17,0.1541158230344362,0.16381537831940102,0.34331608910019773,0.3630323926447101,0.1709935387469163,0.1623832451031228,0.2710477270885666,0.2650100522021392
2023-10-18,0.16112108771781963,0.16971752103655058,0.3686856314272806,0.39206809899495676,0.18774119190528227,0.18213967614584647,0.288712422007941,0.2870290172558817
2023-10-19,0.26269742562687987,0.26636702252253447,0.3904703471211888,0.4300265088277318,0.2058286573163175,0.2055188731029956,0.291143343327121,0.29516734754599244
2023-10-20,0.16812635240120308,0.17312740403498358,0.37254621395531495,0.40747058872466857,0.1912581990685391,0.1908748584730994,0.2663479458714853,0.27176887121337573
2023-10-23,0.2206658375265791,0.22299441605949896,0.44258821124965253,0.44170066954868903,0.2527220861597421,0.2450309011712111,0.24463908184838418,0.2402011111635829
2023-10-25,0.3187395430939476,0.316789663618288,0.46189112388982423,0.4707695281239924,0.27767608936570737,0.2723801434181377,0.31366330675127724,0.31208334359341505
2023-10-26,0.2451842639184212,0.24540327153819674,0.45279117935945756,0.4615301424464381,0.26293815458634534,0.25681889573593936,0.28163696768347934,0.2834486216464388
2023-10-27,0.26269742562687987,0.2655923432768372,0.46057633557048183,0.4651484816170014,0.28152804959213157,0.2798679784928109,0.29235880398671094,0.2974217081710366
2023-10-30,0.234676366893346,0.22796028785983508,0.4382370043242489,0.4513268771198519,0.2577463821072519,0.24756716334960385,0.33660525520990636,0.3393481043740875
2023-10-31,0.29422111670210543,0.28011487110736266,0.42218227503004235,0.4263846944342589,0.2607172041658138,0.2580452753820245,0.3455954897815363,0.34619256943522325
2023-11-01,0.2662000579685716,0.25434900263562105,0.45858205315150913,0.46664072931774464,0.2826529483827191,0.28284123148446205,0.3354474982381959,0.3378013061405796
2023-11-02,0.29422111670210543,0.29405539921090806,0.47319711557906774,0.47296141699714805,0.2891834371190497,0.2860056040323363,0.354726668680157,0.34959453994299755
2023-11-03,0.25218952860180466,0.24689947300230614,0.46244263567954347,0.45947448795606605,0.28298784524099246,0.27166834275844143,0.3221987315010571,0.3044687946554796
2023-11-06,0.23117373455165427,0.24801308456977575,0.47464184042922114,0.47611513049492854,0.2996155150031668,0.28588000759190874,0.3310782241014799,0.32030561457456697
2023-11-07,0.25919479328518813,0.27995389553688105,0.4356943138781626,0.4470342410644362,0.3276115903511706,0.3250980760511057,0.18872445384073291,0.18112485529577796
2023-11-08,0.234676366893346,0.25444086199119176,0.4890380303342996,0.5093735518258129,0.3199638914815245,0.3188696525643948,0.17214005740752575,0.16058147171603876
2023-11-09,0.1996500434764287,0.21539012747652553,0.482838258144463,0.4758879121146597,0.3112376035320284,0.2979972977253549,0.18866930171277996,0.1528377733962284
2023-11-10,0.25919479328518813,0.26732771142408157,0.4515914063076873,0.4431711952896054,0.30526698546132053,0.29999713913125486,0.19617918313570484,0.16033975440161236
2023-11-13,0.25919479328518813,0.2534964244293605,0.36880849623360235,0.34725712995811603,0.3056793768385463,0.29077380411222953,0.1978919631093544,0.1481266775143208
2023-11-15,0.25919479328518813,0.23398805489538171,0.344254332731836,0.3037063128747329,0.28578036883203106,0.2482803961073404,0.18194993412384713,0.12473505274738456
2023-11-16,0.25919479328518813,0.2670939054616538,0.3348295022968145,0.28842484206002184,0.2749124490746266,0.23652964412074803,0.19565861863771583,0.11614288482149127
2023-11-17,0.25919479328518813,0.25195623914214754,0.3080431421130694,0.2400570056736603,0.2545542331910378,0.20083321817679906,0.19301712779973648,0.10676092593437442
2023-11-20,0.25919479328518813,0.20097540858681218,0.26765294929765093,0.24634942098356657,0.2200405559469779,0.20642396212176392,0.16604371967887788,0.10923034945275503
2023-11-21,0.24868689626011292,0.17520415476611056,0.3028577952080504,0.26055943050270647,0.23377430038733277,0.18768660842598395,0.20784377278988736,0.14143874445577181
2023-11-22,0.3187395430939476,0.2214532954933812,0.28146531480039666,0.2402815969546852,0.23986072278790666,0.20039670424619094,0.23799456357595888,0.190909696204752
2023-11-23,0.3187395430939476,0.14057326084646013,0.33247304925823107,0.26236955331161793,0.2687368762311781,0.2039942520577266,0.24811235276351556,0.1600979030232281
2023-11-24,0.3187395430939476,0.2314646581818661,0.32350661175100315,0.2384580171068343,0.2782992892251654,0.20635393700601215,0.2222692036645525,0.13824593015318917
2023-11-28,0.3187395430939476,0.17477332897534076,0.3637725668368057,0.19991186957613133,0.3050910378870345,0.18053220838521866,0.2586419537177816,0.12022000144326367
2023-11-29,0.3712790282193235,0.26714197047594396,0.37894124854721084,0.22749867104300117,0.3231754682337961,0.18124220871306074,0.27125691549311753,0.14346072134515367
2023-11-30,0.32574480777733106,0.27653395288461213,0.37011583373388424,0.24566351518280866,0.28384890121290285,0.1790096882542428,0.2935870331219168,0.15888458739658554
2023-12-01,0.29772374904379717,0.2771614820577445,0.39933749901493903,0.2794654508747464,0.2882344331294401,0.18421150750898815,0.3965569314406524,0.26688811277342184
2023-12-04,0.32924744011902274,0.3725164354203392,0.3830781617409577,0.2663680005702821,0.289040238049245,0.20152778241842303,0.4232558139534883,0.2906660090331844
2023-12-05,0.3152369107522558,0.33153558468697797,0.3055799879114335,0.13914397495996714,0.24868178070864938,0.12139816637056923,0.41409443269908386,0.24599492511516238
2023-12-06,0.3152369107522558,0.4312520693423849,0.3246097886026689,0.18475095995505042,0.26358594130330915,0.18610039869455766,0.4357447411000119,0.27670596872916836
2023-12-07,0.3152369107522558,0.39786507483642586,0.40541749298719065,0.2949777102375731,0.312317522573489,0.2325801882584219,0.45017618040873847,0.32155179290828373
2023-12-08,0.33975533714409795,0.4077133925761231,0.49449902375920596,0.43558890736762645,0.39370428716904693,0.3520953632265905,0.4896405919661734,0.4105059038852253
2023-12-11,0.33975533714409795,0.44498570475480864,0.5196426422303623,0.4575301256052163,0.3961152408898356,0.3553738321394827,0.4985200845665962,0.42955630756434926
2023-12-12,0.3537658665108649,0.41271144485651967,0.6006473807328683,0.5409022151193676,0.4627764949592455,0.41850759443544855,0.5333333333333333,0.4876204873770012
2023-12-13,0.416813248661316,0.3776777537092713,0.6199518481994215,0.5770450953852001,0.4815412861325883,0.44519532158140085,0.5647639182522903,0.5181086335066287
2023-12-14,0.4413316750531582,0.39857603514257695,0.6275764130879539,0.5835094869834005,0.4882796193625646,0.451104374278526,0.60169133192389,0.5588878858660735
2023-12-15,0.4518395720782334,0.39031933179091444,0.7154205885048285,0.6874055921460807,0.5504029865722735,0.5368135790176387,0.5743481324876674,0.5415328857025357
2023-12-18,0.4238185133446995,0.34541021075539957,0.7079855015573187,0.6830676282677681,0.5455469821273098,0.5192835543830098,0.5636363636363636,0.5083477557081657
2023-12-19,0.4378290427114664,0.34303061857801675,0.6263602618648518,0.6011043121730305,0.5084991012433563,0.49365479157379244,0.568177613320999,0.5122049906933315
2023-12-20,0.4378290427114664,0.3433125130898676,0.6151295267906413,0.5899216967011481,0.48473328322465664,0.4742026672197949,0.6071725927213781,0.5480286397965097
2023-12-21,0.469352733786692,0.3772545880705926,0.6562703412335287,0.6341967312001945,0.5306505503441379,0.4972869068986759,0.615190107912214,0.5544575993597646
2023-12-22,0.4413316750531582,0.36376857045564664,0.706085423781844,0.6830192825071162,0.5608028890859306,0.5261018789282529,0.6399629972247919,0.6005639504313037
2023-12-26,0.469352733786692,0.39057694939713833,0.6927062065024436,0.6962961619317212,0.5547925603766205,0.5484636399072094,0.6395698427382054,0.6313339400239003
2023-12-27,0.4098079839779326,0.32615551651519264,0.6504189090124689,0.6524745130468671,0.5134006015220168,0.500036189108499,0.6243061979648474,0.625025783599686
2023-12-28,0.37828429290270704,0.2964187321851782,0.6446016088286628,0.6510036470348641,0.5048415863012343,0.49437440710237507,0.6226873265494912,0.619173442841067
2023-12-29,0.34676060182748136,0.2545169388217876,0.656236209196275,0.6474917549976493,0.5090509380491601,0.4755619299525543,0.6122802960222017,0.5962951123653228
2024-01-01,0.37828429290270704,0.3360441799185752,0.6788341829872139,0.6884294810442709,0.528170455848789,0.5104702448268665,0.5175763182238668,0.553094728223691
2024-01-02,0.37828429290270704,0.33993967796826,0.7211411887479098,0.7402390939663093,0.5751972236359544,0.5681470752919804,0.5966697502312673,0.6292038218812482
2024-01-03,0.37828429290270704,0.32539349288232844,0.7146329533490973,0.738708796618083,0.572792720715929,0.5770425496825811,0.5927382053654024,0.612761364520285
2024-01-04,0.4063053516362408,0.3663004560949944,0.6748068213215019,0.6884671639352784,0.5306962444261742,0.5490146421100109,0.5737742830712304,0.5831942628690946
2024-01-05,0.40990410167114344,0.36510808077251933,0.630724450411468,0.6331862777603889,0.5307129029661078,0.5319352984978161,0.5719713417281806,0.5749702151505388
2024-01-08,0.40990410167114344,0.35933224769341693,0.5605192412626216,0.5394474846804375,0.4899464484492816,0.4517640496347675,0.4894702561875814,0.43980179210919174
2024-01-09,0.40990410167114344,0.3775627852212523,0.6022794451324588,0.5849114799254018,0.5136639297738456,0.48540532660733104,0.5182370820668692,0.48097137147571434
2024-01-10,0.40990410167114344,0.40651690069334606,0.5755204795459612,0.5300970383778665,0.5116015400934487,0.45988720688257767,0.5260529743812419,0.48667392900525974
2024-01-11,0.34938134840426316,0.3108649915920875,0.5694388964581208,0.5423141226353195,0.5041253775020101,0.47224225314775536,0.5210594876248372,0.48984661960469394
2024-01-12,0.3548834168830705,0.3106766510552939,0.5651817882966326,0.5311750713164938,0.49574691942539784,0.4665341141859236,0.5240990013026487,0.4814417437146172
2024-01-15,0.49793719733206016,0.47873880179965383,0.23769301957032823,0.10420905141907412,0.39698438918144235,0.31115075727067654,0.4900130264871906,0.4115275505426062
2024-01-16,0.6299868408234353,0.6042313159204411,0.23201918790113027,0.08808400312762568,0.41425578793154405,0.3227899952110483,0.49924012158054715,0.4067616124342425
2024-01-17,0.48143099189563826,0.4288845024567371,0.2966875751427915,0.18336168949556172,0.4363321069564817,0.3647388481817139,0.5168258792878854,0.4402186672570587
2024-01-18,0.5199454712472894,0.5038712987828579,0.27820806156442457,0.20311833931951326,0.42343050710561,0.37135997235049417,0.5098784194528875,0.4462896944860849
2024-01-19,0.4869330603744456,0.4604600581478253,0.298718290920634,0.23298790485430457,0.441234714899813,0.3888303127100417,0.5115306122448979,0.4475372794403535
2024-01-20,0.5529578821201331,0.5372716380209804,0.27739577525328757,0.2371419175911123,0.42484968308920595,0.3858333930065511,0.5157142857142857,0.4670214974706965
2024-01-23,0.6024764984293989,0.5784935763763802,0.25871319009713645,0.1795468814877241,0.41904396315631365,0.3530422017292071,0.49877551020408156,0.41372892066027867
2024-01-24,0.6409909777810497,0.6100571160852938,0.2824725646978939,0.19571218013657224,0.43646112295499045,0.3656812824887284,0.5286734693877551,0.4598112800756023
2024-01-25,0.67125235441449,0.677448746718427,0.2649407111659264,0.19804984320787428,0.45517123567570983,0.4069742150727281,0.5516717325227963,0.49118080318318946
2024-01-29,0.5804682245141696,0.5826167682902735,0.2754577833152495,0.21908580680038986,0.4477347142543742,0.4183559402935562,0.4773122014763352,0.43268104107963046
2024-01-30,0.5529578821201331,0.5444749643341634,0.2607439058749789,0.20151162213606108,0.402916963342724,0.3567538174539666,0.44020408163265307,0.3891506351766753
2024-01-31,0.5529578821201331,0.5834647287450846,0.24226439229661206,0.1773882854909969,0.4064003953024593,0.3610569423291634,0.41428571428571426,0.3690899595231715
2024-02-01,0.662999251696279,0.7392116481109156,0.19799478833964523,0.10437200734944355,0.40704547529500296,0.3617426059521809,0.37520408163265295,0.3141808730645009
2024-02-02,0.13755171197018234,0.1375640939335185,0.15941118856063746,0.0829982283772105,0.23855058124261821,0.21233633639920874,0.25846938775510203,0.21818562556974191
2024-02-05,0.0577717190274766,0.04217138082843678,0.11595387091480762,0.04056285182404006,0.20900591758412196,0.18905546439368767,0.11857142857142856,0.05766983677536539
2024-02-06,0.08253102718210943,0.073102037145272,0.11981223089270843,0.0586230565891861,0.2137795095289445,0.19562043476723223,0.13857142857142854,0.08933755810101675
2024-02-07,0.03576344511224741,0.008379546007604583,0.128341237159647,0.07358424086856491,0.18539598985702668,0.17391934733865164,0.146734693877551,0.08618307086505865
2024-02-08,0.0027510342394036474,0.00027929600273168977,0.08143170269148486,-0.004737309939362748,0.14320775834467614,0.11239745172161834,0.1420408163265306,0.04570010471432892
2024-02-09,-0.03301241087284377,-0.024229111229494164,0.08996070895842342,-0.011383505808644823,0.10747032675776147,0.04907246204430325,0.18530612244897957,0.09549590039776987
2024-02-12,-0.2090786021946772,-0.2171722394507465,0.1588019738272847,0.0011955170593671675,0.09985838284574715,-0.025958200454280315,0.19204081632653058,0.05854251986652181
2024-02-13,-0.008253102718210942,0.006378637931172316,0.13132204937128944,0.007248923563029632,0.048346621283664896,-0.01347918946178343,0.128265306122449,-0.033245819629728585
2024-02-14,-0.19257239675825533,-0.17230082020744583,0.07721250125071183,-0.04730550753928487,-0.01920972419004285,-0.07435057017951145,0.1010204081632653,-0.02790569317674117
2024-02-15,-0.21182963643408084,-0.20425258939998606,0.02715610280208763,-0.06464540049480134,-0.04254502672962511,-0.08580613071060948,0.06346938775510204,-0.05097115055217465
2024-02-16,-0.26409928698275015,-0.25196865297928384,0.01763120107299719,-0.08885032229410003,-0.07387363732143995,-0.1345873821370099,0.0523469387755102,-0.0536125465063956
2024-02-19,-0.30261376633440124,-0.3026789373535421,-0.038540267323907966,-0.11854576814756042,-0.10210147121716917,-0.15526584408916488,0.0273469387755102,-0.04465987865332989
2024-02-20,-0.18914214645135352,-0.18771570872953175,-0.06510168933516565,-0.1371452240584977,-0.10298880609925126,-0.15396245278783813,0.019322622666087714,-0.0571300867274231
2024-02-21,-0.21366057284319562,-0.2151865694623394,-0.02284228547995794,-0.08007980706608134,-0.049957997059473645,-0.09445615094258397,0.011940946591402518,-0.058162923020772014
2024-02-22,-0.2767079549936468,-0.27675039942121127,-0.04384856051440711,-0.09267942403691447,-0.1157571730679595,-0.15664701564815361,0.05601389491967,-0.016616610983332423
2024-02-23,-0.29422111670210543,-0.29655030691283646,0.009405646962335621,-0.062412398322768896,-0.05557125515604371,-0.12336369085483782,0.09813287016934434,-0.041217932707873654
2024-02-26,-0.18914214645135352,-0.1891839288928156,-0.07927616725397166,-0.10317912690089132,-0.06244749632434206,-0.08277015776093442,0.052974381241858444,0.0015795275803428615
2024-02-27,-0.11208423493413541,-0.09583524599294849,-0.08534083417918975,-0.08867430605455093,-0.0837481693981177,-0.08863810342355653,0.006591119333950046,-0.016610903450766035
2024-02-28,-0.37828429290270704,-0.37085477881197204,-0.05209760226055189,-0.05892991128452634,-0.09951793438533182,-0.10925385825415672,-0.03919981498612396,-0.08332714629833379
2024-02-29,-0.3537658665108649,-0.347871211688122,-0.05600179208602058,-0.06840020848359318,-0.10183427757336999,-0.11284836048655966,-0.04139685476410731,-0.09903070352063781
2024-03-01,-0.19614741113473694,-0.18697665455429874,-0.08680283131534308,-0.09526225112875594,-0.07253560220779244,-0.07673397447579382,-0.037118408880666046,-0.08010258882745436
2024-03-04,-0.1541158230344362,-0.15363613821299263,-0.10802130119242696,-0.10674070588737353,-0.06581827691237817,-0.06928033547123752,-0.007053654024051803,-0.04038566984033772
2024-03-05,-0.03502632341691732,-0.043933578067951416,-0.1504582409465947,-0.14917882300192117,-0.07536443921264677,-0.07655234862767371,0.02000462534690102,-0.01978033039458179
2024-03-06,-0.04203158810030077,-0.05969482803482086,-0.13889334030476463,-0.12457724011567164,-0.0670976849743497,-0.06443970515204725,-0.0018501387604070306,-0.033888502763936325
2024-03-07,-0.06304738215045116,-0.08812843690370198,-0.1369565805793994,-0.13671240766622011,-0.06793640603652906,-0.0689424423967041,-0.028561517113783533,-0.08712539244540185
2024-03-11,-0.024518426391842117,-0.05488123989940241,-0.09573126642519636,-0.09942200266655322,-0.016942165456023298,-0.01941957329352144,-0.0025439407955596674,-0.07090423893365531
2024-03-12,-0.04553422044199251,-0.06696529016742557,-0.12173918273724389,-0.11902311716335252,-0.05535559010383851,-0.0521256904143424,-0.04521276595744681,-0.0999794921161718
2024-03-13,0.05954474980875943,0.05925137764427908,-0.256870360921482,-0.25872165902069405,-0.19212785480949834,-0.20828952460725514,-0.1413702239789196,-0.16135204386555918
2024-03-14,0.028021058733533853,-0.003172796259401644,-0.31808953895765946,-0.3192988110357075,-0.25128514610465474,-0.26451641649199054,-0.18247694334650852,-0.21706340615641811
2024-03-15,0.01751316170845866,-0.018502173747831238,-0.29056598919401655,-0.2905429709293177,-0.23111761358545005,-0.2346749439783716,-0.1215541165587419,-0.16682565717280298
2024-03-18,-0.16812635240120308,-0.1893772029304047,-0.2252299935213581,-0.22601741197684,-0.2111879063269946,-0.2137657900814795,-0.13376503237742832,-0.18179869833822432
2024-03-19,-0.22416846986827083,-0.23966488511067205,-0.2268997773066702,-0.22681600812789218,-0.22723959888792009,-0.22645805223102733,-0.10355731225296441,-0.15104676869048586
2024-03-20,-0.21366057284319562,-0.23955026964519915,-0.26773559649718054,-0.2685970453978227,-0.24706340880706013,-0.24564274098481106,-0.0898550724637681,-0.14410862825975554
2024-03-21,-0.0665500144921429,-0.10700720581752508,-0.25086816903847725,-0.2581135578914571,-0.20599613384790116,-0.21726383491498955,-0.15238976256552572,-0.18170987777701547
2024-03-22,-0.10507897025075195,-0.13286441489536036,-0.17731602826749027,-0.20004310973552733,-0.18851530377646308,-0.21251540229266216,-0.13265494912118408,-0.14006488458273458
2024-03-26,-0.05253948512537598,-0.10555029221870202,-0.18961991446964802,-0.21760688231579167,-0.18195852636398174,-0.21087366322325884,-0.1444264569842738,-0.15930310021207492
2024-03-27,-0.20665530815981217,-0.2214779278357892,-0.19806955679201763,-0.21083140526101046,-0.1979009751776752,-0.21021084660140893,-0.1898704902867715,-0.20850656196299397
2024-03-28,-0.12959739664259406,-0.14121110154660435,-0.26575485159680445,-0.27224955245837146,-0.21498066535751592,-0.21962202840634137,-0.15806352143077398,-0.18446312621899014
2024-04-01,-0.16112108771781963,-0.17084784746096382,-0.24232211053277092,-0.2426152733723942,-0.20274871791316776,-0.2024212812173179,0.0549491211840888,0.02566410896723873
2024-04-02,-0.09106844088398502,-0.10714573538705767,-0.22744415272132054,-0.22770797588994576,-0.17193195173146997,-0.16734360174444954,0.03866790009250694,0.011982113097182076
2024-04-03,-0.09807370556736847,-0.10583056556172116,-0.2340687396937862,-0.23231966261555673,-0.16238017663527718,-0.15386905983461174,0.12315757015109466,0.0764448651856682
2024-04-04,-0.14711055835105272,-0.14238626073809404,-0.23793308209439118,-0.2315049977601865,-0.1893597519069796,-0.1749087569103954,0.098859081097749,0.05580402987397538
2024-04-05,-0.12609476430090233,-0.14589334489076675,-0.2589109408405324,-0.25078532436454654,-0.20025212701667308,-0.1884683302736966,0.06432315757015108,0.02837244181202649
2024-04-08,-0.1786342494262783,-0.18155445337831067,-0.2578675890768865,-0.2545496988397415,-0.24503873041092153,-0.23493525120990977,0.06160962072155411,0.029066953256367562
2024-04-09,-0.1576184553761279,-0.15517737960934638,-0.2429747015793979,-0.24140557744762586,-0.23247693630236438,-0.22284317818323188,0.09614554424915202,0.05411540000045442
2024-04-10,-0.17162898474289487,-0.16517781451871422,-0.30806213582768155,-0.29821446875673085,-0.28557145273453266,-0.2569371832183061,0.09909805735430158,0.04103037571652375
2024-04-12,-0.1576184553761279,-0.1567903860166104,-0.2573160006510537,-0.2535204276374895,-0.24688112688017658,-0.22121471108735383,0.10256706753006474,0.058573947418542514
2024-04-15,-0.1015763379090602,-0.12672948060625366,0.2529208601614439,0.25442581171548195,0.10891460053186698,0.11792439042379815,0.24687789084181314,0.19807013791973102
2024-04-16,-0.1015763379090602,-0.10234826940929206,0.25539439669144115,0.2571479249029308,0.12425662416660314,0.13149294355718016,0.21600370027752083,0.14460649113174984
2024-04-18,-0.11908949961751886,-0.10917460682813711,0.22821887999680357,0.2281188200624962,0.0880360697536662,0.0909365106519861,0.23219241443108235,0.171146493251139
2024-04-19,-0.11908949961751886,-0.08093764528757805,0.1785819668504757,0.18097301267629123,0.06640434975705108,0.07131436663718127,0.19403330249768735,0.12749605964897515
2024-04-22,-0.09807370556736847,-0.03612460129605641,0.155631575372966,0.15342113938478683,0.06155694374871496,0.06342142024115278,0.11308973172987975,0.049779596165165065
2024-04-23,-0.09807370556736847,-0.02161899571508311,0.17637689073322962,0.17868851523883927,0.10491684130509564,0.10462334636850011,0.04765523230568824,-0.01382683960385448
2024-04-24,-0.17162898474289487,-0.07529699651148777,0.17956782197251386,0.1900779480255602,0.1356714162742599,0.13131525217816326,0.10551454624402953,0.03808711015291842
2024-04-25,-0.11208423493413541,-0.01489689306970181,0.19097682723596088,0.20202786431732295,0.16231568989922743,0.1601910207106009,0.11582718193660443,0.05433981870000715
2024-04-26,-0.1015763379090602,-0.05398522631170513,0.25545361922072973,0.2596532915459414,0.16479547458668606,0.16896245417720782,0.17244897959183672,0.07255477556879991
2024-04-29,-0.09106844088398502,-0.062411462912270614,0.2213332764074161,0.23015311649091344,0.13391386946822698,0.13809894516829582,0.12142857142857141,0.023381833537710662
2024-04-30,-0.03502632341691732,-0.045498672347243876,0.08799456830801938,0.08504592876204166,0.06344766142519769,0.0689516203662315,0.09285714285714285,-0.015930876806217114
2024-05-02,0.03502632341691732,0.08667292415570685,0.11452164461417938,0.11063184523285116,0.12551810438597652,0.12419358482040617,0.11112244897959182,0.03499154334368991
2024-05-03,0.0770579115172181,0.14559562546353963,0.1187881372566684,0.11923637535252563,0.15205381101791116,0.15212786698716907,0.09051020408163264,0.04403586889567819
2024-05-06,0.05954474980875943,0.06230104049806445,0.08083880796295015,0.07415423334118197,0.11920007899742065,0.11499562196530136,0.0723469387755102,0.018709222836300752
2024-05-07,0.12959739664259406,0.13956197383134022,0.09857843526593088,0.06865637151716503,0.13394213823738435,0.1236246366413297,0.11775510204081631,0.057894641369589314
2024-05-08,0.15061319069274445,0.15051019915592467,0.051647016198551485,0.03388166260754461,0.11456686037914636,0.10631842917971489,0.06959183673469387,0.012745631739446598
2024-05-09,0.10858160259244368,0.11295423917348237,0.037487481906732754,0.006977970262543588,0.0626054358310579,0.050636041311414685,0.08499999999999998,0.0231549458563746
2024-05-10,0.10858160259244368,0.10803629762038694,-0.02605692073063364,-0.06841883916971882,0.0865050123150118,0.06893273597118134,0.02816326530612245,-0.04043278083710837
2024-05-13,0.10858160259244368,0.11078285615224515,0.04968238163573441,0.0007145602112454336,0.08052890122159731,0.045022776670338216,0.06936604429005645,-0.03364969439541121
2024-05-14,0.1366026613259775,0.135178866059032,0.044666611901906655,-0.007609236876813195,0.08692306356634921,0.04045225922560936,0.0683673469387755,-0.056442620151871924
2024-05-15,0.12959739664259406,0.12803505355082948,0.018413284036005312,-0.053966724864829486,0.06954233834334238,-0.001402679931480961,0.0053191489361702135,-0.14151006000554892
2024-05-16,0.12959739664259406,0.13122705688546582,-0.04835555036172965,-0.11957597083484589,-0.006315359367455988,-0.07060980600533973,0.024641771602257924,-0.12464902349802848
2024-05-17,0.3712790282193235,0.3803262555802682,-0.09617681113991321,-0.1257056269615194,0.008732317862423093,-0.026957477661076316,0.016304347826086956,-0.10147285708735167
2024-05-18,0.15061319069274445,0.14882510013070283,-0.13171501267223257,-0.1248445450419792,-0.03293769018282395,-0.042994079672229034,0.03688714153561517,-0.03766696657928144
2024-05-21,0.22767110220996253,0.2350472755121635,-0.07853196981967073,-0.08558525929660872,0.009345112098382609,-0.008518822058566154,0.03376503237742831,-0.055090266267587326
2024-05-22,0.19264477879304523,0.21111943932682598,-0.18961471414741682,-0.1693859047530325,-0.05659282152740432,-0.05778722885930921,0.04113475177304964,-0.04106298894890111
2024-05-23,0.2767079549936468,0.30486555121904213,-0.16237203002116665,-0.16130521552426944,-0.04918337697563809,-0.048589669071848675,0.12555994729907774,0.036417655566925326
2024-05-24,0.2556921609434964,0.29128741044895795,-0.1663622689441821,-0.15059832996500078,-0.09524691287446332,-0.08858212667458233,0.014756258234519102,-0.04175609949576508
2024-05-27,0.2767079549936468,0.28540232260653803,-0.2607202319526981,-0.20079652206626827,-0.16140674542135433,-0.11922673820301793,0.06333641689793401,0.05429484171233859
2024-05-28,0.3012263813854889,0.32526492991828154,-0.24445966780342834,-0.1965049853918476,-0.13277546589121783,-0.09439731355871761,0.09343200740055504,0.0652976552858029
2024-05-29,0.3117342784105641,0.3462328924576152,-0.2563105874376419,-0.2622269639884237,-0.14047744751920777,-0.11701796765356298,0.08726487819919827,0.06635902957603561
2024-05-30,0.3012263813854889,0.31050983586608205,-0.25090300942042965,-0.22993834201137803,-0.14501033963236656,-0.11124644075820958,0.14412580943570769,0.16459674793079734
2024-05-31,0.2837132196770302,0.28926391540555535,-0.1412473035332969,-0.043127883576164816,-0.05991904770319524,0.004048908233444654,0.17853839037927843,0.24947308156060244
2024-06-03,0.28021058733533855,0.26838162878694377,-0.1912309443963122,-0.028140358816053247,-0.10788493499501137,0.014358570849858773,-0.047178538390379283,0.07418412866496076
2024-06-04,0.3012263813854889,0.3886954298177213,-0.10256694451032947,-0.07046396090791385,-0.01205426453988041,-0.002112718058001188,0.011779216774591426,0.022210843643911595
2024-06-05,0.3082316460688724,0.36285757368687416,-0.0892742640289676,-0.00017668660830230215,-0.025898514224654712,0.009111866070177436,-0.015263644773358,0.03118179220349699
2024-06-06,0.2556921609434964,0.3323518005034103,-0.21698974550975617,-0.1419497090885647,-0.1297834209085544,-0.09519715634404183,-0.10675300647548566,-0.06744122129828585
2024-06-07,0.37689169079829965,0.46589941966776016,-0.21952675553743117,-0.13116250741228835,-0.07025880519223474,-0.0288590376561691,-0.10453283996299723,-0.062022462568590266
2024-06-10,0.2861075608979793,0.38055255913934094,-0.19298510260804685,-0.151538147927135,-0.08617801159744698,-0.0661191490541561,-0.04960684551341351,-0.03241673441759622
2024-06-11,0.26960135546155745,0.4091572514177137,-0.1108897706531386,-0.09629788836245572,-0.019226760740921563,-0.010285559667885576,0.044507164567954845,0.06927161291315861
2024-06-12,0.28060549241917204,0.35975527172477556,-0.14919714596967737,-0.09221322874936272,-0.044909222168575916,-0.006902856168819753,0.009489795918367346,0.03882825000476795
2024-06-13,0.37964272503770335,0.4395061989020006,0.10924557521585024,0.17972471598251755,0.13301551033490383,0.1649720007593681,0.13744897959183672,0.17012692583584543
2024-06-14,0.43466340982577634,0.469775301990955,0.10853944922648975,0.20192148332832466,0.15742975537242493,0.2000464760218155,0.15183673469387754,0.17648517789584078
2024-06-18,0.3246220402496304,0.3411870631423001,0.07142926861879415,0.16585038702840957,0.11692099444816575,0.1790029735146283,0.16168067226890756,0.20266706856665317
2024-06-19,0.18431929404004438,0.24414837811167733,0.12481712402974854,0.19206040570357286,0.12155035361920988,0.15795824249530585,0.20416289592760178,0.22640387210902294
2024-06-20,0.187070328279448,0.1852059241136793,0.2216516479820313,0.30093295085105254,0.16155276491771936,0.20369554522858982,0.23783913565426168,0.2687433609852344
2024-06-21,0.2751034239403647,0.27600089743562706,0.25187512551759494,0.31782001968349494,0.2105264420371267,0.24901778123901278,0.299174989144594,0.31540026751786354
2024-06-24,0.23933997882811733,0.24919869520963947,0.22150433064007144,0.29887398012598804,0.19931726183074358,0.2407411522544923,0.28377551020408165,0.30091142350433964
2024-06-25,0.3878958277559143,0.38493822488036306,0.20267443781600683,0.2922956975889903,0.20395554329545382,0.25540569818488684,0.28448979591836726,0.2979988151462519
2024-06-26,0.39889996471352884,0.4007969119382372,0.18769151234309522,0.2852051092547503,0.20859382476016408,0.2631752384040138,0.2743891402714932,0.2837520152909209
2024-06-27,0.40440203319233614,0.41039976244851584,0.13257870702140181,0.22561389968788467,0.16052572298265338,0.21308868611969797,0.23746606334841627,0.2601659901587122
2024-06-28,0.35213238264366686,0.3496736798282417,0.047433370729495494,0.12092185201886724,0.10381608426600152,0.1445629027309959,0.18348139255702278,0.22042107397359478
2024-07-01,0.3438792799254559,0.3351772752559687,0.07521103770678267,0.14699301963706524,0.11806995204832528,0.1500357823262376,0.16959183673469388,0.22141555877926877
2024-07-02,0.38239375927710695,0.37685420023463234,0.10786846197420145,0.17942168583875548,0.14116394525985004,0.17413199374869365,0.15357142857142855,0.2186155295367276
2024-07-03,0.38514479351651065,0.37347754016422996,0.13260893490406417,0.2085542313041379,0.16578734199531686,0.20301742640006895,0.14479591836734695,0.22672770853292365
2024-07-04,0.3328751429678413,0.3245039083665441,0.13533038692634905,0.1951565207400566,0.1527874120418095,0.17990989534169352,0.15153061224489794,0.22006174485632468
2024-07-05,0.3411282456860522,0.33486114661689426,0.12023869843913282,0.17094847255806095,0.13672867504041814,0.15719693256314105,0.14448979591836736,0.19614388653159973
2024-07-08,0.3328751429678413,0.32285226839060815,0.16056120362661652,0.21883170605173846,0.12821278610974962,0.16209312954462568,0.20201680672268904,0.25786962203459646
2024-07-09,0.3053648005738049,0.2952702852881936,0.1920730794773356,0.2185066206543576,0.11923183695358619,0.13179111482588945,0.18132653061224488,0.21663335668578143
2024-07-10,0.2943606636161903,0.2833284893071993,0.2276112034651058,0.2431894015824603,0.1446533055833033,0.16428236159612278,0.17704681872749098,0.22052140385907157
2024-07-11,0.2310868761099064,0.21144783046106322,0.2114653841060047,0.22716335144555672,0.11024548046882823,0.12751823488686234,0.14218487394957982,0.18341041425463306
2024-07-12,0.2310868761099064,0.2190048764754451,0.1672886283595753,0.1819518882151566,0.09311178796284475,0.10833956929926557,0.11923169267707083,0.15231955784229992
2024-07-15,0.24209101306752098,0.23052401639190903,0.21941138862513446,0.2298558169845515,0.26526255820593975,0.2817023474473611,0.07668667466986795,0.11446037735638157
2024-07-16,0.2503441157857319,0.2221921311609453,0.21817751159903304,0.2232471147150942,0.28591510774879875,0.3000469880588429,0.09051620648259305,0.12936913122599222
2024-07-18,0.22008273915229176,0.19961805448479025,0.2613171559379327,0.2614550759751079,0.28942240789292045,0.3028149327315482,0.035918367346938776,0.07355796211228839
2024-07-19,0.2613482527433465,0.23603329439994716,0.26156508492838615,0.26087898917044344,0.2765155433625527,0.28510909066305484,0.0007142857142857142,0.03028231303253161
2024-07-22,0.2255848076310991,0.14087387997843356,0.22242006010667018,0.22147235753888117,0.2437043383039582,0.24600620630199954,0.028224055579678674,0.047916916170219315
2024-07-23,0.28060549241917204,0.26726621312964743,0.2504395325615796,0.253858101260721,0.26138237320683605,0.267637858531225,0.0033651758575770734,0.018191585738529276
2024-07-24,0.14305378044898964,0.1346780134267853,0.2439400379938793,0.25779340482290075,0.1818453172097193,0.18661364687885415,-0.0026052974381241857,0.005783955658124461
2024-07-25,0.046767582069862,0.04195082292225522,0.29164849037485024,0.3116866613865242,0.19891232968172676,0.2029755105415911,0.0074005550416281225,0.015653181759922488
2024-07-26,0.11279240381554954,0.09899749810497471,0.2644538642504589,0.2769329239230829,0.19369395066229875,0.19912842056756208,-0.009597594819611472,-0.00672953098720377
2024-07-29,0.041265513591054716,0.04763946076072529,0.25390900922263365,0.2727477868626431,0.17696444145295598,0.17916620726165602,-0.011390246022509952,-0.008732870942492596
2024-07-30,0.08253102718210943,0.09578719005832767,0.26865410570304327,0.28672389782061086,0.20245801751765563,0.20749816508990424,0.04521276595744681,0.04878859050078796
2024-07-31,0.008253102718210942,0.02293747056185161,0.29493590899773436,0.291956768337551,0.24368631343363334,0.2639746378679382,0.07203977798334875,0.07592397082912142
2024-08-01,-0.041265513591054716,-0.038771782267632185,0.2519359073120833,0.23768343648192122,0.20036770369637313,0.21764589634016404,0.08256244218316375,0.07837849116435283
2024-08-02,-0.08803309566091672,-0.05089097675892076,0.27067949779044403,0.25087547946279143,0.20143918874287783,0.23594807663928608,0.12129972247918595,0.11607878880793328
2024-08-05,-0.024759308154632828,0.013619716233779146,0.3206256448001838,0.2884524414376818,0.24732132983487923,0.2742580587879788,0.20357693493678689,0.19118352622561244
2024-08-06,-0.02751034239403647,0.01750291718863491,0.23385363728228378,0.1602800419551479,0.190053967070134,0.19753086183048235,0.20777058279370952,0.17769782570553902
2024-08-07,-0.02751034239403647,0.023994103490422063,0.18523669689991426,0.09825070733521282,0.1540525548057474,0.16342698706760705,0.21023743447425225,0.19696970090866422
2024-08-08,-0.08528206142151305,-0.045120743136679915,0.14187269743693792,0.09903166547355152,0.1148792603138946,0.0922304163327449,0.2083872957138452,0.18020079624247082
2024-08-09,-0.06327378750628389,-0.026767256748698554,0.208266961075365,0.15614311415846657,0.154842776925532,0.13471145117083852,0.190009250693802,0.15666568417756313
2024-08-12,0.030261376633440123,0.11164772297831115,0.1900713516696925,0.13699769231233205,0.18139296433760724,0.14817498136629143,0.13018809744064136,0.09226776581869875
2024-08-13,0.03851447935165106,0.10100483317499306,-0.010321901849378106,-0.11196929395530457,0.034324559767399884,-0.05336247826963908,0.033860342555994724,-0.01819187383736906
2024-08-14,0.02200827391522918,0.02644461991767363,-0.01341847240419154,-0.06027295566084438,0.04478712611361268,-0.0338484494958765,0.10171277997364953,0.06930343042634529
2024-08-16,-0.013755171197018235,-0.05710190591462328,0.007569394689543945,-0.0217763937312874,0.07158598026356125,-0.02001155653462561,0.14150197628458497,0.10580867097423445
2024-08-19,-0.05502068478807294,-0.11240473863130525,0.04610449492722221,0.052421914317801424,0.09049202120496332,0.015382840731008976,0.10079051383399208,0.0931962992757914
2024-08-20,0.1349867381060576,0.06376556481203487,0.0,0.003745021356737284,0.1140603150512427,0.03237874361054309,0.09175475687103594,0.07490247743205453
2024-08-21,0.005509662779839086,-0.08480095421997047,0.02064380369875621,0.01568162387639206,0.0798532408528092,-0.020032198770687976,0.09556025369978859,0.036472163060309974
2024-08-22,0.05509662779839086,-0.030852085607312913,0.06984486918079187,0.12791356585628483,0.13180374007429196,0.07708443050838124,0.14221282593375617,0.08128153745555822
2024-08-23,0.0385676394588736,-0.03937026163823219,0.10253089170382253,0.11498688337933817,0.16796716179384005,0.11153070387352786,0.18942917547568708,0.13489451980595515
2024-08-26,0.022038651119356344,-0.11313870914079584,0.16300140979787256,0.15953622438678877,0.21526903430008762,0.13625523172783383,0.21592670894996474,0.15245594948506744
2024-08-27,0.13774156949597716,0.059848024120008246,0.03954675554167794,0.03756003832752137,0.18241894296188157,0.11496770996169521,0.1846370683579986,0.12710362323847413
2024-08-28,0.20661235424396576,0.1413992562669216,-0.008941005600727185,0.016673736864353587,0.15746021434737867,0.14443488887682737,0.19492600422832979,0.16583155103211006
2024-08-29,0.18181887173468986,0.14132581572306402,0.011004314585510383,0.0670508724601877,0.17250885954141718,0.1848893706747539,0.254122621564482,0.2569936276023298
2024-08-30,0.10468359281694264,0.060307135328484265,0.008956509350191032,0.020946504918920816,0.13573361163102796,0.11493077025980113,0.27033121916842845,0.21658795110270315
2024-09-02,0.16804471478509211,0.16045916643274158,0.0739736299205431,0.054693036512310354,0.18118424993499466,0.15632246087856674,0.18709443667714243,0.12877534269960242
2024-09-03,0.18181887173468986,0.16476090593908524,0.1802892189691376,0.17085670299868908,0.23625545052313895,0.2180428327989892,0.20527009222661396,0.18666847396249317
2024-09-04,0.09917393003710355,0.08405208069680585,0.17653508782454705,0.17661511232984436,0.21944765797060092,0.21296203639469766,0.18498023715415018,0.18902267038004242
2024-09-05,0.18181887173468986,0.17288267753138345,0.24708029835872275,0.2470800929015342,0.28600310172109594,0.2849113718051439,0.20803689064558628,0.2039253335684384
2024-09-06,0.07989011030766675,0.05191894693570739,0.19098825290959767,0.20315743997907634,0.22781119976629013,0.22653673158681412,0.20065876152832673,0.20541497591949642
2024-09-09,0.09090943586734493,0.08864211076018907,0.20096781927784693,0.2252490922272881,0.23148261313883312,0.23744693582221874,0.20658761528326747,0.21143115970395393
2024-09-10,0.09917393003710355,0.09404797719856312,0.08909777504412027,0.08960375802927288,0.1950729524574262,0.18823341841375313,0.2022551092318534,0.2305181802643591
2024-09-11,0.14876089505565535,0.12135487598238844,0.14216905843996583,0.14596072641225194,0.22132500610076508,0.20752192157167046,0.24848484848484848,0.2768527606928236
2024-09-12,0.14325123227581624,0.14429646161364265,0.11156590962046364,0.10272231441643508,0.23748011603512756,0.22908227812293674,0.2510218463706836,0.317050681635575
2024-09-13,0.13774156949597716,0.1737331518061336,0.12825170617487178,0.2122633683440653,0.15014691449149137,0.2101809977384959,0.1791465521391283,0.24806476353829482
2024-09-16,0.17079954617501167,0.17421104535038323,0.1153497495093751,0.1865202785513904,0.16170398498294777,0.215007262990327,0.1928118393234672,0.25638749538343464
2024-09-17,0.07438044752782767,0.07444661833964657,0.06851310625221274,0.13425245601545702,0.06924402852578164,0.09932447166437998,0.1960535588442565,0.25160880852804784
2024-09-18,0.12396741254637945,0.12104241593442633,0.06967434534123329,0.11082958737767798,0.039164261032074744,0.05493672973457062,0.17392529950669483,0.22008292264968699
2024-09-19,0.1652898833951726,0.1667711707261746,0.08244797532045939,0.11500225801475707,0.101544449995534,0.11494069429558393,0.1861874559548978,0.23957000249468333
2024-09-20,0.21763167980364392,0.2192393102890931,0.11651098859839565,0.1279188746688917,0.11365710804669113,0.11822895800362604,0.20422832980972516,0.2474243786975591
2024-09-23,0.21763167980364392,0.21650656960163756,0.07625470017901642,0.07968877796216976,0.10840828955785636,0.10858155095977955,0.25143461189972816,0.2772595360667429
2024-09-24,0.1542705578354944,0.1669099872339615,0.06735186716319218,0.06968521893239274,0.05995765735322783,0.05745745065613106,0.2026578073089701,0.2342981953864448
2024-09-25,0.16804471478509211,0.18976895920755085,0.08710990058691725,0.08610855389111993,0.06884027325740973,0.06748980638420776,0.20688613711869527,0.21851785232949505
2024-09-26,0.2093671856338853,0.23036437397167997,0.08943283126923504,0.08956561170815333,0.08357734055298424,0.0838123173644952,0.22183630323165207,0.22848111942889138
2024-09-27,0.13774156949597716,0.16029052935779037,0.0410304478120596,0.04088425112498751,0.04885438747300045,0.04915463858545859,0.22621564482029596,0.2408546348023752
2024-09-30,0.08815460447742537,0.25530477984739913,0.053804077791285695,0.05467917689906871,0.03330980964068213,0.03598153984335724,0.21005738447598915,0.21763529335107495
2024-10-01,0.08815460447742537,0.26827164917593493,0.01355571282869373,0.018424065308574152,0.0,0.001864724330510992,0.24705527031108424,0.2593224514853492
2024-10-03,0.10468359281694264,0.15029355622653623,0.04415289321345958,0.04723594606609118,0.04340807888512868,0.04385593568660203,0.21428571428571427,0.23436656314510482
2024-10-04,0.1542705578354944,0.19286921541105656,0.005034979050657671,0.008367541784357498,0.061787047124836736,0.061556359557293334,0.2237994563575959,0.23756012481388533
2024-10-07,0.11019325559678173,0.17093818191102347,-0.010069958101315342,-0.00977041651615931,0.029682012834480402,0.02954123094035421,0.2067351253397765,0.21936479105719955
2024-10-08,0.17630920895485075,0.18716095521263248,-0.06041974860789206,-0.06342700022084699,0.03735491411142091,0.03562236186165738,0.23633343400785262,0.25254745535849005
2024-10-09,0.10192876142702309,0.12880621180474142,-0.08985501075019844,-0.08944790586458978,-0.008884412004878486,-0.01001941329027621,0.1649048625792812,0.17823932151578467
2024-10-10,0.002754831389919543,0.06589641951437146,-0.1371063526102166,-0.13849426679216556,-0.10296800107635176,-0.10553072534741881,0.1318332829960737,0.14489301198750976
2024-10-11,0.05234179640847132,0.10726180179797601,-0.08210888913380202,-0.08752080766946452,-0.0636043132167437,-0.0675009700762987,0.1809121111446693,0.18940303051178545
2024-10-14,0.049586965018551775,0.10436283418181445,-0.009297159135038636,-0.024627971781185372,-0.011320031000293874,-0.012347317999012716,0.23185341789992953,0.23243218672814261
2024-10-15,0.13223190671613808,0.20508473465332158,-0.053846046657098766,-0.06896831811321333,0.0008077554967181208,0.0028569793605889545,0.19887244538407325,0.19744416198863735
2024-10-16,0.02754831389919543,0.12851995063223703,-0.03370220186451506,-0.04246087663252323,-0.045234307816214764,-0.03918751563880915,0.18195912614517265,0.18268636464958224
2024-10-17,0.049586965018551775,0.16079517806851165,-0.029423788642692048,-0.03174973014154383,-0.04138491500812022,-0.03443177171441481,0.18449612403100776,0.1824629331768415
2024-10-18,0.08815460447742537,0.22967190894851724,-0.03602649164827472,-0.03427192239498934,-0.05599372476931076,-0.038400490134611075,0.12501761804087386,0.12502615659290692
2024-10-21,0.08815460447742537,0.17071584571382767,-0.02713259819138935,-0.01786466544558696,-0.03579026605692291,-0.01596705907860205,0.1421020839625491,0.14417618468268262
2024-10-22,0.049586965018551775,0.1664037636707022,-0.03062107510171084,-0.03056586735914444,-0.04645063897675041,-0.03490184153291917,0.13228631833282997,0.13184182943681316
2024-10-23,0.11294808698670128,0.20971053805782017,-0.03759802892235381,-0.03930684197243672,-0.06794084404026042,-0.054620378978236336,0.06327393536695863,0.061608457474051616
2024-10-24,-0.04407730223871269,0.08707361296509414,-0.10381827700793145,-0.0997949345025069,-0.1252021019913087,-0.11713998428781121,0.11099365750528542,0.11104869035097092
2024-10-25,0.02754831389919543,0.0882766077895625,-0.02634195088260947,-0.02552774985582551,-0.0575525791411661,-0.05132610212479789,0.13606161280579887,0.1361010118444431
2024-10-28,0.09641909864718401,0.11719870198439147,-0.09142206482787991,-0.09487462922030103,-0.07249605583045134,-0.07626713245722432,0.16158260344306855,0.1600102758159836
2024-10-29,0.11845774976654036,0.15787302779310827,-0.11466496266547652,-0.11584257993143263,-0.06320686761819296,-0.05971454802207022,0.13953488372093023,0.13603167160398721
2024-10-30,0.17079954617501167,0.1793707582477065,-0.14216905843996583,-0.16047937303622073,-0.05856227351206376,-0.06215404862962783,0.03699788583509513,0.01468984991557105
2024-10-31,0.00826449416975863,0.0493206681051722,-0.2595456925198286,-0.2612778918546294,-0.18073529239067954,-0.1792859383854644,-0.017970401691331923,-0.031041364710140688
2024-11-01,-0.00826449416975863,0.011112296757007816,-0.24095137424975133,-0.24811714976168056,-0.18073529239067954,-0.1807481648012418,-0.03608174770965468,-0.06517231034368143
2024-11-04,0.06336112196814948,0.06750266345052626,-0.24012977010828893,-0.24323320125181833,-0.17427324841693456,-0.17440909035537877,-0.03382663847780127,-0.06169457633826232
2024-11-05,0.20385752285404618,0.21706259175665843,-0.25018339125208916,-0.25121649079016495,-0.1392618339109263,-0.1396306464499663,-0.01330698287220026,-0.04044433302424227
2024-11-06,0.12947707532621852,0.1301093512665417,-0.21498517620696767,-0.21549808362677336,-0.1438549023116825,-0.14408636664313734,-0.015942028985507246,-0.03828556488682873
2024-11-07,0.06611595335806904,0.09133549748154275,-0.2781349149643916,-0.2782897740708477,-0.1982368321766352,-0.19733201563841385,-0.14664031620553358,-0.1670102171930287
2024-11-08,-0.013774156949597716,0.033543432786678484,-0.3367986067062607,-0.3355848292914149,-0.2695212537563706,-0.2718449721458286,-0.16021080368906454,-0.18032553599965478
2024-11-11,0.06336112196814948,0.06425680367836353,-0.26191612960046295,-0.2572012735965401,-0.19015303179130438,-0.1901174024520046,-0.1727272727272727,-0.2035205755312507
2024-11-12,0.0771352789177472,0.09700869467470136,-0.3088470829939584,-0.30256149481289196,-0.1938274865119093,-0.19277005963214078,-0.23557312252964427,-0.2707197249501003
2024-11-13,-0.013774156949597716,-0.015312712029505486,-0.3311610920577031,-0.31724981973311844,-0.2815197771665255,-0.28206373739013524,-0.23267457180500659,-0.3010638417804146
2024-11-14,0.030303145289114975,0.06034364398215267,-0.38893374363163263,-0.38699678165032947,-0.3182237898349122,-0.31821134189542893,-0.2797101449275362,-0.3018816154580277
2024-11-18,-0.05234179640847132,-0.012907349197994121,-0.3700840897154366,-0.37335382354096935,-0.3213731593869458,-0.32332907432499614,-0.25573122529644265,-0.24679561719821652
2024-11-19,0.022038651119356344,0.0772379132923164,-0.4037906332025303,-0.4125363038990115,-0.35826408173804575,-0.36223367484938923,-0.289064558629776,-0.2686022690484475
2024-11-21,-0.09090943586734493,-0.03237752763977356,-0.4223636265525615,-0.4283081873928342,-0.3690927604381199,-0.37145131656639296,-0.33702239789196303,-0.31133533731983065
2024-11-22,-0.04132247084879315,0.025189412970991205,-0.39450413652751465,-0.397647647641376,-0.3386256305362164,-0.33822109994384786,-0.35625823451910404,-0.33043627254410507
2024-11-25,0.04132247084879315,0.08358938966631191,-0.3793705863904522,-0.3825020514886077,-0.2709005044289731,-0.2708122698966473,-0.3411067193675889,-0.3253647104342221
2024-11-26,0.011019325559678172,0.024998617176934128,-0.45744594732484267,-0.47003859373953577,-0.36780800194828056,-0.3679517869748149,-0.37812911725955206,-0.33246639255258503
2024-11-27,0.04407730223871269,0.12118760691924776,-0.4247712368016396,-0.42936095849537387,-0.33055000574294074,-0.3233276041664845,-0.3284584980237154,-0.2823026405160044
2024-11-28,0.01652898833951726,0.08887801287445937,-0.40138302295345213,-0.4011887086611453,-0.3039371513105552,-0.29578673683040907,-0.3491436100131752,-0.2989295066714185
2024-11-29,-0.04132247084879315,0.04924202517776585,-0.4344016777979521,-0.4380151948199446,-0.3667067803855612,-0.36033461316250576,-0.36310935441370223,-0.3341033799420209
2024-12-02,-0.06060629057822995,0.024858904422974285,-0.40241485591734283,-0.41124094217494667,-0.34504942298541286,-0.3451027430462962,-0.2077733860342556,-0.15121228518164295
2024-12-03,-0.06887078474798858,0.02060338909312229,-0.4419684528664833,-0.45890764422218444,-0.36193482028044377,-0.3638117055685499,-0.22727272727272724,-0.16826967937620516
2024-12-04,0.12947707532621852,0.1915946833154134,-0.4749871077109833,-0.5010366802175344,-0.31458229308350943,-0.32645789069289,-0.2511198945981555,-0.19169886610232104
2024-12-05,-0.04683213362863223,0.007286703538241965,-0.4354335107618427,-0.451799756662685,-0.3103609437597517,-0.3212940535144646,-0.27299077733860344,-0.19483541898286255
2024-12-06,0.022038651119356344,0.08120953342549142,-0.45331861546928015,-0.44907898067118185,-0.28760236479688406,-0.29914736237544765,-0.2571805006587615,-0.15871720163665198
2024-12-09,0.049586965018551775,0.12137620977475445,-0.42167573790996776,-0.43118870521941627,-0.2270351788473169,-0.2338784124121904,-0.27812911725955203,-0.16810260631526858
2024-12-10,0.0771352789177472,0.157888558436726,-0.4630005718134985,-0.4393138473067535,-0.2774695927598918,-0.27025185290019194,-0.19859055673009157,-0.11400571843775072
2024-12-11,0.09090943586734493,0.20891929130353915,-0.44097132924808163,-0.41240613084122457,-0.2774695927598918,-0.2794484317807266,-0.19963757173059496,-0.13383445144923364
2024-12-12,0.07162561613790812,0.14847406938152083,-0.4649329615122193,-0.44503625238097183,-0.2978509955735275,-0.2985361093859331,-0.2015503875968992,-0.12709171954430923
2024-12-13,0.07989011030766675,0.1992982994757981,-0.34992004549152717,-0.2611606599358516,-0.26510649200154596,-0.18356774692046843,-0.26245847176079734,-0.1306390206969741
2024-12-16,0.03581280806895406,0.15313226988259201,-0.3159185727952199,-0.21262837259575995,-0.23769176426216662,-0.14289030015355722,-0.23799456357595888,-0.051236551343256595
2024-12-17,0.030303145289114975,0.3209001683082763,-0.34992004549152717,-0.24403683600828655,-0.27115915163628446,-0.10980933503858246,-0.280579885231048,-0.05974221828338964
2024-12-18,0.08815460447742537,0.379387495538876,-0.43043262233028556,-0.35283603232409744,-0.3425805353261987,-0.22098125432007085,-0.28390214436726063,-0.0847402167221377
2024-12-19,0.10192876142702309,0.3735552722996164,-0.3565004003293103,-0.268977828275373,-0.2677293111765993,-0.12201544725290994,-0.2703110842645726,-0.06604907183318963
2024-12-20,0.20385752285404618,0.41322264393213337,-0.3723706678792579,-0.2841335859862102,-0.25098361952048953,-0.11610547278098869,-0.25762609483539717,-0.07360355408167242
2024-12-23,0.12396741254637945,0.41339806222865305,-0.40333704358647265,-0.32241169660943475,-0.3177646308237709,-0.19655740561325266,-0.26260948353971614,-0.09969947600157658
2024-12-24,0.01652898833951726,0.26743642704999204,-0.374693146057299,-0.2854264145915655,-0.34399282257430436,-0.21619492704638554,-0.2826940501359106,-0.1304443909753093
2024-12-26,0.1873285345145289,0.37743217472240514,-0.31856659008797217,-0.24436394417121057,-0.2622819175053347,-0.14460258954932675,-0.21911809121111447,-0.06002098520857988
2024-12-27,0.15151572644557487,0.3660414309946322,-0.38613061290835765,-0.2749501840414404,-0.2604836780343639,-0.1029431198318311,-0.2133796436122017,-0.030884817442871294
2024-12-30,0.12396741254637945,0.3089754974605019,-0.38260966507028754,-0.26309393317268176,-0.2550016401940441,-0.12279220701738479,-0.1546360616128058,-0.036469729692241624
2024-12-31,0.03305797667903452,0.18933303964395679,-0.35248600023346527,-0.20854237080481075,-0.25967535009632087,-0.12226164464566416,-0.1999395952884325,-0.0776915213750073
2025-01-01,0.030303145289114975,0.18345210702160017,-0.31186154770788194,-0.15583058953839235,-0.23966923362975603,-0.08215869329736963,-0.2808925135086065,-0.11479537067492959
2025-01-02,0.049586965018551775,0.17568553166560216,-0.25238481589910144,-0.14543196512725262,-0.18732999964147037,-0.06609871201895537,-0.2536997885835095,-0.11137519574629343
2025-01-03,0.0826449416975863,0.16752681743130887,-0.25512387591661106,-0.17133179989406105,-0.1663134732523518,-0.059263020703842206,-0.23225611597704623,-0.12051766104899263
2025-01-06,0.11294808698670128,0.20203678424429589,-0.19838620412534022,-0.10188838577757144,-0.10588023729134637,0.007179932503913038,-0.19963757173059496,-0.08515284218711158
2025-01-07,0.1212125811564599,0.20196682776984418,-0.2144292699421823,-0.10389661342134403,-0.09981839164489524,0.0248661224932581,-0.18740561763817576,-0.07039010748157487
2025-01-08,0.005509662779839086,0.10467021534151581,-0.1803866668674198,-0.07155862524693442,-0.11881217467044214,-0.009785730496161773,-0.22530957414678343,-0.11800455500244313
2025-01-09,0.05785145918831041,0.08685460485730517,-0.21129891563645706,-0.11851212451846467,-0.12649051248928023,-0.016189161899001766,-0.22848082150407728,-0.12910401917930522
2025-01-10,0.06336112196814948,0.1074265843272466,-0.22186386141827988,-0.13858418509155718,-0.13437091182966668,-0.014145712889095404,-0.186431079530309,-0.08115449202384052
2025-01-13,0.06336112196814948,0.08568614076168488,-0.32663164862654626,-0.24488857576883608,-0.26319523735543116,-0.15357522574755483,-0.26336454243430985,-0.1722678170494723
2025-01-14,0.06060629057822995,0.08759671088234199,-0.33436835007662247,-0.2807382631820573,-0.29842624732066586,-0.21718304616230438,-0.2944085780027034,-0.21831460105287256
2025-01-15,0.06060629057822995,0.10646303253760162,-0.2643239526207714,-0.19973080772872143,-0.2363987096317501,-0.13274291961007367,-0.292962851102386,-0.20398217020582174
2025-01-16,0.049586965018551775,0.10148116109382908,-0.2716770347580989,-0.22505660905367011,-0.26365219024685366,-0.19614172680013747,-0.2798248263364542,-0.2131196018287067
2025-01-17,0.0385676394588736,0.06539869231304356,-0.2832871644486159,-0.26540548373199263,-0.2646615784177835,-0.22853427804208942,-0.2621564482029598,-0.19504571214844005
2025-01-20,0.13223190671613808,0.14600709257851494,-0.2805781341874953,-0.24994671811059463,-0.23958032725528888,-0.21222986015096,-0.2852612503775295,-0.21908300520454704
2025-01-21,0.06887078474798858,0.08614824757721178,-0.2983030521822274,-0.2822447632974599,-0.25706223061969463,-0.23190185134101465,-0.3153125943823618,-0.2466419079509329
2025-01-22,0.13223190671613808,0.12393965695581598,-0.3498519080075803,-0.3215042458435986,-0.2695066416382463,-0.2361052080437594,-0.24010872848082151,-0.17554471759686008
2025-01-23,0.17079954617501167,0.1892392066264604,-0.3475298820694769,-0.3206030313931322,-0.2662765994912711,-0.21564141103586004,-0.26094835397160976,-0.17449525819169073
2025-01-24,0.2093671856338853,0.2413733731729792,-0.32663164862654626,-0.3094984495643078,-0.20833771847990276,-0.14886885182685167,-0.2241014799154334,-0.13722213642295297
2025-01-27,0.26721864482219565,0.25683048879722525,-0.40596753484507936,-0.3883420042983136,-0.24709822424360556,-0.20557990711369617,-0.24116581093325276,-0.20347765996903727
2025-01-28,0.4187343712677706,0.423007996453049,-0.3928093878624934,-0.3952868784616319,-0.1726053772289892,-0.1717555603737546,-0.07520386590154032,-0.08133925747330358
2025-01-29,0.319560441230667,0.32434498694972963,-0.4404109195936133,-0.4428800863588013,-0.19804195913641923,-0.20402620821409573,-0.07414678344910902,-0.08300238118000948
2025-01-30,0.34159909235002334,0.3439935385805786,-0.45240805360714753,-0.4516398271757827,-0.2206522541652458,-0.22192127098923567,-0.11824222289338569,-0.1307194406724002
2025-01-31,0.3333345981802647,0.3338744664614075,-0.4535690665761993,-0.45153402572553947,-0.1954175498920018,-0.19307281263011625,-0.059800664451827246,-0.06609480307662609
2025-02-03,-0.23140583675324164,-0.291856466925181,-0.32701865294956345,-0.3385044195153915,-0.4071499485962123,-0.43921252702856173,-0.19193597100573842,-0.19007792214024655
2025-02-04,-0.18181887173468986,-0.07421027570503733,-0.3366937610249944,-0.3442519712718432,-0.4041205590977286,-0.4261708705983971,-0.19057686499546966,-0.19017091152891033
2025-02-05,-0.14876089505565535,-0.046614469055795284,-0.3154085232590464,-0.31492393347466957,-0.40674232496352536,-0.41791081307112343,-0.1177891875566294,-0.11868458939745681
2025-02-06,-0.17906404034477028,-0.11428063509854765,-0.3386287826400805,-0.3380791601619887,-0.42511133318768457,-0.43432354745853347,-0.0810933252793718,-0.08352232985789883
2025-02-07,-0.1652898833951726,-0.052481095316575986,-0.35217393394568375,-0.35505597123789867,-0.4236983325550569,-0.4358443962696438,-0.0957414678344911,-0.09631967426786961
2025-02-10,-0.13223190671613808,0.009011846821284133,-0.37694221061878674,-0.3777612033479936,-0.44529705651093643,-0.4487238029235036,-0.11107335682020433,-0.11298889976470146
2025-02-11,-0.08815460447742537,0.14966836263570837,-0.37326521814511876,-0.3728084871086267,-0.4350723214475103,-0.43486980815949144,-0.07263666565992147,-0.0875600395352336
2025-02-12,-0.0826449416975863,0.18004181649838608,-0.37983406773980505,-0.3809013537194688,-0.4239307272621495,-0.42769928440232335,-0.11590591619239542,-0.1233407146585795
2025-02-13,-0.08815460447742537,0.194215495960345,-0.2025931326536698,-0.20690483088698494,-0.25794747955539954,-0.2631915959447874,-0.10208396254907884,-0.10183249340544298
2025-02-14,-0.01652898833951726,0.2617971448438662,-0.23506989437677717,-0.2406427242295968,-0.25676240067176387,-0.2718371060464044,-0.07928118393234672,-0.07543812080192777
2025-02-17,0.005509662779839086,0.21944213429653417,-0.18276857989921447,-0.1770082321061453,-0.23627933442359683,-0.24947512115740478,-0.09582059130172625,-0.0880461163485839
2025-02-18,0.09917393003710355,0.14218091165703162,-0.16422123986715886,-0.15184894875456337,-0.1860371873087586,-0.21603123735287533,-0.08698606869943944,-0.08726055142897514
2025-02-19,-0.0192838197294368,0.06952110291599954,-0.1939742645019147,-0.19484847453836082,-0.28410017324374415,-0.30336013554743063,-0.0934043116156307,-0.09020260370380057
2025-02-20,-0.09641909864718401,0.01332970863707015,-0.2426610320860606,-0.25271255672383974,-0.31396297554493313,-0.3471004684053306,-0.10268800966475385,-0.09873281552428789
2025-02-21,-0.1597802206153335,-0.14489810364868735,-0.316077586379614,-0.3188073466673376,-0.3577483005405954,-0.38592571185793056,-0.06463304137722742,-0.06374259388669927
2025-02-24,-0.09641909864718401,0.007218311095642277,-0.25502592544076436,-0.27225749310555886,-0.2800646594192591,-0.3452656407044016,-0.057988523104802174,-0.062242306090083625
2025-02-25,-0.04132247084879315,0.09569576540720612,-0.1897238324112353,-0.20256899560364605,-0.2300242879956451,-0.2995448386092854,-0.008909694956206584,-0.01693941262416944
2025-02-27,-0.0826449416975863,0.029244903435136433,-0.10587439934965065,-0.14209434988037728,-0.1597659678677354,-0.2704442092167221,0.035336756266988824,0.013999446359647286
2025-02-28,-0.0771352789177472,-0.06733755198779544,-0.08694065640026058,-0.1453070038802737,-0.14305896507799332,-0.2789383870721821,0.07882814859559045,0.05417696187842503
2025-03-03,0.03305797667903452,0.08733324319757299,-0.07959900097090523,-0.14216391099455453,-0.07707831404766353,-0.21382911656138534,-0.016913319238900635,-0.046704270169976275
2025-03-04,0.13223190671613808,0.16580632366432563,-0.10587439934965065,-0.14320718998170037,-0.042011784218064424,-0.16692462678335335,-0.03058491895701198,-0.04584944409339335
2025-03-05,0.03305797667903452,0.08699311450384907,-0.1267401568857132,-0.15494810197623785,-0.1322967243405394,-0.2124391366916112,-0.01902748414376321,-0.03113233217086078
2025-03-06,-0.10192876142702309,-0.0967052358511714,-0.19551987617125266,-0.22493293160546238,-0.2005658736948941,-0.25643791090143603,-0.006060606060606061,-0.014219826055319766
2025-03-07,-0.12396741254637945,-0.09294061225365075,-0.20092951701393555,-0.22722376484796894,-0.1963242993267241,-0.24255319315339446,-0.0029598308668076106,-0.0031855138148562502
2025-03-10,-0.09366426725726446,-0.07234363505364654,-0.16113001652848294,-0.193149056997628,-0.13855809602688554,-0.19902315478784122,0.004651162790697674,-0.0036302046078079036
2025-03-11,-0.09366426725726446,-0.1972098514581512,-0.22295448330200154,-0.27340345719898457,-0.1494650015450369,-0.2399557529598007,0.03340380549682875,0.021583017940898
2025-03-12,-0.12672224393629897,-0.21660352815215758,-0.276933382342563,-0.30197160771785087,-0.2347836885582625,-0.2865714036534312,0.007892882311486963,-0.0005485633377808417
2025-03-13,-0.22865100536332209,-0.397304198552184,-0.15364071623784223,-0.2122314538937454,-0.14034751755477348,-0.24819330439621765,0.0022551092318534175,-0.023164231943895046
2025-03-17,-0.011019325559678172,-0.12266410217469217,-0.13155775347804868,-0.1765123541500352,-0.0262747821875622,-0.1241662222160003,0.0015101177891875567,-0.020513124225179934
2025-03-18,0.013774156949597716,-0.031128040842243715,-0.19370068599139043,-0.21328522896463536,-0.09706390844909668,-0.1387536652481262,-0.009725158562367865,-0.014684528110111826
2025-03-19,-0.00826449416975863,-0.02526121166360197,-0.18692308801732446,-0.19152320819102034,-0.0963248429836359,-0.10614277713397165,0.01283600120809423,0.013180071698423657
2025-03-20,0.030303145289114975,0.04410556709738708,-0.10797420612180854,-0.12155710950329533,-0.023626848279005033,-0.03597822271655888,0.05662941709453338,0.04563330116028275
2025-03-21,-0.022038651119356344,-0.07247471373374978,-0.13042045685680817,-0.1404646795742782,-0.051898290664139264,-0.06615860227987043,0.056176381757777095,0.0594748396016124
2025-03-24,-0.1404964008858967,-0.11289338912968812,-0.15751075946801457,-0.15597591504251304,-0.10319076470573992,-0.08635035748111385,0.10057384475989127,0.11356248173698283
2025-03-25,-0.08815460447742537,-0.043718191250213034,-0.12461539201154963,-0.12543147441420005,-0.0775445276849396,-0.0695480353665382,0.11899728178797944,0.11850672007062363
2025-03-26,0.0826449416975863,0.12658031948174356,-0.14590062977749754,-0.1612756489569783,-0.033117975365442955,-0.0443671134353004,0.11552401087284808,0.09921778419918623
2025-03-27,0.2479348250927589,0.22987321391031337,-0.10939322197287174,-0.1336916115442196,0.020741578896878003,-0.029630787722572192,0.10697674418604651,0.08370182333616231
2025-03-28,0.26446381343227615,0.19545589375550815,-0.07980889150222087,-0.10573030264409296,0.04662266406908861,-0.0018557993739042758,0.13939393939393938,0.10603101943893976
2025-04-01,0.07989011030766675,0.08203771602319927,-0.05091256871693401,-0.054644886260856014,0.018722487145854477,0.012140606598416667,0.1569169960474308,0.14826908238300154
2025-04-02,0.07989011030766675,0.0707679900526899,-0.015824176763371382,-0.03582058756671333,0.04809109443346935,0.022640187134658252,0.130566534914361,0.12472211619054649
2025-04-03,0.22865100536332209,0.07003805959020756,-0.006192069168275758,-0.024120209987829492,0.07030110369472808,0.023009850820888317,0.1496706192358366,0.1446988460866952
2025-04-04,0.5206631326947936,0.4151389229553689,0.031992357369424754,-0.02307804134224325,0.16519841599283364,0.06851038530332354,0.1635046113306983,0.14200613658277406
2025-04-07,0.4958696501855178,0.3548040235370702,0.046784522604750176,-0.025308106593725052,0.18997817839175868,0.05563489025009639,0.20988142292490114,0.17865781687915222
2025-04-08,0.476585830456081,0.30273229429960746,0.043688488020612294,-0.028221451294481448,0.1637299856284529,0.02715197357836564,0.1996047430830039,0.17136704466854258
2025-04-09,0.47383099906616144,0.30512383754741856,0.06604873779494143,-0.004853959099580507,0.1868577638674496,0.046051927009035425,0.24748689485044711,0.24487020838369705
2025-04-11,0.47383099906616144,0.3531268066115842,0.07541519501787974,0.003173701755977472,0.23360929213249765,0.11022925626611185,0.1701510946654332,0.16810229165063567
2025-04-15,0.4628116735064833,0.37284372753080103,0.0237527143952261,0.018002562626633523,0.1991192687259975,0.15700078469045115,0.14609929078014183,0.16258971854069534
2025-04-16,0.47383099906616144,0.41196344112942423,0.03270301257313738,0.026267182466618903,0.21159863303324897,0.17716643618568684,0.17804502004316988,0.18659034510874642
2025-04-17,0.4600568421165637,0.3246280858808083,0.035456950474033154,0.026880798951450933,0.2804186567864739,0.23261396501555612,0.19999999999999996,0.21648938445777996
2025-04-21,0.4683213362863224,0.36810070112055604,0.05439027354269165,0.053501974238538516,0.28574073862338994,0.25221658477691644,0.16743755781683625,0.1854072680108101
2025-04-22,0.5013793129653569,0.45699111069057574,0.06402905619582687,0.0622580690315009,0.31436986850473153,0.2848059712348126,0.1676842429848905,0.17680209306293188
2025-04-23,0.5344372896443913,0.48249911678683066,0.05301330459224375,0.05675503162147075,0.3184073098982541,0.2844046744080262,0.11748381128584644,0.12723542848160108
2025-04-24,0.5179083013048741,0.4100471239827332,-0.04612845984000431,-0.050917444902643376,0.21875591550358436,0.17610197564721955,0.12254085723095899,0.1292867512659918
2025-04-25,0.4848503246258396,0.38534800175756545,-0.02362567093000907,-0.03072181986332909,0.2348311627653109,0.20670808854928216,0.10395256916996047,0.10822590043615125
2025-04-28,0.4297536968274488,0.3812924801472752,0.010844570262954984,0.007817577787143037,0.2554268451402565,0.23742038263215956,0.1088274044795784,0.12133338316599611
2025-04-29,0.38016673180889693,0.3605895631906231,0.054570264489639815,0.05410466198199998,0.27248590947171447,0.26504534898332266,0.17631822386679002,0.19202777675670624
2025-04-30,0.30303145289114974,0.2808076873643415,-0.0792838450522285,-0.08385973714558821,0.19707992033540236,0.17851150149895237,0.06328400281888653,0.09928700845721161
2025-05-02,0.2093671856338853,0.10770258401281362,-0.04292716472441103,-0.042700374609108235,0.180805221031687,0.1661639238118175,0.06046511627906976,0.07655607380412616
2025-05-05,0.20661235424396576,0.15767142840901238,0.03153832510364891,0.031520668142691215,0.196681292485583,0.19132621979937464,0.07089499647639182,0.07991007658738901
2025-05-06,0.2424251623129198,0.15747592250262407,0.056506165810704306,0.05541818087242151,0.1844304758528457,0.17557930836687727,0.14009866102889357,0.1412344926955254
2025-05-07,0.17079954617501167,0.11098436493467957,-0.025843905293267858,-0.025043345673009258,0.15360640849671064,0.15222047123100185,0.11092318534178998,0.11718075844412246
2025-05-08,0.1212125811564599,0.12813857869205986,0.07534155441427239,0.0697156332011774,0.2025663202482996,0.2019944648686728,0.09809725158562367,0.10181770030731882
2025-05-09,0.19559302868428755,0.16649580974995123,0.02243889064866882,0.02356918856025351,0.1890751634033385,0.18774851619554137,0.050592885375494064,0.058809060871004806
2025-05-12,-0.06336112196814948,-0.026767058786671984,0.0411025442359887,0.021770481015822737,0.14231634659326511,0.14191824639845232,0.008432147562582345,-0.022521894484510616
2025-05-13,-0.09917393003710355,-0.02910605234587864,0.029539131259150975,0.017420826607459375,0.12484873961609431,0.12798467882399567,0.005118717237126118,-0.02402567587120724
2025-05-14,-0.25619931926251754,-0.22656346228805613,0.027595767360522622,0.00959441853224341,0.1012123277470279,0.0970336294659753,-0.038791242676534075,-0.0813950654699785
2025-05-15,-0.36914740624921877,-0.37253519901795973,0.027595767360522622,0.012067287465730521,0.018989937740959327,0.006371584014921286,-0.05704594511255011,-0.12674670106639943
2025-05-16,-0.4628116735064833,-0.4605647407367006,0.09254810747244453,0.08540227913734585,0.023641198021159403,0.025094323429065823,-0.07184705519580635,-0.1081357717701549
2025-05-19,-0.25344448787259793,-0.2518177157192829,0.12681402196641928,0.11528143854632945,0.16912218499402193,0.16775899468590477,-0.02448350292938637,-0.06786273929874419
2025-05-20,-0.22314134258348303,-0.22626543854236011,0.1308584284372357,0.12659832363094542,0.1501666078162889,0.15493580010254684,-0.04853530681467777,-0.061288293621157286
2025-05-21,-0.024793482509275887,-0.0028840959616155027,0.13967554497986487,0.14092296205793003,0.1752938684347163,0.19212870872271726,-0.070613629355535,-0.0748579105398692
2025-05-22,-0.0826449416975863,-0.10280893744854765,0.11212842360883594,0.11691678235833017,0.15628853552483934,0.16194579702618,0.0031452358926919517,0.006028460790634174
2025-05-23,-0.18457370312460938,-0.23593531777295365,0.08729721561241553,0.08256157030741229,0.12596087662609948,0.12290909962989544,-6.167129201356769e-05,-0.015148154916446617
2025-05-26,-0.23967033092300027,-0.23997919374758184,0.11833622560794106,0.11560227162900284,0.15204266327901575,0.15274649978913935,0.05018501387604071,0.03284408790005365
2025-05-27,-0.15702538922541395,-0.14751728824391608,0.09893684436073762,0.09510572815819947,0.14213562803876073,0.15458138692124798,0.018501387604070305,0.029136840913455503
2025-05-28,-0.1074384242068622,-0.09173266062714973,0.1257079904818784,0.12831749767076542,0.15729945748813068,0.18018514636219637,0.036077705827937095,0.056628455253407636
2025-05-29,-0.08539977308750583,-0.061290796617920036,0.11612390890205548,0.1158112984744853,0.13403320286639248,0.16336348831522982,-0.016882516188714156,0.020648114794310578
2025-05-30,0.1983478600742071,0.21657479610458852,0.14192017608707294,0.1435113285634424,0.23009399584753945,0.2535744131981141,-0.03214616096207216,0.034109898519667274
2025-06-02,0.18181887173468986,0.24496997376205462,0.19194122175710687,0.19336224083913905,0.2553236006553837,0.29372893412019674,-0.01857142857142857,0.04915289210241335
2025-06-03,0.07989011030766675,0.0995707511637144,0.3196793358536032,0.3213508194352782,0.3421480103291193,0.35017658263120693,0.050306122448979584,0.10111002381900851
2025-06-04,0.11294808698670128,0.14099816097118636,0.294166837466254,0.2939356980232301,0.3485018085064241,0.3633514815627986,0.04357142857142856,0.10493645683254443
2025-06-05,0.18181887173468986,0.2202245457997096,0.3405531981705253,0.33795885145143534,0.39834543716947374,0.4169076385466016,0.02979591836734694,0.06691390169228194
2025-06-06,0.22865100536332209,0.21777982458386574,0.27406608116106973,0.26163189112814045,0.3342755782330511,0.337103307313778,0.008673469387755102,0.03481319399554509
2025-06-09,0.23140583675324164,0.19661362973865093,0.267494680061298,0.2556725480535344,0.34497401159437463,0.3475466044620666,0.06275510204081633,0.09028090184137366
2025-06-10,0.19283819729436802,0.17412787093728202,0.2815715207560098,0.27844816135741485,0.3384803781020383,0.3447223591266749,0.027448979591836727,0.06097027946547196
2025-06-11,-0.05785145918831041,-0.05830019988800822,0.3449908491675871,0.3418590037404798,0.3012511069978054,0.2994419567249229,0.04479591836734693,0.07870546878580773
2025-06-12,0.03305797667903452,0.03753589792893352,0.31987953315874823,0.2882687256438454,0.34927372150917685,0.32983134115535273,0.04581632653061224,0.057030811263887496
2025-06-13,0.10192876142702309,0.10148275809386939,0.4225509341744246,0.4122799818249173,0.4173985819409751,0.41054276402527157,0.044897959183673466,0.05955452651642958
2025-06-16,-0.013774156949597716,-0.023063517540985137,0.4180068295625188,0.4213309496460579,0.4239307272621495,0.4183246341154278,0.09785714285714284,0.10430245412738567
2025-06-17,-0.07989011030766675,-0.07988073569007957,0.43145897403328043,0.4485678124229755,0.4337473658564581,0.42790702800495084,0.16877551020408157,0.17274547647403105
2025-06-18,-0.13223190671613808,-0.12120102983695812,0.4217763220127849,0.44282231097863606,0.3701687617406907,0.3675445335981368,0.19459183673469385,0.1969993055810421
2025-06-19,-0.23140583675324164,-0.21810310159395155,0.5321585550464338,0.5480534618632997,0.4107379662717042,0.40646303545066076,0.16397959183673466,0.17180253997143338
2025-06-20,-0.18457370312460938,-0.18373614707308106,0.529834718561515,0.5494974396784919,0.43294001850260716,0.43297111262096355,0.14989795918367346,0.16142909612547937
2025-06-23,-0.20110269146412663,-0.22199008858069574,0.4952724172820232,0.5031987212395318,0.4058528806956779,0.4047473019468332,0.11428571428571427,0.13154301407756502
2025-06-24,-0.11294808698670128,-0.1425387644684034,0.4666841498258065,0.4778823783066518,0.4070637793949191,0.4042955886621756,0.16020408163265304,0.1705756605826744
2025-06-25,-0.2809928017717934,-0.24293727562259826,0.4156525699588847,0.37094095877151495,0.34865868317073884,0.343545791392291,0.12592270950933565,0.11090754450793726
2025-06-26,-0.26721864482219565,-0.21473385456857852,0.362767227198606,0.3541126037582497,0.2696204759385471,0.2813157790204115,0.12679114198871036,0.11592118675034116
2025-06-27,-0.38016673180889693,-0.3336391751305113,0.2984208886884665,0.3105690531706485,0.17750427040380706,0.19407482883951763,0.08846938775510203,0.08488167752310853
2025-06-30,-0.29476695872139114,-0.2926121295459742,0.3271375931916479,0.3305827523293808,0.19870785219265769,0.20215535480889932,0.12591836734693876,0.11782059930817673
2025-07-01,-0.3057862842810693,-0.3130499452419783,0.24272255922206898,0.24307761263756456,0.15093995659663312,0.1556477167809623,0.04509003601440576,0.04500705454926357
2025-07-02,-0.34710875512986245,-0.3300079552949217,0.22560750696923076,0.22561444061714125,0.10870909859302358,0.0997222917300567,0.05517406962785113,0.05512512359439314
2025-07-03,-0.40771504570809236,-0.36443461768687635,0.22482955004864721,0.2252438687585456,0.10325343751121754,0.1254450974866401,0.03807923169267707,0.04529523785771819
2025-07-04,-0.48760515601575916,-0.4576576044796233,0.1905994455429708,0.19512814902823972,0.05051538038709274,0.10204139392804502,-0.015414165666266506,-0.006045733175202311
2025-07-07,-0.45730201072664417,-0.42443827150247293,0.24690464486237154,0.24642539621639642,0.09348905050093806,0.11851360613751798,0.028778280542986423,0.03365063800752913
2025-07-08,-0.6198370627318973,-0.583481087003353,0.20822867252029376,0.2239448020416857,0.008448912226017978,0.0700706036383284,-0.029502262443438912,-0.02007617816586567
2025-07-09,-0.548211446593989,-0.4485862227256013,0.1484881080990486,0.1555321131874871,0.0044081281179224234,0.053047420840308494,-0.04850678733031674,-0.04737732723491349
2025-07-10,-0.5123986385250351,-0.43336662655934993,0.16817141545171319,0.1776800371518935,-0.008816256235844847,0.0513720708653539,-0.08470588235294117,-0.08238034570326372
2025-07-11,-0.5041341443552764,-0.4393021239540225,0.14434425391954026,0.1384433247643327,-0.02773447274192858,-0.010474237538190484,-0.08633484162895928,-0.08648176658903461
2025-07-14,-0.4517923479468051,-0.3847998946876112,0.1982143582531486,0.19295167002085778,0.031405022763095196,0.054883943969931896,-0.0658343337334934,-0.06448179348516199
2025-07-15,-0.4325085282173683,-0.3641581916790354,0.19257550524643172,0.2207252185029191,-0.01156176399054179,0.09031765192801196,-0.1435294117647059,-0.13843996127110167
2025-07-16,-0.4600568421165637,-0.30475271203293064,0.2561941989439136,0.30694231241748926,0.016336287803735774,0.15379782661870026,-0.18633484162895927,-0.17776329148418002
2025-07-17,-0.40771504570809236,-0.26698972220445577,0.2592891624210884,0.28783861009059214,0.040748942611565635,0.15636033116294865,-0.17638009049773756,-0.17069513531922698
2025-07-18,-0.6225918941218167,-0.5143924378176483,0.29780426347037475,0.3280983123290201,0.020741578896878003,0.1556376863577269,-0.22479638009049774,-0.22024679414798212
2025-07-21,-0.3829215631988165,-0.22158577488093192,0.31212534812070986,0.34598450694014526,0.08602596040047986,0.23682018292256907,-0.18184873949579833,-0.17669239828618855
2025-07-22,-0.1873285345145289,0.1212108084206404,0.35094690883224094,0.3799762314394474,0.1466076226543389,0.29900148913137714,-0.18540216086434572,-0.184418693273487
2025-07-23,-0.2727283076020348,-0.07110293652940708,0.37500954814658555,0.4026766707960635,0.16151258516490724,0.29043676956008513,-0.1938535414165666,-0.19393711205190836
2025-07-24,-0.28925729594155203,-0.0270284746838853,0.34460336856713264,0.3738219628221199,0.1334146510748921,0.28613272780605725,-0.219015606242497,-0.2206767694945046
2025-07-25,-0.14876089505565535,0.04468803211438391,0.26825698451667973,0.28781847296080876,0.13065445159415603,0.2505427044481364,-0.1655222088835534,-0.17289525156893648
2025-07-28,-0.11845774976654036,0.029435722979627307,0.327265756798207,0.3269947866870848,0.16538793795303522,0.24835280828401896,-0.16024009603841535,-0.16480090377145454
2025-07-29,-0.12947707532621852,-0.008202885160236206,0.12590540642160708,0.10165739491199412,0.00036700640842311045,0.0403987118588696,-0.23484162895927602,-0.24030033269989592
2025-07-30,-0.0826449416975863,0.11592239241335371,0.11214525271432763,0.09309811152506703,-0.0031195544715964386,0.034737131127433346,-0.2784615384615384,-0.28491152091068467
2025-07-31,-0.013774156949597716,0.2394152928640059,0.13212034367203976,0.09405476014588202,0.021286371688540407,0.026252279731392835,-0.2737556561085973,-0.2764619891697945
2025-08-01,-0.05234179640847132,0.3380851994845652,0.16790293674988385,0.14012323265503682,0.03082853830754128,0.059363816530541014,-0.43846153846153846,-0.4308314758955807
2025-08-04,-0.1652898833951726,0.13044239743257938,0.2480276021980343,0.23322143309470303,0.06696021895988659,0.09384456467636296,-0.42425339366515835,-0.42196681398002717
2025-08-05,-0.1652898833951726,0.16334784005158604,0.2792886988739639,0.2681326735821422,0.09778026494690287,0.12269818701837229,-0.43819004524886873,-0.43211369675594913
2025-08-06,-0.02754831389919543,0.18790172029179938,0.29181628552673666,0.27273457742876694,0.12551619168070377,0.1303662561170762,-0.42914027149321265,-0.42346549597466054
2025-08-07,-0.002754831389919543,0.17517183057987562,0.25970757238464537,0.2604887961513151,0.10310039193275687,0.1265136408765169,-0.4161085972850679,-0.41223619259349437
2025-08-08,0.1212125811564599,0.20426953866654976,0.2830675127578674,0.2610255402779804,0.16033762019435857,0.1629495232820725,-0.40968325791855204,-0.41137869757515566
2025-08-11,-0.06060629057822995,0.006409233837435442,0.26349650119984347,0.23045183905917352,0.07749612274222381,0.07015374243595587,-0.41594809186374115,-0.4178632572951497
2025-08-12,0.02754831389919543,-0.05024316748965366,0.23428743747290637,0.1826026593051015,0.0927275421148855,0.06320988834985122,-0.41774097157005036,-0.41397620133300095
2025-08-13,0.049586965018551775,-0.001110037171561861,0.2542628488896807,0.18575034811443183,0.09948615718679538,0.05357382195079987,-0.4151131221719456,-0.38771738651486914
2025-08-14,0.17630920895485075,0.12632989726157165,0.23293091840096594,0.16783239815613835,0.13693113147850433,0.08784281176779433,-0.3846153846153846,-0.36060170501945615
2025-08-18,0.20385752285404618,0.2892616496275633,0.14932351342100328,0.14130872115036397,0.0781939169032746,0.09604949222114088,-0.3407239819004525,-0.31093756322270616
2025-08-19,0.01652898833951726,0.040799027260657914,0.1709995073046973,0.14845010777198447,0.03872985086054211,0.033819220021147074,-0.31420814479638004,-0.2906269006957717
2025-08-20,-0.04683213362863223,-0.0671224645315674,0.16205385903523625,0.15187325883131916,0.00018355379554759295,-0.0017398778130228599,-0.2871493212669683,-0.24392591320273224
2025-08-21,-0.2148768484137244,-0.1650892663730239,0.15310821076577527,0.15613070885197924,-0.02790017692323413,-0.0017061155334672582,-0.31085972850678734,-0.26999304495091114
2025-08-22,-0.19283819729436802,-0.058775982013518274,0.15265846479337988,0.15575789506419718,-0.03469166735849507,0.008833967893215675,-0.30416289592760176,-0.26656061089098165
2025-08-25,-0.28925729594155203,-0.19160263379619794,0.14475048125678586,0.12134592740455061,-0.057819445597491775,-0.03581111711494088,-0.3639819004524887,-0.31976941647345514
2025-08-26,-0.26721864482219565,-0.09633143601421239,0.14509430662794212,0.14770807330426872,-0.057635891801944186,-0.00941591417261325,-0.2966789037821224,-0.25188366213828295
2025-08-28,-0.25619931926251754,-0.09907492876386516,0.15956256148990056,0.1779646352978192,-0.05415334724500853,0.00803111998591567,-0.2959105267651327,-0.25579993787642563
2025-08-29,-0.25619931926251754,-0.16825983323768276,0.21527190407904684,0.23508373995007856,-0.010279957443120265,0.04784124967498756,-0.23555024331938867,-0.16462232002368885
2025-09-01,-0.33884426096010384,-0.2129967799993034,0.1867294631228793,0.22452919833921167,-0.03451128570190375,0.02409251987255625,-0.09072603454888879,-0.024272204305094143
2025-09-02,-0.31129594706090835,-0.12583805689320154,0.16334529462866976,0.20233066884530837,-0.037631987068565256,0.05711976198211233,-0.07090658161501683,0.0027081242739396146
2025-09-03,-0.24517999370283936,-0.023623362480972552,0.16540860361345294,0.2174576436573814,-0.038549840411700995,0.06324864034544869,-0.08841829002919137,-0.00513025852623634
2025-09-04,-0.3140507784508279,-0.19000031577655582,0.15749925250511734,0.22678197024858354,-0.040936259103853914,0.0605364063321008,-0.07438914027149321,0.0029498892958943345
2025-09-05,-0.2424251623129198,-0.17233292658010715,0.08128344082306013,0.14742253395836769,-0.08353233359411985,0.014603864643184406,-0.10742081447963801,-0.010714603884840197
2025-09-08,-0.40496021431817286,-0.29426067965206704,0.13363548745486156,0.18745992694850075,-0.08206363322323422,0.0203688484247182,-0.13782805429864253,-0.03186836704743172
2025-09-09,-0.36088291207946016,-0.20694303048856882,0.1797879496171076,0.2333076801794182,-0.061134652938114084,0.027582949673030866,-0.11050273779357325,-0.014407817800465501
2025-09-10,-0.25344448787259793,-0.14047514451870927,0.24040610887498295,0.26705250222070637,0.031209882881319505,0.08400567223525558,-0.08683454379018334,-0.040117305546053895
2025-09-11,-0.2975217901113107,-0.22938441827269343,0.21870756323153895,0.22411783695540188,0.018542342182431,0.027933946037080166,-0.09683257918552036,-0.06542937613208999
2025-09-12,-0.24517999370283936,-0.13312714369394923,0.18219889913304582,0.20691208795497287,-0.017073641811545377,0.026801589696898574,-0.06488687782805429,-0.026116379278439978
2025-09-15,-0.31680560984074746,-0.22632006994787773,0.20045323118229239,0.2298922267583185,-0.009730139957117257,0.03854775456181892,-0.04868778280542986,-0.021854627653006668
2025-09-16,-0.45454717933672467,-0.4075301783366248,0.2007976525417121,0.216537281931058,-0.04075643529207606,-0.0049713701195226515,-0.006515837104072397,0.0033772213463403758
2025-09-17,-0.3719022376391383,-0.3430465193147253,0.17324394378813243,0.1872033948586802,-0.011382427874363584,0.007681384409958634,-0.01846153846153846,-0.01578704067554769
2025-09-18,-0.42148920265769013,-0.3980965403092382,0.16199777533082774,0.1524992162498459,-0.054109233595887346,-0.061426139397973686,-0.016561085972850678,-0.027428251635319287
2025-09-19,-0.4187343712677706,-0.4206001369628516,0.1730039936123277,0.15313338794641929,-0.0724970862123607,-0.08552097313726117,-0.004162895927601809,-0.031213963938950987
2025-09-22,-0.4848503246258396,-0.5034293266986151,0.21354124284024276,0.19972641319070508,-0.048310183492002626,-0.056484791937722156,0.02832579185520362,0.013185674795037034
2025-09-23,-0.4132247084879315,-0.42873302608675135,0.19648363771923513,0.18208474346585238,-0.03642745068782082,-0.04737861298600934,0.027738184128912134,0.0055227563501666355
2025-09-24,-0.5261727954746327,-0.5692501934390266,0.1698006745721785,0.14663715393797255,-0.08922885648279344,-0.10635038959883236,0.006787330316742082,-0.02254212738306617
2025-09-25,-0.5206631326947936,-0.5817139558467539,0.15455326705957473,0.1289619246239843,-0.08573329303295203,-0.10224683192245561,-0.0014479638009049771,-0.041181815528401854
2025-09-26,-0.5399469524242304,-0.5920212549188936,0.21796862103244954,0.18635139042478563,-0.061816279955089884,-0.08267845444484458,-0.011674208144796378,-0.04674674981404563
2025-09-29,-0.476585830456081,-0.4903770779048261,0.2077023155546659,0.18303643553456622,-0.04502865852415076,-0.051977493732441545,-0.06669683257918552,-0.10984721702637654
2025-09-30,-0.40771504570809236,-0.41762107311863345,-0.03715235320510391,-0.08728155212073928,-0.20253849366212978,-0.2218262474701085,-0.06009049773755656,-0.12665942879240544
2025-10-01,-0.42699886543752924,-0.47826803964184855,-0.01226728643564752,-0.03635517858017984,-0.2003209189140043,-0.20495708208376592,-0.1069683257918552,-0.16896879838343712
2025-10-03,-0.43526335960728785,-0.4908034540687278,-0.015772225417261095,-0.03903583483852486,-0.19625536520910752,-0.20170824652297523,-0.11104072398190044,-0.17780491674289323
2025-10-06,-0.4297536968274488,-0.46262983548492675,-0.07395421251204647,-0.1396091167029975,-0.21436555898546586,-0.22287456969031896,-0.21918552036199093,-0.29595805299040284
2025-10-07,-0.4407730223871269,-0.3864584411727331,-0.033560598525243804,-0.11757369492641068,-0.1515550913022336,-0.1625977168503482,-0.22162895927601808,-0.29083486804628766
2025-10-08,-0.35812808068954055,-0.36913367000705816,0.05916352935893496,0.008155279167838592,-0.12383855709815056,-0.1345909531700284,-0.1712217194570136,-0.2207509653743388
2025-10-09,-0.4297536968274488,-0.4320511144906734,0.023873003074657968,-0.03392951117369296,-0.13913409316830905,-0.15202500420395573,-0.2388235294117647,-0.2978585695061291
2025-10-10,-0.4325085282173683,-0.4208653677797424,0.0948000411950186,0.04192582879238276,-0.12254857212837816,-0.11902008632340688,-0.19683257918552033,-0.271229559648784
2025-10-13,-0.3057862842810693,-0.2851771636398648,0.08755702183726748,0.043193486563338046,-0.11889595039081001,-0.10922476170117808,-0.10941176470588235,-0.1759350626733307
2025-10-14,-0.32231527262058657,-0.30318841993778145,0.1042345498062708,0.034776416783954434,-0.09308907743776598,-0.0955668552546547,-0.09321266968325792,-0.1485669529661809
2025-10-15,-0.319560441230667,-0.2380252561127393,0.07956570635212006,0.021459379436961436,-0.09769744760795243,-0.0681490041065212,-0.14832579185520361,-0.1959199504246198
2025-10-16,-0.35812808068954055,-0.3427622297200414,0.1358523632475063,0.10723326359027391,-0.09235173821053615,-0.07374658790410156,-0.15402714932126693,-0.1740039307729817
2025-10-17,-0.32231527262058657,-0.24745475334319308,0.08825191883597595,0.05956188769987011,-0.11336590618658632,-0.08239839901547982,-0.08914027149321266,-0.1036024046487003
2025-10-20,-0.3305797667903452,-0.16520029323370616,0.09645788568769381,0.09009094765789681,-0.11195819502876228,-0.0465816174465462,-0.11020408163265305,-0.1246707491448349
2025-10-21,-0.3774119004189774,-0.3255026573530207,0.04538900071382157,0.037218873421049854,-0.17694392309054627,-0.16031593124555138,-0.08773319890161216,-0.09554179944041996
2025-10-23,-0.36088291207946016,-0.3241520009237987,0.14800761102333124,0.15739431173475335,-0.10860695969005943,-0.08649682428876719,-0.015894357743097238,-0.02036973876723396
2025-10-24,-0.42148920265769013,-0.4150246358877625,0.2577305866619608,0.28520604616303924,-0.039049693371706766,-0.014928420926460254,0.004802036064674996,0.004393635176526559
2025-10-27,-0.3884312259786556,-0.3826466550460465,0.23325999497277003,0.23338513569285083,-0.053896712205741104,-0.036819478203320086,-0.050660264105642255,-0.057490234454682515
2025-10-28,-0.3278249354004256,-0.421753013715306,0.13892981088056694,0.13536056638094873,-0.06304898408973487,-0.06579111583811585,-0.06333733493397359,-0.07331296187869267
2025-10-29,-0.1349867381060576,-0.1714216260596349,-0.21444215177246245,-0.2515737324382037,-0.15989543787915098,-0.196025755838812,-0.12387755102040815,-0.14761937862849628
2025-10-30,-0.12947707532621852,-0.17689198751745797,-0.17002736947990135,-0.17679223832880775,-0.11935794624025864,-0.1329028596503195,-0.07602040816326529,-0.08724849227344053
2025-10-31,-0.2093671856338853,-0.2692288461522522,-0.12083949721578412,-0.12366703058565987,-0.10542275454723353,-0.11472434012813856,-0.11204081632653061,-0.11938055053062119
2025-11-03,-0.15702538922541395,-0.20161757515743856,-0.09760113236659487,-0.08214404802389676,-0.10239336504874981,-0.09935326113217725,-0.1686734693877551,-0.17453261163915848
2025-11-04,-0.1074384242068622,-0.17524511239274798,-0.17002736947990135,-0.14936654538250405,-0.10643255104672811,-0.10038493103735209,-0.19673469387755102,-0.21091467816984533
2025-11-06,-0.11294808698670128,-0.1617484764592423,-0.077848522244784,-0.04338023796313877,-0.036150714681905755,-0.014669393610551034,-0.13444563515638094,-0.1484520423542576
2025-11-07,-0.05785145918831041,-0.10400295095424746,-0.010457264182135164,0.04462145146261387,0.05755840047119073,0.0908522239494065,-0.07275510204081632,-0.09379220825390588
2025-11-10,-0.04683213362863223,-0.08023817251328372,-0.03253371078886495,0.06048904151628729,0.029082139185443733,0.0881034738634601,0.03306122448979592,0.03324396145920727
2025-11-11,-0.04132247084879315,-0.11403882271857832,-0.03175909862722531,0.056281528520327966,-0.009088168495451167,0.025804072030464274,-0.024999999999999994,-0.0323011349477002
2025-11-12,-0.05509662779839086,-0.12207203807670473,0.09527729588167594,0.17655332163197512,0.09916201625036718,0.13689948000025623,0.016020408163265304,0.013101962076488944
2025-11-13,-0.12672224393629897,-0.14555683536980873,0.1444651681457932,0.18007259091520586,0.1365244867316664,0.15656111505757836,0.051734693877551016,0.04777179600877913
2025-11-14,-0.05509662779839086,-0.10071416023805306,0.09798843844741469,0.13449453651391252,0.11127957424430206,0.13693474958066096,0.060102040816326516,0.0599008436181216
2025-11-17,-0.05234179640847132,-0.05473211329657709,0.1207688652581377,0.1392638549801732,0.14028752703935624,0.1540314376301075,0.024897959183673466,0.02422526312824121
2025-11-18,-0.030303145289114975,-0.031506421552460986,0.2287641005370493,0.23291972569024677,0.22397489907724305,0.23007388602527096,0.06765306122448979,0.0670357871529061
2025-11-19,-0.14600606366573576,-0.15833226537607553,0.24579560717601742,0.25838167527952255,0.2078034262196804,0.2189171471980231,0.08183673469387753,0.08129311997268583
2025-11-20,-0.0385676394588736,-0.037039546010659646,0.26902038895642855,0.28246994352969984,0.23529493007753693,0.25329509697543207,0.09030612244897959,0.08947403619918363
2025-11-21,-0.0192838197294368,-0.020420862988957643,0.28798729407709756,0.3068357499538481,0.2791600502036757,0.30045959584351417,0.13204081632653059,0.1323823542519736
2025-11-24,0.04407730223871269,0.06375288141754679,0.37275774757559804,0.39488263109267535,0.3638581392951602,0.3999161802259771,0.26632653061224487,0.2705793160868665
2025-11-25,0.049586965018551775,0.12029285507016388,0.3654032333451345,0.3942407014030315,0.36042170131292817,0.40042647659822855,0.24653061224489792,0.24848248908992054
2025-11-26,0.04683213362863223,0.11804373259057345,0.389402174518226,0.41015823422731335,0.380838185795601,0.41647691904652595,0.25755102040816324,0.2591471403724888
2025-11-27,-0.002754831389919543,0.11994282816881462,0.39946624662307084,0.4191482644874385,0.4111596974035311,0.4565336534787092,0.2540816326530612,0.2565730339010552
2025-11-28,-0.002754831389919543,0.11234086055592543,0.30347048193070497,0.3354053719107864,0.326259464901327,0.3857950142787925,0.23826530612244895,0.24059536113321306
2025-12-01,-0.022038651119356344,0.006900614660586026,0.30893988495141866,0.30779451272616604,0.3015382550671397,0.3160414180418026,0.32653061224489793,0.3265369812503441
2025-12-02,-0.11294808698670128,-0.07052397936112678,0.29626766901988943,0.29991941324547383,0.1511913314013113,0.15649396846496486,0.3252910685921263,0.3231912761772777
2025-12-03,-0.07162561613790812,-0.05270371941476196,0.34127588422497596,0.3446608373396317,0.1865954870608231,0.18712918406863704,0.37397888580005845,0.37387335330911586
2025-12-04,-0.06060629057822995,0.0075736445487455265,0.3648724242354096,0.3766968584041467,0.2273436662161102,0.21259859277418788,0.35497177594442025,0.35528468864040125
2025-12-05,-0.07438044752782767,-0.0023319780602730333,0.377981613130095,0.3741199015184207,0.2228903133029641,0.22557336137894285,0.3522674845925079,0.3539366668876639
2025-12-08,-0.14600606366573576,-0.09679619320635871,0.3272927494039781,0.33172242750721026,0.1674460695342947,0.14956068133554565,0.3374494532683547,0.3382773392488089
2025-12-09,-0.14325123227581624,-0.0779908316282278,0.40332604499315333,0.40462724427014646,0.2035182281307784,0.19439337771334045,0.3131784628745115,0.3132425030517065
2025-12-10,-0.08539977308750583,-0.08813454509733006,0.37448582942484554,0.3669743201834126,0.19171684291094115,0.16958224383109916,0.342162396873643,0.34139651455290665
2025-12-11,-0.08815460447742537,-0.10596665800562471,0.41599826092468256,0.39410218196499813,0.23825438085331826,0.19940030901740977,0.3849326964828484,0.3815451119580727
2025-12-12,-0.07989011030766675,-0.0620323463945156,0.3963344775826545,0.3812393126610084,0.2226676456573068,0.208510360103897,0.3410768562744247,0.33814123467504664
2025-12-15,-0.08815460447742537,-0.10482665164348211,0.3919647479510927,0.37537407085819774,0.22355831623993602,0.21612640587515428,0.36810681719496313,0.3680693482206709
2025-12-16,-0.09641909864718401,-0.13067252001153173,0.3797295049827197,0.35806086358193334,0.17457143419532853,0.1505392827020435,0.3492184107685627,0.34868540947432725
2025-12-17,-0.06887078474798858,-0.09207035668554005,0.3849731805405938,0.346461711841613,0.2101982575004976,0.1646581608607608,0.3988276161528441,0.398521736675437
2025-12-18,-0.06336112196814948,-0.0843555193207079,0.36093966756700396,0.3416928493630962,0.19706086640671652,0.1711926539994247,0.4023665428789308,0.40180318686742816
2025-12-19,-0.1074384242068622,-0.1257477936422108,0.4002672342510601,0.3654261125072813,0.19884220757197496,0.15740941407682585,0.3824359531046461,0.3810791121406578
2025-12-22,-0.1074384242068622,-0.045329190850649737,0.31243566865666805,0.2950675565433201,0.13981970180793357,0.131288111977511,0.3213200173686496,0.3216145333712802
2025-12-23,0.03581280806895406,0.059701533000977136,0.26305772382001985,0.2293116330429265,0.1371479877606482,0.0980693115603873,0.34954407294832823,0.34977667805835017
2025-12-24,0.04407730223871269,0.04477318419768084,0.21018399527812215,0.1807822327807231,0.0926194203058923,0.03906356495115932,0.33152409900130264,0.3390930535115567
2025-12-26,-0.05509662779839086,-0.1085756133070654,0.14944475339941327,0.09080950123054908,0.0207057838664615,-0.04240414189861325,0.29504993486756403,0.30113660641730633
2025-12-29,0.11019325559678173,0.02817438417799795,0.14070529413628968,0.07818046256249292,0.07147631425599547,0.016217423094790396,0.2780687709657038,0.29116653342173116
2025-12-30,0.3085411156709888,0.23526490142624498,0.14335861508571415,0.09181793970788311,0.18214213414767697,0.15248917998612044,0.3587711680416847,0.3630502115089364
2025-12-31,0.27823797038187387,0.15390830691689766,0.15515947669337965,0.11690820560762616,0.17835678417150275,0.1502781785050898,0.37894249965243776,0.38131916813821976
2026-01-01,0.20385752285404618,0.05075272609277155,0.11320085764390234,0.06856865681794576,0.13471392562267062,0.09654914816784606,0.2681285280069475,0.26727536667655966
2026-01-02,0.21212201702380482,0.17081511652651685,0.1136379265923344,0.06759159861378157,0.1079938081437938,0.07848616612954097,0.2568876298376229,0.25663352652204535
2026-01-05,0.3746570690290578,0.368892899252609,-0.032065218903594324,-0.08447933615031582,0.04822439020259577,0.014961802301840285,0.18167014960417932,0.183942491817232
2026-01-06,0.2809928017717934,0.2773727065654528,0.0900362033770034,0.08617496157838284,0.11333783163956918,0.0972642315508789,0.300531914893617,0.30156562162124506
2026-01-07,0.32507010401050607,0.3150513712553009,0.10883016815958177,0.09875237563283432,0.15543933871027701,0.13941604936174584,0.260522664199815,0.2622543066267132
2026-01-08,0.31129594706090835,0.2858138197081738,0.07604999702717764,0.06821344475472922,0.1249304713702943,0.09401060523224467,0.27220166512488436,0.2727425395478486
2026-01-09,0.22865100536332209,0.17976805876238525,0.07867241071776998,0.050519967947222556,0.09843006835235307,0.06651657022775775,0.2911740049206098,0.292168694416453
2026-01-12,0.33884426096010384,0.2099198575152993,0.025497643947436453,0.04129581224700975,0.1075464434225253,0.08865737063777113,0.2230785931393834,0.22564850807472478
2026-01-13,0.3526184179097015,0.2778445986756439,0.07998361756306613,0.07934477956107475,0.14786779499086525,0.12361481861667407,0.24989144594007814,0.24453375075298503
2026-01-14,0.2975217901113107,0.22496229832853556,0.11232671974703821,0.1604645023045575,0.17347742815946388,0.1744724164005232,0.28897090751194093,0.28911149680295717
2026-01-16,0.3140507784508279,0.26403790819853207,0.13942499454982565,0.16549674037931741,0.24340286133285502,0.2500564800116219,0.3275075987841945,0.3308335580943923
2026-01-19,0.30303145289114974,0.23703493318082602,0.1263292359213897,0.23637214476838161,0.24354325930766987,0.30569723654051484,0.25684328690211855,0.2783388707414162
2026-01-20,0.3966957201484142,0.31927618472038866,0.19231033731010438,0.2594092184792085,0.2999667467661077,0.3445278685996583,0.29359242282910253,0.31699665787877107
2026-01-21,0.3526184179097015,0.14085740220629192,0.1918732683616723,0.21514693658731904,0.30865175279719764,0.3146809084760644,0.33402084237950497,0.3418868093104846
2026-01-22,0.3829215631988165,0.17181714265618173,0.18837671677421589,0.2116752432203821,0.3211225306879935,0.3338210038648283,0.37077476478301463,0.39389812537106
2026-01-23,0.3966957201484142,0.2810968963719742,0.18094654465087096,0.17880280272622112,0.3068702130985125,0.30711109549309046,0.3549580347592449,0.3738185932747336
2026-01-27,0.3966957201484142,0.30612770856739563,0.2924502495183241,0.2791832675949882,0.40254250399237895,0.3808070834468125,0.34837935174069623,0.3666005723603783
2026-01-28,0.42699886543752924,0.28370149201688466,0.26879740328571405,0.20029557455581706,0.407527206074222,0.32600850345564775,0.36571428571428566,0.3616050706237522
2026-01-29,0.4600568421165637,0.26785007010446377,-0.3408166845967459,-0.12655159071365019,0.0813190114126899,0.1722270414936474,0.36193877551020404,0.3810409439577215
2026-01-30,0.4325085282173683,0.2460289139900553,-0.24331500420953248,-0.057999207719712974,0.1067172779908999,0.16952603933832128,0.4085714285714285,0.4148866395950146
2026-02-02,0.3333345981802647,0.04112890761927713,-0.219686995719963,-0.07925427206537053,0.05228630725416164,0.13177948941429465,0.2717406962785114,0.3518503116174749
2026-02-03,0.2424251623129198,0.1522467318820875,-0.06987684919365336,0.009870334908977502,0.1352448429813843,0.176156018677357,0.26407239819004524,0.31056661704572763
2026-02-04,0.18457370312460938,0.12609447535791335,0.021447349752507467,0.1152352671211748,0.1753037774514139,0.21738110538903452,0.25728506787330313,0.2935249622507981
2026-02-05,0.17630920895485075,-0.015705296935713525,-0.0771544396366796,0.009270475587249801,0.1253543234481247,0.15836481068887512,0.196734693877551,0.24288653811461164
2026-02-06,0.15702538922541395,0.07290176743729436,-0.08533748626481229,-0.018339405083311385,0.09679727058065189,0.1350822848270971,0.17195678271308523,0.21841149338903917
2026-02-09,0.10192876142702309,-0.06215740022141476,-0.07988212184605716,-0.0008627413109636915,0.07881197395919466,0.1254445351514643,0.1624489795918367,0.21016323933842668
2026-02-10,0.09090943586734493,-0.044827707428170986,-0.14378781932290288,-0.030875258177463054,0.015762394791838934,0.08609187619918908,0.11164465786314526,0.16221348518054843
2026-02-11,0.13223190671613808,0.021028692997153292,-0.20223815238099346,-0.022239210932829212,-0.01172075510162382,0.11171103398096138,0.03510204081632653,0.12339218690107538
2026-02-12,0.13223190671613808,0.07814004822836652,-0.10404159284340127,0.10379423612645544,0.0695162026716999,0.2153093937049468,0.0923409363745498,0.17255786657402541
2026-02-13,0.17630920895485075,0.1269756373980394,-0.08806516847418983,0.08760792156657306,0.08548067944804959,0.21106610179554824,0.06545018007202881,0.13914893342523021
2026-02-16,0.17630920895485075,0.06615614724226884,-0.09352053289294496,0.04908917397687327,0.11039267839141303,0.2189008609989157,0.08120048019207683,0.15275928973272154
2026-02-17,0.16253505200525303,0.07950416268822715,-0.07832344629784141,0.04663596077195051,0.10811386171325421,0.21984302820845839,0.100984393757503,0.17578835947405078
2026-02-18,0.14600606366573576,0.05892033861075532,-0.10053457285991584,-0.039764964287888185,0.08932023715375395,0.16089129266043725,0.08100840336134453,0.1314487520078229
2026-02-19,0.16253505200525303,0.13772640128913075,-0.13950146156530954,-0.08514178258621004,0.05355172589535022,0.11251851534003454,0.057653061224489786,0.10898891222897682
2026-02-20,0.19008336590444846,0.1315355099816981,-0.16171258812738398,-0.09812611914060954,0.05294547994181794,0.11225054875724802,0.07163265306122449,0.1263442210066482
2026-02-23,0.15151572644557487,0.004241196628831404,-0.1648299392238155,-0.11490117759680044,0.038799741026065065,0.10025894098323573,0.013135041250542769,0.05644614051760029
2026-02-24,0.2479348250927589,0.13757556932875017,-0.1624919259014919,-0.10990597173619401,0.07561696285419135,0.128983306355596,0.022036474164133738,0.06591576966132849
2026-02-25,0.3994505515383337,0.2584016653921791,-0.2045761657033171,-0.15906819027052735,0.08815239519900382,0.1446988813426141,0.033217542336083365,0.06972783896400593
2026-02-26,0.4628116735064833,0.30935813478673346,-0.2170455700890431,-0.1860002931176417,0.11746913213445233,0.15792830319231768,0.060356057316543636,0.08003855381492336
2026-02-27,0.5013793129653569,0.38543333483992226,-0.23574967666763208,-0.24610965658556797,0.1152451038152114,0.12956613246014181,0.047329570125922704,0.05173882401902986
2026-03-02,0.43526335960728785,0.29271599409362703,-0.20028980794572376,-0.19639472547582096,0.12434340148483336,0.1469002490694739,-0.05340859748154581,-0.042742572129022986
2026-03-04,0.44903751655688556,0.33505003886750945,-0.07048970670920739,-0.07774743453364877,0.14112673088699976,0.14059924585645903,0.01107251411202779,0.0001054436826890819
2026-03-05,0.44903751655688556,0.3495368933509768,-0.12593119936132707,-0.1429359309923004,0.11378316693088376,0.11122458860775533,-0.0026595744680851063,-0.00844065271194412
2026-03-06,0.4104698770980119,0.34751730745142384,-0.08176782736308391,-0.12445892325747826,0.12335787569414795,0.1135316677332097,0.058626271970397784,0.03555928709199861
2026-03-09,0.3829215631988165,0.3590026670806003,-0.1088062678258886,-0.1565856348957108,0.13039140753458034,0.11726017055376409,-0.00046253469010175765,-0.007362699574194241
2026-03-10,0.48760515601575916,0.4586229626480467,-0.03757967483143141,-0.1314266895917647,0.1965901221290596,0.17789041969198252,-0.0196577243293247,-0.042273519611066325
2026-03-11,0.48760515601575916,0.49617966725278334,-0.09217884723511736,-0.1204797291516933,0.1786797665736692,0.17256947359920055,0.012592270950933565,0.007124447622832786
2026-03-12,0.5123986385250351,0.5126365123399665,-0.03718138375870281,-0.032488409053136956,0.21522331205370776,0.2245190909458989,0.04125054277029961,0.018627987217353946
2026-03-13,0.5702500977133456,0.5741916490426298,-0.03989252632444155,-0.02863056608392945,0.23056756319449745,0.24655215982259343,0.05340859748154581,0.03788344122202131
2026-03-16,0.49311481879559826,0.48296179305314035,-0.04376558713263976,-0.05145474328777974,0.2107815551445318,0.21015886010144316,0.012700825010855408,0.015987010448852274
2026-03-17,0.5812694232730237,0.582591582686504,-0.13284598572119857,-0.14059849833471333,0.15808616635839887,0.15710574309025432,0.0034737299174989146,-0.006934585175048458
2026-03-18,0.42699886543752924,0.43087808664140786,-0.08017235872970292,-0.08570381471224438,0.18009305286295246,0.1787956773085685,0.001845419018671298,-0.057435830589441086
2026-03-19,0.5427017838141499,0.5477803634482875,-0.07358815535576597,-0.0740455823383631,0.1976581824583301,0.19620337068812083,0.0053191489361702135,-0.03722068232226146
2026-03-20,0.5289276268645523,0.5364341238625203,-0.07379322739769952,-0.07986057956073067,0.17124416530424158,0.17464393057021893,0.07522796352583586,0.07689491874054594
2026-03-23,0.5592307721536671,0.5703246813769072,-0.08043071345992645,-0.07707834339668167,0.18235080338411577,0.1815185218382295,0.0694745983499783,0.06380097882441374
2026-03-24,0.5812694232730237,0.5866486032248381,-0.11205638234465481,-0.10781854552021959,0.16437824358213757,0.16145676170126946,0.06003039513677811,0.044455100010630404
2026-03-25,0.40771504570809236,0.41668866385933373,-0.10151449271641201,-0.09842730856855612,0.1385300676871577,0.1377083907888945,0.07229700390794615,0.05903821942493178
2026-03-27,0.45454717933672467,0.47318217653791117,-0.1225982719728976,-0.1060219503085507,0.1350971068261057,0.13560019797494643,0.03520408163265306,0.03246845961435242
2026-03-30,0.49311481879559826,0.5055564174559897,-0.13938720730676576,-0.1094912976049009,0.1195478135142819,0.1214022640874856,0.15785714285714283,0.16439387031632507
2026-04-01,0.5427017838141499,0.5279812136921731,-0.4052884734709807,-0.4056767881220809,-0.04200753437897428,-0.043535741254540225,0.13877551020408163,0.11609960534408893
2026-04-02,0.4958696501855178,0.47755145023978374,-0.42933429677739293,-0.40485402675117976,-0.0654348131672484,-0.047745771607130255,0.16602040816326527,0.13746745928196177
2026-04-06,0.5068889757451959,0.4662446447503225,-0.3936533976775554,-0.3004982308219235,-0.017368499791306672,0.0440315046265667,0.18132653061224488,0.15568995445065706
2026-04-07,0.5537211093738282,0.5244980700078972,-0.44795041804687336,-0.34689727930106506,-0.08542878385724097,-0.01873737186296398,0.13948979591836733,0.10110322815743256
2026-04-08,0.5399469524242304,0.5195388769782374,-0.4491139256262159,-0.3625645817731227,-0.09067972565461274,-0.019929179132237945,0.060204081632653055,0.003921997855545098
2026-04-09,0.5867790860528628,0.544573569369856,-0.4747110923717516,-0.4478316685295557,-0.1296578705351033,-0.10961039577590141,0.03336734693877551,-0.02958301525435804
2026-04-10,0.5867790860528628,0.5422792054218842,-0.5268390176521894,-0.5034618494785413,-0.1740361116231671,-0.15991957589252181,-0.026734693877551015,-0.09861337606442165
2026-04-13,0.4958696501855178,0.43863421668079156,-0.5394796809551522,-0.5297343837188734,-0.15974980622004162,-0.16575015612080943,0.043979591836734694,-0.022109399545646
2026-04-15,0.45730201072664417,0.3846168842712238,-0.4691191546888245,-0.3852837714209935,-0.17726648028438596,-0.1193682157193993,0.027959183673469383,-0.028049204649602245
2026-04-16,0.4380181909972074,0.3305322710689984,-0.3819582877978373,-0.29716573540906843,-0.11043822860542042,-0.05444647024606622,0.026052974381241857,-0.03828594678131646
2026-04-17,0.497798564398611,0.3105506198642519,-0.2110204916561391,-0.12312213383892523,-0.04734817634221876,-0.016317494815007907,0.05918367346938774,-0.005214430772298337
2026-04-20,0.5176224010339538,0.3519661287617284,-0.19536037449662452,-0.12478225453849445,-0.028269882968580733,0.0004375786028231047,0.09499999999999999,0.033769566912995604
2026-04-21,0.5242303465790682,0.3734401786884758,-0.2578374359713674,-0.16362936603154635,-0.06625074286643788,-0.0016832277395720896,0.07142857142857141,-0.015207495220265554
2026-04-22,0.5726886139099063,0.44076592831917627,-0.2234132122101701,-0.12607494298028057,-0.024775208551160978,0.03696267574061421,0.07755102040816325,0.0027769456583759348
2026-04-23,0.5969177475753255,0.4631082684189522,-0.1259926589659819,-0.039606169717168856,0.02147184741100618,0.051326028887734215,0.12908163265306122,0.09120963010765869
2026-04-24,0.5044065099437253,0.4121338431072566,-0.09225691968000863,-0.030714200256022943,0.03376769165491571,0.06454089245899731,0.10510204081632651,0.08090103915624597
2026-04-27,0.44713764855273463,0.4213794429589021,-0.07429197340012483,-0.04995837799418534,0.0058742613960687225,0.01367298098078185,0.041440576230492195,0.026727759787068078
2026-04-28,0.38986878716174395,0.2878330128122965,-0.13150053476777349,-0.11379233526103438,-0.04276017475867043,-0.036603487844250986,0.045882352941176464,0.04786433701732793
2026-04-29,0.4317191089474679,0.37875655602269254,-0.28120054084016477,-0.3405913247116735,0.004954586513711992,-0.10607016771827402,0.0385594237695078,0.01673413981742897
2026-04-30,0.4207058663722774,0.35758362954808154,-0.29288858287997604,-0.33925540617164585,-0.024772932568559957,-0.1268593846690876,0.012533013205282113,-0.02383136605492217
2026-05-04,0.38326084161662965,0.38875997349523556,-0.2729501582238275,-0.27975036919653096,-0.05028911803085273,-0.088366834940613,-0.00334841628959276,0.011455096992165242
2026-05-05,0.3127760891354104,0.31450677372301616,-0.2179476074482451,-0.23969573906225447,-0.02661530035440098,-0.08496798565893816,0.021357466063348415,0.04082186444936275
2026-05-06,0.2973575495301437,0.20074141175750976,-0.2316982451421407,-0.24929811574742544,-0.035976543927328214,-0.09677387008476906,0.011131221719457011,0.02662485613605872
2026-05-07,0.1321589109022861,0.01630737150304484,-0.21863513933293988,-0.2633520127869404,-0.07140242646801366,-0.15850415830914588,-0.030497737556561082,-0.03915461451370503
2026-05-08,0.14317215347747658,0.05491548667175253,-0.23651096833500415,-0.2834627004440269,-0.11233492287512689,-0.1976443622130968,-0.040638606676342524,-0.05504701627638588
2026-05-11,0.08590329208648595,0.005198208726833903,-0.2409799255855202,-0.29232696231535044,-0.09542166619000872,-0.1894493166451396,-0.05745752582600529,-0.05634588727259395
2026-05-12,0.15418539605266712,0.035632658454843695,-0.1718829711736949,-0.24456108008740474,-0.01284640443393532,-0.10997480784770677,0.05506701955092631,0.07084163070076464
2026-05-13,0.18942777229327673,0.12952601881822182,-0.14300663201651415,-0.2121958016548296,-0.0033030576758079936,-0.09898246912306037,0.08050883633569537,0.08541842427120988
2026-05-14,0.23127809407900066,0.13617410195204788,-0.16982037551961054,-0.22942784271122751,0.004404076901077325,-0.09131271698177978,0.08877600387034348,0.11069262794634319
2026-05-15,0.21145425744365773,0.09751476010590487,-0.20316567192730733,-0.23895699695216532,-0.0031195544715964386,-0.09469819328963765,0.032252862441541685,0.04090619551430145
2026-05-18,0.2731284158647245,0.19740108847840085,-0.1815084175594218,-0.21941545927626058,0.03101774068326318,-0.03331186314058691,0.0220125786163522,0.0387864880951423
2026-05-19,0.3634370049812867,0.29879762979159336,-0.1471318233246828,-0.180219083806885,0.08789803481733496,0.02601016385836553,0.049508143847766486,0.030753596896816175
2026-05-20,0.41630056934220117,0.36735513095235933,-0.19732165090740172,-0.2419366874405567,0.0704652304172372,-0.004482308309982588,0.012981777132720529,-0.007231901725622391
2026-05-21,0.42951646043242975,0.3741433310317572,-0.2643560096651427,-0.3002667789091981,0.037438092921754366,-0.0313834879496202,-0.010804708917916465,-0.016834313519935144
2026-05-22,0.37224759904143917,0.30936927765308736,-0.2794846202924828,-0.3295698008352037,0.021269519511124754,-0.06099646938371753,-0.024814179531160656,-0.048237111585288484
2026-05-25,0.44273235152265833,0.3629073974483963,-0.28566949809068093,-0.3401825310418591,0.04807783950342747,-0.041518526109285636,0.003789711336881148,-0.05097226031084151
2026-05-26,0.46035353964296316,0.3771890489472293,-0.28463820026363873,-0.31962329200712314,0.014496753132712864,-0.06519453012981724,0.008547008547008548,-0.021746088758086417
2026-05-27,0.48238002479334424,0.40140186892648955,-0.30388909303509254,-0.3756954815730773,-0.006055605738981323,-0.12533847497134484,0.03942912433478471,-0.007205590867369242
2026-05-29,0.4317191089474679,0.32822790736149676,-0.3589553584855499,-0.3962852708095511,-0.08333340800367497,-0.1880266324323699,0.031599008957499515,-0.024754782731166103
2026-06-01,0.4845826733083823,0.4004336482025442,-0.3323150458838218,-0.36311602311136865,-0.026767058903742414,-0.11715541640416818,0.051927108530882116,0.007149783039011878
2026-06-02,0.3920714356767821,0.3126065535280318,-0.371840935456826,-0.4049369063631485,-0.09903811794384694,-0.17875956372602572,-0.027746947835738063,-0.05286629425476413
2026-06-03,0.433921757462506,0.33559848747768795,-0.4338702757795949,-0.47061030787750685,-0.11777505917646662,-0.23762342857657417,-0.009305899427985998,-0.06535079512780288
2026-06-04,0.38546349013166775,0.3414192529378771,-0.4937886212307429,-0.5277334457695528,-0.19991647118732614,-0.30274637441579005,-0.00700076837701699,-0.04153188007734914
2026-06-05,0.42731381191739165,0.33643116210099727,-0.4968434854528229,-0.5349987137566478,-0.19116888877410676,-0.3104139039707267,-0.002580228995323335,-0.06900757780646252
2026-06-08,0.44493500003769654,0.31893563242788137,-0.39918518792350627,-0.45822257460572485,-0.10361996613296261,-0.25235787832715956,0.06732785034671827,-0.03283392308961342
2026-06-09,0.31938403468052473,0.16205545678682096,-0.4466349822032873,-0.5216748408449945,-0.15259838439374257,-0.3155704565070646,0.05370101596516691,-0.07565902987600269
2026-06-10,0.4251111634023536,0.2509945678188498,-0.41573744174203453,-0.48565964134489203,-0.11540539802696277,-0.2814301752905232,0.07840670859538783,-0.050981592981453216
2026-06-11,0.4052873267670107,0.2066506702371882,-0.3906331901172667,-0.44990450981004193,-0.09780377896449498,-0.25222380295653923,0.10554602630074326,-0.04391801553858205
2026-06-12,0.3303972772557152,0.09614362446987489,-0.4383588552940232,-0.5081574386569444,-0.17142446391272984,-0.3382263298056516,0.05562770562770564,-0.10616443762873908
2026-06-15,0.2643178218045722,0.11515520273602532,-0.4998780653195532,-0.5864126179588679,-0.23632086810826328,-0.4237586767929563,0.011183261183261186,-0.1658478381252719
2026-06-16,0.281939009924877,0.1335890430576287,-0.48304994060404943,-0.5504738928174228,-0.2298924507115359,-0.3817891393554417,-0.016089466089466094,-0.19596838559811522
2026-06-17,0.4185032178572393,0.31219824139307467,-0.5222236079745664,-0.6041891936947025,-0.2680037824207053,-0.45242815414978604,-0.023881673881673886,-0.18043504125704027
2026-06-18,0.3325999257707533,0.09965279231098319,-0.46787704127039853,-0.5156284401614472,-0.22439958259654927,-0.38249352025150135,0.0344877344877345,-0.13214212156742092
2026-06-19,0.20044101486846722,0.1412410965853596,-0.4891191003375097,-0.5063274721498605,-0.24307403626420213,-0.3455983580608514,0.018903318903318905,-0.11836663588047419
2026-06-22,0.12334831684213368,0.07692318361665233,-0.4888432294405343,-0.5098735781707356,-0.28484011369784845,-0.38832112652655276,-0.04906204906204908,-0.17415289847240908
2026-06-23,0.1475774505075528,-0.0339658398645615,-0.5277410259140757,-0.5532252335764357,-0.2762900727058468,-0.3964908274570769,0.0020923520923520926,-0.11924104704068189
2026-06-24,0.13876685644740042,-0.07209683780992963,-0.42097898878456846,-0.434642706234421,-0.22070899728763965,-0.3127444115353993,-0.0027417027417027426,-0.10773030848164818
2026-06-25,0.16740128714289573,-0.05608504631263645,-0.4579456889792816,-0.47467858953942776,-0.22560683911371768,-0.335759991245741,0.03145743145743147,-0.07375550239238754
