date,ic_F,pic_F,ic_A,pic_A,ic_B,pic_B,ic_C,pic_C,ic_D_flows,pic_D_flows,ic_heat_mean,pic_heat_mean
2019-01-01,,,,,,,0.5963553727767786,0.03995031494843941,,,0.7272727272727274,
2019-01-02,,,,,,,0.5504818825631803,-0.01481319111976774,,,0.6153846153846154,
2019-01-03,,,,,,,0.4403855060505443,0.28273662267917654,,,0.32867132867132864,
2019-01-04,,,,,,,0.3578132236660672,0.07063046178186341,,,0.3426573426573427,
2019-01-07,,,,,,,0.37616261975150656,0.18211010652700507,,,0.3356643356643357,
2019-01-08,,,,,,,0.2844156393243098,-0.008574295242276727,,,0.2937062937062937,
2019-01-09,,,,,,,0.5046083923495819,0.23979663341865678,,,0.46153846153846156,
2019-01-10,,,,,,,0.4312108080078245,0.24902490005140265,,,0.34965034965034975,
2019-01-11,,,,,,,0.5229577884350213,0.3714793963277432,,,0.3636363636363637,
2019-01-14,,,,,,,0.4495602040932639,0.40691965899946203,,,0.17482517482517487,
2019-01-15,,,,,,,0.3302891295379082,0.29828561596831704,,,0.1258741258741259,
2019-01-16,,,,,,,0.20184335693983277,0.22203222791056618,,,0.04195804195804196,
2019-01-17,,,,,,,0.3669879217087868,0.39976608406737607,,,0.06993006993006995,
2019-01-18,,,,,,,0.26606624323887046,0.2555078967259237,,,0.10489510489510491,
2019-01-21,,,,,,,0.4312108080078245,0.43782486564987577,,,0.1188811188811189,
2019-01-22,,,,,,,0.47708429822142295,0.5238115005200994,,,0.027972027972027972,
2019-01-23,,,,,,,0.4495602040932639,0.42490271941327246,,,0.17482517482517487,
2019-01-24,,,,,,,0.46790960017870326,0.4427052102690296,,,0.18181818181818185,
2019-01-25,,,,,,,0.48625899626414265,0.4305917591807564,,,0.23076923076923078,
2019-01-28,,,,,,,0.4403855060505443,0.3239938596521485,,,0.44055944055944063,
2019-01-29,,,,,,,0.3945120158369459,0.31639333560450406,,,0.2867132867132868,
2019-01-30,,,,,,,0.3394638275806278,0.28597899546675537,,,0.1958041958041958,
2019-01-31,,,,,,,0.2844156393243098,0.28606898022008437,,,0.006993006993006993,
2019-02-01,,,,,,,0.5837223072969543,0.7150471111559468,,,0.2937062937062937,
2019-02-04,,,,,,,0.7225343193980592,0.7996011139009601,,,-0.04895104895104895,
2019-02-05,,,,,,,0.6833822134208244,0.690217150022718,,,-0.10489510489510491,
2019-02-06,,,,,,,0.6869414957823914,0.6937956835291726,,,-0.09090909090909093,
2019-02-07,,,,,,,0.7118564723133589,0.7363839946901365,,,-0.04195804195804196,
2019-02-08,,,,,,,0.7510085782905936,0.7633197951230343,,,-0.14285714285714285,
2019-02-11,,,,,,,0.7510085782905936,0.7685728774264543,,,-0.19780219780219782,
2019-02-12,,,,,,,0.7154157546749257,0.7249391208153314,,,-0.1958041958041958,
2019-02-13,,,,,,,0.7296528841211928,0.702791038030783,,,-0.30069930069930073,
2019-02-14,,,,,,,0.7260936017596261,0.7061131099507126,,,-0.27272727272727276,
2019-02-15,,,,,,,0.7403307312058932,0.6809393663672257,,,-0.39860139860139865,
2019-02-18,,,,,,,0.5872815896585211,0.5674919588939327,,,-0.1958041958041958,
2019-02-19,,,,,,,0.5694851778506871,0.5638645986309573,,,-0.15384615384615385,
2019-02-20,,,,,,,0.5338923542350191,0.5239962438522302,,,-0.14685314685314685,
2019-02-21,,,,,,,0.5125366600656184,0.5723548348264375,,,0.15384615384615385,
2019-02-22,,,,,,,0.4377917304727157,0.46021014843399444,,,0.034965034965034975,
2019-02-25,,,,,,,0.4377917304727157,0.4449250338921996,,,0.013986013986013986,
2019-02-26,,,,,,,0.37728393032608015,0.3032287148146858,,,-0.30069930069930073,
2019-02-27,,,,,,,0.3844024950492138,0.27841050078287927,,,-0.10989010989010989,
2019-02-28,,,,,,,0.4591474246421165,0.262293245563504,,,-0.32417582417582413,
2019-03-01,,,,,,,-0.060507800146635496,0.15973692305186676,,,-0.21978021978021978,
2019-03-05,,,,,,,0.04982995306193512,0.09391912208108825,,,0.2703296703296703,
2019-03-06,,,,,,,0.10677847084700383,0.10594191359529938,,,0.09999999999999999,
2019-03-07,,,,,,,0.053389235423501914,0.053873210237243875,,,0.23928571428571427,
2019-03-08,,,,,,,-0.021355694169400762,-0.016858817913677708,,,0.3142857142857143,
2019-03-11,,,,,,,0.042711388338801524,0.047642134359485125,,,0.3,
2019-03-12,,,,,,,0.09610062376230345,0.10177645489149521,,,0.22142857142857136,
2019-03-13,,,,,,,0.010677847084700381,0.010344626680755567,,,0.15357142857142855,
2019-03-14,,,,,,,0.04982995306193512,0.04912448473439185,,,0.16428571428571426,
2019-03-15,,,,,,,0.014237129446267177,0.025713464269011284,,,0.11274509803921569,
2019-03-18,,,,,,,0.09254134140073665,0.09202515945896973,,,0.25000000000000006,
2019-03-19,,,,,,,0.11389703557013742,0.11823445319154084,,,0.29411764705882354,
2019-03-20,,,,,,,0.1281341650164046,0.22156677975965605,,,0.4068627450980392,
2019-03-22,,,,,,,0.22423478877870803,0.3301653795532739,,,0.5465686274509804,
2019-03-25,,,,,,,0.08898205903916986,0.137151261566915,,,0.3995098039215687,
2019-03-26,,,,,,,0.20287909460930725,0.2508240996057251,,,0.40196078431372556,
2019-03-27,,,,,,,0.0640670825082023,0.08655411006319304,,,0.5352941176470588,
2019-03-28,,,,,,,-0.0640670825082023,-0.06342520361110635,,,0.1857142857142857,
2019-03-29,,,,,,,0.10677847084700383,0.1628086976754479,,,0.28823529411764703,
2019-04-01,,,,,,,0.07042428152039987,-0.12709728148417063,,,0.06470588235294117,
2019-04-02,,,,,,,0.12676370673671977,-0.08704573372901864,,,0.22941176470588234,
2019-04-03,,,,,,,0.20423041640915962,0.04421311245666046,,,0.2352941176470588,
2019-04-04,,,,,,,0.1760607038009997,-0.11865991502569326,,,0.4176470588235294,
2019-04-05,,,,,,,0.1690182756489597,-0.022896011456277007,,,0.2588235294117647,
2019-04-08,,,,,,,0.21127284456119966,0.03512503520805306,,,0.23571428571428568,
2019-04-09,,,,,,,0.1126788504326398,-0.14381613072667462,,,0.1714285714285714,
2019-04-10,,,,,,,0.18310313195303968,0.0026546152329204467,,,0.18214285714285713,
2019-04-11,,,,,,,0.09859399412855982,-0.1242597541836906,,,0.18214285714285713,
2019-04-12,,,,,,,0.07042428152039987,-0.12998712725737427,,,0.1607142857142857,
2019-04-15,,,,,,,0.14084856304079973,-0.02454020923622783,,,0.2642857142857143,
2019-04-16,,,,,,,0.13380613488875975,0.01959797719699545,,,0.2967032967032967,
2019-04-18,,,,,,,0.035212140760199934,-0.04486545251552201,,,0.21318681318681318,
2019-04-22,,,,,,,0.14789099119283972,0.05496984866550355,,,0.15714285714285714,
2019-04-23,,,,,,,0.08450913782447984,-0.039504005326661214,,,0.1857142857142857,
2019-04-24,,,,,,,0.014084856304079975,-0.07952354458241263,,,0.09999999999999999,
2019-04-25,,,,,,,-0.0563394252163199,-0.20121986593858127,,,0.09285714285714285,
2019-04-26,,,,,,,-0.0563394252163199,-0.15860804931706954,,,0.17362637362637365,
2019-04-30,,,,,,,0.018349396085439344,-0.32836875972166824,,,0.4010989010989011,
2019-05-02,,,,,,,-0.14679516868351475,-0.3329083045026316,,,0.2912087912087912,
2019-05-03,,,,,,,-0.22019275302527214,-0.39123178996268826,,,0.24175824175824176,
2019-05-06,,,,,,,-0.17431926281167376,-0.4248295358286575,,,0.2802197802197803,
2019-05-07,,,,,,,-0.21101805498255247,-0.3818313478879531,,,0.23076923076923078,
2019-05-08,,,,,,,-0.1926686588971131,-0.32230716384805363,,,0.2692307692307692,
2019-05-09,,,,,,,0.1284457725980754,0.022846635352953514,,,0.32417582417582413,
2019-05-10,,,,,,,-0.018349396085439344,-0.04535806940446711,,,0.0989010989010989,
2019-05-13,,,,,,,0.20184335693983277,0.1713412618392577,,,0.178021978021978,
2019-05-14,,,,,,,0.07339758434175737,-0.00725514436085259,,,0.08131868131868132,
2019-05-15,,,,,,,0.1284457725980754,0.062103282246563314,,,0.3318681318681319,
2019-05-16,,,,,,,-0.08257228238447704,-0.23235329140533992,,,0.24835164835164836,
2019-05-17,,,,,,,-0.20184335693983277,-0.365285653373787,,,0.24835164835164836,
2019-05-20,,,,,,,-0.23854214911071148,-0.15527230197947184,,,-0.4241758241758242,
2019-05-21,,,,,,,-0.27524094128159016,-0.10387207409656564,,,-0.3186813186813187,
2019-05-22,,,,,,,-0.4403855060505443,-0.3510140133861875,,,0.005494505494505494,
2019-05-23,,,0.012195348666382083,0.1543458985520012,,,-0.48625899626414265,-0.3825534863978202,,,-0.12967032967032965,
2019-05-24,,,-0.12884405501936821,0.16363189844098752,,,-0.42203610996510493,-0.38674033851008394,,,-0.2879120879120879,
2019-05-27,,,0.045454545454545456,0.4013717771711053,,,-0.4312108080078245,-0.38261839557238003,,,-0.3934065934065934,
2019-05-28,,,-0.06392760709681124,0.1453344605576689,,,-0.5046083923495819,-0.4940709168615035,,,-0.3010989010989011,
2019-05-29,,,-0.32826899358723494,-0.2105844274844886,,,-0.5951368255656533,-0.523686716963973,,,-0.21428571428571427,
2019-05-30,,,-0.1580554413568168,-0.13024597631263896,,,-0.5705951008000594,-0.5337111556945974,,,-0.11538461538461539,
2019-05-31,,,-0.06079055436800646,0.026717219935059464,,,-0.5460533760344654,-0.49631804756243086,,,-0.14835164835164835,
2019-06-03,,,-0.18845071854082002,0.0004150622129940414,,,-0.6074076879484503,-0.49979896638785976,,,-0.26373626373626374,
2019-06-04,,,-0.13939393939393938,0.012105988475455628,,,-0.5951368255656533,-0.4827310220930502,,,-0.21428571428571427,
2019-06-06,,,-0.26747843921922837,-0.16511296469374115,,,-0.5951368255656533,-0.46873867990745693,,,-0.17032967032967034,
2019-06-07,,,-0.29179466096643103,-0.15430828020559612,,,-0.5951368255656533,-0.5190238418861607,,,-0.15934065934065936,
2019-06-10,,,-0.32218993815043423,-0.2581184231893951,,,-0.6196785503312472,-0.5780964569940119,,,-0.04395604395604395,
2019-06-11,,,-0.56535215562246,-0.6633652213815906,,,-0.5705951008000594,-0.5486560081815586,,,-0.03296703296703297,
2019-06-12,,,-0.5775102664960614,-0.689358312239363,,,-0.5951368255656533,-0.5937404556378039,,,0.010989010989010988,
2019-06-13,,,-0.480245379507251,-0.6526162005347524,,,-0.6442202750968412,-0.7044324800579395,,,0.12637362637362637,
2019-06-14,,,-0.3039527718400323,-0.3749031941761373,,,-0.5828659631828563,-0.609688825354217,,,0.12637362637362637,
2019-06-17,,,-0.5757575757575757,-0.5364129040514845,,,-0.22701095408174404,-0.21540100092525535,,,-0.06593406593406594,
2019-06-18,,,,,,,-0.37426130267530777,-0.3712303257076921,,,-0.027472527472527472,
2019-06-19,,,,,,,-0.251552678847338,-0.23214458675901697,,,0.03846153846153846,
2019-06-20,,,,,,,-0.32517785314411984,-0.3272211865432119,,,-0.005494505494505494,
2019-06-21,,,,,,,-0.11657319263657127,-0.1496494322642635,,,0.06043956043956044,
2019-06-24,,,,,,,-0.11657319263657127,-0.11628847230536317,,,0.06043956043956044,
2019-06-25,,,,,,,-0.42334475220649564,-0.4156304871246166,,,0.027472527472527472,
2019-06-26,,,-0.6890371996505876,-0.6941891080058,,,-0.42334475220649564,-0.4037458337208582,,,0.010989010989010988,
2019-06-27,,,-0.7914706236904049,-0.8228499163497567,,,-0.42334475220649564,-0.4134560739260883,,,0.06593406593406594,
2019-06-28,,,-0.579279061653149,-0.5950177457211462,,,-0.4356156145892926,-0.4167876354110078,,,0.0,
2019-07-01,,,-0.4146418546569909,-0.5043845503429057,,,-0.012506107989614447,-0.030264479904974724,,,0.21428571428571427,
2019-07-02,,,-0.43769199144964654,-0.6036267600510049,,,-0.012506107989614447,-0.030264479904974724,,,0.30769230769230765,
2019-07-03,,,-0.5951368255656533,-0.6052601445137908,,,-0.20009772783383115,-0.12116278998715319,,,0.021978021978021976,
2019-07-04,,,-0.5714312110592608,-0.5813555434595912,,,-0.10630191791172282,-0.043369493378979745,,,0.027472527472527472,
2019-07-05,,,-0.3780558086578446,-0.3274549994573691,,,-0.20009772783383115,-0.147272760690339,,,0.06043956043956044,
2019-07-08,,,-0.41107388982369863,-0.4169275975083378,,,-0.20009772783383115,-0.09675502123381581,,,0.17032967032967034,
2019-07-09,,,-0.5504818825631803,-0.5345839201772455,,,-0.2938935377559395,-0.21797814414894942,,,0.18131868131868134,
2019-07-10,,,-0.5846845821518305,-0.6393203760642172,,,-0.10630191791172282,0.036406909075310516,,,0.2087912087912088,
2019-07-11,,,-0.2121212121212121,-0.37419122360013984,,,-0.037518323968843345,0.2145895678520909,,,0.13186813186813187,
2019-07-12,,,-0.13939393939393938,-0.29137706346353154,,,-0.037518323968843345,0.10310321276777912,,,0.14285714285714285,
2019-07-15,,,,,,,-0.050024431958457787,0.23583177909900183,,,0.0,
2019-07-16,,,,,,,-0.050024431958457787,0.07365385664428888,,,0.2447552447552448,
2019-07-17,,,,,,,-0.050024431958457787,0.11696967134318331,,,0.17482517482517487,
2019-07-18,,,,,,,-0.037518323968843345,0.24648909125897375,,,-0.22727272727272727,
2019-07-19,,,,,,,-0.037518323968843345,0.19425689110367667,,,0.013986013986013986,
2019-07-22,,,,,,,-0.10630191791172282,0.08233929237108448,,,0.02097902097902098,
2019-07-23,,,,,,,-0.025012215979228893,0.21189956888662193,,,0.027972027972027972,
2019-07-24,,,,,,,-0.025012215979228893,0.06739126367327589,,,0.034965034965034975,
2019-07-25,,,,,,,-0.012506107989614447,0.22834039276087792,,,0.0979020979020979,
2019-07-26,,,,,,,-0.012506107989614447,0.03560272566193454,,,0.2377622377622378,
2019-07-29,,,,,,,0.037518323968843345,0.13412350960617686,,,0.1958041958041958,
2019-07-30,,,,,,,0.037518323968843345,0.2548126526804366,,,0.18881118881118883,
2019-07-31,,,,,,,0.012506107989614447,0.18934146256530449,,,0.14685314685314685,
2019-08-01,,,,,,,0.042948018339789416,0.09527363118319525,,,0.16363636363636366,
2019-08-02,,,-0.07878787878787878,-0.07895313443790154,,,-0.06748974310538336,0.0019107103539515267,,,0.33516483516483514,
2019-08-05,,,0.13939393939393938,0.10641080161874103,,,0.0061354311913984876,-0.03755380759049012,,,0.37912087912087916,
2019-08-06,,,0.12727272727272726,0.13388047870366676,,,0.0061354311913984876,0.026395854022619538,,,0.26373626373626374,
2019-08-07,,,0.29696969696969694,0.28790590266898325,,,-0.09203146787097732,-0.026518241218289152,,,0.24725274725274726,
2019-08-08,,,0.24618298195866545,0.14119820726910787,,,0.0061354311913984876,-0.021174522496080567,,,0.3626373626373627,
2019-08-09,,,0.1702135522304181,-0.029551971275209657,,,-0.22701095408174404,-0.13714154332900177,,,0.37912087912087916,
2019-08-13,,,0.4878139466552834,0.5585148181935191,,,-0.19019836693335312,-0.09809942829017837,,,0.13736263736263735,
2019-08-14,,,0.2621999963272148,0.31902974559860914,,,-0.19019836693335312,-0.19877192772074614,,,0.2857142857142857,
2019-08-16,,,0.03647433262080388,0.031762798800538894,,,-0.06748974310538336,-0.049204088018194835,,,0.24725274725274726,
2019-08-19,,,0.06079055436800646,0.059794642333084715,,,-0.06748974310538336,-0.055707109350148,,,0.2692307692307692,
2019-08-20,,,0.15197638592001614,0.18386287130227205,,,0.042948018339789416,0.05657469815696945,,,0.19230769230769232,
2019-08-21,,,0.08510677611520905,0.10981873905779457,,,0.05521888072258639,0.09414930061072711,,,0.16483516483516483,
2019-08-22,,,0.12766016417281356,0.09812336978839198,,,0.10430233025377429,0.10610026459215187,,,0.2747252747252747,
2019-08-23,,,0.13414883533020291,0.04648860952653604,,,0.10430233025377429,0.10753754034700821,,,0.40659340659340654,
2019-08-26,,,0.12195348666382085,0.03410989022683795,,,0.19019836693335312,0.182990390295445,,,0.43956043956043955,
2019-08-27,,,0.10975813799743875,0.017638206827660097,,,0.10430233025377429,0.09057293297502543,,,0.4450549450549451,
2019-08-28,,,0.16363636363636364,0.05674008118770011,,,0.1533857797849622,0.14617564168491876,,,0.4010989010989011,
2019-08-29,,,0.03048837166595521,-0.06871834157757603,,,0.1533857797849622,0.15151086553272364,,,0.3736263736263736,
2019-08-30,,,0.018293022999573125,0.0041420720024157275,,,0.05521888072258639,0.05493611471175815,,,0.2912087912087912,
2019-09-03,,,0.10334394242561099,0.08506415619175489,,,0.05521888072258639,0.03767520987505063,,,0.33516483516483514,
2019-09-04,,,0.0,-0.016665048675284445,,,0.042948018339789416,0.05227503834048748,,,0.2802197802197803,
2019-09-05,,,0.054669845709384636,0.03989853885545323,,,0.12884405501936821,0.16075904880467184,,,0.25274725274725274,
2019-09-06,,,0.11550205329921229,0.0997536806918953,,,0.09203146787097732,0.06867601844658971,,,0.25874125874125875,
2019-09-09,,,0.22492505116162387,0.1945852379271606,,,-0.07976060548818034,-0.24540113271310476,,,0.4755244755244756,
2019-09-11,,,0.2606060606060606,0.2645837742285148,,,0.11657319263657127,-0.00867912612828447,,,0.4265734265734266,
2019-09-12,,,0.17575757575757575,0.20663253425636516,,,0.288365265995729,0.14952462784709727,,,0.6013986013986015,
2019-09-13,,,0.22424242424242422,0.21861497487518058,,,0.11657319263657127,-0.06535819377276889,,,0.5734265734265735,
2019-09-16,,,0.24848484848484845,0.24980034044018753,,,0.12884405501936821,5.010757779014417e-17,,,0.49650349650349657,
2019-09-17,,,0.17575757575757575,0.14209693913504695,,,0.17792750455055614,0.013391712746915247,,,0.5104895104895105,
2019-09-18,,,0.28484848484848485,0.281938723461824,,,0.11657319263657127,-0.049129284223536046,,,0.4685314685314686,
2019-09-19,,,0.16363636363636364,0.13922799388395504,,,0.14111491740216522,0.07348487894144785,,,0.3076923076923077,
2019-09-20,,,0.2121212121212121,0.18916846995102587,,,0.27609440361293197,0.17591013765021427,,,0.43356643356643365,
2019-09-23,,,0.12727272727272726,0.12404224675560747,,,0.3865321650581048,0.3683867444862956,,,0.32867132867132864,
2019-09-24,,,-0.12727272727272726,-0.12725101202242253,,,0.10430233025377429,-0.04404066837934838,,,0.3356643356643357,
2019-09-25,,,-0.06666666666666665,-0.058068923095682956,,,-0.11657319263657127,-0.26986123756127167,,,0.18881118881118883,
2019-09-26,,,-0.04242424242424241,0.017021359208636296,,,-0.030677155956992445,-0.09554754819575105,,,0.23076923076923078,
2019-09-27,,,-0.11515151515151514,-0.044715496411792656,,,0.0061354311913984876,-0.0007218954112609359,,,0.04895104895104895,
2019-09-30,,,0.15034207570080774,0.14800178560184213,,,-0.030677155956992445,-0.188124025038888,,,0.22527472527472525,
2019-10-01,,,0.20501192141019234,0.19489476827580626,,,0.38768934767804786,0.28934870324865847,,,0.21978021978021978,
2019-10-03,,,0.2687934080711411,0.28434439045095194,,,0.33766491571959006,0.1901560037362478,,,0.1758241758241758,
2019-10-04,,,-0.013698772949316694,-0.0015355704462017596,,,0.04377137796365056,-0.16552504139136992,,,0.17032967032967034,
2019-10-07,,,0.2069102204422663,0.27240621776537977,,,-0.2626282677819034,-0.46010413855984966,,,0.049450549450549455,
2019-10-09,,,0.08219263769590017,0.14872662631975275,,,-0.03126526997403612,-0.17886100559880333,,,0.13736263736263735,
2019-10-10,,,0.1913444599828462,0.20077256973709096,,,0.08128970193249391,-0.153703003276,,,0.12637362637362637,
2019-10-11,,,0.12785521419362247,0.1403979820016532,,,0.16257940386498781,0.009470621943165653,,,0.06043956043956044,
2019-10-14,,,0.21461410953929488,0.24709623941560202,,,0.04377137796365056,-0.020718316250860933,,,0.021978021978021976,
2019-10-15,,,0.3013730048849673,0.2898214053042001,,,0.07503664793768669,-0.08238329352917517,,,0.14285714285714285,
2019-10-16,,,0.2922404895854228,0.25712151465886746,,,0.07503664793768669,-0.04552376864756826,,,0.0934065934065934,
2019-10-17,,,0.2870166899742693,0.2614617570154318,,,-0.037518323968843345,-0.06968743931345814,,,-0.0934065934065934,
2019-10-18,,,0.04555820475782052,0.014878442187445225,,,-0.05627748595326502,-0.17323721592853908,,,0.08241758241758242,
2019-10-22,,,-0.009090909090909092,-0.12545442603556023,,,-0.10004886391691557,-0.2498175238540892,,,0.06043956043956044,
2019-10-23,,,-0.11845133237033335,-0.1339346844897441,,,-0.08754275592730112,-0.19119573655720357,,,0.0934065934065934,
2019-10-24,,,0.022831288248861156,0.020967354193067902,,,-0.037518323968843345,-0.08484072521011601,,,0.12087912087912088,
2019-10-25,,,-0.13242147184339473,-0.1535082399171062,,,-0.08128970193249391,-0.20457730173173114,,,0.12087912087912088,
2019-10-29,,,0.07272727272727274,0.17703237074224407,,,-0.16257940386498781,-0.13542209175727982,,,-0.06593406593406594,
2019-10-30,,,0.03644656380625642,0.08416031944088748,,,-0.025012215979228893,-0.0004196358411373901,,,-0.021978021978021976,
2019-10-31,,,-0.041002384282038465,-0.03511673251592592,,,0.07503664793768669,0.08790604961398979,,,0.12087912087912088,
2019-11-01,,,0.1542705578354944,0.1978262931766888,,,0.23136299780786726,0.23132366769526108,,,0.06785714285714285,
2019-11-04,,,0.03152369107522558,0.05726684210440823,,,0.3126526997403612,0.313223929839254,,,0.06373626373626373,
2019-11-05,,,0.07692307692307693,0.08679322449216838,,,0.2563752137870962,0.255191280019905,,,0.04615384615384615,
2019-11-06,,,0.3681318681318681,0.3284940316498092,,,0.2876404837611323,0.2871745635791637,,,0.06785714285714285,
2019-11-07,,,0.044138308914607086,0.0410896676777343,,,0.07503664793768669,0.07419680918046903,,,0.25357142857142856,
2019-11-08,,,0.21458067067348452,0.22636221121066594,,,0.16257940386498781,0.16887236897658883,,,0.2928571428571428,
2019-11-11,,,0.12396741254637945,0.10433517753248457,,,0.16257940386498781,0.19352456974757626,,,0.16428571428571426,
2019-11-13,,,0.20329670329670327,0.16074095755944492,,,0.2063507818286384,0.23252061288884493,,,0.05357142857142857,
2019-11-14,,,0.08241758241758242,0.06503857060780462,,,0.3126526997403612,0.3185252380671919,,,0.10714285714285714,
2019-11-15,,,0.0192838197294368,0.013351739357283699,,,0.2063507818286384,0.21309088287118694,,,0.10357142857142855,
2019-11-18,,,0.06602482174568754,0.04597096785656213,,,0.2063507818286384,0.2156971518070489,,,0.09285714285714285,
2019-11-19,,,0.005494505494505494,0.017716466781757832,,,0.25012215979228897,0.2684484931544101,,,0.2928571428571428,
2019-11-20,,,0.09890109890109891,0.1079469710617846,,,0.2063507818286384,0.21414633542393788,,,0.30357142857142855,
2019-11-21,,,0.14285714285714285,0.16664119775639322,,,0.2063507818286384,0.2365327755160786,,,0.2928571428571428,
2019-11-22,,,0.10989010989010989,0.11522611200816603,,,0.2376160518026745,0.26487731795786573,,,0.22142857142857136,
2019-11-25,,,-0.008253102718210942,0.015787961573575888,,,0.12506107989614448,0.13388584070961157,,,0.23928571428571427,
2019-11-26,,,-0.02751034239403647,-0.021919216104399675,,,0.12506107989614448,0.12162684782627883,,,0.23928571428571427,
2019-11-27,,,-0.2090786021946772,-0.20463738589165698,,,0.11255497190653004,0.1237368161335387,,,0.06428571428571428,
2019-11-28,,,-0.06327378750628389,-0.06617908878360848,,,0.037518323968843345,0.06327397173723656,,,0.2071428571428571,
2019-11-29,,,-0.06629935441317958,-0.0708683649320344,,,0.12506107989614448,0.16626941076208304,,,0.13928571428571426,
2019-12-02,,,-0.17127333223404725,-0.17255479408985366,,,0.20009772783383115,0.19834765275418353,,,0.049999999999999996,
2019-12-03,,,-0.05256003973062952,-0.05647689629816502,,,0.20009772783383115,0.19588398732475365,,,0.15714285714285714,
2019-12-04,,,-0.15934065934065936,-0.15871557901805755,,,0.13756718788575892,0.1410606842897269,,,0.05357142857142857,
2019-12-05,,,-0.23076923076923078,-0.21205767137596085,,,0.11880802590133725,0.10012647226617706,,,0.19999999999999998,
2019-12-06,,,-0.18131868131868134,-0.14474681656263783,,,0.1813385658494095,0.15459110373024024,,,0.2321428571428571,
2019-12-09,,,-0.21978021978021978,-0.1921702080156175,,,0.13756718788575892,0.07743592250116095,,,0.3571428571428571,
2019-12-10,,,-0.22833584187050274,-0.2228087582308667,,,0.07503664793768669,0.00789596357087094,,,0.3071428571428571,
2019-12-11,,,-0.2668503212221538,-0.23056749879476038,,,0.1563263498701806,0.12076822844393051,,,0.3321428571428571,
2019-12-12,,,-0.2558461842645392,-0.23509402491088782,,,0.12506107989614448,0.19679989703245754,,,0.10714285714285714,
2019-12-13,,,-0.33516483516483514,-0.3345891466372959,,,0.2563752137870962,0.3535253206998458,,,-0.007142857142857141,
2019-12-16,,,-0.26446381343227615,-0.2523873432264074,,,0.19384467383902393,0.26631579435404495,,,0.04642857142857142,
2019-12-17,,,-0.3053648005738049,-0.2936149223302855,,,0.19384467383902393,0.2555111408354492,,,0.11071428571428568,
2019-12-18,,,-0.36863858808008876,-0.35976096762337434,,,0.45021988762612014,0.5670547295525219,,,-0.014285714285714282,
2019-12-19,,,-0.39889996471352884,-0.4055157649029685,,,0.45021988762612014,0.5617640978300456,,,-0.10714285714285714,
2019-12-20,,,-0.26373626373626374,-0.2611923281120398,,,0.3501710237092045,0.42126694748866966,,,0.1714285714285714,
2019-12-23,,,-0.0979020979020979,-0.02648331205957612,,,0.3501710237092045,0.2542865482656106,,,0.4197802197802198,
2019-12-24,,,-0.11208423493413541,-0.07503850447418664,,,0.3126526997403612,0.33124255836159694,,,0.26593406593406593,
2019-12-26,,,-0.1258741258741259,-0.1363813175274715,,,,,,,0.08241758241758242,
2019-12-27,,,-0.1258741258741259,0.00966356008798519,,,,,,,0.3406593406593406,
2019-12-30,,,-0.0979020979020979,-0.1123522288713574,,,,,,,0.1164835164835165,
2019-12-31,,,-0.1958041958041958,-0.23718153184525848,,,,,,,-0.17032967032967034,
2020-01-01,,,-0.20665530815981217,-0.20891608750050455,,,,,,,0.04395604395604395,
2020-01-02,,,-0.20501192141019234,-0.22185853150499688,,,,,,,-0.1328671328671329,
2020-01-03,,,-0.13211879379767952,-0.15015969630617193,,,,,,,-0.06293706293706294,
2020-01-06,,,-0.12756297332189748,-0.1429288220578769,,,,,,,0.006993006993006993,
2020-01-07,,,-0.11908949961751886,-0.1865169516481008,,,,,,,-0.016483516483516484,
2020-01-08,,,-0.1614045023391759,-0.2873348624532166,,,,,,,-0.07142857142857142,
2020-01-09,,,-0.07289312761251283,-0.23211582856116436,,,,,,,-0.08391608391608392,
2020-01-10,,,-0.1298253605771632,-0.295484241640186,,,,,,,-0.21428571428571427,
2020-01-13,,,-0.175439676455626,-0.3038323173920925,,,,,,,-0.26373626373626374,
2020-01-14,,,-0.09876927247871256,-0.35412088698180655,,,,,,,-0.2692307692307692,
2020-01-15,,,-0.03852895575860905,-0.20868753784666894,,,,,,,-0.19230769230769232,
2020-01-16,,,-0.021052761174675114,-0.19284733579805885,,,,,,,-0.2087912087912088,
2020-01-17,,,0.005502068478807295,-0.041741443912799964,,,,,,,-0.032967032967032975,
2020-01-20,,,0.02754831389919543,0.0013383352952060122,,,,,,,0.002197802197802198,
2020-01-21,,,-0.041552681381317444,-0.045545960581637575,,,,,,,-0.1384615384615385,
2020-01-22,,,-0.11829447229435683,-0.13867951513505866,,,,,,,-0.16043956043956045,
2020-01-23,,,-0.13755171197018234,-0.13852912255753896,,,,,,,-0.178021978021978,
2020-01-24,,,-0.15702538922541395,-0.15159856162896787,,,,,,,-0.23956043956043957,
2020-01-27,,,-0.1873285345145289,-0.13451214713153528,,,,,,,-0.178021978021978,
2020-01-28,,,0.07427792446389848,0.11249352027174735,,,,,,,-0.015384615384615385,
2020-01-29,,,0.04395604395604395,0.04363873952071577,,,,,,,-0.015384615384615385,
2020-01-30,,,-0.1678130886036225,-0.08281072693186797,,,,,,,-0.14725274725274726,
2020-01-31,,,0.04401654783045836,0.07636242899152325,,,,,,,-0.1252747252747253,
2020-02-03,,,-0.02758644307162943,0.0024302934543960868,,,,,,,0.22637362637362637,
2020-02-04,,,-0.3767443111906114,-0.37368502541923343,,,,,,,0.221978021978022,
2020-02-05,,,-0.4182969925719289,-0.4174468729030209,,,,,,,0.15164835164835166,
2020-02-06,,,-0.30303145289114974,-0.24006435894088363,,,,,,,-0.02417582417582418,
2020-02-07,,,-0.537935639896774,-0.5324544913763587,,,,,,,0.06813186813186813,
2020-02-10,,,0.1126788504326398,0.09490204926879248,,,,,,,0.32967032967032966,
2020-02-11,,,0.038596728820237715,0.06311203483908573,,,,,,,0.14285714285714285,
2020-02-12,,,-0.09903723261853131,-0.061286229134700713,,,,,,,0.032967032967032975,
2020-02-13,,,-0.1493811655502102,-0.1563220772419933,,,,,,,0.16483516483516483,
2020-02-14,,,-0.2727283076020348,-0.2757728141290121,,,,,,,0.1824175824175824,
2020-02-17,,,-0.3186813186813187,-0.3605748373068124,,,,,,,0.3186813186813187,
2020-02-18,,,-0.2600338807725881,-0.3779552212055058,,,,,,,0.4901098901098901,
2020-02-19,,,-0.20385752285404618,-0.35866420263962406,,,,,,,0.49890109890109896,
2020-02-20,,,-0.34986358651978194,-0.6579180779986696,,,,,,,0.665934065934066,
2020-02-24,,,-0.3383772114466487,-0.5792137094521741,,,,,,,0.6395604395604396,
2020-02-25,,,-0.44903751655688556,-0.7441835641917407,,,,,,,0.5868131868131868,
2020-02-26,,,-0.25068965648267844,-0.5046963621679379,,,,,,,0.5604395604395604,
2020-02-27,,,-0.11294808698670128,-0.40792593803784327,,,,,,,0.5604395604395604,
2020-02-28,,,-0.10468359281694264,-0.6449437899943604,,,,,,,0.6,
2020-03-02,,,-0.12947707532621852,-0.47279272117206744,,,,,,,0.5824175824175825,
2020-03-03,,,-0.1349867381060576,-0.48746711089593,,,,,,,0.5604395604395604,
2020-03-04,,,-0.23967033092300027,-0.6221314187005494,,,,,,,0.5824175824175825,
2020-03-05,,,-0.3642737635359401,-0.752563321821439,,,,,,,0.5714285714285714,
2020-03-06,,,-0.3572684988525566,-0.7483738804344883,,,,,,,0.6208791208791209,
2020-03-09,,,-0.38879218992778225,-0.6742751700792476,,,,,,,0.521978021978022,
2020-03-11,,,-0.4895104895104896,-0.7536817573579977,,,,,,,0.521978021978022,
2020-03-12,,,-0.5044287844448535,-0.6283822883341397,,,,,,,0.47802197802197804,
2020-03-13,,,-0.44798920017130345,-0.5907492670204947,,,,,,,0.48901098901098894,
2020-03-16,,,-0.5954474980875943,-0.6765239970099287,,,,,,,0.5659340659340659,
2020-03-17,,,-0.4599814805968317,-0.5977115576162318,,,,,,,0.5989010989010989,
2020-03-18,,,-0.29595707666307774,-0.3336533642014202,,,,,,,0.4945054945054945,
2020-03-19,,,-0.07407695435903444,-0.0866036226976969,,,,,,,0.40659340659340654,
2020-03-20,,,-0.24603660590063087,-0.25646438673002736,,,,,,,0.32967032967032966,
2020-03-23,,,-0.09155156597651984,-0.11210937884624265,,,,,,,0.20329670329670327,
2020-03-24,,,0.15061319069274445,0.153523812140561,,,,,,,-0.005494505494505494,
2020-03-25,,,-0.049036852783684234,-0.04682843881080797,,,,,,,0.049450549450549455,
2020-03-26,,,-0.1996500434764287,-0.20311239093959055,,,,,,,0.22527472527472525,
2020-03-27,,,-0.350879352911252,-0.3483771461202809,,,,,,,0.24725274725274726,
2020-03-30,,,-0.19683929127648667,-0.24559093891682268,,,,,,,-0.0934065934065934,
2020-03-31,,,-0.1786342494262783,-0.2181829050099627,,,,,,,-0.021978021978021976,
2020-04-01,,,-0.26970269031026334,-0.305020422260002,,,,,,,-0.14835164835164835,
2020-04-03,,,-0.1398601398601399,-0.18699889835464242,,,,,,,-0.19230769230769232,
2020-04-07,,,-0.22377622377622378,-0.39450619224092864,,,,,,,-0.34615384615384615,
2020-04-08,,,-0.3916083916083916,-0.5857119187934847,,,,,,,-0.2692307692307692,
2020-04-09,,,-0.39860139860139865,-0.48503336129415914,,,,,,,-0.07692307692307691,
2020-04-13,,,0.049036852783684234,-0.11449565934772132,,,,,,,-0.23076923076923078,
2020-04-15,,,0.2561419276252139,0.0637491797375239,,,,,,,-0.21978021978021978,
2020-04-16,,,0.2000012311594136,0.06415655719933262,,,,,,,-0.22527472527472525,
2020-04-17,,,-0.04912310940757527,-0.05639662219669436,,,,,,,0.10989010989010989,
2020-04-20,,,0.12672224393629897,0.22503491731693034,,,,,,,0.27912087912087913,
2020-04-21,,,0.16804471478509211,0.1814786100396007,,,,,,,-0.02417582417582418,
2020-04-22,,,0.028070348232900156,-0.015904064563889875,,,,,,,-0.13186813186813187,
2020-04-23,,,0.08253102718210943,0.09995173061790433,,,,,,,0.06813186813186813,
2020-04-24,,,0.21978021978021978,0.20446191932225222,,,,,,,-0.14725274725274726,
2020-04-27,,,0.09078412990032037,0.0822794411274939,,,,,,,-0.1032967032967033,
2020-04-28,,,-0.06887078474798858,-0.06755088165041931,,,,,,,0.12967032967032965,
2020-04-29,,,-0.0772420406005624,-0.0585629052698065,,,,,,,0.21318681318681318,
2020-04-30,,,0.060522753266880246,0.07924144170001395,,,,,,,0.3758241758241759,
2020-05-04,,,0.06043956043956044,0.07238325301794828,,,,,,,0.24835164835164836,
2020-05-05,,,0.07692307692307691,0.08241794153480615,,,,,,,0.12967032967032965,
2020-05-06,,,-0.06877585598509117,-0.07333967466450961,,,,,,,0.17362637362637365,
2020-05-07,,,-0.011019325559678172,-0.004930393631372266,,,,,,,0.14725274725274726,
2020-05-08,,,-0.024793482509275887,0.009405409347860104,,,,,,,0.22637362637362637,
2020-05-11,,,0.08253102718210943,0.11433402986184295,,,,,,,0.14285714285714285,
2020-05-12,,,0.07162561613790812,0.09232201522987415,,,,,,,0.16043956043956045,
2020-05-13,,,0.03867462340768808,0.06760023234298176,,,,,,,0.4065934065934066,
2020-05-14,,,0.24059921231147877,0.25137861926491417,,,,,,,0.221978021978022,
2020-05-15,,,0.40990410167114344,0.4298712633600188,,,,,,,0.2043956043956044,
2020-05-18,,,0.4511696152621982,0.43284686113591697,,,,,,,-0.16043956043956045,
2020-05-19,,,0.5612109848383441,0.5568931047717748,,,,,,,-0.04615384615384615,
2020-05-20,,,0.5151534699149545,0.49799014485591603,,,,,,,-0.1384615384615385,
2020-05-21,,,0.4825174825174825,0.4649501318355705,,,,,,,-0.0934065934065934,
2020-05-22,,,0.5594405594405596,0.5389530395550849,,,,,,,-0.13186813186813187,
2020-05-26,,,0.46703296703296704,0.4481783273564541,,,,,,,-0.27472527472527475,
2020-05-27,,,0.46703296703296704,0.4703628283935456,,,,,,,-0.2,
2020-05-28,,,0.4835164835164835,0.4944937230283146,,,,,,,-0.3802197802197802,
2020-05-29,,,0.4287792714867144,0.42446559494788916,,,,,,,-0.45494505494505494,
2020-06-01,,,0.476585830456081,0.46551712207875695,,,,,,,-0.2923076923076923,
2020-06-02,,,0.5419537451625185,0.5391605046830343,,,,,,,-0.18681318681318684,
2020-06-03,,,0.48760515601575916,0.49436181807980606,,,,,,,-0.12967032967032965,
2020-06-04,,,0.3603854853618778,0.4246304818553478,,,,,,,-0.06373626373626373,
2020-06-05,,,0.3524237624060962,0.39659757163630527,,,,,,,-0.2071428571428571,
2020-06-08,,,0.4164434191942978,0.47535232846025727,,,,,,,-0.1764705882352941,
2020-06-09,,,0.45933887868212253,0.490567586293874,,,,,,,-0.09411764705882353,
2020-06-10,,,0.3753352705184658,0.40253644482722195,,,,,,,-0.02647058823529412,
2020-06-11,,,0.35567485158654616,0.3986691039690638,,,,,,,0.02941176470588235,
2020-06-12,,,0.5031352076619393,0.552340789962853,,,,,,,0.049999999999999996,
2020-06-15,,,0.3074174596627434,0.4013443484751953,,,,,,,-0.09117647058823529,
2020-06-16,,,0.358425241366327,0.44740034194547007,,,,,,,-0.09999999999999999,
2020-06-17,,,0.36347490090880313,0.49631353920112037,,,,,,,-0.09117647058823529,
2020-06-18,,,0.3693254313866313,0.45983476619156527,,,,,,,-0.08152734778121776,
2020-06-19,,,0.16319030689176733,0.15520722856548058,,,,,,,0.13519091847265222,
2020-06-22,,,0.18673275037287335,0.1837582728701793,,,,,,,0.16202270381836945,
2020-06-23,,,0.2615105723790722,0.26266271859661333,,,,,,,0.11248710010319916,
2020-06-24,,,0.2133660732125036,0.21343573465338975,,,,,,,0.08359133126934985,
2020-06-25,,,0.11656450492269095,0.11781989454537062,,,,,,,0.027863777089783277,
2020-06-26,,,0.2219497658130066,0.2408098426929943,,,,,,,0.017543859649122806,
2020-06-29,,,0.3016554828176774,0.3545272503876524,,,,,,,0.011351909184726523,
2020-06-30,,,0.13725490196078433,0.19806069229276313,,,,,,,-0.034055727554179564,
2020-07-01,,,0.12076596307706751,0.13208379725301736,,,,,,,0.07352941176470588,
2020-07-02,,,0.0810015606004721,0.12115822719366272,,,,,,,-0.03921568627450981,
2020-07-03,,,0.06784690285957506,0.08181044954227056,,,,,,,-0.04166666666666667,
2020-07-06,,,0.1309786962394204,0.1962227666155892,,,,,,,-0.28186274509803927,
2020-07-07,,,0.11184697656399943,0.17679281824538304,,,,,,,-0.3651960784313726,
2020-07-08,,,0.14723937463918857,0.2217884527533724,,,,,,,-0.20123839009287925,
2020-07-09,,,0.09325160393815277,0.1412569518971472,,,,,,,-0.2198142414860681,
2020-07-10,,,0.07975466126289381,0.13056923907047768,,,,,,,-0.15583075335397317,
2020-07-13,,,0.1508277414088387,0.1630691762025251,,,,,,,0.009287925696594427,
2020-07-14,,,0.18282222351032582,0.18826753020114537,,,,,,,0.01547987616099071,
2020-07-15,,,0.23175970021358147,0.2584413012282423,,,,,,,0.007223942208462332,
2020-07-16,,,0.15044313242775342,0.20050755001149725,,,,,,,-0.058823529411764705,
2020-07-17,,,0.09565859837710479,0.18357521745650252,,,,,,,-0.11029411764705883,
2020-07-20,,,0.003577823256175765,0.14122305000968652,,,,,,,-0.25,
2020-07-21,,,0.005361932435978083,0.08559286983703593,,,,,,,-0.21764705882352942,
2020-07-22,,,-0.13762293252343746,0.03812257548008117,,,,,,,-0.30882352941176466,
2020-07-23,,,-0.10545133790756898,-0.024483151356729096,,,,,,,-0.17941176470588235,
2020-07-24,,,-0.12567507241579295,-0.023801856596526484,,,,,,,-0.21764705882352942,
2020-07-27,,,-0.18230570282325484,-0.09204697661876651,,,,,,,-0.19411764705882353,
2020-07-28,,,0.02859697299188311,0.0870978582519569,,,,,,,-0.15588235294117647,
2020-07-29,,,-0.04285714285714285,0.034725019646771556,,,,,,,-0.21764705882352942,
2020-07-30,,,-0.10357142857142855,-0.03264299056585869,,,,,,,-0.19411764705882353,
2020-07-31,,,-0.14834679739539364,-0.12328439573830564,,,,,,,-0.13823529411764704,
2020-08-03,,,-0.27499999999999997,-0.2244406305120088,,,,,,,-0.29411764705882354,
2020-08-04,,,-0.2520108244909699,-0.18322149510844934,,,,,,,-0.29705882352941176,
2020-08-05,,,-0.14298486495941554,-0.10683263075132839,,,,,,,-0.21176470588235297,
2020-08-06,,,-0.15026857675938216,-0.09401868262129243,,,,,,,-0.3529411764705882,
2020-08-07,,,-0.1322610000874594,-0.05328903695638253,,,,,,,-0.3558823529411765,
2020-08-10,,,-0.2841824191068384,-0.13425654120157313,,,,,,,-0.45294117647058824,
2020-08-11,,,-0.2542533789608376,-0.18438070394136988,,,,,,,-0.24705882352941175,
2020-08-12,,,-0.2645220001749188,-0.12890327609768834,,,,,,,-0.3323529411764706,
2020-08-13,,,-0.12142857142857141,0.059935949112544205,,,,,,,-0.4058823529411764,
2020-08-14,,,-0.07857142857142857,0.06957132237554246,,,,,,,-0.38235294117647056,
2020-08-17,,,-0.035714285714285705,0.06552668927930481,,,,,,,-0.45294117647058824,
2020-08-18,,,-0.028571428571428564,0.007682903136606854,,,,,,,-0.28823529411764703,
2020-08-19,,,-0.12142857142857141,-0.055570113459255485,,,,,,,-0.4264705882352941,
2020-08-20,,,-0.0964285714285714,-0.05761521092219412,,,,,,,-0.4058823529411764,
2020-08-21,,,-0.024999999999999998,0.016749555910839063,,,,,,,-0.3235294117647059,
2020-08-24,,,0.11773365954105203,0.18479366872232592,,,,,,,-0.21813725490196081,
2020-08-25,,,0.05357142857142857,0.0936206465084137,,,,,,,-0.1323529411764706,
2020-08-26,,,0.08214285714285713,0.12751535527438246,,,,,,,-0.14411764705882352,
2020-08-27,0.22424242424242422,0.3243489842113617,0.021486201038944025,0.038547210715437624,,,,,,,-0.10882352941176471,
2020-08-28,0.17575757575757575,0.20515822831283942,-0.08757822978764203,-0.1320668039263716,,,,,,,0.0411764705882353,
2020-08-31,0.10303030303030303,0.1444737296734083,-0.08579091897564933,-0.11491426834613686,,,,,,,-0.044117647058823525,
2020-09-01,-0.07878787878787878,-0.1310623359166148,-0.16979452713930596,-0.2507799634574922,,,,,,,-0.0058823529411764705,
2020-09-02,-0.06666666666666665,-0.007681550050616486,-0.19141354420540344,-0.1785690292424688,,,,,,,-0.15588235294117647,
2020-09-03,-0.07878787878787878,0.03793748530486796,-0.1876676352592329,-0.1474408090834941,,,,,,,-0.22058823529411767,
2020-09-04,0.2606060606060606,0.3783734550247549,-0.049999999999999996,0.0014610751364343786,,,,,,,-0.19117647058823528,
2020-09-07,0.38181818181818183,0.44611154102912387,-0.05898125679575892,-0.0630421993089495,,,,,,,-0.09999999999999999,
2020-09-08,0.11515151515151514,0.26528596859620307,-0.1894549460712256,-0.16511254567193995,,,,,,,-0.21470588235294116,
2020-09-09,0.16363636363636364,0.3836180232833017,-0.3608363019580573,-0.2764760747891539,,,,,,,-0.4464285714285714,
2020-09-10,0.2727272727272727,0.4741532186028832,-0.3520354165444462,-0.2866729145825969,,,,,,,-0.47142857142857136,
2020-09-11,0.07878787878787878,0.3486379516126865,-0.40044028631930756,-0.27812153644582654,,,,,,,-0.5964285714285712,
2020-09-14,0.19999999999999998,0.49807968586617224,-0.38461538461538464,-0.2510158325982509,,,,,,,-0.7535714285714286,
2020-09-15,0.11515151515151514,0.20960244856420776,-0.367032967032967,-0.3349455651040896,,,,,,,-0.6785714285714285,
2020-09-16,0.2613993837824278,0.24714201545321926,-0.35824175824175825,-0.29012082299223796,,,,,,,-0.6285714285714286,
2020-09-17,0.13981827504641486,0.1021741862273734,-0.4065934065934066,-0.3384258990147311,,,,,,,-0.6642857142857141,
2020-09-18,0.2978737164032316,0.27229525192725806,-0.2967032967032967,-0.1826586314729965,,,,,,,-0.5642857142857142,
2020-09-21,,,-0.27533106437976274,-0.08082222014895249,,,,,,,-0.657142857142857,
2020-09-22,,,-0.40044028631930756,-0.22307511190336968,,,,,,,-0.7178571428571427,
2020-09-23,0.13939393939393938,0.14531393175878748,-0.3706369679217844,-0.2660237135625276,,,,,,,-0.6558823529411765,
2020-09-24,0.13939393939393938,0.14531393175878748,-0.3792492651546311,-0.2649313798454632,,,,,,,-0.6235294117647059,
2020-09-25,0.07878787878787878,0.03951678112572107,-0.45933887868212253,-0.39022672485865406,,,,,,,-0.6823529411764706,
2020-09-28,0.17575757575757575,0.1634564901317419,-0.4852300401294859,-0.37410771116315233,,,,,,,-0.6029411764705882,
2020-09-29,0.17575757575757575,0.1634564901317419,-0.5125480951538476,-0.42318782752338546,,,,,,,-0.6382352941176471,
2020-09-30,0.2727272727272727,0.243307059655456,-0.47185005436607136,-0.39784291930054877,,,,,,,-0.6147058823529412,
2020-10-01,0.32121212121212117,0.31492193346260317,-0.34167931016926417,-0.27692220622747826,,,,,,,-0.5171568627450981,
2020-10-05,0.0303030303030303,0.14929231093555984,-0.42678451583631366,-0.35852060127836405,,,,,,,-0.661764705882353,
2020-10-06,-0.12727272727272726,-0.08289802626676974,-0.5415748338888393,-0.5608164991352309,,,,,,,-0.5220588235294118,
2020-10-07,0.18787878787878787,0.2806585661782493,-0.44117647058823534,-0.43926061242937714,,,,,,,-0.40441176470588236,
2020-10-08,0.0303030303030303,0.1439849355007887,-0.5411764705882353,-0.5347672304257489,,,,,,,-0.4338235294117647,
2020-10-09,-0.2121212121212121,-0.09853874903923977,-0.6735294117647058,-0.683660184476442,,,,,,,-0.4803921568627451,
2020-10-12,-0.2121212121212121,-0.11599869311364781,-0.6411764705882352,-0.6567638351824927,,,,,,,-0.4534313725490197,
2020-10-13,-0.19999999999999998,-0.08044761958584955,-0.6441176470588235,-0.6500263783539219,,,,,,,-0.48774509803921573,
2020-10-14,-0.19999999999999998,-0.08044761958584955,-0.6382352941176471,-0.6437061759230494,,,,,,,-0.47794117647058826,
2020-10-15,-0.16363636363636364,-0.03629668267165499,-0.6342900907774178,-0.6632441857743373,,,,,,,-0.4558823529411765,
2020-10-16,-0.06666666666666665,0.07486054485401285,-0.5752237416355278,-0.6092007274033927,,,,,,,-0.5049019607843138,
2020-10-19,-0.12727272727272726,-0.15944679496082834,-0.5621782243085235,-0.6129531134279629,,,,,,,-0.4436274509803922,
2020-10-20,-0.11550205329921229,-0.1300024372143998,-0.6023570597380562,-0.6305331970394885,,,,,,,-0.37009803921568635,
2020-10-21,0.04255338805760452,0.07111540481848265,-0.5655381685560235,-0.5913401384451084,,,,,,,-0.3921568627450981,
2020-10-22,-0.0303030303030303,-0.012626906806902633,-0.5500515995872033,-0.5461451298684566,,,,,,,-0.28771929824561404,
2020-10-23,-0.06666666666666665,-0.03944381977812814,-0.543859649122807,-0.5361571097102729,,,,,,,-0.1842105263157895,
2020-10-26,0.01818181818181818,0.039739897942104065,-0.6364194942372952,-0.6401644950616091,,,,,,,-0.038183694530443756,
2020-10-27,-0.0303030303030303,-0.007426921782550176,-0.567749953433271,-0.5823188074894092,,,,,,,0.07739938080495357,
2020-10-28,-0.17575757575757575,-0.10501459961147504,-0.42230258596254583,-0.42254359332706404,,,,,,,-0.19824561403508772,
2020-10-29,-0.17575757575757575,-0.11536977587386223,-0.3973023432232825,-0.400898236702302,,,,,,,-0.2714138286893705,
2020-10-30,0.01818181818181818,0.059972643720530724,-0.46871200926808365,-0.48427945306007003,,,,,,,-0.1929824561403509,
2020-11-02,0.22424242424242422,0.36838394477668374,-0.412270248989728,-0.4445729671784114,,,,,,,-0.16615067079463364,
2020-11-03,0.28484848484848485,0.3690370439618825,-0.20723486421214427,-0.21507802757900066,,,,,,,-0.04850361197110423,
2020-11-04,0.10942299786241164,0.18282017919902516,-0.3474530140059973,-0.34842791035200077,,,,,,,-0.009287925696594427,
2020-11-05,,,-0.44086304688058214,-0.4465608752260486,,,,,,,0.002450980392156863,
2020-11-06,,,-0.26523467861108196,-0.2709941505420976,,,,,,,-0.04656862745098039,
2020-11-09,0.09090909090909088,0.20752329903957353,-0.4282561865805768,-0.43192300471200645,,,,,,,0.06617647058823531,
2020-11-10,0.18787878787878787,0.20627398386099946,-0.352798224033741,-0.3546380892108091,,,,,,,0.1455108359133127,
2020-11-11,0.17575757575757575,0.1777881351158378,-0.28237281414721155,-0.2619035362188819,,,,,,,0.17027863777089783,
2020-11-12,-0.10303030303030303,-0.10880995271573086,-0.40196870821962827,-0.4261249366470741,,,,,,,0.16821465428276572,
2020-11-13,0.19999999999999998,0.23415250465403423,-0.3530159335416769,-0.3584969140480178,,,,,,,0.07533539731682146,
2020-11-14,,,-0.42625554187863474,-0.45127269788629926,,,,,,,0.11764705882352941,
2020-11-17,,,-0.4893158604577496,-0.5115739262062898,,,,,,,0.08088235294117649,
2020-11-18,,,-0.3105605038446273,-0.34411102963704693,,,,,,,0.1754385964912281,
2020-11-19,,,-0.2659088047270095,-0.29254375378114533,,,,,,,0.11578947368421051,
2020-11-20,,,-0.25451542885615974,-0.2725536359450793,,,,,,,0.037593984962406006,
2020-11-23,,,-0.11266163411057245,-0.13324560295414517,,,,,,,0.1105263157894737,
2020-11-24,,,-0.11271999289931428,-0.12621927554176438,,,,,,,0.19649122807017544,
2020-11-25,,,-0.05687706063726867,-0.04051058196034805,,,,,,,0.2,
2020-11-26,,,0.006214437518044034,0.01599202615802223,,,,,,,0.22982456140350876,
2020-11-27,0.09090909090909088,0.050781857932978285,0.01762911858122245,-0.007223445463224589,,,,,,,0.1819548872180451,
2020-12-01,0.13939393939393938,0.10249024900028122,0.047598620169300616,0.03213404298386254,,,,,,,0.21654135338345865,
2020-12-02,-0.05454545454545456,-0.06268114571358793,-0.1905693576171374,-0.18586123906001056,,,,,,,0.30321852060982496,
2020-12-03,0.06666666666666665,0.07858876697388165,-0.11699713068055466,-0.12567906587777947,,,,,,,0.2648221343873518,
2020-12-04,0.3181818181818182,0.26537337217218815,-0.0656483899929779,-0.05636841806431248,,,,,,,0.3073122529644269,
2020-12-07,0.13939393939393938,0.0479893800607777,-0.021449473958101685,-0.00512774151063476,,,,,,,0.42094861660079047,
2020-12-08,-0.18181818181818185,-0.22542703807831366,-0.08353275653038157,-0.0818180230683301,,,,,,,0.3046398046398046,
2020-12-09,-0.16083916083916086,-0.16330584071802684,-0.1086287884274407,-0.10016820334110932,,,,,,,0.3344280240831965,
2020-12-10,0.2797202797202798,0.2112944071285299,-0.21319995855425883,-0.2228869952310719,,,,,,,0.2846195949644226,
2020-12-11,0.34965034965034975,0.30137097297265697,-0.16600473319586237,-0.11427185620849861,,,,,,,0.23915461624026696,
2020-12-14,0.2867132867132868,0.23871373181677533,-0.10204709450140313,-0.04899979508417625,,,,,,,0.30788177339901474,
2020-12-15,0.2867132867132868,0.23871373181677533,-0.06167939218830575,0.01304973085032148,,,,,,,0.30246305418719205,
2020-12-16,0.34965034965034975,0.3036229002247594,-0.0323763041471685,0.05232998298604217,,,,,,,0.28275862068965507,
2020-12-17,0.18131868131868134,0.15698391757569258,-0.09505898583109741,-0.05888184179733178,,,,,,,0.18555008210180626,
2020-12-18,0.21978021978021978,0.19401353910641922,-0.015399429654186078,0.0467439467140681,,,,,,,0.2492307692307692,
2020-12-21,0.20329670329670327,0.18108214987394558,0.00038513418390551417,0.046229048960361736,,,,,,,0.3217094017094017,
2020-12-22,0.02097902097902098,0.011671345467996414,-0.02428180716558,0.06142516032570645,,,,,,,0.4328449328449328,
2020-12-23,0.034965034965034975,0.04992445817911029,0.07156317346362523,0.22807126323000335,,,,,,,0.37973137973137966,
2020-12-24,0.034965034965034975,0.014720879444738431,0.11452131297767332,0.28811975643022136,,,,,,,0.4132457580733443,
2020-12-28,0.055944055944055944,0.03839481426030218,0.08677058334849848,0.2861623714935495,,,,,,,0.42036124794745483,
2020-12-29,0.10489510489510491,0.09342274877449915,0.1347469299047679,0.3142761276245222,,,,,,,0.3968253968253968,
2020-12-30,0.3186813186813187,0.22067443477291523,0.07148314288693168,0.23948528002965358,,,,,,,0.4772851669403394,
2020-12-31,0.27785445817976834,0.1979688656594384,0.11597676337824833,0.20925103067998102,,,,,,,0.43711843711843706,
2021-01-01,0.20979020979020982,0.1915960075271258,0.23259794407616022,0.39852887516134444,,,,,,,0.40448823207443896,
2021-01-04,0.21678321678321683,0.20906742705466458,0.20006112468297516,0.29816846583719503,,,,,,,0.28275862068965507,
2021-01-05,0.31468531468531474,0.3081495808432207,0.19175573412998023,0.27743682164894956,,,,,,,0.21379310344827585,
2021-01-06,0.31468531468531474,0.28353040599870694,0.21697478923688365,0.31607657640956,,,,,,,0.26655719759168034,
2021-01-07,0.3131868131868132,0.34242091187811163,0.10157427276816199,0.13755915909207608,,,,,,,0.06562847608453837,
2021-01-08,0.30769230769230765,0.32684525278113885,0.21248664573620493,0.25507959661945345,,,,,,,0.07586206896551723,
2021-01-11,0.4021978021978022,0.4191643350507446,0.20912837978347756,0.2263225222007224,,,,,,,-0.01477832512315271,
2021-01-12,0.45494505494505494,0.4878533885549008,0.2589313097806103,0.2654104689964563,,,,,,,-0.07339901477832511,
2021-01-13,0.4197802197802198,0.4455766928446655,0.20454892621157658,0.22219859197727435,,,,,,,-0.058128078817733984,
2021-01-14,0.45494505494505494,0.4755292476209984,0.11854894907982245,0.13982366334573776,,,,,,,-0.018020022246941044,
2021-01-15,0.4813186813186813,0.46857312237608595,0.09197919862839937,0.12397190741371872,,,,,,,0.07942157953281423,
2021-01-18,0.5384615384615385,0.5165170043119756,0.1111111111111111,0.16598769977716632,,,,,,,0.14705228031145717,
2021-01-19,0.3538461538461538,0.37741400144826426,0.20208108178223652,0.23368136282899807,,,,,,,0.054505005561735265,
2021-01-20,0.38461538461538464,0.4467490468011117,0.15908397688171927,0.15752855240255037,,,,,,,-0.11231527093596057,
2021-01-21,0.43736263736263736,0.49245328006910943,0.14776810564838416,0.1627693119451824,,,,,,,0.034482758620689655,
2021-01-22,0.3802197802197802,0.44871699001652643,0.23773803094130086,0.23358499081467288,,,,,,,-0.10683760683760683,
2021-01-25,0.4065934065934066,0.4644519930364257,0.20697917948035469,0.20523503480492342,,,,,,,-0.05199781061850027,
2021-01-27,0.27912087912087913,0.3051009979969434,0.3020974141969191,0.30128429869061085,,,,,,,-0.008547008547008546,
2021-01-28,0.23956043956043957,0.3497607459180312,0.26438334210609354,0.26458359270201154,,,,,,,0.025641025641025637,
2021-01-29,0.26153846153846155,0.3810592178852239,0.21439575251993576,0.21154013527740065,,,,,,,0.006495726495726496,
2021-02-01,-0.035203541654444614,0.16488964416222543,0.19364782790138993,0.19483845234975924,,,,,,,-0.04456654456654456,
2021-02-02,-0.45454545454545453,-0.2677450717345476,0.23517786561264822,0.2558441988923146,,,,,,,-0.3511111111111111,
2021-02-03,-0.41818181818181827,-0.21063241572508157,0.2556875632570047,0.26885116701206213,,,,,,,-0.2300854700854701,
2021-02-04,-0.6636363636363638,-0.6046585759364385,0.2735972420633037,0.3159363782524572,,,,,,,-0.21916971916971917,
2021-02-05,-0.7454545454545456,-0.5636775747272985,0.13752174751048424,0.16252003550065644,,,,,,,-0.20820512820512818,
2021-02-08,-0.7972027972027973,-0.6311359039239556,0.06863333682064708,0.09726324493956343,,,,,,,-0.32905982905982906,
2021-02-09,-0.7972027972027973,-0.7009864864261983,0.17428240585917126,0.17090990914936538,,,,,,,-0.3064713064713065,
2021-02-10,-0.6503496503496504,-0.5845879699248246,0.04041571636372218,0.03937670428988923,,,,,,,-0.3247863247863248,
2021-02-11,-0.5534159099872936,-0.4688738461193711,0.13541065840022315,0.12788666083919115,,,,,,,-0.3064713064713065,
2021-02-12,-0.7062937062937064,-0.5210388582412475,0.23321123321123322,0.2336012624627228,,,,,,,-0.28768472906403936,
2021-02-15,-0.43356643356643365,-0.20363477644821876,0.36255351908197175,0.34741932991412305,,,,,,,-0.3064039408866994,
2021-02-16,-0.5089413342896748,-0.2271323182150174,0.32215683892765823,0.29800393488355653,,,,,,,-0.22091212458286985,
2021-02-17,-0.39560439560439564,-0.3645768694763215,0.29103356321443713,0.24157587900309135,,,,,,,-0.33748609566184645,
2021-02-18,-0.39560439560439564,-0.36436648135717215,0.3794661510961523,0.34071978691102833,,,,,,,-0.3067853170189099,
2021-02-19,-0.45604395604395603,-0.4555480725054047,0.3969883976114147,0.3426055121628892,,,,,,,-0.2800889877641824,
2021-02-22,-0.5824175824175823,-0.6499155236289327,0.3379433901728802,0.29370788626906047,,,,,,,-0.27430478309232476,
2021-02-23,-0.5824175824175823,-0.5416199683891173,0.36328788938292267,0.30459100709798487,,,,,,,-0.33926585094549494,
2021-02-24,-0.510989010989011,-0.5035580996575102,0.3859217955803221,0.3286873338974078,,,,,,,-0.33392658509454953,
2021-02-25,-0.5659340659340659,-0.5900856974807702,0.3425333092209936,0.3097784906227541,,,,,,,-0.30362903225806454,
2021-02-26,-0.5549450549450549,-0.5299780077235952,0.35929033442029407,0.324150053684904,,,,,,,-0.35403225806451616,
2021-03-01,-0.3494505494505495,-0.31080370545635205,0.33986451306381454,0.29879449039879263,,,-0.41818181818181815,-0.4166305453899285,,,-0.4088709677419355,
2021-03-02,0.07252747252747253,0.16941640886095144,0.3606558719493312,0.3385834528692624,,,-0.41818181818181815,-0.38638903635795346,,,-0.3463709677419355,
2021-03-03,0.14285714285714285,0.21411220087691768,0.3306233162668611,0.3096950781179839,,,-0.41818181818181815,-0.39292506076517536,,,-0.31088709677419357,
2021-03-04,0.11208791208791209,0.24273182283492237,0.28261674962184,0.2552228003836889,,,-0.309090909090909,-0.28925333580458273,,,-0.32459677419354843,
2021-03-05,0.12087912087912088,0.22182050402346484,0.36466677370559997,0.33389975795835974,,,-0.33333333333333326,-0.3251351142210068,,,-0.2862903225806452,
2021-03-08,0.15192141901937903,0.288792730647045,0.34154760185632893,0.3140970495244459,,,-0.33333333333333326,-0.32775369820893496,,,-0.32258064516129037,
2021-03-09,0.12689906765148132,0.29661118747754234,0.33821899505220565,0.2956438682417281,,,-0.32121212121212117,-0.26483697257897737,,,-0.3641129032258065,
2021-03-10,0.3321428571428571,0.410289483801532,0.3594798386646811,0.330605915404415,,,-0.3939393939393939,-0.3874368874368875,,,-0.2565072302558398,
2021-03-12,0.15013410820738635,0.3295544640700083,0.3379164267022511,0.29181403482422213,,,-0.41818181818181815,-0.38078981606257956,,,-0.28275862068965507,
2021-03-15,0.15714285714285714,0.34629301455737715,0.2851469123413739,0.25004609503542635,,,-0.41818181818181815,-0.39834475149361936,,,-0.23152709359605908,
2021-03-16,0.15,0.3405598908144265,0.34328787737315397,0.3324143869991157,,,-0.29696969696969694,-0.2745603395997574,,,-0.17018909899888765,
2021-03-17,0.29705882352941176,0.3983118720738407,0.3675706527102855,0.3635686638638153,,,-0.33333333333333326,-0.30504826558572906,,,-0.08520578420467186,
2021-03-18,0.36764705882352944,0.43877242879027084,0.4090413415148594,0.40827427778264475,,,-0.33333333333333326,-0.30423035000124615,,,-0.0028921023359288096,
2021-03-19,0.3382352941176471,0.37692554725758776,0.3640843279040809,0.3626265957557361,,,-0.2727272727272727,-0.2643930290970726,,,-0.021579532814238044,
2021-03-22,0.2928571428571428,0.40449371839709053,0.36674895974595545,0.3672863646458498,,,-0.2727272727272727,-0.2650457202352867,,,-0.0914349276974416,
2021-03-23,0.3029411764705882,0.3773955169649468,0.3917273407097082,0.38364417583929894,,,-0.23636363636363633,-0.22783558086710676,,,-0.09098998887652948,
2021-03-24,0.34705882352941175,0.39508564432988247,0.3805612915033562,0.37558910873070156,,,-0.13939393939393938,-0.13227667903174853,,,-0.02513904338153504,
2021-03-25,0.36470588235294116,0.40702891269626185,0.3757875823535854,0.3737150457497433,,,-0.2606060606060606,-0.25617376914899,,,0.0064516129032258064,
2021-03-26,0.36176470588235293,0.401827899489674,0.37338269564298693,0.3589781931766894,,,-0.19999999999999998,-0.1974484845455499,,,-0.07540322580645163,
2021-03-30,0.24705882352941175,0.2813502843233542,0.3568260660086322,0.3445909728094711,,,-0.19999999999999998,-0.1963728616201624,,,-0.058467741935483875,
2021-03-31,0.2088235294117647,0.2384757679086373,0.30659278770948895,0.29554800886983074,,,-0.12727272727272726,-0.13179337119001133,,,-0.12983870967741937,
2021-04-01,-0.10294117647058824,-0.06512489988522804,0.2875464578039678,0.27484185026066066,,,-0.5909090909090909,-0.6132268366076575,,,-0.15645161290322582,
2021-04-05,-0.03186274509803922,0.005458107125065394,0.22559892388400393,0.21975780383951146,,,-0.5727272727272729,-0.5791857425645439,,,0.09454949944382647,
2021-04-06,0.0411764705882353,0.12210820804640829,0.30670545067726246,0.30064091914791047,,,-0.6090909090909091,-0.5950606366453269,,,0.1906403940886699,
2021-04-07,0.07352941176470588,0.13581769018427942,0.291894895907675,0.2743753595298508,,,-0.39090909090909093,-0.3823257458767458,,,0.18086763070077863,
2021-04-08,0.09117647058823529,0.16135609051609107,0.27018889597092316,0.25500393934658616,,,-0.36363636363636365,-0.3453527599959843,,,0.18531701890989988,
2021-04-09,0.09117647058823529,0.1484431905306051,0.23725056152383545,0.1777287735344748,,,-0.29090909090909095,-0.28280013871775483,,,0.2693548387096774,
2021-04-12,0.09117647058823529,0.08705604618073555,0.17380594113769154,0.1266150861273349,,,-0.11818181818181818,-0.10153533863749419,,,0.2836484983314794,
2021-04-13,0.05294117647058824,0.03833188236062089,0.12416851818069895,0.10224550707538474,,,-0.16363636363636366,-0.17359126870735334,,,0.24193548387096775,
2021-04-15,-0.014705882352941175,-0.0028805553401859488,0.12909584033072666,0.10811435971047341,,,-0.17272727272727276,-0.1825307696205595,,,0.23790322580645165,
2021-04-16,-0.06470588235294117,-0.07112224514411201,0.08682555656420304,0.07623498215835592,,,-0.28181818181818186,-0.2716047271012153,,,0.2453837597330367,
2021-04-19,0.02058823529411765,0.012910090657948233,0.02470234921208872,-0.015875005076996258,,,-0.09090909090909091,-0.07865998194854133,,,0.27675953079178883,
2021-04-20,-0.0029411764705882353,-0.031421394890613595,0.02850145864413527,0.01598711923589696,,,-0.21818181818181823,-0.18076899132195648,,,0.16055718475073313,
2021-04-22,0.15294117647058825,0.11161735969608658,0.0057502746848603885,-0.018309204435956645,,,-0.21818181818181823,-0.18325526882567733,,,0.23692992213570632,
2021-04-23,0.049999999999999996,0.020253972762464965,-0.001918072426746498,-0.0011637295206031997,,,-0.23636363636363636,-0.20605835380430942,,,0.2992213570634038,
2021-04-26,0.10588235294117648,0.0041785463758930354,0.011775985232928565,-0.007521618668355715,,,-0.21818181818181823,-0.1533071383904585,,,0.3828698553948832,
2021-04-27,0.19999999999999998,0.14774391004107132,0.028207592534689352,0.029001733534201223,,,-0.10909090909090911,-0.08838959807587751,,,0.34638487208008895,
2021-04-28,0.07352941176470588,0.022393984489839702,0.06531921923877125,0.03875172401018087,,,-0.3090909090909091,-0.27795467246865047,,,0.3637096774193549,
2021-04-29,0.13235294117647062,0.05118946984959591,-0.0063518597901308085,-0.04841674243621933,,,-0.22727272727272727,-0.19418390934515437,,,0.35714285714285715,
2021-04-30,0.14215686274509806,0.058681047024327575,-0.028251422508438234,-0.08814443162966239,,,-0.17272727272727276,-0.12627199464355632,,,0.3711484593837535,
2021-05-03,0.18059855521155832,0.17212779205010603,-0.1161724365500962,-0.1493943138617702,0.6484848484848483,0.6848899086996808,-0.03636363636363637,0.05737889983702442,,,0.20437580437580435,
2021-05-04,0.12009803921568628,0.07320834135182258,-0.09430651226237627,-0.17184761380130684,,,-0.045454545454545456,0.0897956602703638,,,0.3705882352941177,
2021-05-05,0.08823529411764706,0.05637464341136296,-0.07019889785501088,-0.14567918357667792,,,-0.045454545454545456,0.040996003084539365,,,0.3210084033613445,
2021-05-06,0.05392156862745098,0.028051582498290338,-0.024453615692303424,-0.0640086401168533,,,-0.06363636363636364,0.048514422081785004,,,0.29343629343629346,
2021-05-07,-0.022058823529411766,-0.057797311846085726,0.0008359807104125287,-0.05152671198777093,,,-0.1272727272727273,-0.05894738117801845,,,0.3053221288515406,
2021-05-10,0.12058823529411765,0.09263311424741942,0.044455586350582776,0.012029753080227489,,,-0.03636363636363637,-0.010001471785318204,,,0.23893557422969186,
2021-05-11,0.19411764705882353,0.19782555808881458,0.07839242145318477,0.07550575213360779,,,-0.009090909090909092,0.036210341218895,,,0.22316602316602321,
2021-05-12,0.18928571428571428,0.20207325510158541,0.050434297300534156,0.0482502214094039,,,0.045454545454545456,0.12772704238015933,,,0.139402560455192,
2021-05-14,0.23928571428571427,0.22386493399507007,0.12482207806514103,0.11691842675970576,,,-0.02727272727272728,0.12650015740702264,,,0.19190283400809716,
2021-05-17,0.3071428571428571,0.3080746185503424,0.08897887922475729,0.08422189872375456,,,-0.02727272727272728,0.0659902648568384,,,0.13583489681050656,
2021-05-18,0.18928571428571428,0.20032911675044493,0.0073336256142981756,0.0024338031417725295,,,-0.17272727272727276,-0.03816615545622882,,,0.14446529080675424,
2021-05-19,0.15,0.18671156252232182,-0.04225044010625516,-0.05386926214662897,,,-0.19090909090909092,-0.046797069771542944,,,0.18414634146341466,
2021-05-20,-0.035714285714285705,-0.033221688239435165,-0.03152019337851181,-0.035527226526640907,,,-0.2545454545454546,-0.04474499674474744,,,0.15714285714285717,
2021-05-21,0.06764705882352941,0.07330409808520856,-0.026627519705538408,-0.04500881540756792,,,-0.17272727272727276,0.12207215729516072,,,0.288712422007941,
2021-05-24,-0.14215686274509806,-0.1772069157445278,-0.08807451081519116,-0.11926902850500432,,,-0.13636363636363638,0.12083495530801847,,,0.29146746616967834,
2021-05-25,-0.28998968008255926,-0.32257731541379764,-0.1923347582024534,-0.2188647385292238,-0.3963488316574177,-0.46700292272836974,-0.17272727272727276,0.23993435631882934,,,0.2431289640591966,
2021-05-26,-0.28586171310629516,-0.29992302482998123,-0.1981610093061928,-0.22287550304921214,-0.309090909090909,-0.33260905849144423,-0.17272727272727276,0.25225385549598184,,,0.2482633645424343,
2021-05-27,-0.2260061919504644,-0.2532497449327514,-0.15645962251198167,-0.17644907793604034,-0.21884599572482327,-0.33648304739383894,-0.13636363636363638,0.35791455019925145,,,0.25130373502466524,
2021-05-28,-0.24045407636738902,-0.265752262976938,-0.19522606572903725,-0.23902929464261252,-0.2978737164032316,-0.3240619572659514,-0.13636363636363638,0.38277519270159666,,,0.29105003523608175,
2021-05-31,-0.23839009287925697,-0.2603089104331281,-0.17827735765664648,-0.21137976869518105,-0.30523997187739754,-0.2746027484090948,-0.19090909090909092,0.2256386145194606,,,0.2917547568710359,
2021-06-01,-0.2115583075335397,-0.24027132483669472,-0.10555451490031575,-0.1476778549124989,-0.3143516128289616,-0.2438568584080521,-0.17272727272727276,0.020955227968400325,,,0.32452431289640593,
2021-06-02,-0.23013415892672856,-0.2288957852539047,-0.10920349048903234,-0.15339505914020016,-0.4692495090055514,-0.3234981697566546,-0.17272727272727276,-0.04707101819892678,,,0.26396858954998487,
2021-06-03,-0.28586171310629516,-0.26758443383444813,-0.08342718305490077,-0.11025647867266469,-0.4373587656750771,-0.24056556480774813,-0.2545454545454546,-0.11212966338561549,,,0.22757475083056478,
2021-06-04,-0.29205366357069146,-0.25115741447929607,-0.06041842600939589,-0.0700730902853641,-0.4464704066266411,-0.19725549851962434,-0.2545454545454546,-0.17324436964947812,,,0.17109634551495015,
2021-06-07,-0.23426212590299278,-0.17480606340846763,-0.013791809490614952,-0.026527837839831682,-0.4054680223446026,-0.1560342176822013,-0.2545454545454546,-0.1992997903462042,,,0.19465418302627607,
2021-06-08,-0.040247678018575844,-0.01954482141258564,0.03217310287558184,0.022706723388256106,-0.17272727272727276,-0.007797731296283953,-0.30000000000000004,-0.16439330225699794,,,0.19492600422832979,
2021-06-09,-0.08978328173374613,-0.06924645467979507,0.019045303759381578,0.0012570451004406983,-0.20909090909090913,0.029105644713987515,-0.30000000000000004,-0.18410076830968128,,,0.23847780126849893,
2021-06-10,-0.10835913312693499,-0.08677945492568538,0.03371814499503388,0.021148708882759784,-0.29090909090909095,-0.10637101873604243,-0.2545454545454546,-0.1343869618718864,,,0.2209302325581395,
2021-06-11,-0.13519091847265222,-0.13893865027751068,-0.0072305950270013805,-0.014226322345507166,-0.3181818181818182,-0.21153710852601418,-0.23636363636363636,-0.07039472730386033,,,0.2298399275143461,
2021-06-14,-0.12074303405572755,-0.11281449481616515,-0.05497713046993897,-0.05695139594120119,-0.3272727272727273,-0.23485967953711212,-0.19090909090909092,-0.11569589437185639,,,0.13017215342796737,
2021-06-15,0.0629514963880289,0.06093078372125438,-0.0024392368765787788,-0.004496543576507643,0.04555820475782052,0.06432459792347747,-0.24545454545454545,-0.08615174166046767,,,0.14889761401389306,
2021-06-16,0.03611971104231166,0.0352600320779932,0.014506260490501636,0.014482345623511684,0.16363636363636366,0.18602458548909245,-0.29090909090909095,-0.12606858420692799,,,0.08738548273431994,
2021-06-17,0.054695562435500514,0.05705222747115915,-0.017585801823680754,-0.018298457967767228,0.045454545454545456,0.041759569048816295,-0.26363636363636367,-0.12854540153029403,,,0.12403100775193798,
2021-06-18,0.06914344685242517,0.06686655299779462,-0.010889450341869547,-0.013149212370871749,0.10000000000000002,0.15094648952392126,-0.2545454545454546,-0.07605673682092272,,,0.21896707943219568,
2021-06-21,0.17647058823529413,0.17557274737654402,0.013589442061760106,0.01046195247726487,0.14545454545454548,0.22442737606386948,-0.16363636363636366,0.04755344248211473,,,0.19193597100573842,
2021-06-22,0.13106295149638802,0.1378648551285783,-0.053484320557491305,-0.06134612762410043,0.13636363636363638,0.30830400384952356,-0.16363636363636366,0.04755344248211473,,,0.1849894291754757,
2021-06-23,0.23529411764705882,0.23657576974343353,-0.06455547913947975,-0.07894768676668576,0.31963803548405617,0.42188509975846333,0.009090909090909092,0.21958612276538367,,,0.21546065958998464,
2021-06-24,0.2720588235294118,0.2612926987466255,-0.015198423934040582,-0.024796949817287577,0.3333368084333729,0.3998161820327057,-0.018181818181818184,0.3572172541558802,,,0.2449558382627016,
2021-06-25,0.286764705882353,0.24557365416023072,-0.0027004660507343797,-0.013601383144041737,0.27397545898633385,0.3031950383307207,-0.1272727272727273,0.08222349926586232,,,0.2588341890667472,
2021-06-28,0.32598039215686275,0.32642991052909043,0.0020909566443928942,-0.0011154160484622582,0.27272727272727276,0.2829035578766158,-0.13636363636363638,0.15143277165710234,,,0.25188764723648444,
2021-06-29,0.22647058823529412,0.20531939736914048,0.04635016032067198,0.055405736449690296,0.01823716631040194,0.034418138581738034,-0.15454545454545454,-0.09015795829147985,,,0.27769224536099185,
2021-06-30,0.17941176470588235,0.09740125337027974,0.05620982802116372,0.042404390223304604,0.03039527718400323,0.03854770727928879,-0.16363636363636366,-0.0866666358896539,,,0.3475407179320963,
2021-07-01,0.3411764705882353,0.2879780129822632,0.06625064871943503,0.07033348440997284,0.012158110873601292,-0.07129894786924212,-0.02727272727272728,0.0405992275505852,,,0.3736326067579613,
2021-07-02,0.36764705882352944,0.3507537921829782,0.07096578400166552,0.06986130956531629,0.10942299786241164,0.043146185864753356,-0.10000000000000002,-0.0427960492510912,,,0.3590592334494775,
2021-07-05,0.42352941176470593,0.40530246949437987,0.09708443203651532,0.11024298852144128,0.06079055436800646,0.05302908431620622,0.018181818181818184,0.06165574690985846,,,0.37543554006968644,
2021-07-06,0.5490196078431373,0.5375910192093994,0.12724628847528882,0.15483634777780242,0.2733492285469231,0.2964468410689919,0.14545454545454548,0.2239134132460635,,,0.4094481808605462,
2021-07-07,0.4926470588235295,0.49029300401746906,0.16675269514792643,0.19494867637153482,0.14545454545454548,0.15231196009029688,0.14545454545454548,0.18124132166793103,,,0.33441374280852443,
2021-07-08,0.4093137254901961,0.40172059704788343,0.14452631385959003,0.1740497563712197,0.027334922854692318,0.057560863545018166,0.14545454545454548,0.14605587166999462,,,0.3370067255489831,
2021-07-09,0.29411764705882354,0.28437624869246403,0.11551093635876701,0.1404148704901448,-0.3516018390324618,-0.30607251466420315,0.14545454545454548,0.1557840822865422,,,0.30167733571023425,
2021-07-12,0.3137254901960785,0.2768349922300485,0.1291987262379865,0.15731425679849556,-0.5217514251479382,-0.5273691379585175,0.20000000000000004,0.17522574857060097,,,0.3065391783485941,
2021-07-13,0.09313725490196079,0.0365691237727625,0.09925884272972182,0.1297465077355809,-0.5069608917800194,-0.5495326978500633,0.1272727272727273,0.07602784051352467,,,0.24155254841584958,
2021-07-14,0.22549019607843138,0.1334106209731609,0.1161623301957499,0.14509952150156186,-0.5069608917800194,-0.5255510461608582,0.1272727272727273,0.11676867103091562,,,0.2705615428247306,
2021-07-15,0.10049019607843139,0.012253859642339956,0.1594182544447327,0.18687167452866274,-0.5530482455782029,-0.5624279644332835,0.1272727272727273,0.03795407936287663,,,0.27542338546309053,
2021-07-16,0.10294117647058824,0.03735953418297487,0.05545130516096588,0.09093003651832156,-0.5945268639965682,-0.593911685728989,0.14545454545454548,0.014240303422830534,,,0.24365934689247226,
2021-07-19,0.10784313725490197,0.04766581781591096,0.08866579251626523,0.10006886747544969,-0.4377917304727157,-0.45474534597767396,0.14545454545454548,0.186966091471125,,,0.14820516975933878,
2021-07-20,0.16666666666666669,0.12411205067664062,0.1087344033305743,0.12382835246343271,-0.357896939969477,-0.3843452328412283,0.3181818181818182,0.33495994820932745,,,0.08889068957134755,
2021-07-22,0.13235294117647062,0.10150546065055947,0.13472815257498685,0.15302887864273712,-0.36685729777807524,-0.37125048816567113,0.13636363636363638,0.11044301095465764,,,0.10704156875455799,
2021-07-23,0.17892156862745098,0.15824418132379015,0.16071680039063546,0.1851918426684232,-0.3280550835900096,-0.3187624345384274,0.19090909090909092,0.20322398043533102,,,0.09294222510331417,
2021-07-26,0.16421568627450983,0.08709754553260134,0.17104522725624502,0.19850520071819724,-0.45965195231374006,-0.5158874501261016,0.3181818181818182,0.3688393751571785,,,0.1554979337168787,
2021-07-27,0.33333333333333337,0.2882552913888656,0.2271746360069658,0.23581021490900916,-0.31579141762012675,-0.3612936011488846,0.26363636363636367,0.21781104296811135,,,0.16295275909569726,
2021-07-28,0.14411764705882352,-0.05074856347217685,0.12541755302638777,0.09943951378745862,-0.1859660570429635,-0.19217373786857736,0.3272727272727273,0.2712212106227101,,,0.2425249169435216,
2021-07-29,0.14705882352941177,-0.020311716987864836,0.1293915216109433,0.10791253146827819,-0.13333415410627572,-0.10422768109865026,0.3272727272727273,0.2712212106227101,,,0.19050320071307028,
2021-07-30,0.25588235294117645,0.1383089946214323,0.30557385607293797,0.3021811744586899,-0.07368466411136292,-0.06296431969774233,0.46363636363636374,0.4623284785379506,,,0.2227534235475245,
2021-08-02,0.023529411764705882,-0.1169316765544502,0.2257656361859519,0.21187612463949146,-0.22161430070035967,-0.20867737491905547,0.3454545454545455,0.3768674521979706,,,0.24058017988817768,
2021-08-03,0.17158183795129867,0.0998329148204079,0.22402186825048706,0.18160704698710528,-0.2844156393243098,-0.3114522427715621,0.3181818181818182,0.4334597347635676,,,0.2861194392674824,
2021-08-04,0.2285714285714285,0.18648064446117812,0.25044288389141667,0.18667562841422475,-0.23317689820117138,-0.34279544648093513,0.27272727272727276,0.2823711673269524,,,0.2874159306377117,
2021-08-05,0.2285714285714285,0.22500749725101,0.19702339675656938,0.14047586139254645,-0.1818779805969137,-0.22603375973202403,0.27272727272727276,0.26383155617919374,,,0.263106717445912,
2021-08-06,0.2441176470588235,0.18538671956078867,0.1906352883130706,0.10537115416285217,-0.15493341934487972,-0.029896293359071364,0.38181818181818183,0.4420006931845009,,,0.2613240418118467,
2021-08-09,0.2764705882352941,0.18163729224135736,0.21767744245972462,0.09491149234320685,-0.19718798825711964,-0.14807881799761202,0.36363636363636365,0.4142238560638199,,,0.30459444129325014,
2021-08-10,0.24705882352941175,0.08896775782805447,0.23214376850869403,0.06364707612982436,-0.1904835969232314,-0.17126677717568997,0.3181818181818182,0.3999899132607865,,,0.4207924803500527,
2021-08-11,0.26630931098691146,0.13707139717887062,0.2294882852796449,0.09213952525617422,-0.20985920838105424,-0.313454073588546,0.36363636363636365,0.48335119648694036,,,0.38983874888582776,
2021-08-12,0.2571428571428571,0.12093389851240068,0.20717960439417657,0.03840185762257573,-0.17012618125253007,-0.346581789534088,0.3090909090909091,0.42726211597424707,,,0.376829268292683,
2021-08-13,0.24285714285714283,0.10942943010776562,0.17040604545257942,0.04551846903106813,-0.13794014696151086,-0.2128492765005218,0.3090909090909091,0.3915239478792753,,,0.318815331010453,
2021-08-16,0.35,0.2475606566809586,0.16164158904526985,0.046789630506099605,-0.21461410953929488,-0.24195694800959178,0.39090909090909093,0.5037346607163931,,,0.31864111498257847,
2021-08-17,0.4464285714285714,0.5347889581475713,0.1614227107933467,0.10497157042411569,0.1412304347492436,-0.04769752648233734,0.4000000000000001,0.5032269212976922,,,0.201219512195122,
2021-08-18,0.5142857142857142,0.4791247505607562,0.17618116349507112,0.08471578598480711,0.1272727272727273,-0.03813308207629485,0.43636363636363645,0.5779747267576094,,,0.2647279549718574,
2021-08-20,0.47142857142857136,0.4747144282770609,0.1921754607458863,0.10674568647920471,0.1272727272727273,-0.03813308207629485,0.4090909090909091,0.5434687055946981,,,0.2711069418386492,
2021-08-23,0.457142857142857,0.4797283411463796,0.1661035060946128,0.07856605189151862,0.02277910237891026,-0.24125211658308132,0.38181818181818183,0.49416435722156166,,,0.2804878048780488,
2021-08-24,0.5,0.4916375361002382,0.1877889758306501,0.11225368508269652,0.02277910237891026,-0.22823674180703826,0.39090909090909093,0.49823464014570285,,,0.2911819887429644,
2021-08-25,0.6615384615384616,0.6234313451397901,0.19944270752388765,0.13158941827817755,0.08510677611520905,-0.12565617248750874,0.4090909090909091,0.636296804662434,,,0.3645403377110695,
2021-08-26,0.6307692307692307,0.5957423672201091,0.20360489845217927,0.1366060417797358,0.0,-0.11236528313180633,0.4727272727272727,0.5997845408025855,,,0.35553470919324587,
2021-08-27,0.4892857142857142,0.46852476021544714,0.17344398462136434,0.11322979954044532,0.009090909090909092,-0.1632513598141072,0.43636363636363645,0.5395823091271447,,,0.3711069418386492,
2021-08-30,0.3178571428571428,0.2839385763360636,0.10898648415995642,0.008337020989177713,-0.13636363636363638,-0.5126019933747872,0.3454545454545455,0.527654174373705,,,0.41678520625889043,
2021-08-31,0.2785714285714285,0.2401015705821499,0.10002101502597541,-0.005779047607714668,-0.20000000000000004,-0.5416560962801399,0.26363636363636367,0.43470441767798124,,,0.3957763431447642,
2021-09-01,0.21071428571428572,0.17022262558165802,0.16123835895643934,0.06652112149293991,-0.44545454545454555,-0.5266413463739512,0.27272727272727276,0.5281243924197391,,,0.39511981617244774,
2021-09-02,0.22142857142857136,0.2184191374611343,0.18404650230721037,0.1209413315589899,-0.4272727272727273,-0.46430557345602075,0.27272727272727276,0.45536230900334623,,,0.29729729729729726,
2021-09-03,0.25558544611495526,0.20584581530967694,0.25595966069022313,0.16680675229015174,-0.3545454545454546,-0.3550988966736605,0.17272727272727276,0.39449379198463236,,,0.37268847795163584,
2021-09-06,0.2785714285714285,0.23551559872227212,0.2101803950741872,0.13313558014727933,-0.24316221747202585,-0.15227807632184084,0.26363636363636367,0.44527586058598767,,,0.328117591275486,
2021-09-07,0.25357142857142856,0.2186067360120272,0.20073541981873347,0.17661712373829597,-0.23100410659842457,-0.26951854092518207,0.2545454545454546,0.41703469508160573,,,0.33873873873873883,
2021-09-08,0.38928571428571423,0.3524977876020893,0.202925204874179,0.17408239891482014,,,0.22727272727272727,0.3814635707145742,,,0.35933075933075936,
2021-09-09,0.4035714285714285,0.37470158641438994,0.22705236094804276,0.2048121149638855,,,0.18181818181818182,0.34383684379556145,,,0.3722007722007722,
2021-09-13,0.4464285714285714,0.4155208403613906,0.2674690888372851,0.24631620004578053,,,0.18181818181818182,0.35212233512662333,,,0.3897039897039897,
2021-09-14,0.4843612300500202,0.4493755902430549,0.34512170444954715,0.3212658941686721,,,0.16363636363636366,0.35578127636818463,,,0.41364221364221365,
2021-09-15,0.4464285714285714,0.4194405024479066,0.3372889901700284,0.2840618437234793,,,0.14545454545454548,0.3288416475352717,,,0.4545688545688546,
2021-09-16,0.475,0.45436645828371913,0.33319404398149366,0.28037388217570797,,,-0.018181818181818184,0.22923312879308302,,,0.5405405405405406,
2021-09-17,0.532142857142857,0.4665098420024985,0.36649394344485253,0.2977633768542234,,,0.0,0.2070073797994582,,,0.5647361647361648,
2021-09-20,0.5464285714285714,0.49077924361762904,0.42216094406606053,0.3885043020285815,,,0.06363636363636364,0.31324985949083145,,,0.5163449163449163,
2021-09-21,0.557142857142857,0.5182766005217391,0.3882667612314054,0.2876410273436967,,,0.018181818181818184,0.23106035767497832,,,0.5842985842985844,
2021-09-22,0.48571428571428565,0.4400924065130812,0.42173005922368495,0.3191414395727151,,,-0.09090909090909091,0.14424245330662863,,,0.5534105534105533,
2021-09-23,0.42499999999999993,0.33645611847032775,0.43025492367886053,0.3487870305001153,,,-0.28181818181818186,-0.22768009996036576,,,0.5266409266409267,
2021-09-24,0.4428571428571427,0.37918084544441777,0.44600470563617284,0.3805700294719486,,,-0.30000000000000004,-0.16535870933621497,,,0.4648648648648649,
2021-09-27,0.48214285714285704,0.3914899359942798,0.3966900923817985,0.308163176557448,,,-0.3545454545454546,-0.3516259761008681,,,0.4877734877734877,
2021-09-28,0.4928571428571427,0.363504559298342,0.3499707981651658,0.2350164457807905,,,-0.28181818181818186,-0.32659865199080884,,,0.5346203346203346,
2021-09-29,0.5392857142857141,0.4180454043040145,0.3164758280265768,0.20854209627634618,,,-0.28181818181818186,-0.3070878404448608,,,0.4988416988416989,
2021-09-30,0.5428571428571428,0.4166534192533741,0.32912662965177797,0.1945452499356863,,,-0.06363636363636364,0.07047914000301202,,,0.5490347490347491,
2021-10-01,0.5107142857142856,0.3458599665886798,0.30722942879632703,0.1875121949550704,,,0.07272727272727274,0.14213926727989515,,,0.5315315315315315,
2021-10-04,0.5357142857142856,0.4570138526677086,0.3410230882675385,0.2663858736341279,,,0.02727272727272728,0.21025109798886701,,,0.5166023166023166,
2021-10-05,0.5928571428571427,0.5034791821896104,0.31753990250416264,0.23788031764105128,,,0.15454545454545454,0.15064377089315878,,,0.4635778635778636,
2021-10-06,0.657142857142857,0.5482919101505873,0.2614291766253838,0.11459024289408962,0.21884599572482327,0.22039525445539182,0.2545454545454546,0.35266633561614197,,,0.4543114543114543,
2021-10-07,0.4892857142857142,0.42926830803177424,0.14445463120817073,0.046042533521088495,0.32826899358723494,0.34328970045030044,0.045454545454545456,0.13690153925071025,,,0.4176470588235294,
2021-10-08,0.4392857142857142,0.3646024082238841,0.22405575397176297,0.15916080528693957,0.24848484848484845,0.27279324681958184,0.19090909090909092,0.253147396700569,,,0.40784313725490196,
2021-10-11,0.4535714285714285,0.42017883293443237,0.3613198960803356,0.31526645957333604,0.29179466096643103,0.3269988474655861,0.1272727272727273,0.19754154516848998,,,0.41316526610644266,
2021-10-12,0.5,0.4741015414725844,0.3152781609795363,0.28130931159602945,0.4559291577600484,0.5017556241625185,0.08181818181818183,0.14009770889317077,,,0.3823529411764706,
2021-10-13,0.5499999999999999,0.5284554265239769,0.21700879765395892,0.14975206702063362,0.44985010232324774,0.5215319123475824,0.08181818181818183,0.08466171206530701,,,0.5254901960784314,
2021-10-14,0.47142857142857136,0.442800391415316,0.30537989313482994,0.25317328300339637,0.20732092732849544,0.3805558101801858,0.02727272727272728,-0.07100126766152115,,,0.5215686274509804,
2021-10-18,0.475,0.4577978229671999,0.28291994928935427,0.2310730838868119,0.439032551989755,0.6272223769899595,-0.03636363636363637,-0.145713589990906,,,0.4612681436210848,
2021-10-19,0.5214285714285714,0.5338020128184462,0.38794233486798224,0.37251353135919735,0.3963488316574177,0.7095289346297188,0.009090909090909092,-0.13464356446426612,,,0.48627450980392156,
2021-10-20,0.5357142857142856,0.5235599116750596,0.37568058840061797,0.3666376075741381,0.40244650599060877,0.49922540818592603,-0.02727272727272728,-0.17242538355710005,,,0.496358543417367,
2021-10-21,0.4642857142857142,0.43464717938709585,0.30207703780146306,0.2635616346634154,0.4573255749893281,0.5235993750055633,-0.009090909090909092,-0.11529858778241733,,,0.38039215686274513,
2021-10-22,0.5357142857142856,0.502613580589296,0.29475806451612907,0.27185089138139357,0.439032551989755,0.4908272990471778,0.045454545454545456,-0.035520832277751185,,,0.3324929971988796,
2021-10-25,0.6043956043956044,0.5853564855729135,0.29340593458019276,0.2576777771457637,,,0.03636363636363637,-0.021666162059175934,,,0.3109243697478992,
2021-10-26,0.5472527472527472,0.5103338939311268,0.2283409266639534,0.1860041727842813,,,-0.009090909090909092,-0.12592265823320223,,,0.42240896358543417,
2021-10-27,0.5868131868131868,0.508943094028485,0.24314516129032263,0.1668946884088598,,,0.009090909090909092,-0.17779843116873092,,,0.465546218487395,
2021-10-28,0.6499999999999999,0.6199070662150481,0.11309687518858949,0.056913516429039364,0.46808726863364974,0.549648335869928,0.009090909090909092,-0.22830290132780093,,,0.37940797940797943,
2021-10-29,0.5214285714285714,0.3482364953826894,0.13014389203225044,0.06162513953255112,0.40729671426564323,0.48476175404368615,0.1272727272727273,-0.2622652641564812,,,0.40592020592020595,
2021-11-01,0.6441176470588235,0.49446280056610964,0.2747937718033603,0.1392268791051076,0.7939393939393938,0.7685058955541857,0.1188811188811189,-0.12894736842105262,,,0.47747747747747754,
2021-11-02,0.4338235294117647,0.2778333699467601,0.2706000372077681,0.1979141653614721,0.5515151515151515,0.505290645954106,-0.04195804195804196,-0.3485395538928153,,,0.4365508365508366,
2021-11-03,0.3029411764705882,0.1882024126724375,0.17136171353789814,0.07969897646260138,,,-0.034965034965034975,-0.3276390360869317,,,0.35778635778635787,
2021-11-08,0.34068627450980393,0.24238133241485468,0.14591342339862973,0.07951445036855592,0.4545454545454545,0.4020270399020814,-0.06993006993006995,-0.19222796101020065,,,0.34517374517374516,
2021-11-09,0.34313725490196084,0.24349104650696374,0.13254220475958006,0.06583944916092699,0.43030303030303024,0.3657109572502351,-0.06293706293706294,-0.22558511192911868,,,0.25199485199485205,
2021-11-10,0.286764705882353,0.18356285357304838,0.30881127442638806,0.23858007520164976,0.37426130267530777,0.3255732725060564,-0.055944055944055944,-0.14225276013495394,,,0.2896358543417367,
2021-11-11,0.18627450980392157,0.10444107704900296,0.26016414027526086,0.22317884454787681,0.37426130267530777,0.3255732725060564,-0.08391608391608392,-0.06864256765097619,,,0.17787114845938376,
2021-11-12,0.20098039215686278,0.10549524948005008,0.17357863414920494,0.11905640074376383,0.3939393939393939,0.3502628091414954,-0.08391608391608392,-0.11739345417674979,,,0.23753501400560226,
2021-11-15,0.16186391760948546,0.09422141798822108,0.2644600615878656,0.21170039082486264,0.2376160518026745,0.2278471683139619,-0.02097902097902098,-0.06938861111046303,,,0.2453024453024453,
2021-11-16,0.1936274509803922,0.17621580573480403,0.26481654072588356,0.2416214276118385,0.3126526997403612,0.3078908917944773,-0.055944055944055944,-0.07585333906287334,,,0.1552123552123552,
2021-11-17,0.14950980392156862,0.13051510317650727,0.26692295208202943,0.2235181899207931,0.3689301856936262,0.3575735045040094,-0.18881118881118883,-0.2069638817053489,,,0.20489060489060493,
2021-11-18,0.18382352941176472,0.11026475655480945,0.28707577595566236,0.24944195179491704,0.2938935377559395,0.2748950803761812,-0.027972027972027972,-0.1664218701558807,,,0.21132561132561134,
2021-11-22,0.17156862745098042,0.058152106584752256,0.33623302315347925,0.3064335194614373,0.19019836693335312,0.16577747989898972,0.14685314685314685,-0.057163229918994196,,,0.19019607843137257,
2021-11-23,0.04166666666666667,-0.009280713169209297,0.34770981548847063,0.3336452115372934,0.23100410659842457,0.2735240204415674,0.0,-0.20191578834133275,,,0.13025210084033612,
2021-11-24,0.04166666666666667,0.0019794244369134087,0.2717927373355972,0.24554464365245218,,,-0.006993006993006993,-0.2467786209215661,,,0.15518207282913166,
2021-11-25,0.10294117647058824,0.0835546301059698,0.3095695876663752,0.27245798049348163,,,-0.17482517482517487,-0.45360559869308364,,,0.19794079794079797,
2021-11-26,0.2697731960158091,0.1960755342119581,0.3744567243721991,0.32601745392370945,,,0.16083916083916086,-0.3769519328949537,,,0.30193050193050197,
2021-11-29,0.286764705882353,0.21079317200674294,0.4004679982395382,0.3609875918551116,,,0.06293706293706294,-0.3960998410948506,,,0.28416988416988415,
2021-11-30,0.09313725490196079,-0.04526448749628252,0.3795035021766135,0.3457233557110297,,,0.034965034965034975,-0.38279283594289565,,,0.268983268983269,
2021-12-01,0.06617647058823531,-0.031397834708677956,0.36114366689821237,0.33304931388894327,,,-0.1398601398601399,-0.526949550311888,,,0.2200772200772201,
2021-12-02,0.19497244621142565,0.1211867617908394,0.38518769560128524,0.3787189045721838,,,-0.25874125874125875,-0.5604370452593271,,,0.10896358543417368,
2021-12-03,0.29920299921753374,0.23412734329944343,0.43904069677812385,0.41122429866244087,,,-0.16783216783216784,-0.5284802532725004,,,0.2142857142857143,
2021-12-06,0.232843137254902,0.17453358690521595,0.44416585565041655,0.41796599801226303,,,-0.16083916083916086,-0.4848157961285795,,,0.20588235294117646,
2021-12-07,0.1361128398079764,0.06635562723372404,0.3321076429473967,0.3027393564116673,,,-0.35664335664335667,-0.6463432471900541,,,0.20420168067226896,
2021-12-08,0.07107843137254903,0.007320422611054734,0.3140564977846796,0.2962488556564074,,,-0.4055944055944056,-0.5835411617328885,,,0.17142857142857143,
2021-12-09,0.032352941176470584,-0.0402583303859213,0.30355203628625127,0.28701586279402924,,,-0.3426573426573427,-0.5101378180575383,,,0.17591036414565828,
2021-12-10,0.03823529411764706,-0.020937471120427417,0.22913010859642474,0.2083572082971333,,,-0.3846153846153847,-0.5930356186779714,,,0.18823529411764708,
2021-12-13,0.18837385526568326,0.14381419569699963,0.2677810364155146,0.24347397462209586,,,-0.2377622377622378,-0.517022514589591,,,0.19579831932773112,
2021-12-14,0.2588235294117647,0.18637396984451893,0.27298563879455406,0.24821896729901904,,,-0.06993006993006995,-0.4601440833408905,,,0.17955182072829132,
2021-12-15,0.2441176470588235,0.20335392299021848,0.3360080428518394,0.3204974144479498,,,-0.07692307692307693,-0.2809783863850034,,,0.16582633053221288,
2021-12-16,0.2764705882352941,0.24452631729171473,0.30066896358407563,0.28834044495126165,,,0.02097902097902098,-0.0674605816473518,,,0.12268907563025211,
2021-12-17,0.24705882352941175,0.21103812578777761,0.32761940921662247,0.27410573244324826,,,0.06993006993006995,-0.006979801585976354,,,0.27807486631016043,
2021-12-20,0.28823529411764703,0.26409541936338293,0.34650290062642225,0.30300146955430635,,,0.15384615384615385,0.09558812426640288,,,0.2647058823529412,
2021-12-21,0.2764705882352941,0.2667757306270836,0.3399340162550315,0.30705032800366955,,,0.17482517482517487,0.14561836023854435,,,0.22566844919786092,
2021-12-22,0.15588235294117647,0.16987594755774035,0.33731718569694663,0.3173661750378266,,,0.07692307692307693,0.06928355218616725,,,0.16862745098039217,
2021-12-23,0.2529411764705882,0.31223350857844595,0.31878972025793917,0.3106686853964463,,,0.15384615384615385,0.17593650675108052,,,0.093353705118411,
2021-12-24,0.31176470588235294,0.3922076296576955,0.2880307750416514,0.27397366586046606,,,0.2937062937062937,0.33067970772419836,,,0.10985485103132162,
2021-12-27,0.2823529411764706,0.3602473207942111,0.23727117180906368,0.22053570141204798,,,0.2797202797202798,0.2937293547303169,,,0.12635599694423225,
2021-12-28,0.411764705882353,0.45810391680051654,0.21830339173449567,0.20175365220435681,,,0.4825174825174825,0.4716781061246605,,,0.06982429335370512,
2021-12-29,0.4176470588235294,0.4745632628239828,0.22186928054348512,0.199828491694058,,,0.5034965034965035,0.49757885416640707,,,0.06462948815889992,
2021-12-30,0.2588235294117647,0.27207579726792536,0.2490144205907891,0.23046034208672955,,,0.49650349650349657,0.48653329083976393,,,0.06216577540106952,
2021-12-31,0.33554092969199834,0.3712787120365744,0.227496873009685,0.20809986848963033,,,0.44755244755244755,0.419848730470668,,,0.0615737203972498,
2022-01-03,0.3106295149638803,0.3305358450461928,0.27570643829405195,0.2882032181804055,,,0.2967032967032967,0.2388264725459495,,,-0.07960275019098549,
2022-01-04,0.21568627450980388,0.20486213301152348,0.28890250668379186,0.27375983598968456,,,0.07142857142857142,0.0339033490483813,,,0.05714285714285715,
2022-01-05,0.2507739938080495,0.2278102924170616,0.40014012962419704,0.3919088414208715,,,0.06593406593406594,-0.017868915605902404,,,0.07207207207207207,
2022-01-06,0.15376676986584106,0.11698409808049837,0.32501759907599387,0.3477598673688976,,,-0.04395604395604395,-0.15357155351881563,,,-0.03508771929824561,
2022-01-07,0.21775025799793604,0.20814048190812248,0.3532829367559872,0.36435931254693066,,,0.0,-0.0894365341519202,,,-0.003861003861003861,
2022-01-10,0.20949432404540763,0.2026206699165991,0.29380036828499345,0.3029543880973331,,,-0.03296703296703297,-0.09376072694547292,,,-0.013276434329065905,
2022-01-11,0.11042311661506708,0.12713667773732162,0.2671804016783417,0.32473982742231844,,,-0.1043956043956044,-0.33473502055127397,,,-0.14509246088193456,
2022-01-12,0.054695562435500514,0.061303670971012636,0.27322477505658443,0.2979993781002139,,,-0.1758241758241758,-0.4003417221587248,,,-0.09246088193456614,
2022-01-13,0.054695562435500514,0.0611504171145616,0.20212424606605636,0.24190597284756937,,,-0.18131868131868134,-0.3749107616078398,,,-0.1259437575227049,
2022-01-14,0.03199174406604747,0.03871287743240618,0.15315262661667534,0.18636970724610974,,,-0.23626373626373626,-0.41479697891451994,,,-0.1051537367326841,
2022-01-17,0.05056759545923632,0.0539876048292329,0.15858917718558116,0.22581818071143867,,,-0.21978021978021978,-0.4614159105979615,,,-0.1513294671189408,
2022-01-18,-0.025799793601651185,-0.022696995220827625,0.13760700520404728,0.2217335946454493,,,-0.24725274725274726,-0.42324652060079915,,,-0.16993106466790678,
2022-01-19,-0.10629514963880288,-0.10080805256155835,0.05986604242630723,0.13934057326227722,,,-0.16483516483516483,-0.4058361855331526,,,-0.18522267206477733,
2022-01-20,-0.07120743034055728,-0.05059748731608898,0.09924705481420569,0.16252075011812936,,,-0.30769230769230765,-0.5501024084703747,,,-0.21093117408906883,
2022-01-21,-0.017543859649122806,-0.009540555869683567,0.18150968320014318,0.2496162359884607,,,-0.23076923076923078,-0.4407066184421518,,,-0.18667917448405252,
2022-01-24,0.0010319917440660476,0.005909644178800489,0.21587689093457943,0.246679041221795,,,-0.24725274725274726,-0.4044911193710139,,,-0.07874564459930315,
2022-01-25,-0.054695562435500514,-0.054968144357761546,0.23547277259325822,0.26616181118097015,,,-0.34615384615384615,-0.4583455632922184,,,-0.08763066202090594,
2022-01-27,-0.1475748194014448,-0.1722404465902038,0.3020701558334629,0.3115073255566821,,,-0.4835164835164835,-0.5242715532309354,,,-0.01167247386759582,
2022-01-28,-0.06914344685242517,-0.055058573149834984,0.30230322405885757,0.3393703707786944,,,-0.3736263736263736,-0.41992920294783453,,,-0.07351916376306622,
2022-01-31,-0.1991744066047472,-0.19043973968705527,0.30301608926810425,0.34695318720996604,,,-0.39560439560439564,-0.44566278801862824,,,-0.021149015476865735,
2022-02-01,0.1331269349845201,0.17846530085626022,0.28582153708270047,0.3439635196769735,,,0.03296703296703297,-0.019502005266012652,,,-0.08581152256705292,
2022-02-02,-0.023735810113519093,0.01891987131496501,0.24556630418431621,0.31963013690077885,,,-0.054945054945054944,-0.08886953298872201,,,-0.0845150311968236,
2022-02-03,-0.1042311661506708,-0.07882482414942844,0.26290111177838643,0.36582087976059663,,,-0.15934065934065936,-0.21464612559868415,,,-0.12827161494206304,
2022-02-04,0.021671826625386997,0.007849861819123612,0.20936472449890067,0.3204416394118877,,,-0.17032967032967034,-0.19666628377881176,,,-0.15331010452961674,
2022-02-07,0.009287925696594427,-0.000553651805722124,0.18680707901079208,0.2839210486806612,,,0.07692307692307691,0.05265082816806467,,,-0.16655052264808368,
2022-02-08,-0.09184726522187822,-0.09692952287681866,0.2736202882384626,0.32454188325311495,,,-0.03296703296703297,-0.008631822848954415,,,-0.01742160278745645,
2022-02-09,-0.08565531475748193,-0.11282620214743151,0.20269320288099105,0.22902896266522785,,,-0.14835164835164835,-0.12848909612848436,,,0.014342435783161819,
2022-02-10,-0.005159958720330237,-0.0012140859364473712,0.32036338965417793,0.39235270521843596,,,-0.1868131868131868,-0.2016383845080537,,,-0.033020637898686686,
2022-02-11,0.07533539731682146,0.045823059688171075,0.2946058111989681,0.3034663987341012,,,-0.24175824175824176,-0.250863129744945,,,0.07591093117408908,
2022-02-14,0.15170278637770898,0.08385940178689807,0.37102035186815957,0.38750860923120695,,,-0.049450549450549455,0.0418034315426716,,,0.08137651821862348,
2022-02-15,0.13106295149638802,0.09482868301044316,0.30461849918482004,0.3309780834013243,,,-0.016483516483516484,0.00036945882850832014,,,0.05202429149797571,
2022-02-16,0.21568627450980388,0.12859129368872352,0.3088418870751377,0.4133732233613353,,,0.0879120879120879,0.09415680301473446,,,-0.015647226173541962,
2022-02-17,0.18885448916408668,0.13454613639489268,0.3063244626328274,0.38274554597345667,,,0.19230769230769232,0.19201788005737183,,,0.024838603785972205,
2022-02-18,0.1847265221878225,0.08680316562180856,0.3226035974899653,0.3871969014952868,,,0.07142857142857142,0.059505502606755946,,,0.04212714739030528,
2022-02-21,0.20123839009287925,0.1433331850474641,0.34840851225924147,0.4216152323664296,,,0.03846153846153846,0.0007607558221195308,,,0.020242914979757082,
2022-02-22,0.2789257686707294,0.2250446665824685,0.3892643440009719,0.40968025085622867,,,0.12637362637362637,0.10816329563056531,,,0.09127548601232811,
2022-02-23,0.29442164470799215,0.2432739664319704,0.324298746434765,0.32361405128449705,,,0.10989010989010989,0.09912412057045507,,,0.11040595251121565,
2022-02-24,0.37254901960784315,0.3597030790899105,0.42016487674800884,0.4240804310830775,,,0.22527472527472525,0.30009679119156285,,,0.1256519677572309,
2022-02-25,0.3760332585042426,0.330694426844346,0.3413361841872878,0.3630134964164075,,,0.2087912087912088,0.27883006078986106,,,0.07648539227486595,
2022-02-28,0.2776057791537668,0.23195450939435464,0.34510966454736264,0.39558121802886537,,,0.17032967032967034,0.2008857928546828,,,0.04825473246525878,
2022-03-02,0.17853457172342618,0.1372700707075791,0.31807943317779935,0.3690239796722958,,,0.40659340659340654,0.4959986490831534,,,0.050005471058102643,
2022-03-03,0.14304520903173737,0.1404651101465999,0.22523857546531428,0.3390744941730407,,,0.46153846153846156,0.5120460555199594,,,-0.046066309224203954,
2022-03-04,0.12988153948893946,0.1323175093543138,0.16328709677848038,0.28434092821634427,,,0.5659340659340659,0.6216575328875865,,,-0.08874056242477295,
2022-03-07,0.15789473684210528,0.15132373615401046,0.09463723358463222,0.2565640994683954,-0.2063507818286384,-0.1422187515898174,0.576923076923077,0.6265083517924163,,,-0.1391654812707444,
2022-03-08,0.13684210526315788,0.1402714767065508,0.11135488655598379,0.22640182022103744,-0.12506107989614448,-0.0717043289746649,0.4945054945054945,0.5777988181676854,,,-0.06970128022759602,
2022-03-09,0.15789473684210525,0.1718155587290875,0.13531861015823565,0.25007405247426895,-0.04587349021359835,-0.03916532418273477,0.4945054945054945,0.5551344231557469,,,-0.07732793522267206,
2022-03-10,0.16240601503759397,0.16837622841986777,0.16388972653926476,0.245615248487117,-0.08257228238447704,-0.10040316632143202,0.521978021978022,0.5787506722318039,,,-0.028777765619870888,
2022-03-11,0.18496240601503755,0.19920956945330906,0.056524823868916385,0.21805969392315905,-0.04587349021359835,-0.09027144881164542,0.46153846153846156,0.5613481889331416,,,-0.14959696538643907,
2022-03-14,0.22406015037593985,0.22313759938961605,0.037339860870126994,0.14742091202445237,0.07339758434175737,0.06050650150787805,0.4945054945054945,0.6381321914407873,,,-0.09672830725462303,
2022-03-15,0.15939849624060148,0.12889248882832904,-0.028961256514853727,0.07595930952589328,-0.0642228862990377,-0.06672375842468609,0.4450549450549451,0.56847164377689,,,-0.12233285917496442,
2022-03-16,0.08721804511278194,0.06359032567591334,0.03256532399225775,0.1426602116858394,-0.3814985262633731,-0.42932887457771274,0.5054945054945055,0.5613155716182233,,,-0.0993361782835467,
2022-03-17,0.05263157894736842,0.03744580844818624,-0.011456523351880457,0.1547143709348911,-0.2977549473275107,-0.35682178849198903,0.4835164835164835,0.5218892804538445,,,-0.1695116168800379,
2022-03-21,0.06165413533834586,0.07336269131098286,-0.1474996512579569,0.07851293589485125,-0.31193973345246884,-0.35179877194335657,0.532967032967033,0.5695603094381687,,,-0.2761904761904762,
2022-03-22,-0.037593984962406006,-0.012839790013464199,-0.17183678865479876,0.12586977895423004,-0.44749324967767873,-0.4559423675433197,0.47802197802197804,0.4829228377316472,,,-0.34850640113798004,
2022-03-23,-0.056140350877192984,-0.07399513675478255,-0.17639387623271363,0.01865768532305908,-0.5410359338752574,-0.5365121552615421,0.47802197802197804,0.4867580847342132,,,-0.26622168727431883,
2022-03-24,-0.0912280701754386,-0.14629060492013019,-0.17132017580779121,-0.09572418924273578,-0.5410359338752574,-0.4971531870649245,0.40659340659340654,0.4113067941282017,,,-0.1611773717036875,
2022-03-25,0.02280701754385965,-0.02425995518530096,-0.17549061066311158,-0.07639058646774026,-0.5061069696548565,-0.5217194485167802,0.42857142857142855,0.43323541887153855,,,-0.18131086552139183,
2022-03-28,-0.09649122807017543,-0.14052877713974424,-0.2557960493091129,-0.16937153177617764,-0.3719581343246535,-0.38464823484121224,0.2912087912087912,0.28955206184699833,,,-0.19772403982930295,
2022-03-29,-0.09824561403508772,-0.10812076910730745,-0.29533464217107813,-0.1608364953155427,-0.22492505116162387,-0.28613990984467197,0.2692307692307692,0.2651494655906672,,,-0.26950432213590103,
2022-03-30,-0.1,-0.10215198132778243,-0.24636908327238072,-0.11844821926393212,-0.13939393939393938,-0.2703690352179376,0.24175824175824176,0.23834273822469412,,,-0.2318634423897582,
2022-03-31,-0.06491228070175438,-0.07769352674493732,-0.2901351753380748,-0.1690245339990571,-0.20668788485122197,-0.2658696685283727,0.24725274725274726,0.24675328395506174,,,-0.2511215669110406,
2022-04-01,-0.019298245614035085,-0.04800053475964227,-0.31925850697713454,-0.22277975237498096,-0.03658604599914625,-0.03724937459044571,0.2857142857142857,0.2751066446445239,,,-0.23541963015647227,
2022-04-04,-0.07368421052631578,-0.08665104567432373,-0.327862527834152,-0.20675003748279683,-0.1702135522304181,-0.15665874132614402,0.2747252747252747,0.2615840811385585,,,-0.26600284495021337,
2022-04-05,-0.005263157894736842,-0.024911566233553263,-0.31325302434442875,-0.24701234656194612,-0.03039527718400323,-0.07047305316915645,0.2802197802197803,0.2658212392128114,,,-0.1927927927927928,
2022-04-06,0.03508771929824562,0.025292734557434443,-0.2777699985228191,-0.19293901121953008,-0.05454545454545454,-0.08355978260869558,0.2967032967032967,0.2955654004717182,,,-0.2084942084942085,
2022-04-07,-0.08771929824561404,-0.08593709203587022,-0.2918971923959105,-0.21474627577716388,-0.19999999999999998,-0.1296309399873607,0.3021978021978022,0.29478323148344143,,,-0.2005148005148005,
2022-04-08,-0.18596491228070175,-0.23210252137088896,-0.3093520329867742,-0.25786209494088275,-0.24848484848484845,-0.24624226348364286,0.20329670329670327,0.2067504599881171,,,-0.1716859716859717,
2022-04-11,-0.27543859649122804,-0.3370858488291731,-0.3852350018507456,-0.3174492004791835,-0.2727272727272727,-0.2794683520011023,0.15384615384615383,0.14392868518514917,,,-0.2285714285714286,
2022-04-12,-0.25263157894736843,-0.3016421402826834,-0.3897996701380607,-0.36564750530982576,-0.28484848484848485,-0.29389345995836175,0.0879120879120879,0.07794303716584285,,,-0.16447876447876447,
2022-04-13,-0.21052631578947367,-0.25689748772964793,-0.4383753501400561,-0.4147294606386692,-0.39180056091725646,-0.39931276415723743,0.22527472527472525,0.21596839678357405,,,-0.16628056628056628,
2022-04-18,-0.3298245614035088,-0.3687075813555087,-0.4773777886867208,-0.3742924619660865,-0.4000000000000001,-0.4171719761011045,0.19780219780219782,0.21958045860024575,,,-0.3145431145431145,
2022-04-19,-0.23157894736842102,-0.2422436906628651,-0.48287456413800733,-0.3478128042404416,-0.26606624323887046,-0.26452029190367843,0.30769230769230765,0.3230048920578945,,,-0.3765765765765766,
2022-04-20,-0.20877192982456141,-0.2298618733337075,-0.47112436062623997,-0.3445669070022593,-0.3027650354097492,-0.2921906316904769,0.4010989010989011,0.469908543724542,,,-0.35392535392535396,
2022-04-21,-0.2368421052631579,-0.24455227607061586,-0.5181398005728228,-0.4111302497694825,-0.2568915451961508,-0.2546896014091229,0.32417582417582413,0.328260564124258,,,-0.3366795366795367,
2022-04-22,0.03199174406604747,0.03550909720632569,-0.46928484655503006,-0.34237915167696864,0.21867938283753854,0.20067177981722326,0.4835164835164835,0.577841872973798,,,-0.3815126050420168,
2022-04-25,0.052631578947368425,0.056879563918607635,-0.5034003341556931,-0.3911068134571874,0.2414584852164488,0.24238949275430555,0.510989010989011,0.5726945728120247,,,-0.37563025210084033,
2022-04-26,0.07327141382868937,0.07706494799597939,-0.53171752611595,-0.4179919439060949,0.2414584852164488,0.24238949275430555,0.5,0.5432894742723109,,,-0.384593837535014,
2022-04-27,0.20949432404540763,0.2379461053149344,-0.4751399699049129,-0.3704188570379526,0.3143516128289616,0.3420056026248539,0.5549450549450549,0.6342975008756554,,,-0.4098039215686275,
2022-04-28,0.23013415892672856,0.22679164661721846,-0.422935496723957,-0.31774256290598724,0.41818181818181827,0.423964580576984,0.5274725274725275,0.6639669930344022,,,-0.38179271708683477,
2022-04-29,0.2982456140350877,0.293508000919475,-0.41725177858616475,-0.2832897141628174,0.33636363636363636,0.29796111337252545,0.576923076923077,0.6286912520348767,,,-0.41988795518207284,
2022-05-02,0.413828689370485,0.4199468542112537,-0.307139313005563,-0.19154962488906907,0.10000000000000002,0.10107493851032802,0.5989010989010989,0.6514013393601477,,,-0.4016806722689076,
2022-05-04,0.36016511867905054,0.36363671600199354,-0.3704324152935674,-0.2767205461570854,0.09090909090909091,0.09128709291752765,0.7032967032967032,0.7586701565058475,,,-0.3420932009167303,
2022-05-05,0.4716202270381837,0.490228692238837,-0.37073586889093196,-0.27310908753005797,0.2420116554379283,0.39081966665687307,0.6813186813186813,0.74112997702173,,,-0.3283422459893048,
2022-05-06,0.43653250773993807,0.51585406411183,-0.3098403674152185,-0.16853108410934622,0.26027668603701715,0.5124609024835841,0.6483516483516483,0.6401852199204494,,,-0.3964858670741024,
2022-05-09,0.479876160990712,0.5083171538947079,-0.2614291766253838,-0.1785901795659659,0.3607343543320063,0.4379817274122997,0.6758241758241759,0.7048213747100293,,,-0.2406417112299465,
2022-05-10,0.43446852425180604,0.4218740263729483,-0.19800992311854798,-0.14118992764796723,0.2553203283456271,0.4103434317378207,0.5054945054945055,0.5429371781328103,,,-0.16180290297937358,
2022-05-11,0.5108359133126935,0.49467388465642853,-0.14597444185293348,-0.14877940377398585,0.32826899358723494,0.4542965144137074,0.5604395604395606,0.597365031635202,,,-0.038044308632543926,
2022-05-12,0.5273477812177503,0.5230337524777658,-0.12635801613901956,-0.16014063759655642,0.3404271044608362,0.39332315786271665,0.6868131868131868,0.7128737450614033,,,0.05729564553093964,
2022-05-13,0.5018069847867904,0.5037053846295455,-0.14231963224145638,-0.17175796117634268,0.32218993815043423,0.4616368214625051,0.6428571428571429,0.6198297493266138,,,0.07715813598166539,
2022-05-16,0.5307176752683339,0.5167308079499187,-0.031597428154792925,-0.03943218687731046,0.3865321650581048,0.5002932088575524,0.5604395604395606,0.5549254377403731,,,0.022765469824293352,
2022-05-17,0.5190918472652218,0.5467656619126501,-0.09532572312294962,-0.08053553955886436,0.3039527718400323,0.534535129724191,0.6318681318681317,0.6106495604611918,,,-0.08113063407181054,
2022-05-18,0.48194014447884415,0.5145938287461129,-0.11704708968734644,-0.10240373813236543,0.2857156055296304,0.46023465189910795,0.6263736263736264,0.6116092737785658,,,-0.09702062643239114,
2022-05-19,0.5459236326109391,0.5590174921529976,-0.07723169940176607,-0.05084584322506472,0.42553388057604524,0.5541908987943855,0.6098901098901099,0.5991186364520744,,,-0.22492997198879555,
2022-05-20,0.39938080495356043,0.45258148077440336,-0.17033013489850773,-0.12017857106291842,0.10942299786241164,0.4626735589273746,0.6923076923076923,0.6941128494351513,,,-0.2711484593837535,
2022-05-23,0.5727554179566564,0.573550281812502,0.009537786866340256,0.041860446833939254,0.40729671426564323,0.3508528473665737,0.6318681318681317,0.6315202892440972,,,-0.18013750954927424,
2022-05-24,0.7378740970072238,0.7170142999071062,0.15935399024109018,0.16065071110721252,0.5167197121280549,0.4762910038156331,0.6868131868131868,0.6867668170847436,,,-0.08693659281894575,
2022-05-25,0.8617131062951496,0.8362969959860408,0.35836779506064637,0.31397176684577005,0.7659609850368815,0.5973681907694979,0.7582417582417583,0.7594326953810188,,,0.1877769289533995,
2022-05-26,0.7358101135190918,0.6639437028446382,0.15332419481612097,0.12331921723907925,0.6443798763008685,0.32893022762716,0.7087912087912087,0.6867151624678611,,,0.17433155080213902,
2022-05-27,0.7564499484004128,0.728627408705487,0.09928129839494394,0.07986276992104828,0.7112494861056756,0.4278040374153704,0.6868131868131868,0.6728357812993566,,,0.13669467787114847,
2022-05-30,0.6821465428276574,0.6587500923323487,0.09377350900693114,0.08577916363064979,0.7051704306688749,0.5423368798871886,0.6208791208791209,0.6148148480299868,,,0.20644257703081234,
2022-05-31,0.6408668730650156,0.6275303134277482,0.07923109317163167,0.060625392195979254,0.6990913752320743,0.497284721535854,0.6593406593406593,0.6448685848735539,,,0.18907563025210083,
2022-06-01,0.6904024767801857,0.6427128232208493,0.022253845013822965,0.017104666006102213,,,0.6813186813186813,0.6786244927159788,,,0.10672268907563026,
2022-06-02,0.632610939112487,0.5588311936792599,-0.0791234925132317,-0.08635057647110443,,,0.6373626373626374,0.6159001836700498,,,0.12408963585434175,
2022-06-03,0.5975232198142414,0.5071659432492406,-0.07974589010495357,-0.09736337316637564,,,0.5494505494505494,0.49533812027954116,,,0.17703081232493,
2022-06-06,0.5190918472652218,0.4455750706396747,-0.1155421985342234,-0.13000665944505235,,,0.4945054945054945,0.4847287230031505,,,0.08179271708683473,
2022-06-07,0.44272445820433437,0.39365974528517556,-0.08621876950687009,-0.08690958206549211,0.19512557866211333,0.4603284573358171,0.45604395604395603,0.45656229679143234,,,0.027450980392156866,
2022-06-08,0.39938080495356043,0.3188016989829075,0.021242454902137622,0.015797493037702382,,,0.4450549450549451,0.45732000958055147,,,0.0761904761904762,
2022-06-09,0.36016511867905054,0.2966268768990861,0.06726286982805468,0.06727962467007599,,,0.3681318681318681,0.3471668077266426,,,0.11008403361344538,
2022-06-10,0.3353973168214654,0.2715545169281242,0.033102067590735446,0.02263619304651135,,,0.35714285714285715,0.36125154653523023,,,0.22128851540616248,
2022-06-13,0.36429308565531476,0.29152761904585717,0.07907716146675692,0.06439002038313518,,,0.4725274725274725,0.476348083712,,,0.3067226890756303,
2022-06-14,0.3952528379772961,0.3040807318793307,0.052319266166077454,0.033566068253135475,,,0.47802197802197804,0.47603085726992567,,,0.2901960784313726,
2022-06-15,0.3787409700722394,0.2729372528798028,0.0630224040572853,0.04741815275048617,,,0.5164835164835164,0.4836213157868494,,,0.30336134453781516,
2022-06-16,0.4097007223942208,0.3382675983705754,0.048156516899936816,0.047395406259396,,,0.532967032967033,0.5154815581762553,,,0.2815126050420168,
2022-06-17,0.38906088751289986,0.3067409668564601,0.014880456645343012,0.013919572800326711,,,0.5164835164835164,0.5105433345575869,,,0.2408963585434174,
2022-06-20,0.4592363261093911,0.4150679048758783,0.13885411806316378,0.1884838500340784,,,0.5549450549450549,0.5468141815511326,,,0.31232492997198885,
2022-06-21,0.44272445820433437,0.37768208299836253,0.019063549415230602,0.02705780287660887,,,0.5439560439560439,0.5508568142616406,,,0.2515406162464986,
2022-06-22,0.3766769865841073,0.22475817080329685,-0.06203495753429361,-0.08210474960557021,,,0.4175824175824176,0.39723715267257653,,,0.2971988795518207,
2022-06-23,0.347781217750258,0.25565202182706687,-0.05066466882180853,-0.03853348404048662,,,0.4175824175824176,0.3939240622985542,,,0.3014005602240897,
2022-06-24,0.3457172342621259,0.24131286087976653,-0.07173314496553089,-0.07548707272591561,,,0.4175824175824176,0.3836805230939575,,,0.3403361344537815,
2022-06-27,0.34365325077399383,0.17122762842684894,-0.10733094643056647,-0.11559561147054877,,,0.41208791208791207,0.3985111712426198,,,0.3392156862745098,
2022-06-28,0.31888544891640863,0.16600059022536998,-0.09581140341549929,-0.09925099214422055,,,0.4175824175824176,0.38976161731185793,,,0.26750700280112044,
2022-06-29,0.28998968008255926,0.19564007340716316,-0.13797144136216394,-0.14011499245560838,,,0.4450549450549451,0.4516232841192243,,,0.22829131652661064,
2022-06-30,0.3746130030959752,0.32632511305447987,-0.07125536175778083,-0.05631705927990503,,,0.510989010989011,0.5417332007484464,,,0.19187675070028015,
2022-07-01,0.5128998968008256,0.4742280770802361,-0.032773185112457,-0.03371563465231486,,,0.6483516483516483,0.6725040239228687,,,0.19775910364145657,
2022-07-04,0.5252837977296182,0.50933351114,0.025246617454458366,0.028406022368844586,,,0.6483516483516483,0.6694672401733913,,,0.15210084033613447,
2022-07-05,0.5833333333333334,0.5903564876532222,0.12754644402264356,0.12336360899116715,,,0.6208791208791209,0.6612044082192494,,,0.08938120702826584,
2022-07-06,0.6053921568627452,0.6197849219941582,0.15735904204812415,0.1569570251518539,,,0.5824175824175823,0.6645932285553365,,,0.08785332314744079,
2022-07-07,0.5710784313725491,0.5951494276283674,0.1309869737652104,0.13116460844419203,,,0.6538461538461539,0.7393668229766013,,,-0.06121700879765395,
2022-07-08,0.556372549019608,0.5910542396581371,0.17657155902902205,0.18364610910126827,,,0.6593406593406593,0.7749507067395751,,,-0.04846256684491979,
2022-07-11,0.47794117647058826,0.5332095579200538,0.2639226041213191,0.2642682464701742,,,0.5494505494505494,0.6551857585139317,,,-0.06149732620320855,
2022-07-12,0.37500000000000006,0.42707623825824587,0.2618255501853458,0.2643330854826004,,,0.5494505494505494,0.670276543140169,,,-0.05782085561497327,
2022-07-13,0.4191176470588236,0.4468126140747786,0.28689606668660456,0.2951614276082224,,,0.6208791208791209,0.734073789469889,,,-0.05882352941176471,
2022-07-14,0.3498452012383901,0.43462852220111126,0.20880746598890754,0.2134296791531089,,,0.5384615384615384,0.6559040063035747,,,-0.0985485103132162,
2022-07-15,0.30443756449948395,0.40451347646263475,0.2787712633020381,0.2855816065980568,,,0.5164835164835164,0.645196937000631,,,-0.1602750190985485,
2022-07-18,0.3333333333333333,0.4058378670215539,0.265577933542496,0.2656879503167917,,,0.6153846153846153,0.7388375333047178,,,-0.03590527119938884,
2022-07-19,0.4117647058823529,0.45442104569634706,0.13486242473464996,0.14813177863254348,,,0.6373626373626374,0.7652287691093645,,,0.1274131274131274,
2022-07-20,0.3828689370485036,0.403327886286411,0.051866634239470674,0.06371628464965765,-0.07926976633148354,-0.18086516041050218,0.6263736263736264,0.739891322311678,,,0.11042471042471043,
2022-07-21,0.36429308565531476,0.3864330990374691,0.03242087310680926,0.0510571175949099,-0.10942299786241164,-0.13060566098803042,0.6923076923076923,0.7490814856186265,,,0.18764478764478768,
2022-07-22,0.40763673890608876,0.4114760665795587,-0.06571849735918367,-0.029639572492168323,-0.0790277206784084,-0.0868471584557969,0.7637362637362637,0.7947358454334165,,,0.2821242294926506,
2022-07-25,0.1867905056759546,0.18510600036641797,-0.14559921547928192,-0.10241394025641136,-0.21276694028802262,-0.25655011033217895,0.7032967032967032,0.7274700899545508,,,0.3423423423423424,
2022-07-26,0.23426212590299278,0.22956661732030556,-0.02441676416833447,-0.02587292865193722,-0.04242424242424241,-0.13795944859036985,0.6703296703296703,0.7155833641466842,,,0.3238095238095238,
2022-07-27,0.34365325077399383,0.326823523048683,-0.11148498346633937,-0.10544441389103605,0.22561395032806852,0.12429165062394416,0.6263736263736264,0.6751231808620259,,,0.37966537966537967,
2022-07-28,0.3931888544891641,0.36966983724980207,-0.26809325610297574,-0.1957231760346625,0.24618298195866545,0.21537567336063104,0.6703296703296703,0.6193306449420556,,,0.46203346203346213,
2022-07-29,0.35397316821465424,0.31107474317417233,-0.33444823535492285,-0.31566105296744695,0.24618298195866545,0.19630988656484555,0.6373626373626374,0.5945427822487402,,,0.42212885154061625,
2022-08-01,-0.03199174406604747,-0.01420197024802521,-0.4583875000301164,-0.48909148908731515,0.04242424242424241,-0.01746162658593632,-0.06593406593406594,0.03531853278082797,,,0.4604890604890605,
2022-08-02,-0.09597523219814243,-0.1323126946407662,-0.47596487999125797,-0.5075238601215352,-0.04893172289450491,-0.11741338421394643,-0.23076923076923078,-0.15855866604379945,,,0.4918918918918919,
2022-08-03,-0.16615067079463364,-0.24869514628404596,-0.430689306380694,-0.44321708126000653,0.05471149893120582,0.051285992706696926,-0.32417582417582413,-0.28688442276442516,,,0.42393822393822395,
2022-08-04,-0.20123839009287925,-0.3440168316374261,-0.30468101181591906,-0.36965136737264004,-0.01818181818181818,-0.05414605954418915,-0.47802197802197804,-0.4626239576292446,,,0.4243717401612138,
2022-08-05,-0.2714138286893705,-0.3191753198203852,-0.3822090754899647,-0.4369365699284567,0.23708316203522517,0.12884012524213395,-0.45604395604395603,-0.39632042244613747,,,0.43148411569464196,
2022-08-08,-0.33952528379772956,-0.3265275890171652,-0.2530084810891532,-0.36341893854910373,-0.07322827019620184,0.02595690342554005,-0.46153846153846156,-0.3952143209666267,,,0.4244446876025823,
2022-08-10,-0.4202375366424356,-0.42161726532856486,-0.16525398642034114,-0.27510074299066894,-0.08695857085798969,-0.013094780147778784,-0.35714285714285715,-0.2899612454714827,,,0.3995951417004049,
2022-08-11,-0.283797729618163,-0.29395258012278835,-0.17900539418559192,-0.2756495272232687,-0.16130573829364253,-0.12116490821281936,-0.35714285714285715,-0.2645471146233446,,,0.3908906882591093,
2022-08-12,-0.3003095975232198,-0.3722012017258172,-0.19555293709352212,-0.3503775267160748,0.013794014696151088,0.10250478397634184,-0.3736263736263736,-0.2509255483813241,,,0.44858299595141704,
2022-08-16,0.13333333333333333,0.07071290853317959,0.04220861385030041,-0.13557823111782916,0.29473865644545166,0.29295004092877763,-0.19230769230769232,-0.1025315172352493,,,0.3714285714285715,
2022-08-17,0.09649122807017543,0.04336253376834202,0.0001012504493283426,-0.16184159105353407,0.2767079549936468,0.2710105194873853,-0.21978021978021978,-0.18033227258412052,,,0.38867595818815337,
2022-08-18,0.04912280701754386,0.02398369011024677,-0.019131491139618474,-0.17152364452296812,0.1651445647689541,0.12116764438642043,-0.13186813186813187,-0.11913984795470882,,,0.37543554006968644,
2022-08-19,0.06315789473684211,0.048647195866241,-0.13450063168818976,-0.2736723835908375,0.16895153304157257,0.18511919307775884,-0.13186813186813187,-0.10911221759956967,,,0.31485955904560553,
2022-08-22,0.012280701754385965,-0.023517629319372808,-0.17413650436832337,-0.2829383340718605,0.20909090909090913,0.21292032781688508,-0.2857142857142857,-0.2999969213297387,,,0.1975234068257324,
2022-08-23,0.04912280701754386,0.03177340610068583,-0.2178761224401259,-0.3418666706541061,0.2870166899742693,0.29150842530304644,-0.2087912087912088,-0.22361583990137301,,,0.2111144669284204,
2022-08-24,0.008771929824561405,-0.011009029525625144,-0.24230015822012718,-0.30770495570990497,0.23636363636363636,0.21131696077434553,-0.21428571428571427,-0.21787032647143845,,,0.13364542434309876,
2022-08-25,0.022556390977443608,-0.002712592396886251,-0.2311176940558393,-0.30579353440294144,0.1258741258741259,0.10557331027004892,-0.14285714285714285,-0.13923022825770187,,,0.16354575656901238,
2022-08-26,0.013533834586466165,-0.02176960697216319,-0.26037277232981776,-0.305104146657296,0.2377622377622378,0.19758043758043753,-0.12087912087912088,-0.07427132511027096,,,0.11811134601832275,
2022-08-29,-0.06917293233082707,-0.11693942363603888,-0.3055229164759283,-0.3289754280880715,0.0979020979020979,0.023726969812887883,-0.13186813186813187,-0.14088898032579053,,,0.056236786469344616,
2022-08-30,-0.24962406015037594,-0.28625345936054347,-0.3295870410724299,-0.35333751662410273,-0.02816971260815995,-0.05179206761787658,-0.1868131868131868,-0.19044635298545712,,,0.0681063122923588,
2022-09-01,-0.29774436090225564,-0.3175013758982217,-0.3510346413048876,-0.3902766519932855,-0.02108992406533786,-0.025164639782495127,-0.2857142857142857,-0.27260949436638005,,,0.07339172455451526,
2022-09-02,-0.33684210526315783,-0.37427276654334507,-0.3409279105053426,-0.4066000293984925,-0.014035174116450078,-0.023383676985883485,-0.2857142857142857,-0.2814542963510012,,,0.10117789187556628,
2022-09-05,-0.02857142857142857,-0.08008148582128786,-0.32704621963266794,-0.4138100147134092,0.28060549241917204,0.2657534773451476,-0.24175824175824176,-0.24192604601943274,,,0.13349441256418002,
2022-09-06,0.02857142857142857,-0.002902230084608133,-0.2899631286872338,-0.371145032224504,0.3438792799254559,0.3429196261772209,-0.24725274725274726,-0.24123428432358116,,,0.1361522198731501,
2022-09-07,0.03609022556390977,-0.008372117177205502,-0.3124113641948816,-0.39344755816533405,0.335626177207245,0.3273513703627885,-0.34065934065934067,-0.33874434862299607,,,0.14432699083861872,
2022-09-08,0.018045112781954885,-0.01577886256317655,-0.3498562605835848,-0.4118877125075662,0.3053648005738049,0.30243104967616125,-0.32967032967032966,-0.32867724867724873,,,0.11325883418906676,
2022-09-09,-0.04962406015037594,-0.08645318802226445,-0.37670427642292387,-0.46777753663570654,0.28335652665857564,0.2815971180459293,-0.2912087912087912,-0.29175291364750205,,,0.15690123829658714,
2022-09-12,0.009022556390977442,-0.03593255566465783,-0.2767614234902452,-0.3805703723624436,0.34986358651978194,0.35131833815111835,-0.26373626373626374,-0.26536395502790927,,,0.22486022202414718,
2022-09-13,0.04210526315789473,4.789198615413775e-05,-0.17527659270273224,-0.2252294131898312,0.3105734406203723,0.3157458170266538,-0.3021978021978022,-0.3,,,0.15131380247659318,
2022-09-14,-0.1413533834586466,-0.24326254118208457,-0.187034036270532,-0.21922808241116323,0.14978009902259087,0.14715016108157314,-0.38461538461538464,-0.40336071521399186,,,0.09978858350951374,
2022-09-15,-0.35187969924812035,-0.49331927292842964,-0.1654714153945222,-0.1990404295230045,0.24642479158111236,0.29058248573608986,-0.5,-0.5289254273918466,,,0.12290345313601127,
2022-09-16,-0.431578947368421,-0.5453861144573223,-0.3201361657479934,-0.34517986534551426,0.14112535852575073,0.18781119899839557,-0.521978021978022,-0.52328392665497,,,0.07033121916842847,
2022-09-19,-0.5729323308270676,-0.5940506808351353,-0.4056796902667745,-0.4062712279872372,0.2750276691753486,0.2709304574516179,-0.5604395604395606,-0.5594454044420882,,,0.016611295681063124,
2022-09-20,-0.4872180451127819,-0.4691873920854552,-0.3984602930425502,-0.38060052259953114,0.3934065934065934,0.39376139803152144,-0.3681318681318681,-0.36879062245322913,,,-0.07061310782241015,
2022-09-21,-0.4646616541353384,-0.5226266705133431,-0.36338587731513594,-0.3735643392622163,0.3894391795522936,0.3909267463304917,-0.5714285714285714,-0.5780993906216622,,,0.04580690627202255,
2022-09-22,-0.4977443609022556,-0.568886492649402,-0.39092382624308764,-0.39614951655685465,0.3443742172701533,0.3512336557952121,-0.532967032967033,-0.5461649456696926,,,0.0016913319238900633,
2022-09-23,-0.5092140262327652,-0.5493049609754577,-0.3735159474900673,-0.3751419560658161,0.3399591632025873,0.36999773167506156,-0.5549450549450549,-0.5603160529269324,,,0.0022551092318534175,
2022-09-26,-0.39413316062920084,-0.4731831694965243,-0.3204894455853748,-0.3195319846110149,0.22345624933528666,0.2551580037291062,-0.42857142857142855,-0.4626257934839761,,,0.0052149400986610285,
2022-09-27,-0.39097744360902253,-0.4873382492685795,-0.3514729147894167,-0.36565675091892885,0.23451843989643947,0.22540409318324764,-0.42857142857142855,-0.4653546187806462,,,0.041437632135306546,
2022-09-28,-0.3984962406015037,-0.5232939891720966,-0.3565784701575821,-0.35047035923140313,0.2643178218045722,0.18099942274592762,-0.4450549450549451,-0.5040080112884817,,,-0.03396758280479211,
2022-09-29,-0.4496240601503759,-0.5700435618234264,-0.3846029186048288,-0.384466617362048,0.25770987625945785,0.17840132120295002,-0.532967032967033,-0.5776201929438376,,,-0.021987315010570822,
2022-09-30,-0.41052631578947363,-0.513397869460314,-0.3934997684811102,-0.38484911699494495,0.2488992821993055,0.1469216925209553,-0.5384615384615384,-0.5743723094282213,,,-0.0730091613812544,
2022-10-03,-0.3337662337662338,-0.4032656055299548,-0.4004699974925214,-0.38049742851694873,0.15405791740660424,0.014304392449734181,-0.2967032967032967,-0.2539029313477534,,,-0.12699083861874558,
2022-10-04,-0.3077922077922078,-0.4003418637295621,-0.3753798804022546,-0.35669875716368143,0.10729033533674226,-0.08166218275708301,-0.24395604395604395,-0.21012890269942108,,,-0.1172656800563777,
2022-10-06,-0.36233766233766235,-0.4016747668931593,-0.43635775098410035,-0.41723404257336505,0.03301241087284377,-0.02805031531994679,-0.1956043956043956,-0.1098723755145359,,,-0.12276250880902043,
2022-10-07,-0.387012987012987,-0.42227886268678655,-0.42227226004393004,-0.3970449204196007,-0.013755171197018235,-0.09276872472094,-0.16483516483516483,-0.07070482000994019,,,-0.1647354347297626,
2022-10-10,-0.27662337662337666,-0.29600905171427044,-0.39680976930357537,-0.37617001717212245,0.3057862842810693,0.29478316921959546,-0.2087912087912088,-0.14479569941990292,,,-0.11887205250790049,
2022-10-11,-0.2675324675324675,-0.30360245837342176,-0.3935441649786099,-0.3649336784252165,0.34710875512986245,0.32046145519106656,-0.21318681318681318,-0.16899616466051146,,,-0.14707073981038815,
2022-10-12,-0.26883116883116887,-0.3068583723412002,-0.39550539505406823,-0.36900787342726454,0.32231527262058657,0.3005648561995675,-0.23076923076923075,-0.18372923383577705,,,-0.13432055749128924,
2022-10-13,-0.3649350649350649,-0.4090807703217316,-0.45178924446539714,-0.44284304494973237,0.36914740624921877,0.32111723912418716,-0.27912087912087913,-0.30123843678038026,,,-0.08379790940766552,
2022-10-14,-0.365330321852061,-0.4039915162558944,-0.3970640471395979,-0.3775120356095658,0.24229133665419114,0.18251527848729843,-0.26153846153846155,-0.2619531995818704,,,-0.11445993031358888,
2022-10-17,-0.36194240542066636,-0.3776295107325819,-0.38927497104537906,-0.366637794320348,0.2488992821993055,0.22349800435982858,-0.24395604395604395,-0.24076768679312824,,,-0.14564459930313592,
2022-10-18,-0.37662337662337664,-0.4246132438237859,-0.4271756457162775,-0.3901735789171781,0.10132183169175267,0.08435226519945681,-0.2175824175824176,-0.17869800586218723,,,-0.19756097560975616,
2022-10-19,-0.37323546019198195,-0.38138828261455876,-0.38853016143651703,-0.3436785543584623,0.07938301417073478,0.07913255234440776,-0.13406593406593406,-0.09112318198029296,,,-0.24930313588850178,
2022-10-20,-0.47482951513730126,-0.5057579200783784,-0.37564476660860646,-0.3426122192545012,-0.15934065934065936,-0.20229296215337564,-0.23956043956043957,-0.21437795197893697,,,-0.20093808630393997,
2022-10-21,-0.44675324675324674,-0.49137471191019183,-0.3491021497786494,-0.3055081675424236,-0.17079954617501167,-0.18608387709606405,-0.3054945054945055,-0.31619614517605277,,,-0.1953095684803002,
2022-10-24,-0.3896103896103896,-0.41700255278865883,-0.3713715715750014,-0.336484841311865,-0.1542705578354944,-0.22849312333453511,-0.24835164835164836,-0.23766810936150862,,,-0.19118198874296438,
2022-10-25,-0.47402597402597396,-0.47070216141000154,-0.5378778935250376,-0.48980441231758737,-0.17162898474289487,-0.21172053531126622,-0.2,-0.19859641444924506,,,-0.22983114446529082,
2022-10-27,-0.3948051948051948,-0.3858573228514218,-0.5188904003531474,-0.48150269666109335,0.054945054945054944,0.056594412460474974,-0.2351648351648352,-0.23022155778015377,,,-0.22926829268292684,
2022-10-28,-0.4207792207792207,-0.41437705179998285,-0.48973288664667414,-0.43052732110203157,0.03846153846153846,0.03807298999517715,-0.2879120879120879,-0.2844286450466717,,,-0.2482176360225141,
2022-10-31,-0.3701298701298701,-0.38052330372815363,-0.4300623475206506,-0.3768412847496765,0.06593406593406594,0.04276615830159615,-0.2879120879120879,-0.288003193666952,,,-0.14898785425101216,
2022-11-01,-0.13894380672671272,-0.15824950304925486,-0.39103022915999264,-0.3506486014019586,0.08435969626135144,0.052704519219608795,-0.12979407503570883,-0.1495937796702238,,,-0.09939271255060729,
2022-11-02,-0.189158667419537,-0.2031233322532845,-0.36010925223123114,-0.3153317321159239,0.0350879352911252,0.018895014306182397,-0.14749326708603278,-0.17138185376658607,,,-0.0854251012145749,
2022-11-03,-0.19706380575945792,-0.2188785016288688,-0.3888188657919189,-0.35030205283508126,0.06315828352402535,0.059966880026565965,-0.12389434435226751,-0.16171634886634195,,,-0.09412955465587046,
2022-11-04,-0.3181818181818181,-0.36389002728595793,-0.40372764190155547,-0.3836724020978586,-0.19090909090909092,-0.2146335228413305,-0.22418976597076984,-0.2482429722440364,,,-0.03461538461538462,
2022-11-07,-0.27611518915866745,-0.2950861942867214,-0.2887301334636839,-0.2693241852672337,0.10935169453000321,0.11451340637117245,-0.28023720746346226,-0.32695640319179564,,,-0.060121457489878544,
2022-11-09,-0.25352907961603616,-0.30337966305574593,-0.2520759705715531,-0.2526872102557881,0.12698906461548762,0.11778455837841406,-0.2359892273376524,-0.284717572029234,,,-0.022064777327935225,
2022-11-10,-0.145115753811406,-0.21144923196605858,-0.22641802123859095,-0.2254599136000989,0.10935169453000321,0.10611941023051885,-0.31563559156411014,-0.3925247382684738,,,0.0028449502133712657,
2022-11-11,0.025409373235460195,0.015567351040048234,-0.10254451251319673,-0.10066511708291868,0.24561554703787636,0.2507414568538833,-0.24483882336281437,-0.27583610619111126,,,-0.0130393551446183,
2022-11-14,-0.059288537549407126,-0.09944060351369684,0.17020958381074858,0.17089787628979622,0.021015794050150385,-0.03814920124771826,-0.20944043926216654,-0.2834800218006362,,,0.050972024656235175,
2022-11-15,-0.07284020327498589,-0.13001725419951718,0.12548720824432333,0.12749229138172855,0.007017587058225039,-0.08029088010997165,-0.25368841938797637,-0.33503550911970187,,,0.06377430061640588,
2022-11-16,0.05477131564088086,-0.018252133605551134,0.12900268423655162,0.13608164986783008,0.0665500144921429,0.003580270240015306,-0.2064905739204459,-0.2838898111665055,,,0.11640587956377428,
2022-11-17,0.017504234895539244,-0.05201156978198835,0.08789361975829647,0.09909651855769654,-0.09106844088398502,-0.17901392586500986,-0.1858415165284013,-0.21542430260257436,,,0.12470365101944048,
2022-11-18,0.0220214568040655,-0.05296934373579687,0.07841039930491822,0.10448249069251757,-0.11208423493413541,-0.21979566039256154,-0.21829003528732854,-0.2523080248235702,,,0.14817449027975343,
2022-11-21,-0.0220214568040655,-0.09457429379105123,0.004432217844229996,0.02068010102912894,-0.21678321678321683,-0.30354057706785054,-0.07669649888473705,-0.1408367853087709,,,0.13394973921289707,
2022-11-22,-0.05251270468661773,-0.1293273740918826,0.01788033973777052,0.032713901873109096,-0.2377622377622378,-0.2726061605210412,-0.1179946136688262,-0.19322960237301276,,,0.11522048364153627,
2022-11-23,-0.026538678712591763,-0.1037863452552261,0.06481694728885269,0.07365904810895062,-0.29772374904379717,-0.32283474367357984,-0.12979407503570883,-0.23999987538558978,,,0.139402560455192,
2022-11-24,-0.0762496500329521,-0.15018351894621101,0.13524872365749493,0.14945981069990608,-0.32224217543563927,-0.3317405556813699,-0.21534016994560784,-0.2891744225508142,,,0.17306780464675198,
2022-11-25,-0.06719367588932806,-0.13122526574448531,0.09918997865190578,0.09837304658726972,-0.22727272727272727,-0.2895433007996919,-0.2300894966542111,-0.27819500037847744,,,0.15030820293978187,
2022-11-28,-0.17221908526256355,-0.240849726661784,0.12374584708132144,0.12564109972988463,-0.29090909090909095,-0.330109366844652,-0.351033975664758,-0.4249112688553683,,,0.21184041184041183,
2022-11-29,-0.21513269339356297,-0.2942943689915187,0.22023416298121667,0.2460608335792972,-0.21412356236175645,-0.26880320194827895,-0.4837779160421875,-0.5698137525090128,,,0.30604890604890606,
2022-11-30,-0.23546019198193116,-0.32990745722710796,0.17589034147079602,0.19823037899593626,-0.21412356236175645,-0.2558738964703776,-0.45722912796670157,-0.505521771179943,,,0.28957528957528955,
2022-12-01,-0.13153846153846155,-0.23354689690001915,0.18868555259326297,0.18509007184480655,-0.22727272727272727,-0.22765898936759826,-0.1231356216578069,-0.17390775205768397,,,0.3523809523809524,
2022-12-02,-0.04461538461538461,-0.13491168928062092,0.1923399234179041,0.20693750286594798,-0.06833730713673078,-0.11204694609005553,-0.11405184628960803,-0.17451088528150258,,,0.30810810810810807,
2022-12-05,-0.11692307692307692,-0.17242860412049557,0.1623203032881274,0.17712385305674572,-0.5757575757575757,-0.6356675227882458,-0.05753057733192617,-0.09633893474575607,,,0.2736164736164736,
2022-12-06,-0.11923076923076922,-0.16530123912865155,0.22465525152462648,0.2492188790168614,-0.7212121212121211,-0.8049409210069206,-0.04340026009250571,-0.08443622051648302,,,0.23294723294723296,
2022-12-07,-0.03461538461538462,-0.0848363402434612,0.20056827958574536,0.21944159546088401,-0.6242424242424242,-0.6313453403451317,-0.026242017730352292,-0.07753972817217489,,,0.23346203346203348,
2022-12-08,0.013846153846153848,-0.02652384577192595,0.24588383556006366,0.27928866506554684,-0.6969696969696969,-0.7372399862916017,-0.03532579309855116,-0.06282292070799134,,,0.13745173745173747,
2022-12-09,0.06615384615384615,0.03433997612494579,0.22968908003901856,0.26945547630590805,-0.6606060606060605,-0.6764648139374383,0.01715824236215342,-0.011779119052637245,,,0.1431145431145431,
2022-12-12,0.01923076923076923,-0.012203485149883972,0.16434006283683306,0.2117551895592633,-0.7575757575757575,-0.7642412988448728,0.005046541871221595,-0.02905582937118507,,,0.14954954954954955,
2022-12-13,0.016923076923076923,-0.0027816202881220877,0.1665902569038171,0.20776920717848837,-0.6484848484848483,-0.6346313440832484,0.005551196058343754,-0.028190423447489225,,,0.10384068278805118,
2022-12-14,-0.007693787409103587,-0.009086059524777238,0.15525672552911446,0.18681272297978105,-0.6484848484848483,-0.6150769916742037,-0.048446801963727304,-0.06121224157690026,,,0.08274063537221432,
2022-12-15,0.09,0.027302978394268342,0.1271588015999778,0.11274642551171153,-0.15853953266296708,-0.3045221663851672,-0.014130317239420464,-0.0063593720305026085,,,0.09554291133238502,
2022-12-16,0.050769230769230775,-0.020178948873055016,0.18487255073380723,0.1849432816367406,-0.03658604599914625,-0.20590666300667382,-0.050465418712215944,-0.05062541021095936,,,-0.0478899952584163,
2022-12-19,0.1776923076923077,0.11770223393381138,0.10559291076832489,0.10590800256288008,-0.03039527718400323,-0.2661250019399123,0.11506115466385235,0.1250851347086434,,,-0.059743954480796585,
2022-12-20,0.2692307692307692,0.21884653933095313,0.08512264302511263,0.08698116149631248,-0.13414883533020291,-0.3945831858143341,0.17057311524728985,0.18230772976181825,,,-0.04433380749170222,
2022-12-21,0.26692307692307693,0.2268064813380427,0.10953179707873723,0.10955702854195161,-0.04878139466552833,-0.3281808630876011,0.19176859110642058,0.19297935016696038,,,-0.01944049312470365,
2022-12-22,0.3376923076923077,0.28110355930738,0.07538654645655249,0.0540557072022147,,,0.23567350538604845,0.24297763189302155,,,0.11996206733048836,
2022-12-23,0.36846153846153845,0.3367050255584428,0.09095470129288312,0.06272518278320528,,,0.2351688511989263,0.2478398230725315,,,0.30938833570412516,
2022-12-26,0.3139130434782608,0.2867069503124753,0.14672171752738847,0.11236663482810427,,,0.21746925525182362,0.25408894348864863,,,0.24350064350064354,
2022-12-27,0.29565217391304344,0.2959697189832146,0.2053727180130219,0.18614635553614453,0.2613993837824278,-0.1717191064146078,0.1532039344386198,0.20275255558272084,,,0.18532818532818532,
2022-12-28,0.3043478260869565,0.22982344596461327,0.16571952615759689,0.15178388989514127,0.10045766829498909,-0.20810669951019464,0.13599000922079735,0.1748779111952273,,,0.11456582633053221,
2022-12-29,0.35478260869565215,0.3038986746151148,0.13939885546646924,0.13709516777965342,0.19634907894020592,-0.22733479678956023,0.1532039344386198,0.16481159336011947,,,-0.054851031321619545,
2022-12-30,0.39391304347826084,0.3524298897444951,0.1964303810762813,0.19036884040050367,0.3280190742563077,0.03234101700841848,0.13713760423531884,0.15226570723721625,,,-0.045072574484339184,
2023-01-02,0.2737154150197629,0.23372023922797827,0.20274363204602258,0.2128699241065105,0.3586642707712381,0.0420497802054512,-0.13646713812899927,-0.1468595965256274,,,-0.1437738731856379,
2023-01-03,0.2183794466403162,0.17301769928775237,0.1680953421417036,0.15247649462047816,0.2978737164032316,-0.06612820742765667,-0.1721411202955011,-0.20067960838248852,,,-0.021056149732620322,
2023-01-04,0.2065217391304348,0.15261151415755514,0.15466786218379877,0.1447764251855666,0.2978737164032316,-0.06612820742765667,-0.19252625296207365,-0.21711550461793894,,,-0.06818181818181819,
2023-01-05,0.27865612648221344,0.25110565411395896,0.2351517703644189,0.23305111950788823,,,-0.17950241820287452,-0.18509719806930638,,,-0.08204736440030558,
2023-01-06,0.3142292490118577,0.2975319503307473,0.3071803396355406,0.3095965138044163,,,-0.14212967498082496,-0.14426523180724515,,,-0.06799083269671503,
2023-01-09,0.3092885375494071,0.27357827196657986,0.29346513077459724,0.28505340430720805,0.2613993837824278,-0.03224876845621193,-0.11891327388833961,-0.13214221852727392,,,-0.03590527119938884,
2023-01-10,0.2695652173913043,0.21604252733538085,0.27674626676178327,0.2638732425768717,0.3090909090909091,-0.022405535747411075,-0.17893616451769198,-0.21586655473303598,-0.36785714285714277,-0.36446515505243576,0.021543162719633305,
2023-01-11,0.2756521739130435,0.23099598524770187,0.2818521836576558,0.273643985055752,0.21818181818181823,-0.14267808526600784,-0.12570831811053043,-0.15707629725461925,-0.48813209494324045,-0.4719580278740752,-0.029793735676088614,
2023-01-12,0.3173913043478261,0.2769491315843573,0.22475542776995602,0.2005377072174606,0.20909090909090913,-0.010403327671362133,-0.03907150427759729,-0.06892793139897424,-0.33383458646616543,-0.33398694574973153,0.02918258212375859,
2023-01-13,0.25478260869565217,0.22030371586625072,0.17024712200033273,0.15330843404752897,0.2545454545454546,0.020896651206429088,-0.09909439490694966,-0.1237966621714085,-0.1909090909090909,-0.19711934884010343,0.0050420168067226885,
2023-01-16,0.21739130434782608,0.1800187225924606,0.21760614084323157,0.20291493857074475,0.21818181818181823,-0.05772481889548924,-0.11721451283279188,-0.14308304584856132,-0.17560700169395824,-0.1921533720757968,0.04048892284186402,
2023-01-17,0.1843478260869565,0.16598283314382026,0.2356502151124853,0.2296444812911588,0.1272727272727273,-0.27901391451524615,-0.14949097288819838,-0.1558968718460776,-0.0004941932446396689,0.0040025475443623455,-0.0077922077922077905,
2023-01-18,0.15043478260869564,0.12579145254672489,0.21601453955985817,0.20762782694592657,-0.07692307692307693,-0.5071441873431546,-0.14043091392527723,-0.15199531009493494,-0.020689655172413793,-0.04247730208434149,0.015126050420168066,
2023-01-19,0.16086956521739126,0.147496072683746,0.28922955156754115,0.27714796609945225,-0.04195804195804196,-0.3984693624110688,-0.1636473150177626,-0.16987344320306894,-0.13271010962161878,-0.1773092050851089,0.05393430099312452,
2023-01-20,0.21826086956521737,0.1961475686318482,0.383240161292157,0.38551075927668144,-0.04195804195804196,-0.42848751375957594,-0.09909439490694966,-0.10392943701765878,-0.2420507097566472,-0.2858332130607781,0.08655462184873951,
2023-01-23,0.06608695652173913,0.028771584555838205,0.3644869626629381,0.3720283479424112,-0.15454545454545454,-0.502793317823715,-0.2010200582398122,-0.22544087749259425,-0.28235294117647064,-0.33418857431264853,0.12324929971988796,
2023-01-24,0.12,0.06247041015522894,0.38775324593909155,0.3898061512082811,-0.009090909090909092,-0.4676883007169409,-0.1732736276658663,-0.20769590832795887,-0.2459383753501401,-0.3319718585415343,0.22380952380952385,
2023-01-25,0.16,0.10473033330186608,0.29328694613996287,0.2843223883339759,0.18181818181818182,-0.19793172778629728,-0.1732736276658663,-0.19570221683695813,-0.20995868109475516,-0.2842839590358779,0.21624649859943978,
2023-01-27,0.18230769230769234,0.10172431767700459,0.3857655171012375,0.30233829614096247,0.17482517482517487,-0.06623095980722998,-0.15685227079557176,-0.18480940849831848,-0.22914769998066678,-0.3498287542796462,0.3047619047619048,
2023-01-30,0.19230769230769232,0.11603646906013605,0.4243925679479712,0.3540393506497485,0.2517482517482518,0.09843407477892613,-0.16024979290666716,-0.20836243781571187,-0.25406162464985993,-0.3633346753459178,0.26134453781512607,
2023-01-31,0.23615384615384616,0.17312085844998093,0.4279820748592796,0.3730141443327117,0.30069930069930073,0.10701569244023819,-0.11778076651797446,-0.14894685108015293,-0.19439775910364146,-0.2766257048071844,0.2016806722689076,
2023-02-01,0.13384615384615384,-0.011143360248745281,0.4084308521089755,0.3419228500319346,0.20979020979020982,0.012423889627182641,-0.34915941907049386,-0.5131295308098044,-0.2430863254392666,-0.3597616760325942,0.27364400305576775,
2023-02-02,0.12461538461538461,-0.011842309020416195,0.40677979350808824,0.3496154042581124,0.4545454545454545,0.4481255613016212,-0.3471811787358168,-0.4985016326212891,-0.24891130029096306,-0.35864331523950804,0.28189457601222306,
2023-02-03,0.09642674102291175,-0.027717710698240295,0.37546980977931893,0.33416406696271717,0.27272727272727276,0.21623636741771235,-0.3264096552217081,-0.47337582332674816,-0.26080257785085664,-0.3464132796464967,0.20252100840336137,
2023-02-06,0.10153846153846154,-0.0010911994284776034,0.3619362179543863,0.31804096301980134,0.14545454545454548,0.1263111885024734,-0.36498534174791003,-0.5173454807852566,-0.23616753278339533,-0.3260632906234081,0.24481792717086837,
2023-02-07,0.12615384615384614,-0.02477769817093919,0.28523661839275477,0.2367759404748458,0.20909090909090913,0.22651076638608056,-0.35311589973984786,-0.5474774686586255,-0.25213977785656266,-0.3599837204877404,0.2787644787644788,
2023-02-08,0.10538461538461538,-0.041415950269453286,0.2596497934878921,0.21655232022377727,0.3545454545454546,0.36838023713789236,-0.34087076618573253,-0.5059888363727908,-0.17960213649801327,-0.24051579955228145,0.21932773109243697,
2023-02-09,0.11863247863247862,-0.06332638414044821,0.2036619360559828,0.11439512501082576,0.34965034965034975,0.4050640961345697,-0.34313193213057985,-0.49546443811929586,-0.15962925348856727,-0.23468824061162302,0.22522522522522526,
2023-02-10,0.10358974358974359,-0.08756002944495293,0.30527462333678246,0.24236908054216474,0.38461538461538464,0.5363005818762419,-0.41096691047599937,-0.5889626549057984,-0.0987193515140294,-0.17021526689506478,0.2141570141570142,
2023-02-13,0.07418803418803417,-0.0412122555316901,0.28960794191212,0.24669454441515717,0.26373626373626374,0.46973134152069423,-0.3860940850826789,-0.541127427517695,-0.0586948132034369,-0.10122385481825379,0.2141570141570142,
2023-02-14,-0.003076923076923077,-0.10572687487922602,0.2835409425953905,0.28060471513918,0.23076923076923078,0.44776610284488366,-0.4369703188417435,-0.577395066250196,-0.050711114076307136,-0.0603537672216745,0.05662805662805664,
2023-02-15,0.08230769230769232,-0.01819229730871667,0.2765192918943254,0.2618709829751719,0.25274725274725274,0.32047307067024294,-0.3985304977793391,-0.5533989155329071,-0.02818714208809966,-0.0402769778054583,0.09214929214929216,
2023-02-16,0.0626086956521739,-0.050711681372150805,0.2587804292889314,0.22320880195392784,0.3636363636363637,0.4705021002233907,-0.37026592346874765,-0.4950651103403243,0.01932908471719561,-0.0024927042966589774,0.18151260504201683,
2023-02-17,0.10923076923076921,-0.004241502476707775,0.3623590599094129,0.33324611244610736,0.31468531468531474,0.4527284734456194,-0.30959461237695346,-0.4566578368562062,0.011197631788423153,-0.014944826927037646,0.19691119691119693,
2023-02-20,0.21367521367521364,0.11677226773517045,0.3656523943319855,0.34275458568535805,0.33516483516483514,0.3630473271844971,-0.22650851832051866,-0.35158921003767973,0.009246636255944483,-0.016859311315749786,0.1960644855381697,
2023-02-21,0.22538461538461538,0.13394803418057616,0.41008791683254503,0.37595555250690776,0.39579745461116567,0.4377348226323937,-0.14935714526811494,-0.2769037581371809,0.057258016815656225,0.0278001975572601,0.24442863916548122,
2023-02-22,0.20153846153846153,0.13035847821456978,0.43024243804533324,0.3948257781375474,0.2767079549936468,0.3941728471120283,-0.1780416301209317,-0.2963790001161615,0.013632861146584813,-0.01085645981357616,0.2430061640587956,
2023-02-23,0.19,0.11899503104030852,0.45701187898967927,0.4357873583322661,0.3272727272727273,0.43783168013099755,-0.20375875447173292,-0.32386430069879135,0.0003556398559978647,-0.02752130071310834,0.20578473210052156,
2023-02-24,0.22188034188034186,0.18386731062278855,0.45975089239599043,0.4475810569204179,0.08056054385890982,0.20108782592205207,-0.16320482761085406,-0.24844172888884447,-0.03591962545578433,-0.050885887157265004,0.17306780464675198,
2023-02-27,0.1747008547008547,0.12363225132185024,0.4326887347790665,0.41014234235853564,0.07152689022449482,0.10232618131179698,-0.20573699480640997,-0.2890063176152655,-0.10349733327030149,-0.11944149070986249,0.20436225699383592,
2023-02-28,0.20846153846153848,0.14696576654529878,0.43470996941451484,0.41237522695563406,0.054945054945054944,0.043226414797200075,-0.20180906057762277,-0.2875845938322024,-0.16268743196053867,-0.16649870519205037,0.20025740025740027,
2023-03-01,0.20205128205128203,0.1442368642765611,0.4105008645463364,0.3897938887739101,0.013201328120416732,0.03546690069971731,-0.10631833510962371,-0.23553406774028351,-0.20709183388014768,-0.2166617533719429,0.17683397683397684,
2023-03-02,0.23145299145299145,0.18544102740529683,0.4223242824456953,0.3876160104401076,0.08800885413611155,0.10473869540130856,-0.11285429833357599,-0.22849504819953648,-0.15683717649505835,-0.18118647488691308,0.22475106685632998,
2023-03-03,0.16786324786324786,0.10788729667976125,0.3653038096272018,0.3331225973085109,0.10341040360993106,0.09416065167067493,-0.12418330125509328,-0.22614161509245065,-0.12032481794594423,-0.13988325936027612,0.21431958274063534,
2023-03-06,0.14324786324786323,0.07740511153178788,0.3706738469969152,0.32898528693811213,-0.0022075270337830345,0.011153129309419092,-0.13071926447904555,-0.22938769015994462,-0.027929725265377285,-0.03338346253740573,0.2175032175032175,
2023-03-08,0.13094017094017094,0.03126185452784953,0.3714460800220181,0.32774172947951086,0.08609355431753833,0.04501316594405542,-0.12549049389988373,-0.22722865036832007,0.022286764309199524,0.03318478983960834,0.2508297771455666,
2023-03-09,0.11931623931623932,0.04515067154637837,0.3679706644430193,0.32710533613772536,0.05518817584457587,0.04371539882834637,-0.13986961299257872,-0.22146760785427996,0.06105150861296678,0.09349168698017438,0.2856804172593646,
2023-03-10,0.11316239316239315,0.06486651400664396,0.3480942250897132,0.31077200180458325,-0.015452689236481243,-0.03794950072186523,-0.10152529541205871,-0.1573015743131654,0.10592548027016363,0.15143955551399554,0.2701608491082175,
2023-03-13,0.1576068376068376,0.11788538295667127,0.3852080161057753,0.3600118380898613,0.11233507426694317,0.08917076353584685,-0.09978237188567143,-0.14367233048192427,0.16118619053507338,0.17933936860508976,0.26994200678411207,
2023-03-14,0.22666666666666666,0.1922804902557056,0.3848093629034715,0.36422575238357235,0.05726886139099064,0.05060371990810572,-0.012200464684710918,-0.0639889289884061,0.12056191118327614,0.1291154381052768,0.22261735419630155,
2023-03-15,0.19999999999999998,0.17793184451315958,0.3961182957290699,0.37441872567410805,-0.08803309566091672,-0.10511674410060018,-0.027886776422196384,-0.062468800649588416,0.09139944299145122,0.08713768776438405,0.23091512565196773,
2023-03-16,0.20615384615384616,0.19228881297765485,0.39917476406031277,0.3836432779301738,-0.06602482174568754,-0.08164684684319855,-0.013071926447904557,-0.04805349330085087,0.03710509164244389,0.02891933654178255,0.20128022759601705,
2023-03-17,0.14384615384615382,0.10543518548420276,0.4161791801404216,0.3848157845082708,-0.12379654077316414,-0.13359395794434212,-0.05141624402842458,-0.1180098231698715,0.09344230664822079,0.10531282957660876,0.22084942084942086,
2023-03-20,0.16102564102564101,0.10333810843844313,0.4608682844717632,0.417342823020948,-0.05280531248166693,-0.056236663316603076,-0.06971694105549096,-0.15590062337192775,0.07835931493819619,0.10350765899639085,0.31626363205310565,
2023-03-21,0.1952136752136752,0.13250398613868722,0.46579537355927875,0.397044909265548,-0.015401549473819522,-0.009197440378083893,-0.03616566317253594,-0.1479729017323308,0.07468436975955159,0.09751471218600208,0.3354670459933617,
2023-03-22,0.24786324786324784,0.1973718723416405,0.4582846254481482,0.4148928736792135,0.0879120879120879,0.08549418134684052,0.041394433751697754,-0.013861915134679093,0.1625691865700456,0.20218009443837115,0.32123552123552124,
2023-03-23,0.24236874236874237,0.20006094459684334,0.48696594355877265,0.44095591144085794,-0.13656420793236226,-0.13329707740188726,0.10867072195088157,0.08517994935703743,0.2061647910160988,0.2356307975824761,0.34850640113798004,
2023-03-24,0.25274725274725274,0.23904697972865546,0.41250209501468293,0.4060209458107936,-0.0997821951379783,-0.031978008259869205,0.10327572157034132,0.08886136011563331,0.1462127553063069,0.12690406839002677,0.2813384813384814,
2023-03-27,0.3235653235653235,0.2649156646778173,0.45667571322082795,0.4169018890932809,0.07192426489454565,0.13263234555821976,0.1102121506310359,0.07183509056610779,0.04656106084205801,0.0311878968601013,0.3406882591093117,
2023-03-28,0.2973137973137973,0.22622928262738748,0.46395470126838423,0.42709737463309216,0.0,0.052664519298332095,0.11098286497111308,0.06637830343954494,0.03380737895923342,0.001993508505910082,0.34797570850202436,
2023-03-29,0.18925518925518922,0.09545763960029877,0.41017060380029013,0.3406402703871338,-0.26970269031026334,-0.21072009406361816,0.04894036059490055,0.03176828095541054,0.05911230332991712,-0.015668564302196944,0.3862348178137652,
2023-03-31,0.3147235905856595,0.275279566872945,0.4424810744557981,0.36890611257668343,0.01100413695761459,0.1271503889571407,0.07360321947737013,0.035873432269080026,0.06520005635954566,0.022045327060535195,0.3615384615384616,
2023-04-03,0.17952928297755882,0.1342902371832723,0.3663729676141357,0.28310932087533414,0.09285714285714285,0.2531848417709167,-0.10740252263230451,-0.18769024684242638,0.1500936453359786,0.10879541358099307,0.38588850174216033,
2023-04-05,0.20142309797482214,0.16519467955787706,0.40091940427169587,0.33746164244524834,0.15935599103883485,0.3051131164575245,-0.05722265550081798,-0.12796671311219726,0.20985234568448777,0.19453899044967718,0.37874564459930316,
2023-04-06,0.11001642036124794,0.0354711171053014,0.3818928133023544,0.2959505866351614,0.04830061395837283,0.2652381815402897,-0.069547535147148,-0.18215599948947814,0.20559157279824078,0.21077504361093957,0.4180374361883154,
2023-04-10,0.1590255933873997,0.07277763959809909,0.3467010157043883,0.23073325420540003,-0.017857142857142853,0.09525422299940269,-0.08715450607047662,-0.23214007830340633,0.2309833496556008,0.19434271053223734,0.469838056680162,
2023-04-11,0.19978106185002736,0.08614485470085022,0.3429233506675229,0.1937792244547309,-0.010714285714285713,0.0663582446869373,-0.04401742730832152,-0.1553641815246489,0.23989068303408145,0.13714802291900985,0.4823886639676114,
2023-04-12,0.278998778998779,0.28476307586347965,0.3458619969191517,0.2032066679501914,0.11453772278198128,0.28795756109187554,-0.05017986713148654,-0.029853030505750434,0.3532060607103445,0.2951910041450288,0.4585365853658537,
2023-04-13,0.23931623931623933,0.2620139336290323,0.3290460533755877,0.19570728655293848,0.07692307692307693,0.23509573928254582,-0.056342306954651554,-0.041366352833052004,0.3254355400696865,0.3003287833348486,0.4193379790940767,
2023-04-17,0.21162393162393162,0.25149025189895396,0.37968037219155437,0.2859579699053903,-0.0027510342394036474,0.13492117524965871,-0.04929951858532011,0.0005020321249552144,0.3598588792123782,0.3227758365513873,0.3773519163763067,
2023-04-18,0.2772649572649572,0.29696111299088424,0.43131373306980425,0.3348939153801058,0.05502068478807294,0.23784771703137406,-0.035213941846657215,-0.011820011052679333,0.39213169333272246,0.31786497143731013,0.4080338266384778,
2023-04-19,0.2909401709401709,0.30115976973053704,0.40264682261885804,0.32366508961969986,0.06602482174568754,0.24180948754576947,-0.056342306954651554,-0.061321424552618804,0.24539414074297797,0.17415773235036014,0.3545756569012383,
2023-04-20,0.3497435897435897,0.3506698822427251,0.47131129610117267,0.3947157976092665,0.1678130886036225,0.33551023435425653,-0.061624398231650133,-0.07686334505124735,0.3743723338644277,0.3401018886416582,0.346723044397463,
2023-04-21,0.3367521367521367,0.3525472593152378,0.5107681033709419,0.4422773074607123,0.15130688316720062,0.32654975854580576,-0.06250474677781656,-0.06511892346475004,0.2832980972515856,0.23911582469508455,0.3163696768347931,
2023-04-24,0.3292307692307692,0.3133708828677667,0.45941165573924525,0.393366170956485,0.06060629057822995,0.15936238832876104,-0.07394927787798017,-0.09150471292963003,0.2417146098371283,0.218118151009658,0.28190584231423715,
2023-04-25,0.33606837606837603,0.3465655595910283,0.47144405361643915,0.4201955219164739,0.008253102718210942,0.1956717444841148,-0.07659032351647946,-0.06201759966336017,0.2435819993959529,0.22189766759965396,0.2650256720024162,
2023-04-26,0.3028083028083028,0.29904760835476796,0.472948347298647,0.4337048703063058,-0.05280531248166693,-0.09228473841665417,-0.059863701139317264,-0.0011741008968940642,0.21067193675889326,0.18575528061564095,0.22160737812911724,
2023-04-27,0.30315982645984413,0.3006778401376536,0.4828983770567362,0.44230922345832546,-0.011001106767013944,-0.036054128971349214,-0.09155624880130878,-0.03878075332907209,0.18787878787878784,0.1585170138562246,0.2297760210803689,
2023-04-28,0.3229548229548229,0.3168826514807549,0.4260820356138405,0.3904121160995903,-0.026402656240833464,-0.041216747122020884,-0.0431370787621551,-0.0035796188889522136,0.1544137022397892,0.13296272260996433,0.15955204216073782,
2023-05-02,0.07203907203907202,0.08863094525177727,0.47149398622200284,0.44663040429435763,-0.06877585598509117,-0.07224935053931528,-0.2396830486306968,-0.17264922518989953,0.1453227931488801,0.12748222393085681,0.1638998682476943,
2023-05-03,0.037948717948717944,0.04092806708578928,0.45665245090600237,0.393144921937437,0.010526380587337557,-0.025775719255006952,-0.26226188654518273,-0.18172570127096468,0.12523344734509478,0.1140574268374674,0.29584214235377027,
2023-05-04,-0.02222222222222222,-0.02654283378929835,0.47299181760037584,0.41313680107359724,-0.05785145918831041,-0.1234579074910025,-0.32652473291718115,-0.2275258782563077,0.160676532769556,0.1561471243119925,0.25792811839323465,
2023-05-05,0.07965811965811966,0.11964936119547222,0.46188029808294573,0.43206089228365757,-0.13774156949597716,-0.2006980781615982,-0.25965663601658817,-0.14257596474540107,0.19844961240310077,0.23970756700249285,0.21423537702607467,
2023-05-08,0.15968541864432548,0.19879075332456095,0.5159463541015885,0.48177088814771557,-0.07438044752782767,-0.17634806206960477,-0.244025132845021,-0.06862795071336197,0.2066243833685694,0.2518749354920957,0.3002114164904862,
2023-05-09,0.11179487179487178,0.2776614467776714,0.4142527369081875,0.3824349190935138,-0.06611595335806904,-0.14597161525856678,-0.2214462949305351,0.13508210257919767,0.1517970401691332,0.18737415037048472,0.32713178294573636,
2023-05-10,0.07692307692307691,0.267974501815569,0.40679591468168785,0.3772936081912722,-0.22038651119356345,-0.24791552732054853,-0.22318312861626474,0.11715368741998419,0.15004052301502918,0.19374072299071096,0.31656095842142346,
2023-05-11,0.10258163938607634,0.2901793473030273,0.3903119069533402,0.36152254060077244,-0.20661235424396576,-0.29678250343041007,-0.16673603383004995,0.12765599378020695,0.18104936760244714,0.2233405379302888,0.27695560253699786,
2023-05-12,0.21029236074145652,0.3118604634600966,0.3646028775821896,0.334323980273053,-0.1597802206153335,-0.21752973909895143,-0.15631503171567185,0.041915456843042605,0.15835653133620037,0.19117399058131396,0.26892177589852007,
2023-05-15,0.22735042735042732,0.3127400493198716,0.3528181910765733,0.3035096381477943,0.02754831389919543,-0.07117321375621388,-0.1059468548295109,0.1601639080521629,0.15574896940498567,0.15917189617864977,0.34728682170542635,
2023-05-16,0.16618225580544368,0.37123694488438724,0.38052095274628944,0.3396659869442445,-0.1623110201248152,-0.22810214987602548,-0.10247318745805152,0.22849329643963245,0.13460183227625086,0.15254870538687754,0.2904862579281184,
2023-05-17,0.1288888888888889,0.24336092310094118,0.38691410240620183,0.34970231887267883,-0.18982136251885168,-0.32052016864883287,-0.12678885905826714,0.07058277454064807,0.10528912230364189,0.12013379491375868,0.2580690627202255,
2023-05-18,0.08307692307692308,0.17902091936198905,0.3358320864393228,0.2948937236858998,-0.25309515002513555,-0.3428524666492857,-0.17194653488723902,0.012458298073322039,0.03689186075323935,0.03418728127444909,0.24347826086956517,
2023-05-19,0.11782661782661781,0.16267545258970947,0.3204048676333597,0.2564290040641793,-0.10121018225652828,-0.1841311858340793,-0.19626220648745463,-0.06388873240565277,0.026026087773328748,0.022551941781533864,0.29781066913351834,
2023-05-22,0.09189436834281278,0.15002607630695722,0.23735085605257428,0.16213019157904118,0.22882302075389002,0.28372595652986776,-0.13373619380118587,0.034347151354400376,0.0017885226194941557,-0.003004737575529043,0.2950971322849214,
2023-05-23,0.1386259606608456,0.16219937518911676,0.20640796216736335,0.13218166211809115,0.3577823256175765,0.4115051977070973,-0.17715703594442808,-0.0033985671004337415,-0.024861958323245077,-0.01721626406505661,0.30376965772432934,
2023-05-24,0.1258894362342638,0.14470662604867932,0.20072594114356507,0.11012969846416355,0.40295477292074333,0.49401095461106964,-0.15370978118707732,-0.016834355806970517,-0.03584747479165569,-0.04867127604547038,0.26803885291396856,
2023-05-25,0.20415982484948003,0.22165008981513704,0.2479204948407841,0.16328652781182923,0.35640686664207727,0.47815666593916323,-0.11636785694388903,-0.0019708982433502085,-0.05180538292471533,-0.06971347507891613,0.2534690101757632,
2023-05-26,0.1684981684981685,0.1503604265782542,0.19252732954934815,0.09385695270614934,0.2895443515428165,0.31131321977171245,-0.16326236645859057,-0.06706707230608988,-0.029024890879695415,-0.03842006472639703,0.2595975948196115,
2023-05-29,0.09743589743589742,0.051600952645822006,0.12052560173716467,-0.043411094102133806,0.2709257673496865,0.23531909657499966,-0.19713062333031947,-0.08127723463368196,-0.09818372449085158,-0.11094157556363805,0.41387604070305267,
2023-05-30,0.107008547008547,0.12164069555955966,0.16996229398412332,0.09732360440590729,0.2621151732895341,-0.03264800696164655,-0.19799904017318432,-0.022398331694869437,-0.09285652341193393,-0.10037432437315993,0.3503700277520814,
2023-05-31,0.10974358974358973,0.07584765739736503,0.11475294540062685,-0.008971946415656306,0.25742589834812624,0.15765257436899277,-0.1919201222731304,-0.05514872299585222,-0.08140610545790936,-0.11785246526690062,0.3608926919518964,
2023-06-01,0.06043956043956044,-0.16514023691206134,0.07224415070368187,-0.0544567175369246,0.2310232421072928,0.16431391519689326,-0.0661668367922615,-0.175108893224375,-0.12303422756706754,-0.17133894562541624,0.33915356151711384,
2023-06-02,0.11904761904761904,0.029018630351935686,0.07049452259814322,-0.05130250807184729,0.3588235294117647,0.35334636793712937,-0.02252488061013157,-0.12139436574157972,0.005724197754581502,-0.03498440129973146,0.3381128584643848,
2023-06-05,-0.015873015873015872,-0.17263716286353717,0.12597595295259803,-0.01454565085074877,-0.09271525688857848,-0.0993099346458612,-0.036602930991463806,-0.11932328623584525,-0.01888943171647717,-0.06425668279842327,0.36669561441597914,
2023-06-06,0.019953196357777613,-0.0412949182182664,0.1834953080402644,0.04965332484086366,0.02329859420136533,0.08000642865927134,-0.05701610404439554,-0.1464781812980854,-0.028226353737206583,-0.06809399778203926,0.3422709509335649,
2023-06-07,0.04236453201970442,0.00697389477773366,0.20869852862667745,0.07034897188021849,0.04414470480258695,0.1629109554644873,-0.06898244686852793,-0.1412315777741798,-0.003528294217150823,-0.07516178222917318,0.38189318280503687,
2023-06-08,0.14833059660645867,0.08106765084234344,0.19357113415774613,0.07544797580282307,0.16777046484599917,0.3003382150153357,-0.027452198243597854,-0.08777163531740469,0.06048165624529802,0.008378809934406792,0.34019426456984275,
2023-06-09,0.12216748768472901,0.07704367287973189,0.20602187555326357,0.07196035145065358,-0.10920253619073152,0.09447196553897756,-0.028860003281731078,-0.06604914950228057,0.02876994914360188,0.005352411387962409,0.31437255753365173,
2023-06-12,0.13683634373289547,0.06888882231427398,0.20608776038714688,0.0802275549341045,-0.12067700102957835,-0.011030358304371626,-0.004927317633466282,-0.03782915679647246,0.008305061772678092,-0.021637529220211928,0.28137212331741207,
2023-06-13,0.11494252873563218,0.04532210931335017,0.23257346360825723,0.11314695397934739,-0.07799854944594697,0.15065852582457145,-0.01689366045759868,-0.055467031022172854,-0.0041252781909547846,-0.032350546723144157,0.27225358228397745,
2023-06-14,0.13519430760810072,0.058530816440029325,0.2643871278186806,0.15713660103859373,-0.04562179307215766,0.2066063279680188,-0.04082634610586347,-0.09567457622388273,0.006187917286432177,-0.016484838206221233,0.2584672166739036,
2023-06-15,0.1320197044334975,0.03209501716275299,0.21746638748650116,0.11995306843668152,0.06499081540380856,0.23927925570794645,-0.08728391236425984,-0.15142223738948898,-0.03964791459738341,-0.05752388833151561,0.19714285714285712,
2023-06-16,0.1463054187192118,0.04461845107096132,0.19669287696577245,0.06542173815023397,-0.058823529411764705,0.06887927952179837,-0.05877586034206207,-0.1229908200276923,-0.03582663010574093,-0.07131268444849781,0.2388955582232893,
2023-06-19,0.055281882868089764,-0.10672400693538399,0.210438055488629,0.08686849716795468,-0.14716707442631505,-0.13214717458993802,-0.07250195946386101,-0.13857602825432458,-0.022091487732762503,-0.06452039039771454,0.24869147659063626,
2023-06-20,0.07881773399014778,-0.05818557709160635,0.23690982408480007,0.13258361226748752,-0.1002213208166475,-0.06378727793459275,-0.07566952079966074,-0.11960539426970053,-0.041154437235312584,-0.07686616526099632,0.20873949579831932,
2023-06-21,0.08669950738916254,-0.03944171523477604,0.2207829790928321,0.0870195970148974,-0.039239737602299506,0.008961906691706498,-0.1337414786226562,-0.1992801535750633,-0.05099884754247604,-0.10945342014426004,0.2843217286914766,
2023-06-22,0.09901477832512312,-0.023259295044384124,0.2391140960054638,0.11319399147816689,-0.02084611060122161,0.04262004078661514,-0.12036733076039059,-0.17770810904269868,-0.017287329832829983,-0.06008376145264556,0.2496518607442977,
2023-06-23,0.13103448275862067,-0.012331265692396997,0.2238413300054335,0.0837393364683822,0.013415892672858616,0.05396843772919867,-0.14746757774445515,-0.20568686121111704,-0.023674606250885768,-0.057458529807860995,0.33647058823529413,
2023-06-26,0.08866995073891623,-0.14967098099061898,0.21787273492570067,0.08231037025490291,-0.0907418932053176,-0.12283990133250232,-0.18055099614058587,-0.2862314598329815,-0.013302278710046932,-0.03165083566213783,0.3708523409363745,
2023-06-27,0.0881773399014778,-0.12011062541016344,0.23928757660716063,0.09718048173248305,-0.0036809843659797144,0.01913498528230442,-0.15485855419465455,-0.2369251584899507,-0.018679920291585734,-0.03770544855461122,0.3831452581032413,
2023-06-28,0.0894198799737441,-0.06451890411460082,0.22725301651287877,0.11899109063276811,0.08578431372549021,0.03497334567632162,-0.14676367522538852,-0.18288276448106228,-0.0752995415788938,-0.09153090435184007,0.28412965186074424,
2023-06-30,0.0669950738916256,-0.06992519417060315,0.2404510675245176,0.14213092912482356,0.013496942675258953,-0.07947803352100988,-0.13690903995845596,-0.1654993166439197,-0.056906860185579826,-0.07837150166277153,0.2799039615846338,
2023-07-03,0.028078817733990142,-0.23112000069793515,0.249624148772308,0.13861119558404097,-0.057810971694978446,-0.10521737844468036,-0.116255863296093,-0.17369959699714957,-0.0790453095911092,-0.10978625875325482,0.28259303721488593,
2023-07-04,0.07684729064039407,-0.22551510575271394,0.24254268333982762,0.11018016383373927,0.061577101816052165,-0.07274616144142035,-0.07226715826513888,-0.1655847934859107,-0.13027738825049032,-0.1940964896822392,0.3400904977375565,
2023-07-05,0.034482758620689655,-0.2740350524273471,0.25045460796821384,0.14274361265440935,0.07862431594647298,-0.14809654274489892,-0.1483746003028214,-0.2443495217170898,-0.1292453905771113,-0.206544943620282,0.3273303167420814,
2023-07-06,0.09359605911330048,-0.16210479984302842,0.24376341018996786,0.15430197427241452,0.2774713115383583,0.27333118872509216,-0.1057823620982468,-0.22375978887471218,-0.09516483041132623,-0.14990842921928968,0.26262443438914024,
2023-07-07,0.05850945494994438,-0.16443468719096804,0.20991206290246883,0.11756879018068266,0.13147061329422555,0.006391345028023889,-0.10368766185867756,-0.1780924222428288,-0.09122584741680739,-0.14162490508753808,0.25963800904977374,
2023-07-10,0.023804226918798663,-0.204117668655082,0.17519477164432656,0.07263847984569442,0.07971052932012099,-0.10409713505923271,-0.13580639886540596,-0.2126378982423219,-0.13896556419494818,-0.20252296269950523,0.27773755656108595,
2023-07-11,0.037500000000000006,-0.13993444961197002,0.20991152805316407,0.13500980686146855,-0.01317524200177381,-0.1523454446211862,-0.14209049958411368,-0.20476456482153743,-0.11510480447025963,-0.15373185320344232,0.21872749099639854,
2023-07-12,0.03024193548387097,-0.13029780833069315,0.16011333517501064,0.09541474232399785,-0.004389817319621808,-0.15536733144918508,-0.1630375019798061,-0.20768772456556203,-0.12283903202792251,-0.1468519457208563,0.18540216086434572,
2023-07-13,0.04153225806451613,-0.1152562811211397,0.1358043726940045,0.07406224977837642,-0.07374893096964635,-0.20601795320851,-0.1015929616191083,-0.13854308736823312,-0.13189448458415362,-0.15310753387856124,0.1874489795918367,
2023-07-14,0.04637096774193549,-0.10096075781865095,0.10522095829407141,0.0442341540555014,-0.03687446548482318,-0.14629035930668965,-0.07785302557065688,-0.11799914533629179,-0.1415342228578619,-0.15721460761079664,0.1877551020408163,
2023-07-17,0.07230255839822024,-0.037276406298295775,0.1399491131590501,0.06977122469374546,-0.07656518112762141,-0.170044007340377,-0.06319012389367218,-0.07872756436145095,-0.10161352297540423,-0.1162603030943953,0.23543817527010802,
2023-07-18,0.1350389321468298,0.028226897951933803,0.1592690103958374,0.09603771051846126,-0.04966390127197064,-0.15379029633781666,-0.052716622695825964,-0.06015898234406447,0.012053110522334237,0.001841752475901172,0.24782713085234095,
2023-07-19,0.09578544061302681,0.022303461181827817,0.15707808894866016,0.08434902922899262,-0.08856148855400953,-0.13949856502292174,-0.028278453234184788,-0.03352101212786033,0.08138170325405222,0.04204624185166742,0.2593877551020408,
2023-07-20,0.09901477832512312,0.0610241471558481,0.11183074457445735,0.035265205836911805,-0.06138745830494652,-0.059079424393539325,-0.07645655874427738,-0.09049498987904896,-0.009439738798006784,-0.07648865699118783,0.23428571428571426,
2023-07-21,0.032512315270935954,-0.0009826890067284565,0.09597532882032292,0.02800319281198096,-0.03437697665077005,-0.027206892880296322,-0.16932160269851385,-0.18839397957588344,0.04755223349081734,0.010439002511815103,0.21255102040816323,
2023-07-24,-0.05090311986863711,-0.15425346114309862,0.09622205203065794,-0.05822214554691006,0.10596029358694682,0.08955551858928006,-0.1846827377886883,-0.215568925969346,0.024643485811228303,-0.045830301013962044,0.3346938775510203,
2023-07-25,-0.10727969348659004,-0.23528547750944617,0.16605596874139048,0.030405499235819332,0.02207506116394726,-0.010479094280850998,-0.276849548329735,-0.31993812280684997,-0.011312729094346153,-0.09616492818081637,0.28696832579185516,
2023-07-26,-0.174055829228243,-0.27697905407268403,0.09723127265084507,-0.013079589071261402,-0.0058910225891252435,-0.055834620786625565,-0.2894177497671505,-0.30950471478831965,-0.02108692703186123,-0.09567724705362544,0.24705882352941178,
2023-07-27,-0.20415982484948003,-0.3085419241797372,0.05780817464956376,-0.07365463906733073,-0.0530975761509718,-0.07773783223252703,-0.32363118701344806,-0.3216619381834238,0.005972850678733032,-0.06073352101055867,0.2743891402714932,
2023-07-28,-0.12260536398467432,-0.25240879686599,0.05059305749165607,-0.10923072095979595,0.05604744149269246,0.005238863333158867,-0.2607901798263708,-0.25528834707506437,-0.002352941176470588,-0.07160583878421033,0.30081447963800906,
2023-07-31,-0.13902572523262177,-0.2568544399899722,0.0821613633608258,-0.08814557292586252,-0.25830434161586113,-0.2582439183501145,-0.27056544761102724,-0.25818578227290007,-0.01579831932773109,-0.07895387715010635,0.3333973589435774,
2023-08-01,0.0755336617405583,-0.057115773604973614,0.09380331694337264,-0.07364194017609671,-0.2533139713323855,-0.25142380805279063,0.10787706233781602,0.08215805743967357,0.03235440520983,-0.017053174417872165,0.3350226244343891,
2023-08-02,0.14285714285714285,-0.028610604872459002,0.1360946763610054,-0.0792670772519922,-0.14580280908084978,-0.1580703861980103,0.12882406473350846,0.11336914985134212,0.02766334399148658,-0.02365203386697606,0.3961410398702297,
2023-08-03,0.2118226600985221,0.12167442566035148,0.0481780159364431,-0.13031906753738698,0.054020963308352946,0.054010013901169766,0.1351081654522162,0.15337526717549438,0.05749304524287359,0.02499927841997658,0.2975326560232221,
2023-08-04,0.2748768472906403,0.15990351535669112,0.17682631682611852,-0.02630655836625599,0.17097287373621284,0.17045515752962576,0.1392975659313547,0.17512461562842857,0.09155965893770739,0.03495763301923517,0.3721174004192872,
2023-08-07,0.2088987764182425,0.04101553005068056,0.21003203144823687,-0.03374436547852817,0.10330584024841828,0.1018120976172166,0.1441851998236829,0.11704379444376713,0.10349554497787976,0.04622207574493876,0.3642154491211095,
2023-08-08,0.26896551724137935,0.10049513652013002,0.2006014024287676,-0.03260347025305316,0.10847113226083921,0.10755303460921858,0.14488343323687267,0.09197158971221131,0.06894327304720467,0.010068585088913323,0.44468634091275594,
2023-08-09,0.2565072302558398,0.11115804915219041,0.16085857150701038,-0.05845497444942798,0.16942157800740598,0.1669828335649187,0.18677743802825755,0.1922944430959919,0.08490928502934321,0.029152950531579694,0.33979339195765385,
2023-08-10,0.2164627363737486,0.06652486230948361,0.14422189675482716,-0.09326429488096578,0.217054524433213,0.2166444739475335,0.21051737407670898,0.21987954717714492,0.11222078227257917,0.028256365733768815,0.36878216123499136,
2023-08-11,0.2014778325123152,0.023191402376353115,0.21543623310225463,-0.14570616853284726,0.1399634049352781,0.11683715483772512,0.18119157072273956,0.16227152659097818,0.07076184944120413,-0.06798251948043244,0.5183841315916787,
2023-08-14,0.10656284760845385,-0.10723083835894495,0.14383451112244133,-0.2690608010487742,0.13540067952738524,0.11895486263899262,0.1337116986258367,0.1071776531518145,0.05577703639536621,-0.07643961684434895,0.5397546897546899,
2023-08-16,0.10211345939933258,-0.14310029593497925,0.18274875557401823,-0.2433186944031869,0.09824219564619134,0.10162271411844197,0.1057823620982468,0.044458601193460054,0.08054893775261818,-0.03523648373998173,0.5199542595769011,
2023-08-17,0.07459677419354839,-0.18330707060182186,0.19098557416655768,-0.19855617327222772,0.1062802854809754,0.08183770069787426,0.08274065946298512,0.009076803829203157,0.11289412180887148,0.02753804476907983,0.5079825834542815,
2023-08-18,0.03759733036707453,-0.3118282327884872,0.1857825773822703,-0.2876551704779821,-0.050646055701083034,-0.1606063144566496,0.0694742246123799,0.0007028852773759289,0.14574795135093604,0.0834677482925197,0.5710748740715443,
2023-08-21,0.0825361512791991,-0.21353184266688863,0.21615682971425,-0.172195989438342,-0.13429759232294375,-0.2506557752961271,0.07994772581022613,0.01980901957182654,0.14787937429446862,0.09543810383536624,0.5258022899532333,
2023-08-22,0.045606229143492764,-0.2007992920801316,0.23593279652832488,-0.09279030424056191,-0.10847113226083921,-0.21882026723768844,0.08762829335531336,0.045439249533680684,0.17042119306270248,0.12412428706371295,0.49639794168096046,
2023-08-23,0.08342602892102337,-0.1528223994618899,0.254835634547648,-0.09729088127034559,-0.03409092728197804,-0.12143425907067062,0.07994772581022613,0.017617371590366544,0.216255442670537,0.1591232455347525,0.5363651024028383,
2023-08-24,0.07498053222501753,-0.14351300759142852,0.257973115013678,-0.03963281116685089,-0.13967972232741746,-0.24027224176278678,0.08972299359488257,0.06040098965871191,0.2508516943683026,0.20530333810864868,0.5208030962747944,
2023-08-25,0.08266129032258066,-0.09405959562775204,0.2770132750857521,0.008372225074070108,-0.18725319950108832,-0.295223030275688,0.13161699838626748,0.09572419743371931,0.2561844863731656,0.21985473533776276,0.48793596340766143,
2023-08-28,0.07096774193548387,-0.10261751201669718,0.23566780869967577,-0.05365389728495176,-0.1826164004962672,-0.2921877572297606,0.199345639465673,0.17942259815021308,0.17023819687526678,0.1301169799288243,0.5053359515068727,
2023-08-29,0.09919354838709678,-0.09468336585002125,0.32291892311042486,0.0797925995373434,-0.13157894736842105,-0.27770434180385245,0.22029264186136543,0.19220831875462155,0.2227439597028942,0.18028788982238717,0.5043968240416631,
2023-08-30,0.015725806451612905,-0.1311652529237823,0.3201921057377416,0.11665089624410632,-0.12801219336563038,-0.22460994230135964,0.25799724617361186,0.2581884183221465,0.18682847182621576,0.15936866151800574,0.4333978390582164,
2023-08-31,0.03937708565072302,-0.0800844002280879,0.26357936669761556,0.05176682582778468,-0.13333333333333333,-0.20243834996855575,0.28871951635396065,0.30018966436530303,0.10912902611015818,0.06339782879280151,0.3952353725938631,
2023-09-01,0.010483870967741936,-0.11678430902429637,0.3007600505224354,0.12828436562414683,-0.13508771929824562,-0.17167418857812222,0.15423083168290216,0.15275931566631856,0.1261292166952544,0.10254759645776303,0.3606251191156851,
2023-09-04,0.05,-0.0772968564861247,0.2948345646445772,0.16093167727506,-0.07894736842105264,-0.12718541180306359,0.20795878534292958,0.21161367933828146,0.11370306842004953,0.0992808682879852,0.3298265675624166,
2023-09-05,0.08724340175953077,-0.003067493020636617,0.31566947054540667,0.19040825204134793,-0.17388042698187553,-0.21436098596019348,0.204798317480575,0.21523010886616237,0.09975414055824583,0.08995565732814134,0.33043643987040205,
2023-09-06,0.14259530791788855,0.08831637687383766,0.3516829616036708,0.2745915605654562,-0.10538207695871246,-0.11135456255623095,0.22755368608952778,0.25122894683843694,0.1545674589085544,0.15866759227768834,0.27669144272917856,
2023-09-07,0.08394428152492668,0.0075214001553900066,0.39032600253995764,0.3199040264170688,-0.01806549890720785,-0.06937640268991864,0.12452243377676937,0.11476099007877313,0.19718685689403942,0.21209924057802285,0.30489803697350865,
2023-09-08,0.05425219941348973,-0.025706385302990284,0.3831035060489146,0.3103184401775542,-0.12871667971385592,-0.1558785499091584,0.07774750941392199,0.04694723620024406,0.17256561295291595,0.17695675617244347,0.28164665523156085,
2023-09-11,0.04618768328445748,-0.04829400044164359,0.42479369776986486,0.33794263844009126,-0.1272112214715886,-0.21935857967886224,0.07711541584145108,0.02230864686987374,0.15983380055479932,0.17238067579790264,0.35704211930627017,
2023-09-12,0.1031986073438831,-0.020942748306840106,0.4274450879467731,0.26119067621407394,0.04666920551028695,-0.07407153452385931,0.1668727031323204,0.1290501395959287,0.08622244675332068,0.10595914236840619,0.472871572871573,
2023-09-13,0.14070855614973263,0.03764934766972793,0.44908270939966605,0.33072471786182966,0.022092272370030645,-0.03419087532355037,0.1801466681542095,0.16770401551629283,0.13741185439298645,0.16015775357038273,0.3888317133600152,
2023-09-14,0.19886363636363638,0.11642486637469684,0.431680754410429,0.33859704327375273,0.21644469175902611,0.18114793126329584,0.211751346777755,0.2096985983472381,0.15090815531910404,0.17494085937441117,0.36733371450352575,
2023-09-15,0.14369501466275658,0.03502200597577519,0.37411026463631447,0.26060332505265893,0.17162223961847456,0.03911616574521598,0.16940107742220403,0.1636458869810589,0.13200426936478998,0.1651487008461037,0.3603201829616923,
2023-09-18,0.10227272727272728,-0.01230202077474022,0.336454689198803,0.19924253455633426,0.05499068131892368,-0.034734185519701526,0.14790989595819307,0.09747130071316,0.10628037787709392,0.12364389065708543,0.3429388221841052,
2023-09-20,0.0731951871657754,-0.045235662514258444,0.3260184496436668,0.20569912860483414,0.038418147222809694,-0.049916592912559336,0.09734241016052023,0.03409886860882733,0.08938795287509574,0.11657703502129232,0.36195774875020154,
2023-09-21,0.012366310160427808,-0.12966161238682247,0.32269209472575966,0.21940112190628422,-0.12264864269617226,-0.2292500499996787,0.1377963987986585,0.07177095901099761,0.1112534157060748,0.12936393357492457,0.3321096217877571,
2023-09-22,0.013370101158070007,-0.1322989317288086,0.3306294991159269,0.23454266759674158,-0.12264864269617226,-0.23165874786351484,0.12705080806665303,0.028796802833278796,0.11395026277289243,0.11686591869507491,0.3140954495005549,
2023-09-25,0.004512409140848627,-0.10175083741229547,0.3105203168935776,0.23461725498302255,-0.12415353401759771,-0.21410322477761645,0.13526802450877487,0.07246026126774023,0.09737459987527998,0.09716565249007109,0.2504909075386323,
2023-09-26,-0.04378342245989305,-0.12253936054715069,0.28081432551166297,0.20638110934346796,-0.16553804535679692,-0.22661691253040298,0.07395494797909653,0.014084568883067658,0.1030544944374207,0.10875865316323402,0.25749167591564925,
2023-09-27,0.019719251336898398,-0.06863248903019324,0.26763300241091337,0.176814268836586,-0.009032749453603925,-0.10350973133760374,0.12641871449418213,0.08843014584632293,0.07876032530448744,0.08394816297679157,0.272005464014343,
2023-09-28,0.009530791788856303,-0.08033367412124569,0.3181978569375096,0.2672427133394473,-0.0217054524433213,-0.15128993459268197,0.11630521733464755,0.07335751873425933,0.0934161190937855,0.11105088827007718,0.2577810030640219,
2023-09-29,0.01502932551319648,-0.06909050372809605,0.295727249074023,0.2439916680329072,-0.07235150814440433,-0.1806447528065337,0.12894708878406574,0.09014212831001413,0.10483236954252464,0.11722955723727777,0.22738268021286887,
2023-10-03,-0.06011730205278592,-0.13695536387796586,0.32889058773515034,0.2761259931874569,-0.10651522264797587,-0.205615377224496,0.14310494381156316,0.05715197636377272,0.12087978611095727,0.13156452305346614,0.18319625866795677,
2023-10-04,-0.11693548387096771,-0.19954792858663106,0.3307022904420238,0.2755145867093406,-0.27818053293500494,-0.31901369949968666,0.12821166911624216,0.02096957693131628,0.10051811433442844,0.10677034804470459,0.2089985486211901,
2023-10-05,-0.07697947214076245,-0.16904351087687616,0.31122037732795854,0.22912916108477568,-0.2774340501012003,-0.3597279463449705,0.11914619756256846,0.004405493198615379,0.10753381906535124,0.10159064484144345,0.27656829543621997,
2023-10-06,0.004344919786096257,-0.03539497727791574,0.3254496087832528,0.29057104595913374,-0.19131199735532975,-0.23040166434980328,0.10295785550243687,0.014423122730004328,0.11728419958732068,0.12079094329403693,0.1857764876632801,
2023-10-09,-0.04712566844919786,-0.10197724492262783,0.2973949780981515,0.2617983640347136,-0.1374678654743682,-0.2217534349641042,0.10166278813762634,0.042663539894451055,0.09643605870020963,0.09769492517635028,0.22101273988066442,
2023-10-10,-0.0106951871657754,-0.08001628479617193,0.3349619833929363,0.3034145833110965,-0.11576241303104691,-0.2362408246480148,0.07964664293584739,0.040777446015042795,0.022497278573298363,0.03394531373717766,0.18311562651185292,
2023-10-11,0.002005347593582888,-0.0789054312028416,0.3999653085610505,0.368952911437064,-0.1178295989780299,-0.24230132378920163,0.1217363322921895,0.031156187476754846,-0.05966779551685212,-0.05609771238199302,0.19819383970327367,
2023-10-12,0.018048128342245992,-0.05745232262149952,0.29328267161947535,0.23702712345826407,-0.12403115681897885,-0.23115650157102016,0.1554080837772632,0.1186360942968412,-0.04139587185565723,-0.047474155224888404,0.21616161616161614,
2023-10-13,-0.00033422459893048126,-0.06074242116968365,0.3485954686545013,0.31396891408128536,-0.12190089149313359,-0.2014259081965357,0.1677112237429632,0.13492384966958418,-0.062970515935125,-0.05624871245433311,0.19878025538402894,
2023-10-16,0.07419786096256685,0.024366167882225735,0.4249878137241784,0.4147784227115732,-0.14669429315275398,-0.22957788325807124,0.16058835323650528,0.10235620019237761,-0.17640892720808624,-0.16307054281152292,0.12681532304173812,
2023-10-17,0.06634897360703812,0.008261536693454414,0.3248029036572366,0.3084717702856917,-0.11404048740668293,-0.2507897293445521,0.1515228816828316,0.10140971004705726,-0.0662143104123878,-0.06157066372975518,0.1435105774728416,
2023-10-18,0.0357620320855615,-0.008974251817814126,0.32747227102645904,0.31516595828202165,-0.09184726522187822,-0.14265246131434076,0.15281794904764212,0.11125996429367493,0.07605303539549287,0.06706517534957243,0.13044733044733048,
2023-10-19,0.008355614973262033,-0.03666976714387151,0.3110578488544829,0.3043873570371584,-0.03199174406604747,-0.06589465096879502,0.12497400070421583,0.06831068613081107,-0.00339135926336638,-0.008624758439207174,0.11486291486291489,
2023-10-20,-0.01771390374331551,-0.07171724133409052,0.2438638595702262,0.23588769465495782,0.03410856812521919,0.003064522083788326,0.1094331923264895,0.05358416959105019,0.0066380461098790805,0.004334400407678846,0.13989898989898994,
2023-10-23,-0.051489686783804424,-0.10574533806925931,0.2450687789516784,0.22588324731871692,-0.03689067760496667,-0.03674032622330169,0.10101525445522107,0.07704397791818186,-0.04888608299852601,-0.07554031058025108,0.22359307359307365,
2023-10-25,0.04044117647058824,0.007159109195142914,0.3158404989223658,0.3066418730663875,0.004132233609936732,-0.02189508631793564,0.10360538918484213,0.11878114526738648,-0.09007910076168327,-0.1166877576655012,0.1919191919191919,
2023-10-26,0.047129606582196774,0.011342445222480452,0.2679506317157674,0.2632839789418381,0.0030991752074525486,0.020835408998890834,0.07446637347660527,0.06539371005524444,-0.0831745064262119,-0.10185924223341859,0.1477796836287402,
2023-10-27,0.0046791443850267385,-0.018633702375899692,0.28081550717319503,0.27974798573875803,0.06508267935650353,0.13687132685580833,0.028491482025831585,0.023904258986508668,-0.0781443575333505,-0.09522842691890818,0.11477034495902419,
2023-10-30,0.013034759358288772,-0.006022105443439751,0.4089632017188638,0.40574100747777214,-0.02898564702549854,0.008893545918552117,0.044679824085963174,0.07091009145556819,-0.08931668772095806,-0.11593979295771449,0.1543358109395845,
2023-10-31,-0.0004583651642475172,-0.02325908152914697,0.46043753502127943,0.4594380713711431,-0.11159946936097236,-0.034003463471887915,0.014893274695321057,0.01756372335914335,-0.10501639101934634,-0.12393356129753774,0.16760053363826946,
2023-11-01,0.03682481483739846,0.01812947324028208,0.4649777918013186,0.4638299273731321,-0.05975404658697732,-0.00401698227815367,-0.03915507506593294,-0.03230503615208713,-0.09495130459709224,-0.10643997727841185,0.16851534210024774,
2023-11-02,0.01771538403444276,-0.008192745318497958,0.39627308870977124,0.40900859716035626,-0.05475209533166169,0.01533643209179617,-0.06765996971393211,-0.06188173698618373,-0.12414713169430149,-0.13649959219563443,0.22744425385934816,
2023-11-03,0.05681818181818182,0.02588054063432658,0.42911773896085487,0.4346062814091931,-0.043388452904335684,0.0033337609171793176,-0.043853684073844885,-0.050500931527752105,-0.1081549090166749,-0.14747217062434895,0.25829725829725836,
2023-11-06,0.02774064171122995,0.010037481425258602,0.4199877973873331,0.43476195592918543,-0.027228833470332545,-0.045688917578683506,-0.07924987193344826,-0.10224219709004008,-0.11515151515151513,-0.1388836401377037,0.258776443682104,
2023-11-07,-0.05247326203208557,-0.050117375599177935,0.3003823795864876,0.2995496939047557,-0.18014087574015222,-0.15469292897064418,-0.13312725522417196,-0.14893735265167163,-0.09881130613631509,-0.11730713176699178,0.19393939393939397,
2023-11-08,-0.09191176470588236,-0.096852517249443,0.19472400249329688,0.18740184734024548,-0.1731109879063902,-0.15850927937136194,-0.175727976895907,-0.20113736414727737,-0.0930218250721406,-0.09920068618869253,0.13900765941739213,
2023-11-09,-0.053810160427807494,-0.09360347958057978,0.23434998519558983,0.20674078304205706,-0.1818183396244786,-0.18759107432895047,-0.16163214987217114,-0.19828813792845054,-0.12127497530395887,-0.11932136127319531,0.1847290640394089,
2023-11-10,-0.061163101604278076,-0.08473143152495727,0.2971958075897562,0.2735700854127676,-0.17215649548984444,-0.16114301441082823,-0.16351159347533592,-0.18828556022030746,-0.04857265906075697,-0.06184182217201607,0.2437786459134394,
2023-11-13,-0.03442801048203027,-0.0743751783064764,0.26765800350862473,0.2364087833155123,-0.14492766201951193,-0.17447225395466864,-0.12748892441467763,-0.149096916273178,-0.05134041866580776,-0.06470789130157203,0.24599341720754256,
2023-11-15,-0.02774064171122995,-0.06134528645692526,0.27344986233535895,0.23337597589673695,-0.12121222641631905,-0.13827914123603946,-0.15380113485898458,-0.18826044243870096,-0.08388575296684109,-0.08710403218740366,0.2679565658740657,
2023-11-16,-0.07419786096256685,-0.11055178615320461,0.33250000432492205,0.2787032638585595,-0.20895530441399804,-0.22808737059498083,-0.15505409726109443,-0.18000445321038294,-0.08348457350272234,-0.08667224372346582,0.3282991962665284,
2023-11-17,-0.08689839572192513,-0.1527857704646601,0.3312702877543779,0.2765946521849292,-0.20368752363045184,-0.23888795759951512,-0.18794436031647807,-0.23799879261080784,-0.06403940886699508,-0.07196563140445766,0.3322530464091263,
2023-11-20,-0.08188502673796792,-0.14993367472309876,0.2646176030598291,0.218478067543594,-0.2115891948057711,-0.27843306439958126,-0.1569335408642592,-0.17366527207286378,-0.13166120311463603,-0.16261899035278177,0.3146559939012769,
2023-11-21,-0.06885026737967914,-0.12185365735143883,0.28868191473280114,0.24550246769842612,-0.14870286090114468,-0.1936125160831037,-0.14001854843577616,-0.17717361941712476,-0.15034168567974937,-0.15649047849283443,0.29043702628608287,
2023-11-22,-0.008021390374331552,-0.06329579734718944,0.2727382028846263,0.24577018727739142,-0.07026795734279367,-0.11406630534257253,-0.1165255033962164,-0.14954706734235507,-0.1932151705736611,-0.18578389992490701,0.277682485229655,
2023-11-23,-0.02072192513368984,-0.10215537105661887,0.2877656402058976,0.2338185455532867,-0.06587621000886905,-0.13394467801986454,-0.1484760446500177,-0.2122930177833334,-0.13558482153828064,-0.11889685348500569,0.3510196302649133,
2023-11-24,-0.05147058823529412,-0.12702423660681475,0.2722252577546202,0.23380215162986082,-0.09666095771422803,-0.1870413144019829,-0.14158475143841348,-0.20033306003873913,-0.17709874105106743,-0.15499592967027803,0.3288600288600289,
2023-11-28,-0.03643048128342246,-0.12656518092551358,0.26644640894333094,0.1827044962910209,-0.18357503855804844,-0.2967831726194965,-0.15098196945423736,-0.18473456683426648,-0.196038818266755,-0.17535488250408252,0.40649350649350663,
2023-11-29,0.019385026737967916,-0.01410996859975778,0.29490168292798025,0.20498313936137502,-0.12472562428345875,-0.16621624687770492,-0.09115301475349187,-0.10992776073520796,-0.2922487564616243,-0.2812943613225612,0.4194015627977891,
2023-11-30,0.03877005347593583,-0.011019508302597864,0.2779487746195845,0.17310562219967932,-0.2042266181514777,-0.2794883954626949,-0.0967913455629862,-0.12582993624493582,-0.202528905676989,-0.19611629542505035,0.41248196248196256,
2023-12-01,0.2855571847507331,0.15939228249981274,0.28947432293995035,0.21740206020638586,-0.04655990744247248,-0.1073192776507907,0.2606089351299365,0.07746941895960603,-0.17286068229464452,-0.18484162124401973,0.3748808843148465,
2023-12-04,0.2951449830643954,0.1763949294388981,0.28429321840148947,0.17112236781012422,-0.005272415875321529,-0.0017884147884022449,0.28221204422623386,0.13310679417460877,-0.14552538493896686,-0.14687977256306667,0.4045796308954204,
2023-12-05,0.30815508021390375,0.17299313677301872,0.2404177731167058,0.11205501784361116,0.08611612596358496,0.1407871780329436,0.26129474811712056,0.0729132946371394,-0.17102299430224235,-0.19594967162742666,0.43621985999481466,
2023-12-06,0.2947860962566845,0.1329442146996613,0.22675757485318324,0.08367228875662278,0.10651522264797587,0.11600159660199105,0.27466810136720937,0.04389295742808614,-0.13754436001870693,-0.13118563268353123,0.47180451127819556,
2023-12-07,0.2777638515589044,0.15255646543367662,0.2266266160543252,0.07873679050658977,0.11661506707946334,0.13125177622160492,0.22631828577073432,0.0027331747274163616,-0.15929088819320092,-0.17396020196951717,0.4970184080891885,
2023-12-08,0.25367647058823534,0.14911031930156238,0.26315678120259983,0.15054589243106672,0.09578222173500776,0.09601215739847399,0.2438065169439274,0.07932141687739591,-0.08581828125451992,-0.08296572109472426,0.4585099111414901,
2023-12-11,0.26871657754010697,0.1475528679197202,0.3134659767341471,0.18968829506002838,0.0599173873440826,0.06491981256340335,0.26506671954663275,0.15121974345070524,-0.12857362567881478,-0.12682154596889986,0.4863294600136705,
2023-12-12,0.25,0.2045462375407258,0.25157765691698253,0.1395363750638363,-0.10950419066332338,-0.05268639066053281,0.3051867792968993,0.2122234709336425,-0.09716415496919556,-0.09119743434065194,0.3804122374902774,
2023-12-13,0.24231283422459893,0.18699731323799398,0.23086074322259995,0.11610466170142582,-0.12074303405572755,0.008204048714717038,0.29147051955321845,0.1961958427100737,-0.07707016695021583,-0.08074134306935701,0.3580502981591911,
2023-12-14,0.23303244364948464,0.18663908593861006,0.23886740455428487,0.13477489241923513,-0.2519755141462917,-0.19965291406339442,0.348050090995902,0.29364379881350877,-0.03552098527226095,-0.024814722438485898,0.31779880736323574,
2023-12-15,0.211414724561982,0.18289928185134147,0.29920587918181735,0.2023040037663359,-0.37571669588632417,-0.3554069701318771,0.33296220527785303,0.2934276699814693,0.0022899328430387327,0.02437505516049625,0.3332194121667806,
2023-12-18,0.23262032085561501,0.15473467277747086,0.2921549824484462,0.1597842024920834,-0.30228517685176765,-0.28870519669745454,0.3250753559252366,0.2723517829506221,-0.03127189460290152,-0.004642910876056559,0.36643882433356123,
2023-12-19,0.32650878533231475,0.24670049102244718,0.23269733161787687,0.08630470584232511,-0.1513478481901384,-0.15751738896698245,0.3531936883997823,0.2922967148678781,-0.0392826381384336,-0.008108128875451022,0.39093789412162794,
2023-12-20,0.3934300993124522,0.28667798734856736,0.3344087930135842,0.21544273120077756,-0.09774436090225563,-0.12879320359651797,0.34907881047667805,0.2702308712686049,0.015167719988520185,0.04395081942047649,0.44147005444646104,
2023-12-21,0.4087089381207028,0.31877660569915456,0.31199131093720583,0.17000659295285997,-0.1369967000463262,-0.16212409907014969,0.316845600079028,0.2412007666112109,-0.027685066985756134,-0.009525677722455089,0.4379402626964841,
2023-12-22,0.4245989304812834,0.36049680420674307,0.35494386872319794,0.25404292912222787,-0.1358024978040119,-0.1543528374927753,0.3603947247652148,0.29686194960605466,-0.06715063520871145,-0.02547201593429434,0.40920975729797904,
2023-12-26,0.39495798319327724,0.37183951789129666,0.3687505773293434,0.2709928681207883,-0.12828487231424093,-0.12957377028909745,0.3456497455407579,0.2579186197610361,-0.06382325867511622,-0.02269686161326185,0.3837521917007599,
2023-12-27,0.40748663101604277,0.3658268876350853,0.40098134953643694,0.32818934142767325,-0.08081381824201081,-0.0976138264367076,0.3429064935920217,0.2577604538743348,-0.0019871420222092344,0.00627552943708948,0.3827001753360608,
2023-12-28,0.4087089381207028,0.37225359166378497,0.4355449749508608,0.3572311280005455,-0.08158222268454256,-0.06884721021304613,0.3213033844957243,0.1977402542025373,-0.03199929864892502,-0.025141375348869868,0.43208649912331976,
2023-12-29,0.42380952380952386,0.36412166570046267,0.41134342687214315,0.30984579298363535,-0.006089604751806442,0.09426465854385689,0.24449232993111145,0.07193176361446618,-0.07308805052947034,-0.06802714625600083,0.46282875511396854,
2024-01-01,0.24015444015444015,0.282327298805343,0.4151317840181457,0.33229707002714276,-0.06002610398209207,0.01354581453719498,0.1600525844965395,0.182876444647844,-0.1061090898577596,-0.0675526865427747,0.43150204558737587,
2024-01-02,0.3033657255783146,0.3410461247138368,0.4440916543494105,0.3478420289142043,0.11566981146252336,0.16596811374811726,0.2003238799505075,0.22206335378123862,-0.12013617967646646,-0.04257262007095303,0.41858562244301584,
2024-01-03,0.27696267696267696,0.3156197735500939,0.4544585391528388,0.3730653182926517,0.15764764504005438,0.20176127577698105,0.16160148047553827,0.1715037373509761,-0.06493468543641867,0.008225242480631147,0.41864406779661023,
2024-01-04,0.2628056628056628,0.2988703973162307,0.47716121149259416,0.4027043852458717,0.1956521739130435,0.21064194134592995,0.11152051048791138,0.12122213474029334,-0.032671907433805616,0.0266537819900518,0.39339567504383405,
2024-01-05,0.2733590733590734,0.31236473611029053,0.43767303781379513,0.36808010052221496,0.20293964355004646,0.22625503617261425,0.06402103379861579,0.06806619021327186,-0.06549223376336914,0.034752113919772745,0.40655737704918044,
2024-01-08,0.19794079794079797,0.16637680943813718,0.38999880647542506,0.31085162309183223,0.10794013485471374,0.08462086945293569,0.04078759411363425,0.026874202369165715,-0.035593714836928136,0.024866611320434284,0.34437343706585166,
2024-01-09,0.22496782496782497,0.19513046747637913,0.3834746589556008,0.3093522522278307,0.10511447687422384,0.07340570806387095,0.06866772173561211,0.053065748833317064,-0.03568193110615086,0.07694516764185957,0.4085330216247809,
2024-01-10,0.21287001287001286,0.19250472878910674,0.3828390073122097,0.29092701615901834,0.10228881889373395,0.07508296089937869,0.09758044667692246,0.10182087018207636,-0.035155393858134064,0.02161872356159735,0.4052600818234951,
2024-01-11,0.19021879021879023,0.17587553593709618,0.35967116805808347,0.28134931767335375,0.08983052281121805,0.083914073063701,0.10377603059291754,0.1078446907977924,0.10967544754071114,0.15129996391700545,0.37382606279522096,
2024-01-12,0.22110682110682112,0.2110955902419403,0.40540725509640174,0.3313932638567111,0.0819209170290982,0.06579610572051876,0.06711882575661333,0.0703596472992383,0.013920920286571043,0.06431247379767806,0.3657682689636011,
2024-01-15,0.26460746460746465,0.24984169265758624,0.37083377125700107,0.30176314670456084,0.25529512455477293,0.22855675629715938,0.06970031905494461,0.06569461103963008,0.018701197719690286,0.03236660509176678,0.33381494859683253,
2024-01-16,0.27994079471057876,0.2542858446425691,0.4095104761377286,0.33280799892832097,0.27336911567369493,0.25215664266341303,0.07434700699194093,0.057953257505654714,0.08542210912549536,0.04861300597802637,0.3804390108363435,
2024-01-17,0.2895939255626677,0.27020437562876354,0.41535491000511043,0.3344269193856711,0.2767579890084928,0.26113852914339747,0.057309151222954456,0.046617296334692894,-0.016088025675707565,-0.017438210891138162,0.3699360933592665,
2024-01-18,0.29294034425805854,0.2783057362144596,0.43253405854267346,0.3610166290761911,0.28014686234329067,0.2567299115709718,0.07641220163060596,0.08652481178214397,-0.03612365413370819,-0.03763361897489518,0.3395943317588219,
2024-01-19,0.3063063063063063,0.29096315921974353,0.4275777254868265,0.3465221632056336,0.27144630456856894,0.2505527735796692,0.10377603059291754,0.10650875926012543,0.005835440596040059,-0.027175262234504,0.36776882467352046,
2024-01-20,0.3188715030820294,0.3012057391877251,0.40745108240690214,0.3457168858315744,0.28776274910547744,0.2793572721322723,0.10997161450891262,0.1134491595138994,-0.002139542638854232,-0.02906521975660856,0.28635732147818843,
2024-01-23,0.2968231389284021,0.2572488064739572,0.4538828133701688,0.3592601234110162,0.30103809906272105,0.26522946315996804,0.0924174600802599,0.09039674547817654,-0.03705706154407337,-0.10617641856273444,0.3434248977206313,
2024-01-24,0.30512091038406824,0.2802188247882519,0.3896146236251957,0.3030595380919459,0.29955515276191946,0.2706250218454304,0.13062356089556285,0.13526361210866358,-0.050265941987783704,-0.1088882507944104,0.3289888953828171,
2024-01-25,0.3295400663821716,0.3020815128377698,0.42567091798388906,0.33926212257761074,0.3359683794466403,0.29990540659401255,0.15024290996288062,0.15741804537973633,0.06141530684152914,0.02924316799050114,0.3199377754731657,
2024-01-29,0.26481744902797527,0.2517207535896979,0.27117278391501937,0.20681915584282798,0.29214042125791156,0.2576839070300771,0.1683133630511996,0.16196681807536698,0.04096514398295136,0.017223617970269632,0.23269380347420274,
2024-01-30,0.2605500237079184,0.24676977393548213,0.1527814918370858,0.08690628238859578,0.29560062929311526,0.2628085019084079,0.18793271211851734,0.18180779198471417,0.015411353955404248,-0.0003082269146429936,0.2971792426712603,
2024-01-31,0.2323376007586534,0.2258354948966888,0.09698078745946499,0.03326134804137892,0.29206820758204427,0.27836713780199973,0.183286024181521,0.1839632625266188,0.01694967393443768,0.026322267668846,0.2571903165277308,
2024-02-01,0.23908523908523907,0.1697482130712953,0.08661342356419008,0.0318514410091046,0.24660242907519478,0.22027449383186637,0.24264932123575217,0.2107733837064327,-0.028515618995328822,-0.018349164275293584,0.25762096650158417,
2024-02-02,0.2167633220264799,0.16030408773398475,0.08715710277744486,0.039664684043469046,0.2832427434531021,0.2715724931923482,0.1825295877989871,0.15084651976394367,0.03943583986193263,0.04905379115516676,0.16472361499892338,
2024-02-05,0.08305520612092376,0.012600558688451547,-0.03366631201190515,-0.0833800454516118,0.0960723713366562,0.009518357191552052,0.04384182727157598,0.013399618973704269,-0.008767342435149742,0.014603268408137715,0.1968993201882556,
2024-02-06,0.0710143341722289,0.002176834843573179,0.04261807659242922,-0.0015219483306882148,0.12372883330601732,0.04158358698422707,-0.008898588703636709,-0.03715147272728923,0.0220006779854223,0.03899154190386044,0.19234673475037684,
2024-02-07,0.14082503556187764,0.08079714932672173,0.08635150747812118,0.038813872333484434,0.229378567681475,0.1770512073974425,0.003689658730776196,-0.029335988235551905,0.06599289401783717,0.08989714685897529,0.2108646836260728,
2024-02-08,0.14498303971988183,0.0688129781536451,0.1523036182607786,0.07953846698635376,0.2615819626515343,0.16332291849757868,-0.003906697479645384,-0.03919815736758441,0.010952498283656811,0.03242835499004373,0.26998677289366024,
2024-02-09,0.20341394025604553,0.13402956816353476,0.19966069178339285,0.15071574031951135,0.3288136117995528,0.2502948840816193,-0.010634898694590212,-0.0667978558456309,-0.0020616654513541093,0.011739311876838455,0.32418714817435174,
2024-02-12,0.1502352554984134,0.005683825470220198,0.17183270875452678,0.11916495779219988,0.4413677765525206,0.379892361670515,-0.08355991831463737,-0.19467626698177937,-0.011723799059192772,-0.0007625129414922053,0.39585960810852383,
2024-02-13,0.15395557500820659,-0.0077964826334438134,0.18668395034940088,0.0898526750738513,0.41198093355542575,0.2838750619198435,-0.10374452195947186,-0.20436738830564047,-0.023257244915389143,-0.018912651689101535,0.3991202436248424,
2024-02-14,0.12878870773607617,-0.02940258620024347,0.20805855280990937,0.11274157797398526,0.3162665323757886,0.20950564985340522,-0.02365722362674149,-0.11767157898246665,-0.02682788045853334,-0.0057213769238214736,0.37974099480143964,
2024-02-15,0.1122722549144503,0.006697907623761514,0.17806835451951228,0.10765890649726986,0.3825940905583308,0.31081953364755743,-0.13412994680115817,-0.1986104161130365,-0.008122202340656885,0.015469067737775186,0.28887385031837337,
2024-02-16,0.10537257905678957,-0.0012552337502642794,0.18788006284295589,0.1242582946223721,0.3729868534246653,0.30624203156997465,-0.1549656666926002,-0.21804373058108684,0.012767855952168965,0.04126155727597209,0.2888123288935372,
2024-02-19,0.09005361636940584,0.017743191911251933,0.17806885024370928,0.13239781616848856,0.34503217265316793,0.29041921829626294,-0.18860667276732435,-0.23939708146539693,0.09797159208344237,0.11861581177804584,0.25242548217416716,
2024-02-20,0.06532443374548638,-0.010962081136598304,0.1782650272593379,0.1201880169784997,0.3386060720163611,0.27236416915293754,-0.21790690386466474,-0.2725305942248529,0.13480830361764706,0.14845918090683718,0.2199698545018303,
2024-02-21,0.04694167852062588,-0.029621919694015793,0.16435379635239755,0.12354129071369566,0.3658839077973425,0.3142058086168344,-0.22051136885109499,-0.27734101973010805,0.16592314838283906,0.1788728327400209,0.1842259066719985,
2024-02-22,0.11303206040048144,0.009409483079944046,0.19125495702992762,0.14923206918854842,0.4854177557957177,0.4044337716199161,-0.19707118397322268,-0.269669919288771,0.20419968103129255,0.2226724528011902,0.19591497739087638,
2024-02-23,0.14979757085020243,-0.06543559894289988,0.15169653344611225,0.07537621238330529,0.4833209932575961,0.29439789431116037,-0.19034298275827785,-0.36594150737015607,0.21717995632012996,0.2508329059660228,0.3268325694423083,
2024-02-26,0.12376210556358995,0.031774597460543834,0.13705680767498704,0.10533815299535244,0.45921903781488976,0.36245079141374237,-0.19880749396417616,-0.27004573357284195,0.2165646284937519,0.225056329917055,0.11064628256790428,
2024-02-27,0.09720822730608301,0.0069579665628647265,0.12722287447586672,0.11148166131141313,0.4102855387671318,0.30106120851408624,-0.15084193046408567,-0.23771483012156713,0.25634044844064596,0.26160275984965803,0.043816437645838736,
2024-02-28,-0.004149131653308422,-0.11481485871234783,0.15040322776278914,0.12098416628467756,0.457588777772836,0.3827600826450385,-0.24460266997557484,-0.3437997574566197,0.2750741416001722,0.2941723082041034,0.12853253824215713,
2024-02-29,-0.01674143779406937,-0.12429297868145382,0.13652201471056938,0.11074816440080845,0.3746822482129592,0.3166185031789596,-0.26088057614076393,-0.36199881314758914,0.26867502589669606,0.2951563731147704,0.10952380952380955,
2024-03-01,-0.0007659900432759766,-0.12482006799606717,0.021589572625556393,0.007965338162548928,0.38089869577003693,0.3245689575323037,-0.12460258689725201,-0.28487991281155023,0.29908902439688606,0.3086941138222841,0.0336940836940837,
2024-03-04,0.013021118284276179,-0.09493905706814282,0.007512672099928116,-0.007535544878702825,0.3848546169427227,0.3408434922930714,-0.08165806204132305,-0.2117960575838175,0.29389375063172907,0.3022775085953419,0.027489177489177497,
2024-03-05,0.016522595469963892,-0.10217424302019883,0.04147236648997866,0.029840372083643745,0.3775079061934491,0.29971831706621255,-0.07425383361788701,-0.186541742657206,0.28444123864234616,0.29306263460196047,0.012914862914862917,
2024-03-06,-0.010286152009705974,-0.11888216798838387,0.03032703580889579,0.028152927980198746,0.41299441619497107,0.26969483576884684,-0.11423666710444157,-0.20553127775759392,0.24785785254603224,0.25002223672462087,-0.013997113997114001,
2024-03-07,-0.04322135901083269,-0.1955200762823152,0.057839832839465755,0.04478729380707429,0.276836202374194,0.11367825978135049,-0.11952540169261014,-0.2504205798145832,0.25022096362230056,0.26518968313687186,0.04271284271284272,
2024-03-11,-0.029107621644487113,-0.17082181336287441,0.05068905538356936,0.03080475907599726,0.2815948530325062,0.10778150023779164,-0.12058314861024387,-0.23844918676062238,0.14985840295372505,0.1624030754587991,0.05461760461760462,
2024-03-12,-0.057008425429478066,-0.17260206657467217,-0.01104272284567747,-0.02081446566822088,0.34435997087710096,0.22100400324220232,-0.16733556236965422,-0.25297801350326155,0.16268963951744836,0.16882700778076687,0.03281875357347055,
2024-03-13,-0.06827880512091038,-0.14000561056690486,-0.09048122272378166,-0.0918718639070501,0.5549059001178286,0.49732524794859034,-0.25364771084856563,-0.3085240627125923,0.05446811942969735,0.05007591777991179,-0.03604257377842283,
2024-03-14,-0.07989568515884304,-0.20805551163117275,-0.07121932511359784,-0.07705620842466446,0.3760961549445929,0.28326249275078197,-0.20541445140446807,-0.3052773575605625,0.06761278883050421,0.06722297344469047,-0.007821319142073858,
2024-03-15,0.0049786628733997145,-0.11031182428516859,-0.026338417222417265,-0.037138195086373504,0.3632229486719744,0.2186238075783966,-0.12460258689725201,-0.20401999419863276,0.05969352752678634,0.06380169409981916,0.02313703068420049,
2024-03-18,-0.058795637743006154,-0.1298955508657238,0.01665723757861739,0.004616390759191108,0.23081944093332035,0.08572569468997618,-0.1599313339462182,-0.21337311847909268,0.023595784055192172,0.03820656744305105,0.07901658090337334,
2024-03-19,-0.04030585034642467,-0.11189774723034468,0.06086518413881196,0.046600347098060116,0.2522758960059952,0.10459926821112299,-0.13856484621001708,-0.18934110398316384,0.067213676933611,0.08079705768028216,0.08143847766489275,
2024-03-20,-0.0015411060426574138,-0.07370513134004211,0.10475504624847648,0.08570228453627678,0.2801431295739948,0.12685332451781592,-0.12756427826662642,-0.17279150639814023,0.0699512156356141,0.08347967613459825,0.094017094017094,
2024-03-21,-0.05974749580764128,-0.10725775659912773,-0.002433921283840854,-0.0157475709680202,0.16249601483410367,0.07952911702092513,-0.12460258689725201,-0.15451859296761275,0.008766550025546828,0.02275397183503816,0.07453102453102455,
2024-03-22,-0.011142721669037459,-0.03709555968619714,-0.04773595913101627,-0.05396636500584559,0.18654542502955104,0.138164577927927,-0.05119495081347196,-0.0756575200714799,-0.00797272678208311,-0.004619487744069705,0.018831168831168834,
2024-03-26,-0.03052850421271474,-0.08480804061855081,-0.04468192511602179,-0.05122851744446975,0.21174477696216829,0.1652705085342342,-0.06854200026266495,-0.11174600392884836,-0.056767887361114135,-0.05359566452939427,0.021941216678058782,
2024-03-27,-0.08382119616419974,-0.14085574354252292,-0.05464260697852844,-0.06374315426237752,0.20960455322617544,0.13652594404722235,-0.1571811919603705,-0.2066427665716104,-0.07365255139473771,-0.0662904009831455,0.0431989063568011,
2024-03-28,-0.07462931564488802,-0.12908773182696598,-0.047264266611109954,-0.055496105450864024,0.17231641168189626,0.1065157541501785,-0.13560315484064267,-0.1719983802528745,-0.07832172882906241,-0.07134403268553692,0.044011544011544015,
2024-04-01,0.18481234270707955,0.12534031757083014,-0.05396635720402642,-0.07178954154702598,0.21016952506775538,0.10433339046857433,0.3615013663579437,0.36307899490485773,-0.0401529636972577,-0.01999204308297446,0.1077922077922078,
2024-04-02,0.1677518194774389,0.10445603919444733,-0.09116140350402534,-0.12666474962022856,0.21073449690933538,0.09158331955077637,0.37364915271296156,0.38382922649729256,-0.05717801056902104,-0.031900668291846124,0.15105946684894053,
2024-04-03,0.2414925046503994,0.16078664049898594,-0.06707655675672973,-0.12462881659867892,0.25190625121997506,0.09446873962102685,0.3908236092838488,0.40156981692825955,-0.009706083390293916,0.01942252412063918,0.20792891319207107,
2024-04-04,0.24871430134588027,0.1903867696617699,-0.0482920596548256,-0.09331884080923837,0.19655465341827652,0.06819111753612421,0.4142814036245729,0.4359403121827035,0.004989747095010253,0.03665902322891042,0.21018455228981547,
2024-04-05,0.19903709377393589,0.15349834657753275,-0.05033621573969283,-0.08165926850868122,0.20163796342047335,0.10386998110315941,0.3623391447272553,0.3858709920212137,-0.010116199589883803,0.020289715386855974,0.22904989747095011,
2024-04-08,0.18121135880928818,0.15058896086719786,-0.0878159156206431,-0.11732850927667304,0.2466066898619062,0.15605137036665906,0.35563691777276274,0.36013492866453767,-0.018386876281613125,-0.005407265746681565,0.20731373889268626,
2024-04-09,0.2045193415546858,0.17359975794516883,-0.0469724171229999,-0.11170468771989826,0.2556564766458294,0.18421099423792966,0.3594069204346648,0.36351711011122134,-0.06247543533781856,-0.043825470639173615,0.22706766917293233,
2024-04-10,0.22469635627530365,0.17192083024448818,-0.01334623613651056,-0.11252574736882838,0.23232825379224778,0.1158633877373176,0.3707169284203711,0.3803278858724608,-0.050461019922037394,-0.043516883575590776,0.30016852476017636,
2024-04-12,0.20789473684210527,0.16347822689873404,-0.008064516233929711,-0.10403835119251155,0.2339269195755575,0.1282178241855217,0.35270469348017225,0.3643162180064557,0.124613115992443,0.07963955758572917,0.296149857402126,
2024-04-15,0.18927125506072875,0.14527214644111489,0.008266129139777955,-0.07764926233511928,0.10723993408680814,-0.008800082012488686,0.37658137700555205,0.3773248261702514,0.15170715109509122,0.11547146188240943,0.24993518278454757,
2024-04-16,0.18461538461538465,0.11675040435664469,-0.020119345279509596,-0.12653812398799524,0.10528918735691228,-0.026231575276206724,0.37281137434365,0.3690647181490043,0.05930775213896811,-0.012229953877049275,0.29984443868291416,
2024-04-18,0.17186234817813767,0.11806865567982179,-0.03556523375553431,-0.12836887518941537,0.10729298377300447,-0.05102686204579113,0.392499166022472,0.3887187204423747,0.0721415607985481,0.014489526067029617,0.26458387347679546,
2024-04-19,0.13461538461538464,0.05417443162397477,-0.04398927506572861,-0.1410977105461634,0.12707049230259054,-0.038850872896310173,0.34474579897171226,0.3350645988412121,0.058983666061706,-0.017222251834357924,0.2966683951257454,
2024-04-22,0.1467611336032389,0.0694529251439683,-0.06689920925874118,-0.13813458103455317,0.026974119296269052,-0.12197834349088073,0.36443359065053427,0.3556771169831792,0.06656728026963962,0.005726790849495088,0.26639875550946335,
2024-04-23,0.15566801619433202,0.08241862249891622,-0.14216004130061172,-0.1947749000340844,0.07004569688224706,-0.06790514803608069,0.35563691777276274,0.3470525076965361,0.06475229556112963,0.0046627214915959635,0.21424836199206376,
2024-04-24,0.18603238866396762,0.10804581385745728,-0.08055508019650193,-0.14105653897439574,0.11669946059201329,-0.037890270111103255,0.361082477173288,0.3528104485640159,0.05770798407253168,0.0016376923132531292,0.23116675382201857,
2024-04-25,0.15546558704453442,0.07221210805728911,-0.07753592825492042,-0.12087750169313057,0.10581331688007176,-0.05637783738531148,0.3912424984685046,0.3838884418812375,0.06730650919881967,0.018361270979489096,0.19942169860653974,
2024-04-26,0.15587044534412955,0.04160354794805942,-0.03330026170305498,-0.10699996641560677,0.20321592167162097,0.023692186262982733,0.3698791500510595,0.3589174679178443,0.045209462760972846,-0.027008167341076098,0.2727060198714203,
2024-04-29,0.09331983805668018,-0.021700110710661854,-0.0842067289435865,-0.14144186216117033,0.20496158055206393,0.09145250673909604,0.3397191287558428,0.3092803510269883,0.03939331951768334,-0.046076101963257114,0.2638223261250731,
2024-04-30,0.09554655870445346,-0.010745155901299668,-0.14836335933947378,-0.2252456288196892,0.30429595685933264,0.2048718611146269,0.304113548060101,0.261526917567279,0.033404448209753586,-0.038109930134300925,0.28620689655172415,
2024-05-02,0.21072874493927127,0.13876566414604466,-0.10687353592646684,-0.15173905984049108,0.17459790420639648,0.07344761382149943,0.404994773923642,0.3773741332987484,0.02191860895745664,-0.019056086526899225,0.22016364699006435,
2024-05-03,0.16761133603238867,0.11212274879107076,-0.13980589611784172,-0.16380018805530713,0.13251171354269362,0.05108682227496399,0.38858729333904324,0.3696345481895126,0.04325208961739528,-0.0013774226386927117,0.16282875511396847,
2024-05-06,0.13218623481781377,0.03252846272710602,-0.11862969805767974,-0.159924820257337,0.1918933038628322,0.10063466299099692,0.31464978589452186,0.27200745177496183,0.055240635852782806,0.01681166063305835,0.21239233120311202,
2024-05-07,0.17327935222672064,0.06996429350432036,-0.12259624129249709,-0.1875976703977734,0.28370993734601985,0.23706054215727532,0.34268788562769714,0.2855559304713664,-0.006546357875293717,-0.0853885799487007,0.30263004091174756,
2024-05-08,0.16477732793522268,0.0589751791676284,-0.15448723793334934,-0.21086437571875505,0.28454174030651497,0.23332004794277544,0.33957254121289987,0.28358767769962334,-0.011952249449689804,-0.07061735306878708,0.2477498538866161,
2024-05-09,0.18056680161943323,0.07473189138216525,-0.14007361228897253,-0.19166452228728295,0.22857151220163385,0.18860482239563306,0.3410263686064719,0.2860820354669629,-0.01022808632614042,-0.10133110033962792,0.29947399181765055,
2024-05-10,0.15890688259109312,0.030806645294246406,-0.18617069403212513,-0.2506855822818894,0.21693763283807765,0.17527006130730877,0.30551144227778326,0.24189938248747003,-0.031444059676934547,-0.1098463289441263,0.32185856224430165,
2024-05-13,0.20844731371047162,0.08626030285045952,-0.20467213937316459,-0.28292690832729944,0.2862098929134341,0.23006608564742156,0.357849228446377,0.3097402862450388,-0.03419103143309797,-0.10422022070409519,0.3281122150789013,
2024-05-14,0.2268300689353321,0.08862711930254029,-0.21337753826597608,-0.3136294591750755,0.2557290981132614,0.13635851476963382,0.35971843509525536,0.2983126707321411,-0.009252955813363916,-0.04701955740520852,0.35587663239788836,
2024-05-15,0.18043549622496993,0.04588632751011116,-0.1855246086574608,-0.3047373203510016,0.16288035511515428,0.090424579175414,0.3202574058411569,0.2428684714175492,-0.051666447498903596,-0.11501408785623544,0.41344243132670955,
2024-05-16,0.15308020571178466,0.011479362584925268,-0.16253354262449915,-0.31169574974247394,0.1555342395072794,0.09434680925833355,0.2874424446719593,0.19553474640463092,-0.026591458511474028,-0.06567676735162188,0.42572936926924154,
2024-05-17,0.23689681584418426,0.13349954516672588,-0.2128941487611457,-0.35960554805267914,0.18083879753369522,0.1528473398995152,0.33624950717044944,0.27395639483645245,0.029047765166238786,0.0011508761644962982,0.37866744593804796,
2024-05-18,0.28810591968486704,0.2264963754895624,-0.1309618301987729,-0.22679374161145008,0.13813006024382252,0.13637269284183356,0.3840181215306739,0.34802019570293524,0.036382764217270915,0.02935158927531008,0.30210403272939806,
2024-05-21,0.266345680761961,0.18714162492493414,-0.09995309379586102,-0.24298258688124533,0.03915597962361637,0.024873186241099132,0.4567094912092763,0.4246609236285836,-0.005932290069161443,-0.015931820473829825,0.3482758620689656,
2024-05-22,0.28263486158223006,0.22208149920723685,-0.07235713552924673,-0.19701670143293618,0.21526419295572294,0.2230246219462083,0.4128869797744617,0.3928794306844511,-0.006705938447660931,-0.02295036528314791,0.3320003691285491,
2024-05-23,0.30647773279352225,0.24842864185883934,-0.0817371684825933,-0.2234904062137597,0.30011545122613253,0.32589136854156053,0.38588732817955224,0.3479736397003031,0.03743254849707977,0.038819655721091285,0.3458646616541353,
2024-05-24,0.2631578947368421,0.216763712604051,-0.16571912544126408,-0.2910896734417634,0.2727972498965743,0.29161817471820417,0.3354292884998514,0.30368028322580526,0.07557809791791344,0.07872603953180858,0.29699248120300753,
2024-05-27,0.3314366998577525,0.3015394850052685,-0.03673683469094211,-0.10849806078733956,0.2462485753650318,0.26032032400371696,0.3538215729960736,0.33036693377085,0.09155876787302876,0.07599881527756681,0.180775213896811,
2024-05-28,0.3590108326950432,0.32198042319255527,0.033670713213105774,-0.027362162086455446,0.30319355841819534,0.3140204336139722,0.31427816132919595,0.2772718831962202,0.09648198863706187,0.08571662879975767,0.21791547835105007,
2024-05-29,0.2835102308786519,0.23970700243042523,0.08229672870808616,0.020989660439139253,0.3002310358447934,0.3237572055568759,0.2807122421235906,0.23960755769594616,0.11440238527352867,0.10718337251523936,0.2067669172932331,
2024-05-30,0.3119597330123646,0.2957806608586094,0.1419526612191983,0.0974789272738092,0.2255581884680114,0.26518556575406743,0.28554021680384883,0.2676291953999724,0.1231527093596059,0.121394118010727,0.15355198340679285,
2024-05-31,0.3115220483641536,0.30935604423242696,0.1793879292185362,0.1848296710640505,0.14058493384603216,0.22604470359859788,0.308070765311721,0.29556306143055017,0.10396681358568838,0.1038319192031569,0.01432460461498574,
2024-06-03,0.037312616259984686,0.07014328973325815,0.1900729823187637,0.2538355220213028,0.11929961579750947,0.21917844364704853,-0.28931165132083764,-0.2807304823569127,0.11414311641171895,0.11521102640509091,-0.1579595540575577,
2024-06-04,0.020899441952073532,0.003093932122444779,0.2107835378297468,0.21016852632118357,0.1520693678350875,0.16562737195348343,-0.3194266473305443,-0.3468425782574678,0.06305916305916306,0.06096059952800004,0.07496392496392498,
2024-06-05,0.03315461210198052,0.017632479262757156,0.10370370486150457,0.1357214661102983,0.2198268583135063,0.22837772611010826,-0.28619630690604037,-0.3193026046804696,0.0013670539986329463,0.0012183118962176456,0.0034859876965140126,
2024-06-06,0.048035890141153295,0.038351974294012284,0.05349747840513286,0.08603347368966438,0.23792118815717495,0.23758506553485068,-0.23780462366285646,-0.26233021135124185,-0.06042786540243184,-0.060629450142829985,-0.007431457431457432,
2024-06-07,0.03684210526315789,0.02766949284337921,0.02651693188184509,0.06505096630051656,0.2007541068689891,0.1944503720282247,-0.2419584162159195,-0.257731358969146,-0.059160272740571083,-0.06026609448930788,-0.03192071086807929,
2024-06-10,0.1222672064777328,0.11603697290221061,0.07638281207522647,0.08002292178454187,0.22412326420968592,0.21149098544438738,-0.2483967946731671,-0.27689214549489355,0.04754011518320876,0.05254794013031497,0.029938482570061518,
2024-06-11,0.12964352720450284,0.12367377365743384,0.12816066970301485,0.14216280661145397,0.1924990571252655,0.20253980454721926,-0.2165286598684391,-0.23111776182913368,0.07084521648949962,0.07261586922301985,0.004148301788955147,
2024-06-12,0.20435540069686417,0.194604889415034,0.05427309987314257,0.06203246569110702,0.33333347335637975,0.35261926251638054,-0.14102605760127032,-0.16101426969286814,0.06079854809437387,0.06480500499784399,0.00946331345605393,
2024-06-13,0.2310104529616725,0.2320470034063745,0.047133295855203844,0.06190679636264108,0.43145040179245553,0.4399302859902303,-0.1681392115326227,-0.18658763968057474,0.11702937889433335,0.12132013238235538,0.00868550687062484,
2024-06-14,0.19128919860627183,0.19786186813550571,0.07487903323203739,0.11356914759136416,0.3665241978924736,0.3667000584119108,-0.16117263725859468,-0.1634583301504539,0.06086336530982629,0.05613663993421929,-0.024824993518278455,
2024-06-18,0.30431519699812387,0.30702675845614213,0.024732577453182414,0.06301605980823195,0.5575906791044464,0.5024814783151842,-0.10412204252804072,-0.10044881642714919,0.20674793100646202,0.2054208342108052,-0.032839767318878894,
2024-06-19,0.3451219512195123,0.34522971316699075,0.048075518202138796,0.07671602860176613,0.4867840828398667,0.45917621598339564,-0.09188346610069416,-0.08747616447671984,0.17648541290408862,0.17239694567324398,-0.03998655913978495,
2024-06-20,0.2281425891181989,0.21821867653735832,0.08232706319569585,0.11861595646011532,0.359000873674276,0.27012403498663295,-0.17021035523571212,-0.1460683306549452,0.19400899043041137,0.1788951614727834,-0.08111102717131274,
2024-06-21,0.25526315789473686,0.2520462958499555,0.08211495794765529,0.09391453203887153,0.20762736511486005,0.14512745620721937,-0.10656975781351002,-0.10103688859781272,0.13807874353699254,0.1432117326363269,0.004970914859862506,
2024-06-24,0.2532833020637899,0.2450473776337277,0.04119302911082704,0.062328377055839324,0.23648198637647735,0.16894296553670357,-0.026548296557782528,-0.018054983570305192,0.12588768576139733,0.12675416932410002,-0.008083402583666995,
2024-06-25,0.2857410881801126,0.2774436976043552,0.044949697716915975,0.07467336482542179,0.23579752331894777,0.1702970471632381,0.015627720668765603,0.026875009914356374,0.0853437421575066,0.07659676931026564,-0.0453526730628793,
2024-06-26,0.24139048699457094,0.2392992360958936,0.020427940942429765,0.0677461808713749,0.23361710156461707,0.19936049554273563,-0.019205150701374598,-0.0046690653383661355,0.09554629380408104,0.07298418295304657,-0.09949384301578908,
2024-06-27,0.2537071550117495,0.25506726700306176,0.0002153746807492988,0.025001385279982736,0.14764608424159995,0.1344478448500368,0.054791165236274586,0.05974610429023979,0.06985821862848493,0.06640863826288348,-0.022588199743144216,
2024-06-28,0.24965561947978288,0.2577088847888275,-0.015007860726985546,-0.000364660089797558,0.2598620593068454,0.27170276617920736,-0.008661146394737564,-0.002646704255386849,0.03149169079718361,0.03945959624160359,0.03379164463246959,
2024-07-01,0.24446965399886558,0.28797286358400254,-0.001004845966601624,0.04141296616474099,0.1845282145185387,0.15562145083214987,0.15717984632341048,0.17402907999265146,0.09508699574352591,0.08733293800127473,-0.046589106292966684,
2024-07-02,0.2101126326877887,0.2684284475744322,0.002333797962646025,0.04990604886633315,0.13525499301826135,0.12954350570081913,0.1546091479022332,0.17268156343453847,0.06399069235242846,0.056286827692846784,-0.04056054997355896,
2024-07-03,0.1939064905599222,0.2602049255585504,0.027535496571545113,0.10394153942625037,0.13845775241577937,0.12992806724574885,0.10062448105751044,0.12639523368204683,0.16749351553642874,0.15430835243026333,-0.09052907254916773,
2024-07-04,0.22291548496880315,0.285949652199564,0.03688606564890337,0.10041123467530075,0.16876078363844993,0.1855133354400331,0.12926940632205722,0.15421680221345924,0.1333652308689088,0.12492660616279704,-0.05759109566618822,
2024-07-05,0.2363665829349324,0.2759773274246329,0.0419916018038499,0.09745694174874718,0.1771372312934971,0.2041568780282499,0.12412800947970266,0.13707524252482636,0.131100478510469,0.12264827448415498,-0.05431744352950064,
2024-07-08,0.28790211490154766,0.3279123709368204,0.09618729025766684,0.1519333283808519,0.18065314581274547,0.18393726417481135,0.13477804579600852,0.14966999139460396,0.07608486943164362,0.06174496674645981,-0.08059715821812596,
2024-07-09,0.21880064901665358,0.24087041724793223,0.06575182501271554,0.10855362783880305,0.16857674179524954,0.1895302815077418,0.0852002905304468,0.09198805013350786,0.1826720892603974,0.18167677339657207,-0.029689506685804938,
2024-07-10,0.1976339032493315,0.21224777859016083,0.11596405379091727,0.15549503417572147,0.13579793089061767,0.15373854583058028,0.025339741580175986,0.027135148547009283,0.016610259038288853,0.01668650785618298,0.0009120583717357911,
2024-07-11,0.20346811441536344,0.21964852623183964,0.1529131547178862,0.18492742335208778,0.05254075808687817,0.09915271875114591,0.07675371000372147,0.08141949763064904,0.045580011054100956,0.04651694466283712,0.009072580645161291,
2024-07-12,0.24592820679037358,0.2537840973434692,0.16455011976623043,0.18489228952118308,-0.013579700268006784,0.03528630734393885,0.062431247371448076,0.06382468807150138,0.015409725907055584,0.017580161910902514,0.03989055299539171,
2024-07-15,0.1284336763633417,0.14152984377047242,0.18291293166294478,0.20840881779476617,-0.14578234250903632,-0.07998786561151645,-0.032317351580514304,-0.026732818416030108,0.05698169820674851,0.05867146047127639,0.01051267281105991,
2024-07-16,0.10365853658536586,0.13228609216705384,0.1577870496187518,0.18914605950048077,-0.14437053899581265,-0.05975234784621719,-0.008079337895128576,0.0018158994124068874,0.18097564752971054,0.18092852920627134,-0.01014832162373146,
2024-07-18,0.07654784240150095,0.10686557677882674,0.13382968408400878,0.1829154167942002,-0.15308780802807134,-0.05387483932749263,0.01799488894824092,0.015893678166853675,0.32857808390814247,0.3311368961832738,-0.06222457253657676,
2024-07-19,0.05196998123827393,0.07551890833026517,0.16140297222994734,0.19549142194493765,-0.18430786190141685,-0.07519686687200539,0.05728985052909354,0.05093091638200302,0.26566100509732493,0.26854112849892625,-0.023645841202689432,
2024-07-22,0.07044534412955467,0.07866638653493228,0.25837925934379685,0.2806130116980473,-0.1961204176641459,-0.09310179522770987,0.060227791581867564,0.057073634626054845,0.2519006264672674,0.25454465081546535,-0.001057641459545214,
2024-07-23,0.0006072874493927126,0.0035163336919628173,0.13637761974830476,0.16311550580711615,-0.24713616493815269,-0.22087656374335077,0.07822268053010849,0.0707898292313594,0.19537339401084786,0.1976864609580993,-0.005668241178105031,
2024-07-24,-0.039271255060728746,-0.046101937743592794,0.2541675746943643,0.28892618905268297,-0.30578900012742993,-0.3102978438498676,0.0033051836843707807,0.0010699849317421745,0.154280036832274,0.15433102834048837,-0.008240794856808885,
2024-07-25,-0.01214574898785425,-0.021496097897544492,0.07891125394697034,0.11270468335565165,-0.21906570572550382,-0.24333013841820805,0.01983110210622469,0.012733373053485571,0.11951639748186088,0.12050125782682958,-0.009689624411701377,
2024-07-26,-0.044753255279571066,-0.052336439164589334,0.05886838702874468,0.07809298310621686,-0.17251424325883424,-0.1904493664971849,-0.005508639473951302,-0.010205402840552488,0.11625367268626284,0.11699675571144934,-0.0049524746993140365,
2024-07-29,-0.05482000218842324,-0.0769283610835837,0.08681376345876787,0.11088602443393958,-0.2054241238230658,-0.2413814371397326,0.015424190527063644,0.019280527044373275,0.08183066928023625,0.08076949890550042,0.016890707188778494,
2024-07-30,0.007112375533428164,-0.03538634498313277,0.16865731422449623,0.1810152704608069,-0.15461538461538463,-0.21941898314812103,-0.04884327000236821,-0.04548512232624358,0.15588742497885005,0.15487900351048337,0.043775569842197555,
2024-07-31,0.04344020133493817,-0.02458025369628187,0.15976619791689256,0.17882205477361154,-0.10659997927712941,-0.19587924802476797,-0.04076393210723963,-0.03222963134559452,0.14092410259617832,0.13878914419901758,0.04850964348334308,
2024-08-01,0.05854032169821643,-0.0025169986843297056,0.16458025191993675,0.16626898010000696,-0.03461538461538462,-0.09104000766940921,0.046152670675007355,0.06940286954823574,0.1428467058666033,0.13073353363945675,0.1213909994155465,
2024-08-02,0.05131852500273554,-0.000396443708327246,0.2001010267627922,0.19992256117733892,-0.07461538461538461,-0.148748663693508,0.060494934868834345,0.0733793166568222,0.14799012244445153,0.13794416253190891,0.12045587375803626,
2024-08-05,0.06904475325527958,0.018347079789512565,0.31744277201540966,0.3143437068139921,-0.015390535960314488,-0.07782216648272007,-0.008826008734662763,0.005945701915121106,0.1252922358166328,0.1115259387206445,0.1559260512473469,
2024-08-06,0.0832695043221359,0.02168598222193371,0.32957859279675533,0.307484663824368,0.06271643403828153,0.007215105450747454,-0.024087648838350455,0.0063789224542503235,0.1113247304682794,0.08700117136845939,0.21172598357377959,
2024-08-07,0.15461210198052305,0.11845284604417168,0.32134484585665596,0.31878341039152686,0.13659100664779109,0.08392365941792362,0.03162653129920823,0.04352387623157112,0.11224756603447127,0.09806179398073309,0.14269894490756407,
2024-08-08,0.17671517671517672,0.144294753007253,0.29354580799536345,0.2818515492831066,0.17356169911186053,0.11434660183194414,0.06564343996405429,0.07416154874829471,0.06903022386799834,0.05496936952624771,0.15008151588790797,
2024-08-09,0.15942663311084362,0.11511054921071073,0.2584916214979635,0.23988938211680993,0.11254602278030096,0.053738046925824984,0.14231939084643705,0.151365463143178,-0.007130749909894897,-0.021271926488558062,0.1703682057276447,
2024-08-12,0.1342597658387132,0.10298781264969176,0.3032128900476705,0.28823159022117334,-0.1084969895176078,-0.13483034736723182,0.15335190176476549,0.16080379025664793,-0.01911246841995879,-0.044110291572522074,0.1744593804792519,
2024-08-13,0.0467228361965204,0.023662265044314217,0.19591323471274974,0.17361859573877023,-0.18574215595859897,-0.2044774523699777,0.14250326602840918,0.152679958089756,-0.016796123989272327,-0.03866305459407138,0.1801039712079732,
2024-08-14,0.05197505197505197,0.035120667249936316,0.27350806807372624,0.2526321017354457,-0.20655144314068263,-0.23052943214850669,0.15040989885321124,0.16852442675922813,-0.0023659050409443882,-0.02740094557980104,0.18142338605133526,
2024-08-16,0.11478279899332532,0.10601062264470268,0.30430224810345985,0.28566947050366676,-0.19579924511093455,-0.22549704491098066,0.13882576238896638,0.1593303919805709,0.05574370858439584,0.03188540866062513,0.17072854550168526,
2024-08-19,0.11478279899332532,0.12204406320514755,0.2713415918694476,0.23837037656816468,-0.08080031379165106,-0.10199803959450625,0.12577062446894435,0.16318711020903373,0.06653702806929902,0.04906621893475739,0.2048872180451128,
2024-08-20,0.13053944632892,0.12054835497883519,0.26322867137578126,0.19542621603721858,-0.05132666862236858,-0.0383510969208375,0.14195164048249276,0.16958183490505543,-0.03837365704837736,-0.06517888468349792,0.29491833030853,
2024-08-21,0.1075610022978444,0.07630473680469235,0.29062420370870873,0.18743972252612673,0.028279318617056265,-0.00695622971834457,0.040820290397815276,0.061229419066648805,-0.024535701668512096,-0.06907626705274006,0.35085558724397203,
2024-08-22,0.15439325965641754,0.11629426443770734,0.31711065689360085,0.2067027867546265,0.0710241337002814,0.03341352894753361,0.0494624239505059,0.06375553804580282,0.009885586537511478,-0.05310015158231418,0.4110707803992741,
2024-08-23,0.18853266221687276,0.15530559168912633,0.3281600299665683,0.2275451781620092,0.08845336896415415,0.020769219615557343,0.06527568960011002,0.10684470699257675,0.019931939728504093,-0.03665132741959282,0.36103189007000264,
2024-08-26,0.17540212277054382,0.14726273831881892,0.35723895335032385,0.24222554928048914,0.1453438322436734,0.13218501683562944,0.00036775036394428174,0.04628040830833559,-0.006806138496756121,-0.06890365748672743,0.4114596836919886,
2024-08-27,0.17014990699201227,0.13793186112123093,0.30220742757742386,0.1781748693719925,0.1845485314551501,0.13392199505587093,0.04891079840458947,0.06656644226068731,-0.06942036266731157,-0.1281297760270041,0.41366346901737105,
2024-08-28,0.20625889046941678,0.19186944618041316,0.3249578438818047,0.20363814401709215,0.21980426505861037,0.21704237982014152,0.011584136464244875,0.013790750875599382,-0.11680440777484348,-0.15855652904843337,0.4049779621467462,
2024-08-29,0.25418535944851733,0.2655101053647795,0.3762782128669485,0.25664063222036104,0.2145811934136533,0.22150070875318625,0.06251756187052789,0.07195385317610223,-0.1099983795748665,-0.1638309625750609,0.4450998185117968,
2024-08-30,0.2701608491082175,0.22924631440733287,0.3546847079239062,0.21571235822705515,0.1959078727900664,0.1338680932168728,0.08421483334324052,0.09359187866911352,-0.12021521464796744,-0.15564226352906466,0.3908478091781177,
2024-09-02,0.21603563917197466,0.18236771236887608,0.40206648480291096,0.29719740883266693,0.2607751462249995,0.20260263548226132,-0.028542961483121652,-0.02741906688968233,-0.06644927118682613,-0.09979728239107913,0.3388292472853671,
2024-09-03,0.20748987854251014,0.1967180928927131,0.40126369046187815,0.2926101611568949,0.2659993561660679,0.2501298051612409,-0.06682410982519069,-0.06253990945258747,-0.002707067602666602,-0.032034099631180854,0.35679350333753734,
2024-09-04,0.21275303643724694,0.22094716569696762,0.38532305998018185,0.2743703091356644,0.30169812409670227,0.33026287991541614,-0.06682410982519069,-0.0614454554844493,-0.004891178963908975,-0.02588746237484263,0.3398751115075826,
2024-09-05,0.1939271255060729,0.19574139150032419,0.38381726280921963,0.2791828396887092,0.2926195429769885,0.3336462588659554,-0.10443365907353923,-0.10022559872478969,-0.039897871312097405,-0.06826041585178719,0.3423974899258667,
2024-09-06,0.2161943319838057,0.2215958887454454,0.3396234498248759,0.22834620058970712,0.34935835153071043,0.38407929004616986,-0.058093321606824073,-0.06210017306161557,-0.010951655855070012,-0.03304844571111532,0.3590082746316405,
2024-09-09,0.22894736842105262,0.22732037706321626,0.33235853072089816,0.25711267406669214,0.414618317570071,0.4491826756692337,-0.08764368173052649,-0.10603608987884838,-0.051794830573943164,-0.08190315682796959,0.2604355716878403,
2024-09-10,0.22245322245322244,0.25031273601550263,0.3473636658301482,0.2585046504446982,0.4522309532592003,0.4814825715902119,-0.15954523252297528,-0.18199845532659212,-0.090848500716177,-0.1104479904871865,0.3059466848940533,
2024-09-11,0.2471824050771419,0.26356990206946357,0.35089942525732526,0.2519133619426311,0.5491734020704068,0.5878280452465122,-0.19749710076747054,-0.22268346958215168,-0.046998906646560215,-0.06214752403740384,0.3284347231715653,
2024-09-12,0.2776014881278039,0.31672101121716,0.34957344980597294,0.2518482755599686,0.5709314607895195,0.5998260549712793,-0.14185892499156,-0.157503173449124,-0.020338751662664866,-0.01830078577886614,0.34572795625427205,
2024-09-13,0.26350057488693596,0.25877641892019826,0.3222214817976532,0.23621516663600658,0.5735424278358131,0.6039692368534793,-0.10353859200682691,-0.16185179856591161,0.02283136241577319,0.03010462952933169,0.314149008885851,
2024-09-16,0.24703651019440492,0.2770296994981133,0.3005953394211999,0.22012074093325473,0.6244748318216804,0.6486948636705826,-0.0950639029813571,-0.16187780107337196,0.037151597020643315,0.024099207406048977,0.294395078605605,
2024-09-17,0.2633949739212897,0.31176635781085243,0.27236315651635745,0.18427833341927816,0.6101695889063866,0.677021660826387,-0.05490124629543491,-0.10652305914979783,0.05273681159416067,0.03502111053525252,0.2887218045112782,
2024-09-18,0.2811759127548601,0.3382484319280389,0.247453957109207,0.1656117656032178,0.5919429449734682,0.7066512869534164,-0.028003320258074182,-0.06554798030109714,0.07683237359926971,0.0630986507266251,0.2599453178400547,
2024-09-19,0.259601706970128,0.32268085653296724,0.26361044728622085,0.19739737640972183,0.6196817475252877,0.7174480339331171,-0.10943402785063201,-0.1259604492405658,0.06924483492532049,0.058831778456854195,0.22966507177033493,
2024-09-20,0.2453769559032717,0.2945900131991538,0.23597565604458093,0.18428472182309558,0.6066905159209841,0.7077953678113009,-0.12233029375895563,-0.13942707416041097,0.0970983287760788,0.08388216195726253,0.19453178400546822,
2024-09-23,0.2985842985842986,0.3207927105149027,0.23045416965458498,0.18729713045941904,0.7140709320163651,0.7701969561772766,-0.10095933882516218,-0.1181408069248076,0.16135482017889338,0.14681222675401423,0.176555023923445,
2024-09-24,0.28262548262548265,0.32337029113605764,0.20825885414421083,0.1688597569183082,0.6335592463201046,0.7059151480255351,-0.048268880971154185,-0.05276603198953582,0.18811305933950642,0.16567513815297516,0.16514012303485986,
2024-09-25,0.2761904761904762,0.28425037045016177,0.1767580783780276,0.14694837094032837,0.5943488458968955,0.6118687013613613,-0.08658921395588727,-0.09190576414811144,0.19429919010630342,0.18331151215614097,0.12884483937115518,
2024-09-26,0.2978120978120979,0.29712714214886826,0.2065891316500598,0.18736644777962022,0.6343844419123409,0.6363238850291959,-0.07148215960613673,-0.07632980327959839,0.22578440137514627,0.2224616304313056,0.10266575529733425,
2024-09-27,0.3287001287001287,0.3360326401653019,0.22659184713512584,0.19317066795811558,0.6203390820548266,0.6252311547235251,-0.025424067076409457,-0.027929666564878254,0.1941966575521576,0.18567648510261328,0.12857142857142856,
2024-09-30,0.3132561132561133,0.3197930692330682,0.19919305308714588,0.20149809150114603,0.549717601857328,0.5438214839486485,0.011790871687610182,0.012160544937140054,0.1663539942276975,0.16677099934641057,0.03737373737373738,
2024-10-01,0.4386100386100386,0.4423795824833663,0.16812511210810913,0.16977080797501382,0.551977489223648,0.5546328518096546,0.1485711470334898,0.16374164218961984,0.20410186165800925,0.20593017597654995,0.04882790165809033,
2024-10-03,0.39588159588159594,0.4042334276571775,0.180222472619243,0.17840848744477217,0.5322034747683484,0.5409655405333931,0.12779325147063791,0.14656547793794422,0.1269798919327833,0.12947316607180417,0.06514198589670286,
2024-10-04,0.41853281853281854,0.4181903992032751,0.15228375081115192,0.1507909055679327,0.6365703486108826,0.6432501797429631,0.12043824419175228,0.12957158973176197,0.12313440057761177,0.1259542785428053,0.07291785782351819,
2024-10-07,0.3835263835263836,0.3773271844630863,0.18029190006141826,0.15260368073871566,0.6079896390814145,0.6179863515045857,0.08421483334324052,0.10097674772356942,0.047576387591597366,0.05148839358520481,0.13268534400609872,
2024-10-08,0.39165969577208787,0.3791090273108646,0.15120818953991028,0.09539749739733737,0.6242286785867941,0.6278048488485072,0.12301249673936222,0.13826770430605673,0.06846208103897437,0.05460714538408318,0.18932723461025347,
2024-10-09,0.354954954954955,0.3463333853375242,0.10322745332111535,0.06188257378615355,0.45454545454545453,0.4548047152134161,0.13661926020530069,0.14386949965869902,0.09358084934754818,0.08160910908996538,0.12277491900133408,
2024-10-10,0.3655083655083656,0.363712045113343,0.1360690129202796,0.0896070228608332,0.3910360712895422,0.39370505716129633,0.13753863611516137,0.14720331382160867,0.015514218201406157,-0.0015126542287567928,0.12239374880884314,
2024-10-11,0.39150579150579157,0.38254365123119144,0.1424671525815888,0.09228583123403018,0.43715494348482037,0.44155670754416865,0.1570294054042083,0.16998892000290178,0.05920024413957296,0.04239008982084299,0.13962264150943393,
2024-10-14,0.42603129445234705,0.41223523793119776,0.12874091187799017,0.09374973915195368,0.5292809650090853,0.5302928469009027,0.15684553022223616,0.1670293476134314,-0.007890523753540723,-0.026093872137704196,0.08770726129216695,
2024-10-15,0.36154575628259833,0.34573728889670835,0.1177251058503134,0.11294269979489154,0.5021003365539035,0.49805065676700766,0.12687387556077723,0.1355138366959367,0.06842265766959225,0.06925654072927545,0.0032399466361730505,
2024-10-16,0.38928402086296815,0.3790237893586157,0.11741892872196408,0.1228737931801217,0.516431940648454,0.5169615005801402,0.09120209025818188,0.09470544162079374,0.03339369118376408,0.048202657095106675,-0.053630646083476265,
2024-10-17,0.3705547652916074,0.36136995058138616,0.09466459385640688,0.11564986433906707,0.5200198361477546,0.519907674543629,0.059391683777001505,0.06090827042181755,-0.14587661288360979,-0.1400901947957399,-0.06750524109014674,
2024-10-18,0.3269321953532479,0.3200261613322899,0.050719461433614825,0.08160866995178967,0.441808760707864,0.4407607807955398,0.04045254003387099,0.04029267554273926,-0.19276144012344254,-0.17608449639678592,-0.09616923956546597,
2024-10-21,0.3261261261261261,0.3273947742765086,0.026125781562239776,0.08287566332211922,0.46314602242237574,0.4638737347827864,0.06306918741644432,0.06224566363277074,-0.14423754981750178,-0.12104695003593921,-0.1479321517057366,
2024-10-22,0.3495495495495496,0.34240245937304653,-0.0026539415041408328,0.04063033648728456,0.4309517257417959,0.43169520324357413,0.06123043559672292,0.06770077467728061,-0.1138555364970459,-0.09019937927369913,-0.13360015246807697,
2024-10-23,0.2635778635778636,0.253945336703351,-0.0654775600572685,-0.03436159468060943,0.4478960924157853,0.4477630175114728,0.015813265649604114,0.01739071079367835,-0.15018391815035864,-0.12551956505818931,-0.139241471316943,
2024-10-24,0.297039897039897,0.29403573573427344,-0.09643646243596263,-0.06461616010250844,0.4100536735105424,0.4174090669611863,0.06582731514602644,0.06622501891398129,-0.22529672802279813,-0.19902696266598532,-0.16443001443001445,
2024-10-25,0.294980694980695,0.28089003544501673,-0.027807127365748186,-0.024901558346031288,0.4236091668497339,0.42428204971236877,0.0364072860304839,0.04872654342501017,-0.23965511036916698,-0.2338547167785436,-0.055555555555555566,
2024-10-28,0.2676962676962677,0.2592256327647861,-0.04491197951692949,-0.017939576463366698,0.40564978225443116,0.4059442953319441,0.021329521108768342,0.027002600539197837,-0.2016306505875771,-0.18718732150851278,-0.09834054834054837,
2024-10-29,0.28211068211068213,0.26430674896152523,0.0085496772838536,0.04359733558994457,0.4414828180104916,0.4386833496709555,0.003861378821414958,0.004642519861270174,-0.1791550922916278,-0.16293087394829123,-0.10692640692640694,
2024-10-30,0.19229036657361134,0.16746882320577167,-0.01531959859152914,-0.08323977156218708,0.23033511106690005,0.2638113789889904,0.0036775036394428176,0.015059284361955794,-0.05678415530950909,-0.07171837800294421,0.08477633477633481,
2024-10-31,0.12767052767052767,0.11169960003388243,-0.0029780490213173485,0.010025573079709414,-0.005265467817119168,-0.0008204290013531158,-0.020226270016935496,-0.01856925716970118,-0.10494417289176361,-0.09891580078623588,-0.056421356421356435,
2024-11-01,0.0007722007722007723,-0.03505888637309013,-0.024834279432540313,-0.07438983054565607,-0.011408513603758198,0.004138619816381877,-0.013391381332541889,-0.03893278788615078,-0.08853133235675688,-0.0946689600769804,0.02662337662337663,
2024-11-04,-0.008751608751608752,-0.048765566743776516,-0.0580183479320034,-0.10775543854018937,-0.043898173196218075,-0.026345639140380014,-0.0026782762665083777,-0.027417192300643285,-0.10945363374135814,-0.11681536214254665,0.01832611832611833,
2024-11-05,0.010038610038610039,-0.036887035277672425,-0.05353789128777592,-0.10664351790577445,0.06321336940255402,0.08902469614364929,-0.03314366879804117,-0.07352201806954724,-0.06203113519591942,-0.06799167385838621,0.0278879015721121,
2024-11-06,-0.028056628056628057,-0.0628163523249034,-0.07498585860863914,-0.12053761805819463,-0.013163669542797919,0.0257545197506874,-0.002008707199881283,-0.018561297557058452,-0.05468309438758737,-0.05439130139435923,-0.00608339029391661,
2024-11-07,-0.04581724581724582,-0.07516692846137762,-0.1297606827951354,-0.1824860631324469,-0.0912280701754386,-0.0660387226681085,-0.06427863039620106,-0.08441162026579103,-0.03426848777307364,-0.03087544740404816,-0.026238887692638962,
2024-11-08,-0.06512226512226513,-0.0999978389414022,-0.09194104708253761,-0.14883009493420998,-0.010526315789473684,0.016521907290333194,-0.1134919567932925,-0.1381104545792855,-0.09126843749637605,-0.08822205665487562,-0.03435971577101726,
2024-11-11,-0.07282913165266107,-0.1317447867097035,-0.10391338706123802,-0.16803677220601218,-0.010330584024841829,-0.00040206928043794084,-0.1078006197269622,-0.13649937426606976,-0.023225052305808437,-0.022972837194174884,-0.00458334615029684,
2024-11-12,-0.19299719887955183,-0.265189991218773,-0.1366211699629989,-0.2012117914180531,-0.07549137139128387,-0.10000426995043407,-0.1781053717228071,-0.20789439940242563,-0.011904761910394522,-0.013071030860746884,0.012888738503183735,
2024-11-13,-0.16806722689075632,-0.2908264334360164,-0.04241935539047029,-0.1500244688876075,-0.10858347939842201,-0.13683358849998503,-0.22865783625315275,-0.3044030047799663,-0.052295624142422996,-0.062011297323683726,0.08099295579685627,
2024-11-14,-0.23193277310924368,-0.2891595516794293,-0.11729365837193118,-0.15313343102392848,-0.1520168711577908,-0.18719539013974448,-0.23200568158628823,-0.27233778549347293,-0.06776793407906752,-0.06282184956499627,-0.05743025008459197,
2024-11-18,-0.26738567192120594,-0.27694940408896473,-0.12020161446672235,-0.10219418070690774,-0.11151266328595341,-0.13870319558819347,-0.22765348265321209,-0.23218572135470505,-0.07936507940263016,-0.06717699300100662,-0.134947245378203,
2024-11-19,-0.31456582633053226,-0.30967327694852864,-0.16418692914764654,-0.12544822736453415,0.08978328173374613,0.08422724879090451,-0.280214654383439,-0.27921105109254335,-0.08167094760798059,-0.06502388503371109,-0.18361069242363653,
2024-11-21,-0.3676728071205686,-0.365700795383213,-0.2051447470584065,-0.14139641594346938,0.10015489202534705,0.08691040129101285,-0.290592974916159,-0.29198188380460144,-0.1464870186493507,-0.12759157015815673,-0.22181549724691624,
2024-11-22,-0.3453781512605042,-0.3429492796006543,-0.2252555653522172,-0.168874928521599,0.09499226872507144,0.09000316475614062,-0.2601275823846262,-0.25901503228086714,-0.11034206969660246,-0.09883755163407408,-0.22033898305084748,
2024-11-25,-0.4056022408963586,-0.4003689030346032,-0.23784372305376172,-0.19987520805311068,0.1683885196049218,0.18913293756516056,-0.26213628958450746,-0.26692818970935117,-0.09828349949279198,-0.09117243020990606,-0.17290596450213788,
2024-11-26,-0.37535014005602246,-0.3305081791024026,-0.2723973881931199,-0.19920273629844065,0.1146694826757443,0.12001822798406948,-0.1991967973215606,-0.19415310446595255,-0.07893320209494473,-0.06394285867874511,-0.237503460580147,
2024-11-27,-0.3070028011204482,-0.2583433958092772,-0.27800737999834896,-0.22546149326256276,0.12571458933641141,0.11533362222355059,-0.1412790730583169,-0.1302788043508592,-0.02494732147272025,-0.013486084331443798,-0.23036697529914793,
2024-11-28,-0.32885154061624655,-0.2811346083089073,-0.3102734322995748,-0.23171049678671837,0.1248354663340589,0.10703965802703101,-0.1446269183914524,-0.12647680918306947,-0.03240860772621209,-0.012655970919767901,-0.28026963961628215,
2024-11-29,-0.32717086834733894,-0.3015185286397435,-0.2693875823826419,-0.2290301146474889,-0.014925378886714144,-0.01510881243221005,-0.1439573493248253,-0.1358058037798659,-0.022167487684729065,-0.01833536598271566,-0.2204433497536946,
2024-12-02,-0.17759103641456586,-0.11547406092538551,-0.3147962400394884,-0.23856711421100327,0.06942014235840012,0.05334515343672281,0.17531291364487608,0.1895042467665243,-0.017889551464869067,-0.021196660499819414,-0.2867513611615245,
2024-12-03,-0.20588235294117646,-0.13513030450243937,-0.3010363425490028,-0.21468298955635612,-0.005272415875321529,-0.005480072063905278,0.13844021670235912,0.15703170651563564,-0.0005810078778681158,-0.010332623795805119,-0.284894053315106,
2024-12-04,-0.22577030812324933,-0.15222784939484138,-0.3449415109006154,-0.26071308414160704,-0.03866438308569121,-0.040312149375473436,0.11095329716339193,0.13770885719141973,6.835386798448422e-05,-0.023288051002003204,-0.2961722488038278,
2024-12-05,-0.2280112044817927,-0.15010471237630482,-0.3564898682598419,-0.2552628358496437,-0.05182261854031033,-0.05399469364097213,0.08715364731867645,0.12149820769943888,-0.004442925495557074,-0.03593778062441038,-0.3291182501708818,
2024-12-06,-0.24565826330532214,-0.15107548779007943,-0.37011561955978944,-0.22417752188838788,-0.06239025452463809,-0.05893810170201611,0.05363301373457013,0.09382758924732679,0.0019138755980861245,-0.0245078535292719,-0.3943267259056733,
2024-12-09,-0.28459383753501405,-0.16731700586326628,-0.39762879925074823,-0.21644289881822024,-0.019332191542845604,-0.028023707629662838,0.048437315529033645,0.13037616528226553,0.012098427887901572,-0.03240566501321706,-0.4591934381408066,
2024-12-10,-0.21932773109243697,-0.11834451108597017,-0.3607895940937165,-0.20031239457597863,0.12340383006855714,0.05469897734727755,0.0938577740354977,0.15667330365559118,-0.054978354978354994,-0.09448695395169335,-0.4476911976911978,
2024-12-11,-0.20183346065699004,-0.11510186637832778,-0.3432674607685126,-0.18049697319054417,-0.006211210076892544,-0.05695152185758483,0.10072950392023952,0.13589160695098373,-0.058513708513708525,-0.09016855991200469,-0.45844155844155854,
2024-12-12,-0.20056022408963586,-0.09728881677194988,-0.3392093901377922,-0.17182986357211621,0.10489325555827357,0.03747913558237979,0.1144729636897231,0.14976997007277915,-0.04660894660894662,-0.07705829479665556,-0.4420634920634922,
2024-12-13,-0.19144385026737967,-0.08159437835717573,-0.35952358455956984,-0.13876708600135332,0.01859505124471529,-0.02272094092634613,0.08866207582996123,0.13606446639457215,-0.07041847041847044,-0.09867083385328698,-0.49487734487734497,
2024-12-16,-0.18411000763941937,-0.015719104912479877,-0.40081642742964313,-0.15470631053906775,0.01859505124471529,-0.06195169862722144,0.0948633930430209,0.1480428032869945,-0.05627705627705629,-0.09591880976409783,-0.5028138528138529,
2024-12-17,-0.20794499618029028,0.017322231983625137,-0.42223556553575636,-0.16258079730556008,0.04138658439330887,0.038386797690355634,0.06670606083237159,0.12974777819669744,-0.05930735930735932,-0.11124227082384838,-0.5671717171717173,
2024-12-18,-0.17188693659281895,0.010584294172366403,-0.40364990085623664,-0.1773989010284528,0.10243179637343945,0.07700399761384935,0.09201413918837185,0.15047234015483865,-0.09494949494949498,-0.13714310871275293,-0.52994227994228,
2024-12-19,-0.173109243697479,-0.010473996028533963,-0.4251446693864458,-0.24630613463385695,0.04138658439330887,0.03170682484310107,0.13106567731385574,0.1677531488561507,-0.11782106782106785,-0.1448654952257203,-0.5059884559884561,
2024-12-20,-0.13735676088617263,-0.008611228275609275,-0.43145636041551805,-0.2154599841176365,0.10036246715377402,0.06964025015120684,0.15620615250193548,0.1769922542331703,-0.1803751803751804,-0.20241781809787998,-0.5314574314574316,
2024-12-23,-0.14316271963330787,-0.025074925090467937,-0.3952840627174807,-0.19160628317145015,0.06917915222369332,0.019735559531318888,0.13911062937404126,0.17446465012851448,-0.11010101010101012,-0.15503794682482938,-0.5020202020202021,
2024-12-24,-0.13766233766233765,-0.04537402678218699,-0.4189520273268756,-0.1867478170812595,-0.0762612818103971,-0.23234272782691123,0.15503293032649176,0.1757474610857948,-0.11854256854256857,-0.17422615647105572,-0.560966810966811,
2024-12-26,-0.09358288770053476,0.014287476909059038,-0.4150417870376439,-0.1983882541515361,0.07573579547669552,-0.057940057298200114,0.13844021670235912,0.17818966318569493,-0.16984126984126985,-0.20746867932330038,-0.5321789321789323,
2024-12-27,-0.12132352941176472,-0.004267819153665933,-0.3976948041630572,-0.15968600680324713,0.05308787623057557,-0.08515464288966103,0.1451443434191804,0.1794184004970566,-0.17979797979797985,-0.20685592583404025,-0.5626262626262628,
2024-12-30,-0.06851604278074867,0.012681224308930776,-0.38174832993254976,-0.19400113338822186,0.018461709752042508,-0.18232808555639124,0.20514627753473072,0.2146020681361182,-0.22914862914862918,-0.24933778068580276,-0.5166666666666668,
2024-12-31,-0.11764705882352942,-0.055135347310502784,-0.44802497621508997,-0.2692944337331281,0.018461709752042508,-0.10246767651108146,0.1583849936849024,0.14728194347740697,-0.20101010101010106,-0.24515456097235347,-0.5225108225108226,
2025-01-01,-0.23128342245989308,-0.07775458286413618,-0.4463711218564858,-0.2331622807993633,0.04914019746654562,-0.06084864749015806,-0.09603867040203284,0.050590814756131336,-0.1619047619047619,-0.21976081401201703,-0.583910533910534,
2025-01-02,-0.23495989304812837,-0.09004792351477574,-0.4271271202762533,-0.21348457294048528,0.07371029619981843,-0.02429703443330216,-0.08562888444936496,0.035135613331995094,-0.16313131313131315,-0.2349908946295653,-0.5551226551226552,
2025-01-03,-0.22627005347593582,-0.10808549025084876,-0.44546372273951285,-0.2537067732328462,-0.0041343718939659616,-0.10003359848669355,-0.07790549487157909,0.007216907678358921,-0.13225108225108229,-0.1707384022750941,-0.535858585858586,
2025-01-06,-0.23395721925133695,-0.12109517722992169,-0.4304758603535075,-0.28814976310540585,0.020661168049683657,-0.06015884625502722,-0.08596468399622521,0.015154942825269049,-0.0930735930735931,-0.10690006066727001,-0.4603174603174604,
2025-01-07,-0.20086898395721925,-0.09163430106069402,-0.4036023171141439,-0.23007138961458468,0.1859505124471529,0.06980077760218018,-0.09939666587063539,-0.0030795126694114273,-0.11832825269336016,-0.10569023774775523,-0.5154401154401155,
2025-01-08,-0.2887700534759359,-0.20681190571428665,-0.3972524002071729,-0.22225968798452692,-0.0072388986265614665,-0.13875808789833652,-0.11920883913539042,-0.03962214344416537,-0.1462481962481963,-0.15839797189969854,-0.4814574314574316,
2025-01-09,-0.24832887700534761,-0.14468331157473088,-0.3848888194809018,-0.2536930337457701,0.07128102977140861,0.03767506645857923,-0.09906086632377514,-0.025408962429954763,-0.1913419913419914,-0.21065219838521484,-0.3987012987012988,
2025-01-10,-0.19719251336898397,-0.10032212762934033,-0.36953076903049187,-0.24282780936056575,0.06195147960330745,-0.031836087064687775,-0.04533293882613439,0.01158584550240178,-0.2820346320346321,-0.2827821453256233,-0.37186147186147195,
2025-01-13,-0.19953208556149735,-0.1118563779286241,-0.3560400518277543,-0.22270772634391398,-0.06508267935650353,-0.22224855921285352,-0.004029594562323057,0.03946803665003523,-0.29892314079792137,-0.2791856554753479,-0.36226551226551235,
2025-01-14,-0.2356283422459893,-0.1676390109894903,-0.3454187479972035,-0.23766557458291107,-0.12500006670058614,-0.22055114410980242,-0.07622649713727782,-0.05183278307144468,-0.2136041415235931,-0.20334429801658901,-0.32388167388167394,
2025-01-15,-0.27907754010695185,-0.20895781876035646,-0.3784367898568881,-0.26396274370479034,-0.27934083216473415,-0.4021830668229265,-0.07387590030925603,-0.028753738262584205,-0.30487562911938615,-0.23357903632340354,-0.37316017316017325,
2025-01-16,-0.24899732620320858,-0.17502716389823103,-0.3661119567609485,-0.2642696493443244,-0.19241355008537606,-0.3761539033859807,-0.05507112568508178,-0.024858301260250487,-0.07511093478678393,0.0035901041271137564,-0.36457431457431466,
2025-01-17,-0.23328877005347595,-0.16562175471495688,-0.3557124350077001,-0.2536265925647062,-0.21737530793428966,-0.3252214050966137,-0.011081385046388406,0.019982286433662993,-0.2989393181892651,-0.17561868223988997,-0.35101010101010105,
2025-01-20,-0.2446524064171123,-0.1554090270804687,-0.37675591579026485,-0.2753583394644227,-0.2017742092787187,-0.27659688158987233,-0.06480931254402916,-0.017599503914444002,-0.501352862983639,-0.429711939889053,-0.3498556998556999,
2025-01-21,-0.2533422459893048,-0.17479346273948948,-0.3731988580241459,-0.27742326875566126,-0.2791950003447379,-0.3200920791084169,-0.11114965001074431,-0.051580728078790786,-0.40348503765990557,-0.2672024117948355,-0.3552669552669553,
2025-01-22,-0.1985294117647059,-0.12326845803164181,-0.33011528329471757,-0.25586318418908544,-0.08695694107649564,-0.08857156756429414,-0.1061126568078405,-0.06724647825232934,-0.37991991077791626,-0.27467580088036536,-0.30101010101010106,
2025-01-23,-0.20955882352941177,-0.11972983803460595,-0.3100715680869321,-0.24794286005965885,-0.068323310845818,-0.06201414749452114,-0.1215594359634122,-0.024128036298030082,-0.40769869069425807,-0.3080233532851093,-0.31659451659451665,
2025-01-24,-0.17546791443850268,-0.09140924237537862,-0.27732283734117696,-0.21989887555911833,0.059077471206536024,0.05652044024415615,-0.10510525816725973,-0.00846504336938347,-0.38551174309873837,-0.3051896978188028,-0.2935786435786436,
2025-01-27,-0.1677947695337786,-0.1370958148662626,-0.2869014000698149,-0.2718110425904761,0.08123152290898704,0.056405071228890255,-0.10275466133923795,-0.07053871330582892,-0.3373919950103216,-0.3058898201943503,-0.15389610389610395,
2025-01-28,-0.08823529411764706,-0.09712623900601734,-0.18923657414690637,-0.203551180831934,0.15224089659626738,0.13365457552346885,-0.049698332935317696,-0.049399939655588594,-0.30715947877650535,-0.32898960487608675,0.028571428571428577,
2025-01-29,-0.10127005347593585,-0.12333893606256062,-0.15711187779323488,-0.16931698589836,0.11540842161329946,0.11420819809643402,-0.07656229668413808,-0.07989024323407874,-0.3175710451757771,-0.33877891859807496,-0.008576329331046312,
2025-01-30,-0.14739304812834225,-0.17956039679502225,-0.14617839529610016,-0.16508560001709244,0.047882217477858285,0.05192912694569056,-0.08663628308994573,-0.11420528837338897,-0.30475718555342074,-0.3521607800887015,0.07017343243758337,
2025-01-31,-0.07921122994652408,-0.1177189789298731,-0.02306593230335722,-0.039554732547100874,0.03314922748467112,0.029136184932340208,-0.060443918434845846,-0.09931474214344178,-0.3024643123155066,-0.33354266450601877,0.04562607204116638,
2025-02-03,-0.17212566844919788,-0.17579961922404092,-0.16559924909112683,-0.15444060413133237,0.2692084009177327,0.25406431998323736,-0.15607545031175632,-0.13888072683780608,-0.2978520650829702,-0.28191759989968357,-0.10051457975986278,
2025-02-04,-0.19251336898395724,-0.19781269641033625,-0.15532593569425368,-0.1509196940629706,0.33251558772683415,0.329965642560195,-0.13948364568402005,-0.13327636174130164,-0.2893136900409193,-0.2856961410451743,-0.05027634838955593,
2025-02-05,-0.07787433155080214,-0.08779265458745186,-0.03735933040444402,-0.03398131218767248,0.1276074580206301,0.12862316374604035,-0.11614263239415379,-0.10929071633247521,-0.3090704638441004,-0.31242219362281737,-0.02641509433962264,
2025-02-06,-0.024398395721925134,-0.030221390786636836,-0.03112880244479625,-0.023679985431069177,0.11042953097939143,0.11785462054638175,-0.08380267422144752,-0.0761529255373836,-0.3265671760918116,-0.32419578563360435,-0.048446731465599385,
2025-02-07,0.07219251336898397,0.061532987485921384,0.06520972307837687,0.0738949236127897,0.08574384740618718,0.08688819143432376,-0.056805839572927515,-0.05096257213739522,-0.2782783998638138,-0.27487511904790785,-0.047089179164650864,
2025-02-10,0.004430863254392665,-0.002260508415576345,0.019598837569912743,0.014289834645206846,0.2331703812882677,0.21665339551359772,-0.09308283613187626,-0.09344736060209367,-0.2568803844208258,-0.2677240520998513,0.03205641318848866,
2025-02-11,-0.0004583651642475172,-0.041654359076746535,0.04122974902790964,0.0173336659085282,0.2399398439708303,0.23100062577298774,-0.11473654725621005,-0.135998701348537,-0.23931689163441022,-0.27103456519487723,0.11675242995997712,
2025-02-12,-0.0010696004309617812,-0.031268748040836014,0.0416422148716054,0.03107014376688869,0.2327687743499646,0.23412309141359772,-0.10545638534578128,-0.11676387609575571,-0.26657771968956884,-0.2862860009580477,0.06803887935963407,
2025-02-13,-0.026126814362108473,-0.04791114021005388,0.08058795451996874,0.07332039652365346,0.21890225253251783,0.24795673535582363,-0.11136194292514504,-0.1279100959303836,-0.25670447081217734,-0.27661487235170434,0.10196302649132837,
2025-02-14,-0.02215431627196333,-0.037492088400940836,0.0647564626458811,0.06176417666432203,0.2061805264209349,0.2410829560407612,-0.10517516831819254,-0.1157673799869025,-0.25412679949312894,-0.25990948588409013,0.058814560701353144,
2025-02-17,-0.12147604894494514,-0.13161820254100207,0.06690994830631984,0.06193545472439971,-0.0919199435029784,-0.05284354760785167,-0.1335780881046563,-0.1460627507944034,-0.23082494813956783,-0.23069503695083218,0.0757385172479512,
2025-02-18,-0.11887844789832368,-0.12097048043118379,0.07836231791755885,0.0774440416211881,-0.036085026652838484,-0.00888309883277522,-0.1521384119255138,-0.1403681000543563,-0.23500486058200282,-0.23457688531570586,0.02100247760625119,
2025-02-19,-0.07777523133707807,-0.08087436697081862,0.08834562968591887,0.08688085765212622,-0.0014825797339190062,0.04199444691707954,-0.19066514470517257,-0.19664961478208984,-0.176200371352855,-0.1735383297497871,0.04852296550409758,
2025-02-20,-0.03590527119938884,-0.0350018581730956,0.04475174824086386,0.04567636771777872,0.0825302718548247,0.132800338116272,-0.12654766241493753,-0.13068164715360486,-0.2275127252777669,-0.22759980772984081,0.015971031065370685,
2025-02-21,0.049350649350649346,0.04941864845251541,0.05016329967743396,0.05309081868506806,0.207046561561419,0.24424160718733373,-0.09223918504911002,-0.08595136325242975,-0.24428179482714296,-0.2441501201900505,0.011473222793977509,
2025-02-24,-0.0007639419404125285,0.001205322543856956,0.05598367112594961,0.06369844043741466,0.251848653663995,0.2611148900559064,-0.1386399946012538,-0.11866868744191875,-0.20969371258095665,-0.21270710768231707,-0.04067085953878406,
2025-02-25,0.01757066462948816,0.01578984370737423,0.05277260606310809,0.06044832677628044,0.1883427755380135,0.19354308445639168,-0.1313283518839463,-0.11420070678548631,-0.1686489794499501,-0.170601430922561,-0.04753192300362111,
2025-02-27,0.023071046600458365,0.02162168710740332,0.10221995739770016,0.11372412668526807,0.21970855233251405,0.20331238232169685,-0.17885402954644505,-0.15672978663949386,-0.050242061671575765,-0.06379742198243082,-0.10425004764627405,
2025-02-28,0.07135217723453018,0.06911211305645303,0.05482109710225781,0.05962789503139651,0.2819230532900378,0.24265907036651135,-0.08970823180081128,-0.06281325706764625,-0.023939769478771515,-0.05051021056393156,-0.1334476843910806,
2025-03-03,-0.14594594594594595,-0.12808705391443156,0.04567142164544018,0.04126741483498483,0.27328886428573684,0.25256252112482247,-0.2777018322274892,-0.20717892914424427,-0.03362241509598165,-0.08674865489566684,-0.19710310653706878,
2025-03-04,-0.14954954954954955,-0.13679845976935204,-0.0029597877734396432,-0.006866173016110461,0.25500371423406915,0.2528847839539202,-0.27877404007392736,-0.21924566181769137,-0.0308777281493709,-0.06509282692788054,-0.16165427863541068,
2025-03-05,-0.11454311454311455,-0.1097452695075379,0.05235896134591562,0.0414602137072739,0.28218434268925097,0.3085557098172176,-0.25327932016973054,-0.22020828326345954,-0.048031105998623265,-0.06649144036455813,-0.06437964551172097,
2025-03-06,-0.068983268983269,-0.0705232557758375,0.03511300216778123,0.0300871109645378,0.29453917380524264,0.33230383637715816,-0.18561109163896533,-0.16334619925621155,-0.007251343848291821,-0.017992730421242182,-0.042063492063492074,
2025-03-07,-0.051994851994851994,-0.05221501319585338,0.03665009665392214,0.03645176850176908,0.2564862939679881,0.29004668969974573,-0.17524641579006286,-0.17139319977154346,0.0025254803025068786,0.0016543963396330192,-0.0038239538239538246,
2025-03-10,-0.05250965250965252,-0.05083684044297595,0.03266482738710498,0.033140360417342536,0.21349148168433693,0.22782598578870483,-0.19538009646206872,-0.18147429916990868,-0.00339135926336638,-0.024037539818612768,-0.06601731601731603,
2025-03-11,-0.021364221364221368,-0.021826572160492153,-0.0080693583353225,-0.009293759108801621,0.2610631125905362,0.26746582841360617,-0.08601489612537416,-0.07116053987650073,0.05967349171923396,0.03555110379343494,-0.08181818181818183,
2025-03-12,0.014414414414414415,0.011240683598944059,-0.0005283000819061305,0.0036185357430811205,0.30012369193646876,0.31285927868985786,-0.06326026293985275,-0.04864194976834525,0.06302877269256453,0.04787078580362562,-0.04812409812409813,
2025-03-13,-0.021364221364221368,-0.035648005961117425,0.024881716994405854,0.021372340266310692,0.1651013548225761,0.16364968599214208,-0.09816658505167357,-0.0908769460467768,0.10379911306607244,0.07617557318430214,-0.08455988455988458,
2025-03-17,-0.03268983268983269,-0.044732060955258134,-0.0043882029006950445,-0.007903268581354511,0.2501854828992639,0.25058763230337006,-0.11282009228632872,-0.10499755633048745,0.016926214816241368,-0.029165193712767414,-0.10867162187916904,
2025-03-18,-0.015186615186615189,-0.017353792839453295,-0.03453244384363448,-0.03351249506416934,0.26304086344349487,0.29931085219452536,-0.0899463248956475,-0.08279327557791206,-0.05928197823335078,-0.05251859179122343,0.028427128427128433,
2025-03-19,-0.019327731092436976,-0.029909413274813928,0.004851104846903312,0.004969476239208315,0.25990908670624285,0.2868337594620595,-0.031094027546707283,-0.030897745042939684,-0.04751767981366704,-0.01747776717291929,0.09105339105339108,
2025-03-20,-0.015406162464985995,-0.031211496949497514,-0.02473167341398617,-0.023109355373964996,0.3047434041630698,0.34176241511029243,-0.03395324847054243,-0.03397276205299501,-0.03503328370255688,-0.029878300529840023,0.020274170274170278,
2025-03-21,0.022689075630252103,0.015877186061408446,0.042744279354223286,0.042634235110475226,0.2904484043942264,0.3480126653924674,0.042769179652367484,0.0428101218876996,-0.03748669594949187,2.9834511939975708e-05,0.10512265512265516,
2025-03-24,0.07254901960784314,0.0724134744807104,0.033471798775822056,0.03369653755595663,0.3990902124325587,0.4851801718670735,0.09256727740916305,0.09563438967485406,-0.05458842249430335,0.006237878351811507,0.17518037518037521,
2025-03-25,0.17871148459383757,0.17263122390347535,0.023052540821345648,0.02325072712908356,0.4413677765525206,0.5108930604894132,0.058614028938620624,0.058590751425608496,-0.03665686533655797,0.006691906203686355,0.1212842712842713,
2025-03-26,0.16554621848739498,0.15048360141097875,-0.010949430968240262,-0.010905713803372392,0.5224513057813385,0.5918077773831296,0.08434701725313698,0.07915697813592391,-0.007937367005400046,0.023909335529610137,0.08109668109668111,
2025-03-27,0.1335907335907336,0.1185142299530887,-0.014663287713112708,-0.01300992390970741,0.4687941446470388,0.5395973455761812,0.08360134100225305,0.07793722107795689,-0.02727459162842366,-0.010917270195585084,0.05078605604921394,
2025-03-28,0.137966537966538,0.11880180422759275,0.004344776175734517,0.0037281934772456374,0.4309517257417959,0.4773037282022386,0.08866808894178353,0.07872835866659947,-0.006528129073971077,-0.0008180882590618233,0.017019822282980178,
2025-04-01,0.09230769230769233,0.09234452381118521,0.0006788866433162506,0.000674582920431986,0.45706221983821005,0.5506819455662784,0.020195974588632926,0.03030309513396247,0.017909325518690986,0.049259997280779996,0.07368421052631578,
2025-04-02,0.05242914979757085,0.051928806074022546,-0.025571975718189564,-0.025596129936474546,0.3779661620170118,0.4793497876891262,0.025441682273992124,0.019110153740267182,0.023240712273049486,0.05791093023589227,0.07559808612440191,
2025-04-03,0.024493927125506073,0.028296873290696144,-0.017019351439022116,-0.015539400970424359,0.33418184365905856,0.34571499111365583,0.009005131526533296,0.04204502809515897,0.033835164652319685,0.03104326791938787,-0.013465481886534519,
2025-04-04,0.05829959514170041,0.05931232610453999,-0.016157502110926765,-0.028390594939564265,0.47837197924799246,0.46249346699750615,-0.05201993454647874,0.036952533685787416,0.17652386406993048,0.1270366012503481,-0.15714285714285717,
2025-04-07,0.13947368421052633,0.14362436335067952,0.007422998035512731,-0.005726773500764144,0.5567196204969159,0.5540401112032526,-0.07973475681745984,0.03980995966457722,0.22307284816736422,0.15863479485041973,-0.2394395078605605,
2025-04-08,0.16214574898785425,0.16521325677541418,0.008961912262387321,0.0008311742484957916,0.6476253667245014,0.6588510431120971,-0.007868561528038802,0.10638485381992352,0.2707154941525497,0.2081651623633326,-0.22652084757347918,
2025-04-09,0.19662288930581617,0.221325562873856,0.06160601526505456,0.05532642300182146,0.6551383399209486,0.6966438376154702,-0.07361476451787412,0.07123240309831019,0.3188707941476189,0.24915740230107614,-0.29849624060150376,
2025-04-11,0.10853658536585369,0.13785425363641798,-0.014394025951087852,-0.011782182545243018,0.5740378478819278,0.6027735631180012,-0.06968048375385472,0.03826277086398839,0.31353919244482903,0.2747841431410971,-0.22754613807245386,
2025-04-15,0.04383761445587878,0.07104150793003579,-0.09029805537102376,-0.08696678523305228,0.4075685466030454,0.4416799590454167,-0.072128480673689,-0.017669041709511443,0.21306264751498605,0.2169975795670181,-0.13356117566643882,
2025-04-16,0.06004375658374525,0.0815225881275361,-0.08567743368943866,-0.08607664253680396,0.4019139136192251,0.42495540364540246,-0.08288218142867537,-0.033467285679683864,0.08018045734202073,0.08528853507005106,-0.15208475734791527,
2025-04-17,0.06782270480512113,0.10323036075246494,-0.11250650696653502,-0.11637145910034631,0.45672035638548314,0.48432370477163933,-0.09853187602333031,-0.01655595770279584,0.18746048294744794,0.2248169132723551,-0.24470266575529737,
2025-04-21,0.03605866623450288,0.06551255189173023,-0.13945278626472393,-0.1304486787454994,0.43531203464379525,0.45160065825635043,-0.09249931218516724,-0.028112949072922666,0.10868079289131921,0.21747870747325607,-0.2158578263841422,
2025-04-22,0.01612511141722713,0.0356619584350311,-0.11854165765248685,-0.1222994718766907,0.24276707366642145,0.23214633989393604,-0.046861655322542196,0.012630694004037638,0.08988380041011619,0.18318662123595383,-0.17163362952836636,
2025-04-23,-0.02520055100883235,-0.011490268842134917,-0.14713403486784285,-0.14931174724109228,0.3393518234046751,0.3392586346054358,-0.09687073525629991,-0.059705577991817076,0.12385509227614491,0.18544797178079683,-0.13055365686944637,
2025-04-24,-0.009318531723523217,-0.0027675620159024346,-0.05994492350677359,-0.06520278299982654,0.2949750464979099,0.3022768365729201,-0.12878212367556838,-0.10361908499123425,0.08342110807920632,0.1278844629013127,-0.11355976147264714,
2025-04-25,0.009318531723523217,0.011871906254478069,-0.0418203638293932,-0.04081223707388907,0.2040017591855158,0.21281527478618179,-0.12974383675121756,-0.10463361388933713,0.10389965486775066,0.13460286825311682,-0.06650717703349283,
2025-04-28,0.07511546876266105,0.08754382273226742,-0.05248548479978846,-0.052746491372184456,0.28366331905108744,0.2873611543583105,-0.1830751982190361,-0.12216483031551542,0.028230147477591977,0.0778498347816224,-0.14367737525632265,
2025-04-29,0.07835669718823435,0.0872864279008337,-0.02318548417254792,-0.01766812315777301,0.18584072172079746,0.1957373341539057,-0.14574324519156312,-0.10320821076900065,0.06929072613571995,0.10419873820790797,-0.11349494425719472,
2025-04-30,0.05048213272830403,0.0846250313102853,0.003169572122385339,0.02282884120025354,0.21816084723745788,0.22233214854933295,-0.21341287433269684,-0.15654016340293134,0.09152245184662454,0.1440124632222249,-0.16485610825233463,
2025-05-02,0.0158009885746698,0.04216102775452452,-0.0465429061126637,-0.027676016242837203,0.1773417997798377,0.19047224900927878,-0.154886312697393,-0.1094820088212584,0.06426774419550561,0.1323374508296066,-0.17331808652563369,
2025-05-05,0.039137833238797506,0.055321242841350045,-0.06512812044243782,-0.05492583746968523,0.17160447595750655,0.18374748344690223,-0.12014687527554874,-0.07743625370263924,0.1454982085375118,0.2020681176794109,-0.131999237659615,
2025-05-06,0.14334332712097886,0.15989116042755805,0.004851104846903312,0.015319530194242974,0.21811887304808672,0.21666955261880388,-0.06598976104149457,-0.01725982724370714,0.1740456269732329,0.22816267755995437,-0.1292548122736802,
2025-05-07,0.11822380682278584,0.12481023201238067,-0.003746127853516198,0.0003752858398984425,0.19272937459804487,0.20242251082712867,-0.008646934205437218,0.015199549250256586,0.1828127084896244,0.21027439007470783,-0.06094911377930245,
2025-05-08,0.06685033627744914,0.06663451987294208,-0.04812102327875658,-0.048664043689849654,0.1347190545457406,0.13398063743937413,-0.002427209601526237,0.009661543399707961,0.11164900518898928,0.12109920207970187,-0.02374690299218601,
2025-05-09,0.0012080942313500453,0.003231934066145806,-0.10206532474920336,-0.10128799487590118,0.0766073916209848,0.060461328149048345,-0.03307073082079497,-0.0035655483158335798,0.13581093958452445,0.1449051624009014,-0.02344196683819325,
2025-05-12,-0.013138024765931742,-0.05829099401758014,-0.02896392838474776,-0.03728485254261835,0.01333789407686789,-0.002692256980889373,-0.008495233605341828,-0.05815179896030659,0.15315710231678706,0.14121866225243626,0.09357728225652752,
2025-05-13,-0.004832376925400181,-0.049566184368081814,0.027560926284239673,0.024828940837386047,-0.08720930742567466,-0.11678099452616486,0.024575497215453147,-0.019680246590612478,0.22839517311026314,0.2176461708047896,0.07784992784992786,
2025-05-14,-0.0919661733615222,-0.15875158859229418,0.0010862923954408873,-0.003570472269441652,-0.09300735304337587,-0.13819752899557133,-0.061893844838919035,-0.13352257725631433,0.3175742708718443,0.3037823944510685,0.11125541125541127,
2025-05-15,-0.07203261854424645,-0.15851131395012208,0.05887501399918271,0.04612320950470964,0.03248974198211409,0.01875162685264412,-0.06280404843949138,-0.17792021117438397,0.3847980998186538,0.3559367890911976,0.19596719070403282,
2025-05-16,-0.10268800966475385,-0.15760865353969905,0.08188532706022779,0.08106016782201104,-0.012311902224801127,-0.020335867920972733,-0.13197952208298913,-0.2157246898033038,0.35007433488253586,0.34211746516201486,0.08598769651401231,
2025-05-19,-0.08441558441558442,-0.14814417228695484,0.00896612103733793,0.011764835373496775,-0.09266541424542228,-0.12052267177244393,-0.11529245607249626,-0.22095587332226033,0.3418718707243978,0.3299129094430397,0.11831852358168149,
2025-05-20,-0.11990335246149202,-0.15403726345879312,0.09947275229026238,0.09899132058477227,-0.15905594705208018,-0.17049102003926733,-0.12257408487707495,-0.1794499829569561,0.26360669188216335,0.2634080852676653,0.01066302118933698,
2025-05-21,-0.1386288130474177,-0.16299348364858005,0.06096832127163745,0.06048751748446013,-0.19021557651417723,-0.2097347366202544,-0.12409109087802886,-0.15092734815944794,0.2653155385817754,0.2653189601517267,0.002597402597402598,
2025-05-22,-0.033373603141045004,-0.0437416872063285,0.14433489257392582,0.14078685464366197,-0.08997607306336079,-0.09311385228051774,-0.08464893485322751,-0.11950679702750303,0.2152649490678442,0.21390219156739743,-0.04433497536945813,
2025-05-23,-0.04092419208698278,-0.06276422070287714,0.11177870302602301,0.11132988432861779,-0.01778994600492305,-0.01740206449515699,-0.0802496174504612,-0.1332253556854766,0.1591962405632717,0.15949162005868292,0.00077780658542909,
2025-05-26,0.001409443269908386,-0.024083420132655995,0.12096374659341406,0.12174368713965472,-0.032075769244136014,-0.029916096012006423,-0.05885983283701124,-0.1084387275858214,0.14491594507766348,0.14481338280773323,0.022793687901811813,
2025-05-27,-0.017054263565891473,-0.020970341823459592,0.08752835409479771,0.0812903795047963,-0.06232816550385103,-0.060054927051197304,-0.045661880628712334,-0.0705113333493502,0.174262116082565,0.17463861764147948,-0.06007567135254853,
2025-05-28,-0.03058491895701198,-0.024731934908044137,0.12178893093238037,0.10568715707831192,-0.0751489450862615,-0.0743254683155948,-0.07949111444998426,-0.06165029708822666,0.17102299430224235,0.16910183775841994,-0.17040445942442314,
2025-05-29,0.0026075619312146917,0.012424376407343667,0.12152980907700722,0.11280052300270384,0.03451110450185988,0.03450304552992688,-0.11119653986992074,-0.09858081387461613,0.14911442046325887,0.1536029861361042,-0.20767435830956704,
2025-05-30,-0.048484848484848485,-0.02200624925376003,0.005201298334994492,0.021588481254750186,0.004656260131203318,-0.0031941611432893644,-0.09860539006200338,-0.07081261368761292,0.13262032092526624,0.1301533585829861,-0.22161005963183822,
2025-06-02,-0.024113475177304968,0.00821765176939304,-0.001209579876523623,-0.013006163383881742,-0.027667455532643728,-0.020207961074078403,-0.01329380603372349,0.029156551415193653,0.1372202686897279,0.14736403549540825,-0.2638060668913664,
2025-06-03,-0.013999383287079862,0.017526421713708204,0.005403225876732907,0.0005897315425006109,-0.028763196345817737,-0.023945386058159875,0.022444891117402915,0.06634766755498497,0.08381001767398118,0.08003003348896051,-0.20501685247601764,
2025-06-04,-0.00795559666975023,0.02249880449880284,0.019315684891462945,0.015803023065276898,-0.038888137280833866,-0.03286869391409881,0.023434197612935827,0.0669923870582417,0.07272609422289783,0.07947978375526915,-0.23612911589318128,
2025-06-05,-0.039901325932778293,-0.02853274340590406,0.012137096932064217,-0.001795377536025021,-0.06273116155421202,-0.06198605421520485,0.0031534144545111533,0.02991851083801407,0.08060151351708864,0.08578083655550568,-0.1997666580243713,
2025-06-06,-0.0566759173604687,-0.04560579094132513,0.0025002017023473223,0.0005180242384756581,-0.06738806001020155,-0.0652414746120447,-0.0015457913992701733,0.01711556318433277,0.06948518093310738,0.08313210650108935,-0.15407052113041225,
2025-06-09,-0.007832254085723096,0.004107933400803152,0.011773956287487097,0.005272861180298411,-0.0016429356242458253,0.012687553893110971,0.07809338149112915,0.09770613846827249,0.053086159686767664,0.08046418449907941,-0.19341457091003375,
2025-06-10,-0.04138143694110392,-0.022985271495586317,0.012771392269677306,0.007467954068600427,-0.09255204016584816,-0.08026367062834978,0.13095944734616907,0.14485643207188803,0.1291989664693979,0.14232968477330724,-0.2407640960964656,
2025-06-11,-0.027197039777983347,-0.011566404126731647,0.0028210895833320642,0.0076048548178320316,0.0490344013895369,0.05263539368734605,0.05082562120800329,0.058008745454103755,0.10772567176013109,0.12355249166285213,-0.20132886277646192,
2025-06-12,-0.054825778600061666,-0.040016884996842146,-0.005451461078203866,-0.0013831520515042563,0.1120241408036563,0.11076017290644989,0.043220327523594046,0.044510759522764204,0.13704108157949285,0.14353586955162667,-0.12953335999261745,
2025-06-13,-0.06160962072155411,-0.04551957769782908,-0.02634237486041168,-0.014222314102545274,-0.03525207770933312,-0.02426979078591139,0.10121842082421095,0.09694412340467651,0.1270129350935412,0.1303945180850733,-0.14356024485527089,
2025-06-16,0.027567067530064753,0.03409965804394571,-0.010637892743335898,-0.00435538390596727,0.04337112404524812,0.056534852889177055,0.08495669530388872,0.07766764319802996,0.11157081995259722,0.11329986616902056,-0.12854901719523826,
2025-06-17,0.08381128584643849,0.08377500895205171,0.052650642610820225,0.05787238858186479,0.12566219904719997,0.12572712998047847,0.057441608396879645,0.04581159634523227,0.1675869388204438,0.16484078237903096,-0.14583653757421022,
2025-06-18,0.13882207832254087,0.13387573541956616,0.13798494511363438,0.14684410415213164,0.1327913319432475,0.1255246027251587,0.08007199448219497,0.06741133549382472,0.1609117615583226,0.1664451267055252,-0.17007597895967275,
2025-06-19,0.06222633364168979,0.0682658214259022,0.09376013303900342,0.0992445357177963,0.1294060003786978,0.13011872895449078,0.04247834765194436,0.0360431717939526,0.1832443822601659,0.1898985377743285,-0.13943830939124552,
2025-06-20,0.06802343509096516,0.07871566554499455,0.06846860664411335,0.08071163170964989,0.11680632271277049,0.12004364582234554,0.052866065855039925,0.03806281140638848,0.15725118047909484,0.17351916188938715,-0.1801039712079732,
2025-06-23,0.03077397471477027,0.04684931370052102,0.04575001530266783,0.07323826705737099,0.007886631195099395,0.007899664131436366,0.060780517819303215,0.037942561115475934,0.22277250567871767,0.24367526718029903,-0.28401365775631365,
2025-06-24,0.07838421214924453,0.08968621270266765,0.09766511051689908,0.09856880764406718,0.0806254276304763,0.08396783449689425,0.03957225982131644,0.03380738868485615,0.22132672995835043,0.22925052816873753,-0.23658063920760408,
2025-06-25,0.08763490595127968,0.07177859250943397,0.07516432266973552,0.050221075426525014,0.19605698449333514,0.18518800520861084,0.03815013173398788,0.012927633967547206,0.2362625788257242,0.24742269022299987,-0.29945553539019965,
2025-06-26,0.09700894233734196,0.08312555940264604,0.11411980844016731,0.09345457288972864,0.0989177351507837,0.10045804571873415,0.02578380053982649,0.0024950956512251156,0.19312602293861325,0.19940348266097754,-0.20747990666320978,
2025-06-27,0.10749306197964847,0.09279081329887454,0.12885517286030243,0.11462491277182874,0.04685576928195017,0.050113320870422765,0.030915827985403464,0.003188576701269247,0.17177310208693283,0.1795276667620123,-0.20409732689409088,
2025-06-30,0.14227567067530064,0.12779744881757985,0.14401707814507833,0.14028506313714986,0.09148181669540636,0.10767551657926945,0.010573213171007987,-0.009406347782757259,0.16743570821260306,0.17909121576743134,-0.17358270017533609,
2025-07-01,-0.004162812210915819,-0.008887419171258607,0.13355916190603762,0.1278038675344848,0.0032872224395220266,0.013775798663879553,-0.09634269833820934,-0.08617483491622549,0.1413061092947607,0.15388081443035506,-0.16748768472906406,
2025-07-02,0.018848833519483472,0.01971120218985676,0.12119479410538553,0.11817702583410276,0.024162679209758328,0.053988845102218554,-0.07890567350876779,-0.07753627188577497,0.19352159477594816,0.1854865149578285,-0.11999753914300657,
2025-07-03,0.004047178538390379,0.0023651863821042562,0.12077083004020871,0.11906185697932117,0.08520553061695998,0.1031058585960493,-0.06836819087802616,-0.06372672295363506,0.19016564900660493,0.17866052006288693,-0.14497523762650344,
2025-07-04,-0.02624884366327475,-0.0266000692631254,0.12483367697473323,0.12275838051096484,0.033698650372624046,0.03379104962067418,-0.07576951796390421,-0.07168519362795558,0.21387133376975367,0.20284333120014192,-0.12781954887218047,
2025-07-07,-0.02937095282146161,-0.033085859674640186,0.14054487612109257,0.1419981683504448,0.0695700043132731,0.07817171714079664,-0.06974809931776613,-0.06586604623640874,0.1979326901926108,0.19070859476528598,-0.09360484788827711,
2025-07-08,-0.05700740055504163,-0.0643334367304082,0.049868294449776154,0.0514165507962505,0.06434831194962816,0.04897316534938685,-0.10800919696510186,-0.1063433833676412,0.15865454871031368,0.15215930150962817,-0.11525423728813561,
2025-07-09,-0.071577243293247,-0.07439098693543793,0.08370163288308512,0.0838598576297301,0.05041098917530753,0.051699194039617626,-0.10913821296125276,-0.10739678946081042,0.2001490378506735,0.1982013172743303,-0.04032729398012858,
2025-07-10,-0.09655411655874191,-0.09858257608409862,0.07324025009528225,0.07287455382138666,-0.09833643271389557,-0.10412362693164864,-0.0933319890151403,-0.0910171291168911,0.17654192924307496,0.17554194067473267,-0.03927527761542958,
2025-07-11,-0.08805758727047035,-0.08864902439259263,0.03156964288335455,0.03163924981102026,-0.027606613414122193,-0.027613223899579393,-0.09559002100744207,-0.09564310470765026,0.204947616252555,0.20502428818323154,-0.014026884862653423,
2025-07-14,-0.07961763798951586,-0.08236464463125794,-0.013266998536858811,-0.013150603625264264,0.06082195433107755,0.05521846646567893,-0.08229272149722047,-0.08210284798284201,0.22077302861863532,0.22043697817849275,-0.02057891660770864,
2025-07-15,-0.1389916743755782,-0.1429750496842876,-0.048027136110897276,-0.049020871081128514,-0.003339270557706586,0.012857426150441203,-0.1327221026586269,-0.13191024289501624,0.18247172631188038,0.18795218843661846,-0.07486849795441264,
2025-07-16,-0.1830481036077706,-0.19624579822298213,-0.1145970543412497,-0.1142510041540431,-0.04342019090317483,-0.04096293696604355,-0.12720246889966702,-0.13521703973406116,0.11871118611358517,0.12810124673196108,-0.13202805376972535,
2025-07-17,-0.20328399629972252,-0.2088324543610966,-0.11535269897262475,-0.11545432854335332,-0.04765087617066365,-0.03230050595921501,-0.12782970000863972,-0.1273053210342094,0.13115520622801397,0.13511985100637253,-0.047749853886616025,
2025-07-18,-0.2672294172062905,-0.2700365256654048,-0.1299319876205416,-0.1299249009138142,-0.04342019090317483,-0.021510743853044318,-0.18377871492900608,-0.18288792496968373,0.24524028699705824,0.2505849623508726,-0.03372296902396261,
2025-07-21,-0.22156052161552353,-0.22560414334315063,-0.10670987612859216,-0.10813716667409946,-0.011338430509371614,-0.015764540964922264,-0.16859972209186633,-0.1710428047925311,0.22517534156095062,0.22533957324241144,-0.022978252176320407,
2025-07-22,-0.2540471785383904,-0.25688168970675873,-0.12221714017100815,-0.12247597613858242,-0.028603149158159806,-0.0279015414781901,-0.1600693790098374,-0.16324605966570865,0.22898626515774295,0.2287441041122728,-0.029376480359285126,
2025-07-23,-0.24005550416281224,-0.23996042584385005,-0.15050812470683558,-0.15082911478389627,-0.01479290660190771,-0.00791974617463844,-0.16445999677264642,-0.16947770259906825,0.22391411355493987,0.22396003266456807,-0.0066135531698914155,
2025-07-24,-0.30932007400555045,-0.32037537722591963,-0.17124776227469776,-0.17208164292069683,-0.09905138042543998,-0.09196717476890982,-0.12670068401248882,-0.1337857210832106,0.24545105001905476,0.2426039740459092,-0.08505336983604542,
2025-07-25,-0.2512719703977799,-0.2665130925727791,-0.14119620366579413,-0.1419245097219398,-0.06997659711648,-0.06260405872276492,-0.1277042537868452,-0.1354668721372945,0.2445589481954487,0.24123018030859888,-0.11298409671167986,
2025-07-28,-0.3072386679000925,-0.3173623570937647,-0.16960524711139158,-0.1688726170865748,-0.0729243678204105,-0.06089252433598272,-0.12582256045992704,-0.1239152273348088,0.2845497195984781,0.2760418131123306,-0.09551201205819929,
2025-07-29,-0.3119796484736356,-0.3172236636627968,-0.14804792148934937,-0.14526826288733635,-0.17659139066162932,-0.16516506566296743,-0.09057217213566034,-0.09794392384863244,0.21140611093269396,0.20757703067033698,-0.1098188194038574,
2025-07-30,-0.36471914675123235,-0.3685533488485077,-0.17795739043168876,-0.1702960467796786,-0.15859443753539912,-0.1566931516279721,-0.0988516227741002,-0.10561202333105056,0.18373102286893106,0.18183005045821002,-0.14061952074810052,
2025-07-31,-0.35783874433154367,-0.35931659866620813,-0.21582422466501403,-0.20881477103170842,-0.1722108290328137,-0.17168433219528512,-0.09734626811256569,-0.0960459997097544,0.1849876530555644,0.18014988616421884,-0.1088252483927528,
2025-08-01,-0.4727104532839963,-0.4687089206564876,-0.2844359506839016,-0.27557392648963763,-0.1500959148176128,-0.1498297878743747,-0.45863196227233255,-0.43843599782369647,0.1964405740340263,0.18709530164154117,-0.132729398012858,
2025-08-04,-0.4584875115633673,-0.4586091746792044,-0.23926690299676637,-0.23354978120574277,-0.19214452075379446,-0.18844987438275762,-0.4623482083974974,-0.44870310605925756,0.23475262291212928,0.23265957145685148,-0.09579193454120398,
2025-08-05,-0.47062904717853843,-0.4638823459437643,-0.22387790679104322,-0.21691680648715939,-0.19978106185002736,-0.19802694112059988,-0.49614835172637806,-0.473001838025517,0.2207870013957013,0.22040865197719284,-0.09064874342489773,
2025-08-06,-0.4714384828862164,-0.46147730994578856,-0.2565629322645691,-0.24425879192339228,-0.2047071702244116,-0.20119683465452257,-0.45314607513518435,-0.4287187361412899,0.14778123586083455,0.15441118026556436,-0.1028053769725307,
2025-08-07,-0.4547872340425532,-0.44851093500540995,-0.18642661472833527,-0.17810713384562238,-0.24579170888448354,-0.23601923736527355,-0.4696627245803616,-0.43997018453664727,0.15871067667791033,0.16537437001631647,-0.07714786674459381,
2025-08-08,-0.4493524514338576,-0.4443167276184322,-0.1887752365630492,-0.18355978046200813,-0.19211822660098524,-0.16562035710551695,-0.4754435518861736,-0.4457250487584624,0.18024810417038314,0.18423184595472972,-0.047165400350672126,
2025-08-11,-0.47247918593894545,-0.46704783115502535,-0.24606918468988143,-0.2559074355640777,-0.27480498409801946,-0.2566504355144313,-0.47107843738994826,-0.4399201139917458,0.24513045662301342,0.24984791990821825,-0.02689636010002779,
2025-08-12,-0.4719010175763183,-0.45741101752114915,-0.2897817599735893,-0.29527538360081856,-0.23922266543990933,-0.22372241318593938,-0.44594953501978574,-0.4080638883472483,0.3002861986765933,0.30489433839582447,-0.06813003612114478,
2025-08-13,-0.4707446808510639,-0.4313173727072753,-0.2212440490640898,-0.1794073119533405,-0.27977006249471476,-0.28183114904461076,-0.44907590080762283,-0.39142402619976335,0.3036572714712146,0.3116871124022073,-0.1573348918760959,
2025-08-14,-0.45490286771507865,-0.4177570746463415,-0.17084303232531306,-0.13175277111349495,-0.21927183958734495,-0.22096009612259085,-0.4636459451396185,-0.41870895215429704,0.3097649001631098,0.31251684032962634,-0.12589129164231447,
2025-08-18,-0.3675994449583719,-0.32018467245677323,-0.06732208920682624,-0.041885103700223275,-0.2204573979652906,-0.23453105209284864,-0.43651144962254157,-0.38318351528358713,0.2629494878931757,0.26055393668217697,-0.0929865575686733,
2025-08-19,-0.31174838112858466,-0.2509988058673183,-0.04802453623164327,-0.025756790322613892,-0.24322111744167915,-0.262268208932186,-0.3791750808342834,-0.3215907566073265,0.2453607645923363,0.2448424216505899,-0.07925189947399183,
2025-08-20,-0.2651480111008326,-0.19492954007394236,0.02002598011859344,0.04381501133687915,-0.29290994801305753,-0.29899100626838243,-0.40802022932961085,-0.33461005238602753,0.23045002922267682,0.22904145735074344,-0.08416130917592053,
2025-08-21,-0.2971785383903793,-0.2263036110358107,-0.005448018371870329,0.027906358875141708,-0.26666668915415026,-0.26886316839693547,-0.43025871804686733,-0.3455782190118402,0.25417884278199887,0.2506168878625029,-0.12600818234950323,
2025-08-22,-0.300531914893617,-0.25564249597499084,0.02085287544211866,0.039198958948836446,-0.27241617629197074,-0.2614095692522868,-0.42748628046142684,-0.36107585213463056,0.24690600391302972,0.24336169804138066,-0.0924021040327294,
2025-08-25,-0.3717622571692877,-0.3197446278470205,-0.04708301791839573,-0.025065663104350887,-0.2968237027804125,-0.27858278010711246,-0.45774714176634085,-0.36118452726717715,0.25113968439509066,0.2463474630334829,-0.13530099357101114,
2025-08-26,-0.33043855840208425,-0.30281674147558296,-0.10575119174932275,-0.0843582864584336,-0.1240076695793599,-0.1336194722943886,-0.45892690244099643,-0.3687636069305126,0.21251351597373386,0.2042729466241623,-0.160958503798948,
2025-08-28,-0.3141554494138081,-0.28464965277843685,-0.10314783121238809,-0.08643174786536678,-0.10053421960871532,-0.10033859328760004,-0.4451237025475268,-0.3646953151400351,0.2718372834966546,0.2717520423559908,-0.1478667445938048,
2025-08-29,-0.31936604429005644,-0.2549246003355964,-0.11581495633275064,-0.09218777305142596,-0.09746749624114734,-0.09410967937377872,-0.4419973367596897,-0.32589331137868655,0.22883597894425023,0.24421943456905046,-0.16509274354794057,
2025-09-01,-0.1203387072282468,-0.06129454009900881,-0.15129642631805135,-0.13031416772354792,-0.07115590913012769,-0.06630397805028518,-0.15157032170430992,-0.0566851906353128,0.22813158333161027,0.23538852810067865,-0.170080373347161,
2025-09-02,-0.09623578585246786,-0.025396474770684876,-0.09774587883660887,-0.07839612064080695,-0.1124523179441751,-0.10982393765386869,-0.14325386664943668,-0.020100813309030085,0.2249193823114576,0.23100675028847084,-0.18913663469017372,
2025-09-03,-0.12071539071398112,-0.04821902491215402,-0.0897947669970061,-0.054987503581803314,-0.17936004656275625,-0.1804753438544527,-0.14512799736602783,-0.019408777104974573,0.21714470923736165,0.2167461613579211,-0.24883329012185643,
2025-09-04,-0.08467216673903603,-0.01616949480364033,-0.10037741720153143,-0.06541490563219365,-0.15400418794416035,-0.14767844298263091,-0.12240416242736005,-0.0061519228108619615,0.17091177564380353,0.16927148528453295,-0.237503460580147,
2025-09-05,-0.11854425059322607,-0.023809295210922007,-0.16997026771515986,-0.11610182257095847,-0.13721134190547182,-0.14960493858437907,-0.1632836386830047,-0.03346142673018348,0.08929834814974316,0.09306590271520114,-0.31458980589990465,
2025-09-08,-0.15529079713700542,-0.05623817399997113,-0.1800678685262103,-0.12433797532659281,-0.10084039380863528,-0.1078174415146102,-0.17253715909617354,-0.05107696922753208,0.11963025056400622,0.10733896497147884,-0.3121289489064567,
2025-09-09,-0.15284826450115596,-0.07239874254574603,-0.15622064953285814,-0.10668150232598936,-0.16254207866690562,-0.16540935273408275,-0.18179067950934238,-0.07522715653473942,0.11344099844883049,0.11972018310834641,-0.2900888585099111,
2025-09-10,-0.13129969880266204,-0.09732876664064911,-0.12596072146926218,-0.11317856962673575,-0.18117942227344933,-0.18127631765318689,-0.15719271385408343,-0.09589448253790422,0.1609419324908677,0.16660733214049733,-0.1842105263157895,
2025-09-11,-0.13645615658945529,-0.11065820038815345,-0.14085529713127362,-0.13182051096661396,-0.244044028430072,-0.26002829967858737,-0.10752824986441771,-0.06408426547131382,0.16930805388895181,0.17532491265034844,-0.1488851438942183,
2025-09-12,-0.0877116804168476,-0.05950414643518252,-0.0958525740856105,-0.08824639974292428,-0.17745879914627263,-0.19128470952351842,-0.12029576537119499,-0.07074818977529157,0.14989466868996978,0.15060145561120347,-0.16884884625356494,
2025-09-15,-0.08054711246200608,-0.06227461758144266,-0.05044558350849739,-0.04390740138145208,-0.24011004405610387,-0.24671334581149298,-0.12462969265331203,-0.08055635174674002,0.16593476043727132,0.15372983646181224,-0.15977443609022557,
2025-09-16,-0.03169778549717759,-0.028564436506087178,-0.004274365988729596,-0.012138094671662268,-0.24228546688506794,-0.2505613371904827,-0.1151419059005693,-0.08916077558870009,0.19403347865975457,0.18680654705029787,-0.1061705989110708,
2025-09-17,-0.021657122704531687,-0.019040221011771673,0.002903050233485298,-0.005246345444118378,-0.25717781218788566,-0.2732643269548487,-0.10214012405421814,-0.07740374213121622,0.19934857645501092,0.19315493034267123,-0.07797511018926628,
2025-09-18,-0.020516717325227963,-0.03154107755874334,0.008023223003739022,-0.010554556758105736,-0.2656894461082021,-0.2570022559191082,-0.08058762081341983,-0.07219185641476822,0.25392555625508223,0.25204474610637245,-0.034612393051594505,
2025-09-19,-0.001845419018671298,-0.024418926424311024,-0.004072416464615005,-0.038652081756400065,-0.2780325029828648,-0.2644994771244884,-0.07601942719172886,-0.07819999447476966,0.2676302826030594,0.26965426855423624,0.03532538242157117,
2025-09-22,0.03218715229019371,0.02083365028331298,0.04596866947994231,0.028916642188872545,-0.3623034507004316,-0.3588226265433439,-0.017569975468042114,-0.01475669518101127,0.2816723385047627,0.28263184605348324,0.0011018926626912109,
2025-09-23,0.035715254986420676,0.007597231581585131,0.027982178639427733,0.0004664003751497762,-0.33053316497290636,-0.32851873039937307,-0.01991263886378106,-0.02353174791124481,0.30358126737706964,0.3063191488327274,0.05146486906922479,
2025-09-24,0.014437689969604862,-0.020910823244336105,0.001677372639447343,-0.038420628933600154,-0.2204917012530137,-0.20804445787651019,-0.06606310775983834,-0.07506540496097129,0.3221718068491741,0.3270789802229173,0.09139007659417393,
2025-09-25,0.009064756024861172,-0.03404079267687619,-0.00892091280926713,-0.054688190362989504,-0.1215638589676704,-0.1189878438737533,-0.0679372384764295,-0.07916513142610784,0.2950441448965654,0.3013991513986041,0.11944384631948077,
2025-09-26,-0.008467216673903604,-0.04367198218059096,-0.019329381465377157,-0.058132133353574526,-0.136856615441647,-0.13463772007345004,-0.07109983406067708,-0.07964467597474358,0.2965822751483461,0.30417898691862827,0.10277154018887079,
2025-09-29,-0.06524099001302648,-0.10779413110486345,-0.07225515153059495,-0.11943326539663443,-0.11423337500982093,-0.1138748547732095,-0.0750823618334333,-0.08044229311294195,0.27023610850453583,0.27339079285195106,0.141042260824475,
2025-09-30,-0.07674772036474165,-0.14457925149598272,-0.043142552080962064,-0.10820955636177196,-0.14597650027554096,-0.1471964152726031,-0.06957710285344676,-0.07681415828552414,0.2616192395462025,0.2630680057091384,0.22148042520093336,
2025-10-01,-0.10529743812418584,-0.16544081806662336,-0.0385491649323025,-0.08339983654860525,-0.16277295951226634,-0.15912078627481432,-0.16080815861865866,-0.1852508842312083,0.24555148723995726,0.2463184510162623,0.12185636505055743,
2025-10-03,-0.10160660008684326,-0.16758171758538945,-0.007217742029367092,-0.048870556013217006,-0.202168291176586,-0.20079401819686168,-0.169782925881015,-0.20059478467339895,0.24157502140614578,0.24464604037998328,0.10510935433264636,
2025-10-06,-0.21081198436821533,-0.2709177330288731,-0.09108687415559365,-0.1259501006934326,-0.27424037081053504,-0.26582173547729815,-0.20777200922441372,-0.2308154799085875,0.2189307248482631,0.21603783561482673,0.08369989848964904,
2025-10-07,-0.21189752496743378,-0.26787852768576564,-0.09333548368671275,-0.12868513600266482,-0.3353184043986275,-0.3383434429640351,-0.20322315458458928,-0.22803917632580972,0.2541181537437016,0.2507258496348032,0.0936663693131133,
2025-10-08,-0.13960052105948761,-0.17729406085868554,-0.08334845597810592,-0.11173998836399736,-0.17920657682766086,-0.1669524393684089,-0.2026084444981265,-0.21850770614853973,0.24535121586487882,0.23898505079451243,0.06382847826755668,
2025-10-09,-0.20570994355188885,-0.25023081320886514,-0.07088709769624216,-0.09222703474335522,-0.30266759635969437,-0.282982520283195,-0.2065425890514882,-0.22044231654448881,0.2690680899160099,0.25996632268977443,0.07914731305177028,
2025-10-10,-0.17265991810304587,-0.2418251346521398,-0.06809934704827998,-0.10514429948181642,-0.3446743083372165,-0.31697105365876765,-0.1648652451893129,-0.18302153535719018,0.23535745058508656,0.22644533532371267,0.15272693715586455,
2025-10-13,-0.07458068729436676,-0.12839992197313438,-0.07447730923636267,-0.09864577325837016,-0.11386561971854474,-0.09343064226685753,-0.15330869556381296,-0.17425284075072672,0.309431524694208,0.2829112164275146,0.1702605432341813,
2025-10-14,-0.06893182805036908,-0.10779403974683653,-0.10745389383430172,-0.11543209388770448,-0.1860783552609282,-0.15999569376882106,-0.11138546766705257,-0.1320040038461327,0.24936799170818652,0.24042752937602715,0.14894996110967074,
2025-10-15,-0.13765028365587056,-0.17402329911284126,-0.15381331543414528,-0.16066551181467803,-0.2872285902810138,-0.25468896280390446,-0.11937669879106846,-0.12919036418829613,0.24967995984545668,0.24214821649720172,0.13469017371013742,
2025-10-16,-0.13960052105948761,-0.15247772297045162,-0.08657786916804287,-0.08018733294343978,-0.3403455211114404,-0.3143925057695549,-0.14814513083752573,-0.1549629297578478,0.3609081039510651,0.3482868645538948,0.1230878921441535,
2025-10-17,-0.061551822423405844,-0.07080456075340807,-0.07082249168528683,-0.0655026588994628,-0.3902189010693913,-0.3656918160024359,-0.08741177429500482,-0.0886262416714413,0.18230911246367396,0.14845456101255253,0.13691045796308957,
2025-10-20,-0.0874190564292322,-0.09745258968650612,-0.0778838763570105,-0.07572766196139614,-0.41400541733245966,-0.40409094627957365,-0.08261497874442589,-0.07006072330849862,0.19841066465666196,0.1279775898479774,0.21127819548872181,
2025-10-21,-0.05596831548116566,-0.059279396910710505,-0.09945971977076336,-0.10069564547384385,-0.3723793106006136,-0.359090221412685,-0.08261497874442589,-0.07240021196646888,0.16087019307336872,0.12350950538012868,0.13253968253968257,
2025-10-23,0.014569842738205366,0.013806404045333615,-0.06180962507723301,-0.05833678409309716,-0.18122356093270311,-0.1869113322636426,-0.08790233738406915,-0.07335326123772473,0.20798383781378357,0.16873684483968887,0.19444444444444448,
2025-10-24,0.01520802629590003,0.016933473964807638,-0.05922190372506717,-0.050420477490107016,-0.22696672856855582,-0.19743843210308548,-0.07085060577121964,-0.061956825450357404,0.1962658977948203,0.14881888264881854,0.1724386724386725,
2025-10-27,-0.028445883441258094,-0.028516513893819612,-0.10756629603291644,-0.1138001442750723,-0.1823573072720378,-0.1370099744389142,-0.09266096015974806,-0.0706050982057731,0.17198420994284933,0.11212243142775073,0.18646616541353384,
2025-10-28,-0.06163274745605921,-0.06312036184274096,-0.16652337226877542,-0.1762213067320565,-0.21453289818262877,-0.18176033608958958,-0.04137358135520848,-0.012125438922704613,0.1544823815796819,0.10990248147510104,0.14545454545454548,
2025-10-29,-0.042614862781375266,-0.048251365660200905,-0.10729294390711777,-0.11302240525520396,-0.11073448094967758,-0.048931153652918356,-0.05802876107008474,-0.025062148552151303,0.179151860632691,0.14375408668107356,0.15375180375180378,
2025-10-30,-6.167129201356769e-05,-0.0025390427742906186,-0.11079361347713716,-0.11469104782833181,-0.03360514063549748,0.01619055729584773,-0.030005760279975483,-0.0002572850716652092,0.17071322930406418,0.13874881969745217,0.12532467532467534,
2025-10-31,-0.0608695652173913,-0.0629891170594127,-0.13543042479650055,-0.14447669080649822,-0.08798814718089384,-0.0306347781812293,-0.02233909025249276,0.00870019959558484,0.1650101914083626,0.12588604191988553,0.1353535353535354,
2025-11-03,-0.1567067530064755,-0.15637579832364004,-0.1918643762109914,-0.19313956077823666,-0.2605256658011677,-0.2533905085498153,-0.14749289252894568,-0.13991364111513666,0.13236408248449102,0.11659848204898927,0.06948051948051949,
2025-11-04,-0.19013259327782916,-0.19341362219985228,-0.16256843891719797,-0.16790294927242808,-0.22077922077922077,-0.23139920176120163,-0.14928866638278837,-0.13311957174275782,0.08578798320268612,0.052997508660561576,0.10288600288600291,
2025-11-06,-0.17560524495595073,-0.18318228949523363,-0.13558752508038494,-0.14866144968491476,-0.1987012987012987,-0.20008607643099927,-0.13707740417665812,-0.1237685554389958,0.07431591480131765,0.01706360508289068,0.1451659451659452,
2025-11-07,-0.15140302189330865,-0.15842969404064047,-0.08394563742317535,-0.09391173587911056,-0.21175707515015074,-0.23494423705853212,-0.12247177683207097,-0.10211515689446399,0.01067821067821068,-0.05644745382094103,0.16659451659451666,
2025-11-10,-0.06389342875158431,-0.06587985336224587,0.0020650242615540848,-0.005974379003504086,-0.0638418180985386,-0.06640481325769522,-0.10080277232903594,-0.07039815465662079,0.032721238161197416,-0.04777847064875815,0.19610389610389614,
2025-11-11,-0.09602220166512487,-0.099104433764173,-0.07431069687067672,-0.07936480688520452,-0.14580395179327824,-0.19277794843876625,-0.06464785873833659,-0.048076958011664395,0.027562321891019658,-0.024277995313056366,0.1321789321789322,
2025-11-12,-0.05914459283085846,-0.059164709100102866,-0.04787974857603308,-0.04826300337957741,-0.08250921303030473,-0.10207378688746999,-0.08404221635983755,-0.06846801266188901,0.01280686881284843,-0.030585621721327824,0.11493506493506496,
2025-11-13,-0.017946899388717217,-0.016259141000240958,0.044333438949420635,0.0466463161839377,-0.06725065993565933,-0.07541110452549653,-0.06584504130756504,-0.05438308930599372,0.013203939544650779,-0.022637529356345675,0.09581529581529584,
2025-11-14,-0.013382670366944186,-0.01220074050245144,0.01344796144119284,0.014347102028147157,-0.06045198704905868,-0.08916429633787769,-0.0949365777398165,-0.0861920009901271,0.0004689923881979785,-0.032225848969386045,0.09321789321789324,
2025-11-17,-0.056307625917178084,-0.050215533921038814,-0.06224186021763325,-0.05563399333920512,-0.10169493148439779,-0.11873604711544371,-0.08140841470753497,-0.07685548544748509,-0.07429148641498706,-0.09088001033533441,0.037011625690870964,
2025-11-18,-0.02362010484119642,-0.01973757868282126,-0.054131945499455096,-0.050922757269025974,-0.04010166779510815,-0.041590445708395256,-0.06572532305064219,-0.05478943222592111,-0.05488955384175544,-0.07578023134957772,0.05180102915951972,
2025-11-19,-0.009374325453900403,-0.006802649059286524,0.018924111977028764,0.020810556120202956,-0.06551821780609218,-0.051197927863845354,-0.07278870020909008,-0.0643365743930117,0.008995959448481212,-0.012075856961255094,0.06315990089574994,
2025-11-20,0.009004286291246439,0.010120808460358791,0.044518081173503164,0.04669606032066163,-0.02089805223125354,0.020678123571592467,-0.11289431627824333,-0.09865920495005348,-0.019555148982736,-0.051255787841554344,0.07032590051457975,
2025-11-21,0.032255080344670464,0.031193683436237185,0.11108709904080726,0.11047872360563744,0.03840723112770921,0.04621028647338655,-0.14761261078586854,-0.12978738003056706,-0.011206617242691737,-0.061752904568114976,0.10958643034114732,
2025-11-24,0.16725770151959138,0.16728046041324696,0.16373286326568626,0.1646234298506726,0.3118644565521532,0.3469597547197933,-0.15742950785354187,-0.13856227918661912,-0.04665612076549213,-0.08314095314162784,0.09830379264341527,
2025-11-25,0.1414122725871107,0.1430865764982704,0.1542525099560865,0.16068385684527106,0.26214693449311427,0.3111421381642137,-0.15000697592432544,-0.13634025055056415,-0.04680859174838589,-0.06674306417872726,0.0678864112826377,
2025-11-26,0.15164970706136294,0.1535056781493097,0.17109371957955477,0.17692253391829055,0.26391645537775554,0.3280310380681416,-0.1509647219797082,-0.1384563065124801,-0.061177815894797025,-0.08120741059141381,0.08023632551934437,
2025-11-27,0.14579543008566154,0.1467656481346789,0.19523558306588895,0.19708403078873105,0.29483198012741474,0.348929901850483,-0.1532393688612423,-0.13791518819590357,-0.036478682657333304,-0.06522941250558156,0.10935772822565273,
2025-11-28,0.16250385445575086,0.16290309729302876,0.25717373219335476,0.26243970649685405,0.27175145579997406,0.35012310340404135,-0.17574640116273724,-0.1628029885561094,-0.05462377071895583,-0.07843598168757047,0.08740232513817418,
2025-12-01,0.25797101449275356,0.2646084202898957,0.29799179514761565,0.3047596503402322,0.32737903642845395,0.3959840899290809,-0.02534990989744301,-0.02678195630303086,-0.021691361797556048,-0.041751920265021406,0.06732785034671827,
2025-12-02,0.2490282632718263,0.2507120697344797,0.25757228808186605,0.2608541952054198,0.21312545109911918,0.2576963815782889,-0.0008614047052529179,-0.0011125487619517208,0.023343479755584574,-0.0010939262185378088,0.10635381390098371,
2025-12-03,0.3336846966856615,0.3356190294952851,0.30259733987265985,0.30422348816629585,0.27313777483871493,0.3007316864761921,0.04836172130919953,0.04535332272343057,0.04463079808192077,0.02680171482351947,0.1099016287695533,
2025-12-04,0.29828722002635044,0.300041255411898,0.21261068994433405,0.21743759793771544,0.30097826428508534,0.28564393201610533,0.017474209735130617,0.01805362473119922,0.015119138826141371,-5.715359407512609e-05,0.08087405257216579,
2025-12-05,0.3072666190211106,0.3079940177752826,0.20402644002043918,0.20551304422302522,0.2829195684279802,0.26791733397586515,0.008121815792384654,0.009287536426191106,-0.04975004031607805,-0.06901283960245638,0.10393484921786808,
2025-12-08,0.32676724492811077,0.32700707544627505,0.1875845206353498,0.19112690774694194,0.3334590006622115,0.2911181960810366,0.0502075885347415,0.04927716291480325,-0.03584171589415318,-0.048635109635427234,0.06095791001451379,
2025-12-09,0.24874835309617915,0.2529185519323662,0.1577013445377216,0.16448445381307147,0.2993606830733243,0.2774683833715857,0.00024611563007226225,-0.000360458207001805,-0.07692462758835125,-0.09854841986421745,0.06724721819061441,
2025-12-10,0.283399209486166,0.29192745092597766,0.23992651944165488,0.2511587692899064,0.28055662006620596,0.2187275116975033,0.00664512201195108,0.005917962854129215,-0.08377681019190454,-0.09689108571995367,0.0412030317690695,
2025-12-11,0.3266139657444005,0.33292590748117096,0.2766169176736364,0.29934654912592984,0.3357171880256125,0.25171942203540276,0.03851709610630904,0.04028693013367223,-0.020964783200179585,-0.013601620318183997,-0.02943073697790679,
2025-12-12,0.2778656126482213,0.2793749658328398,0.2098655281735981,0.22376874740253186,0.32868565222800994,0.24209533611892647,0.044300813413007206,0.04461277383641755,-0.04934687953555878,-0.05439465559512497,0.009192065795839382,
2025-12-15,0.29696969696969694,0.3015529706817976,0.26572750886752616,0.2690112425199986,0.2923895942169475,0.21080570565951776,0.070389070200667,0.06878277605860737,0.031648759254117254,0.01339599150907272,0.06700532172230286,
2025-12-16,0.27299077733860344,0.27805448808173333,0.26010410829692865,0.26386200147219185,0.3066927223133666,0.23016055422300685,0.05414543861589769,0.05186113681873672,0.024391718915593556,0.007502886555647666,0.05797452023867118,
2025-12-17,0.33459600136732615,0.3476797260245339,0.2713031956162274,0.27922872964498996,0.3281352219666316,0.21731919044434042,0.11690492428432456,0.11837260651256043,0.035318308297866245,0.02555572979153624,0.03967102080309627,
2025-12-18,0.36516354313429594,0.3789632548350525,0.24924090371681468,0.26266069405825143,0.3760579707329719,0.19895795884920264,0.12564202915188988,0.12984993325626457,0.0437464722009377,0.042233865385927265,0.011852926947266569,
2025-12-19,0.33334431323462693,0.3511610299531494,0.20610454964447933,0.23063062779597432,0.3020720987518958,0.09628729389628822,0.10989062882726508,0.1173130414294435,0.02479538767487185,0.02506150988815223,0.002580228995323335,
2025-12-22,0.24637681159420288,0.2602941150483176,0.19986731230150598,0.2155783946931724,0.3047404925886489,0.1697313241413684,0.03999378988674262,0.045333155419808174,0.09386339841823314,0.0922039389326962,0.018384131591678763,
2025-12-23,0.28972332015810276,0.30956453950123847,0.1955961554938237,0.21028793454743627,0.3076344707964564,0.1721560176483812,0.06128279188799329,0.07740123752225272,0.09043078599615924,0.09962793043535474,-0.03184970166102241,
2025-12-24,0.27220922970068745,0.3119929776425736,0.20314334064638429,0.22640710830747024,0.28883040778933805,0.19581832972042537,0.09180113001695381,0.12063633256652988,0.10156643802985368,0.11780924023781325,-0.06482825350749878,
2025-12-26,0.24519104084321472,0.29612980320004867,0.19819866108479287,0.2250252578548167,0.29518105764310065,0.1935253956055475,0.10410691152056693,0.13706046825478144,0.12083946596882551,0.13790077178449706,-0.07514916948879212,
2025-12-29,0.25857241688654364,0.3002237033859425,0.20920204279756294,0.23142225244107179,0.27088043785657684,0.20011831042093936,0.10964451319719283,0.13505144331568136,0.09115649003001162,0.10039294354855668,-0.04975004031607805,
2025-12-30,0.3194993412384717,0.35118320943008685,0.24369706154291929,0.25742541577933314,0.25235449646355385,0.18557827780803834,0.16538970340856024,0.17658275594181697,0.09982663395606944,0.09765865275639922,0.02185131430414449,
2025-12-31,0.35090563199417935,0.37323380806640327,0.26952628256541444,0.27809146260697926,0.35665924317782616,0.261744478858456,0.16871512636522037,0.1747676862627222,0.14680896491498807,0.14446353032104517,0.02808844873217792,
2026-01-01,0.17707509881422925,0.1903814618229154,0.2212242665054037,0.2282827938231563,0.35248522367221324,0.2531753591764021,-0.046693592237148966,-0.04130592092852051,0.09833686138334424,0.09710499294870005,0.016368327689082408,
2026-01-02,0.18344550559329303,0.19816417935400418,0.21173213802692087,0.22196378685558138,0.3556904342020599,0.32055452312423016,-0.06968029983508911,-0.06490314060257278,0.07679665323727526,0.07550610681841535,0.014257662426363869,
2026-01-05,0.1091603808359243,0.13009310300810611,0.14132599278929264,0.1516075188211892,0.28654976809363275,0.26435454350022924,-0.12514979789174535,-0.11035480837220299,0.026286082889856472,0.0325396491531323,-0.03692952749556523,
2026-01-06,0.21437632135306553,0.22310614243371965,0.225081438531772,0.2296242497757533,0.4337139511786346,0.4261677553183634,-0.02037011603504497,-0.013026171827097562,-0.0032870864490997624,-0.001262469072520061,-0.01041577734141552,
2026-01-07,0.15856236786469344,0.16997277191179197,0.19449423134789917,0.20245881180276093,0.37944696965108576,0.3657942181451602,-0.02709423200777826,-0.016740113601874166,0.0020064034169829715,0.00801355558053025,-0.042089985486211894,
2026-01-08,0.17322057787174064,0.18749508843674495,0.21281794386295633,0.22232719067956705,0.37285585799285476,0.39603127084858275,-0.022743333437186136,-0.009458848585541194,0.01592281915369854,0.02189823569164169,-0.05592077179202596,
2026-01-09,0.24504898221405136,0.267062146239916,0.23110749730577745,0.24741047120983323,0.4509901002068466,0.4311306691343993,0.008767719846799292,0.02575433679219062,0.012508004280340653,0.01682188894178573,-0.08238709126611457,
2026-01-12,0.1665349143610013,0.1837250064325008,0.14977929001000226,0.16510516962600472,0.4432162491439397,0.4112028195851624,-0.025596025527515272,-0.005090107748052339,0.05475696109043656,0.06457346413614719,-0.11062731817448798,
2026-01-13,0.1945981554677207,0.20249240724755888,0.10431525253637414,0.11757658193299363,0.454840901735925,0.44837288455650876,0.014964302831320348,0.023053952718758507,0.047189769205620305,0.09348361504333444,-0.16439870402134552,
2026-01-14,0.24058763476933948,0.2483101158832435,0.1478795474194027,0.16338120063220216,0.5133386486303024,0.5166095285605447,0.055448640781614406,0.06506548336174074,0.032514437102095416,0.07438768764177367,-0.17072612921669525,
2026-01-16,0.24822134387351777,0.25728181539992584,0.1915322164136299,0.1960653472169338,0.46909653442642346,0.4872597521781713,0.05476562281006037,0.07209725610478872,0.015260015515027849,0.06087257349377946,-0.16378066378066383,
2026-01-19,0.14628881563586682,0.17667408510293672,0.10886270531484679,0.12694619045787786,0.3998874535146048,0.379973571873095,0.0015665180629575444,0.0360778817418542,0.05543972411823316,0.1283895308975479,-0.2218045112781955,
2026-01-20,0.18636977512663236,0.21080259371331028,0.16156770720929745,0.1921328198295191,0.48455348609135623,0.46693486859906647,0.009251788887413825,0.016990886595866252,0.059165193588052674,0.18788496419252096,-0.22821067821067825,
2026-01-21,0.23913831166831934,0.2440587652198695,0.21869201736694152,0.2636222555550904,0.4660385705442094,0.427854738217104,0.03688297046391821,0.050045810155211125,-0.06363980744206665,0.11210195361188591,-0.2975468975468976,
2026-01-22,0.2541552315494971,0.28062995402992724,0.23226523068151594,0.27677515026839256,0.4480914018633714,0.4352127849576673,0.05712513943906524,0.07283860302723281,-0.08869217504008227,0.05740707686025923,-0.2791524265208476,
2026-01-23,0.25360017280551617,0.2781214010311159,0.19736112585811275,0.2315918781928599,0.49802179935262086,0.48372571111905677,0.07097177649875169,0.09472405938620922,-0.10725088449933648,0.04082055770898315,-0.29603554340396443,
2026-01-27,0.3126337096870927,0.3206828006978616,0.148061532491961,0.1811013151434706,0.45274666407498865,0.4243946421016773,0.13402432316414545,0.14757364887683766,-0.10575271436440464,0.05306055267795021,-0.3085947627689915,
2026-01-28,0.2732654949121184,0.28009671482383874,0.19345886611377616,0.21644321401522829,0.3994350122670962,0.37021183401327595,0.14542073539814215,0.14154425401356185,-0.07929184187275708,0.05599351986925782,-0.24962406015037591,
2026-01-29,0.3013352247878774,0.30120829708753766,0.19388169347881687,0.21120193067613804,0.4411771057162543,0.414837691277572,0.1615647965439649,0.16404699221808253,-0.10478827033701431,0.02881094913121327,-0.29070403280929596,
2026-01-30,0.3605920444033302,0.3450695070223931,0.28135340265019154,0.2922311094828853,0.4181054873447367,0.3986323156037386,0.16634592234484322,0.15765802715840246,-0.06666666670167953,0.056931369952985846,-0.25725952813067154,
2026-02-02,0.2431776133209991,0.30299523203431317,0.2685878992522541,0.28830704148518765,0.4379025111544972,0.3958398101355509,-0.026718521259703365,0.08061223971368524,-0.05827350960555954,0.04363650507342055,-0.25142597873995337,
2026-02-03,0.2107034303082935,0.24553792389480303,0.16481454927018296,0.1847173871665548,0.38702688646748673,0.40267924668179506,-0.038541901600222854,0.031535983563387326,-0.009503167737249357,0.05696340523756363,-0.1782717421505974,
2026-02-04,0.1778115501519757,0.20614115135522648,0.16925852701926264,0.17783690326476054,0.3611420574725639,0.3947955802730747,-0.052393803077596175,0.009359780058191396,0.03209403139334213,0.08572070157611128,-0.1500972492358989,
2026-02-05,0.109736355226642,0.14185632820282693,0.08810483985568211,0.09258237809962362,0.3028207195780252,0.31667239305004774,-0.021502324050650643,0.0660002923469613,-0.014520619671628349,0.06184165466837419,-0.21320249776984834,
2026-02-06,0.10540313958901343,0.1340222970713917,-0.014028667368350282,-0.014402556954106818,0.3136782943159179,0.32618443383994883,0.01321436626293355,0.11347298321359428,-0.00464667719538233,0.06783223949714824,-0.2187025131502046,
2026-02-09,0.08672525439407956,0.11662159800600383,-0.03294288454409917,-0.02923005371878815,0.34578309895621756,0.3692807853757153,0.038425986106688355,0.104280388970306,0.013689148672575431,0.06588247254738662,-0.17647420714263745,
2026-02-10,0.06406105457909343,0.092161202103901,-0.012732055082174738,-7.098514207859189e-05,0.3282885462362097,0.35069263170907916,0.014837183172416618,0.0760085750216409,-0.008358174074712873,0.04887282052688405,-0.19292811221507894,
2026-02-11,0.036077705827937095,0.08154792395257682,-0.08112384038054424,-0.05567637209710644,0.39802235915791984,0.4061060804692579,-0.01396781697090783,0.07206586193153987,-0.01885718682312076,0.06407219476212124,-0.28401365775631365,
2026-02-12,0.08637835337650324,0.12484093147805256,0.011003481445482046,0.03369317280943589,0.36426681724791293,0.37638328059632375,-0.01199725358082125,0.05491913917481092,-0.04661085054341134,-0.009366539643989067,-0.25201636469900646,
2026-02-13,0.0748149861239593,0.112148243852282,-0.02683210306730892,0.002680841841849614,0.30868190808108686,0.3195059392851217,-0.009215281735993133,0.050664538778317475,-0.06597387496665662,-0.03061722167839069,-0.2540454785827604,
2026-02-16,0.05353839037927845,0.10000791067830055,-0.021468519201974262,0.00831923942948667,0.27801159029097894,0.2702996241085183,0.013851901477373325,0.06651459454341985,-0.026360009961472208,0.009342695331401078,-0.2234365867913501,
2026-02-17,0.06845513413506013,0.11093955977236777,-0.01782299682121647,0.009777513791190384,0.30993577686753054,0.3093672113655113,0.0265446480194016,0.07707309857072721,-0.05219322600785047,-0.02280532854332235,-0.22285213325540623,
2026-02-18,0.07550878815911193,0.0951751395189636,-0.0317861204345547,-0.011313692850196871,0.3156856521091178,0.31363625740383194,0.03245633818966135,0.06319550325430422,-0.01768023613367835,0.0083946814140218,-0.18082992402104034,
2026-02-19,0.03768115942028985,0.05584378918948987,-0.0836222887969998,-0.06466034076647652,0.3632768941359321,0.37223879299389995,0.024632042376082276,0.0516164984789997,-0.03934660019934214,-0.018939270562382097,-0.17144153487166192,
2026-02-20,0.06308973172987974,0.08800553579589188,-0.06874861462385445,-0.04388611437293915,0.35423734467065227,0.3610443956799479,0.025965070551729082,0.05280108257674534,-0.04213392113603359,-0.015376516855076369,-0.19192377495462798,
2026-02-23,-0.014097496706192357,-0.0018783494881837092,-0.06947860942057635,-0.04617967683541001,0.3085291330615428,0.3016031011561735,0.012576831048493773,0.02717780592767519,-0.050236598277578516,-0.011475266902295625,-0.18706248379569618,
2026-02-24,-0.006982872200263504,0.0034451236192896938,-0.08129283073853058,-0.05374612913112662,0.3332510187235254,0.33589942452989974,0.0032456338189661353,0.01709863336891881,-0.15161665221013454,-0.1002083188151446,-0.22447026657552974,
2026-02-25,0.00428209098028671,0.009211146857501021,-0.08830823347462602,-0.05890837010925919,0.35064309932150156,0.364284421632896,-0.0077083803200445715,0.002804063598440403,-0.1598846165327736,-0.10931912853116063,-0.23074928701063005,
2026-02-26,0.03570487483530961,0.036951245008430736,-0.07336008980982872,-0.06707593387291914,0.3453739579501006,0.3728431458110424,0.018604436712288022,0.02217785137027013,-0.17224167135559096,-0.13935443650329493,-0.15841327456572465,
2026-02-27,0.02160737812911726,0.022215649360654278,-0.07175264208476133,-0.07496228803678089,0.33638413060118444,0.3653626989160763,-0.02579119731142732,-0.025181995296186026,-0.19472776764793365,-0.18624031036260322,-0.06954997077732321,
2026-03-02,0.036167199202729296,0.02592095892332328,-0.04353544441474695,-0.047739137528640944,0.20321390014149696,0.2429176197105396,0.024921831109918538,0.05150977145680926,-0.21167531290514463,-0.1997681737938033,-0.08760958503798949,
2026-03-04,0.07911986565114368,0.04919242328933079,-0.020051462971072957,-0.038345993243490965,0.27992100735679815,0.36314680823565165,0.05708838056574362,0.051693777551322054,-0.18089365564870907,-0.183571871873705,0.0018118059614260667,
2026-03-05,0.04792107117688513,0.020980125859553233,-0.007458775154229744,-0.018833000577786006,0.18999170807012467,0.2491180045260289,0.048974296018328284,0.05489142089904921,-0.21056031501944525,-0.20725046349152687,-0.0390353440585684,
2026-03-06,0.11170231516149423,0.07397316887572362,0.06451743084904184,0.04653545978921678,0.16195143360637274,0.22233623597128566,0.09186302862609509,0.07321795079277633,-0.22834379240531924,-0.22965407898011314,0.013934602725399122,
2026-03-09,0.0713908171978509,0.052274276033524324,0.031731951857679574,0.021007425575051177,0.14294999768843356,0.1873128264944437,0.07441774684915209,0.08092252938373828,-0.31464960449021184,-0.31912966296282264,0.004275739026115846,
2026-03-10,0.022763310913036367,-0.0323895740189682,-0.013990243127122817,-0.03623128151812891,0.18973363329555729,0.25761891366010015,0.00695492961207029,-0.013939722353626168,-0.34915019648029466,-0.35034825688495325,-0.004337260450952044,
2026-03-11,0.05520421607378129,0.023589105790918108,0.0322156357756286,0.028097015287838884,0.25932207528521434,0.3247201206077698,0.00625943665086326,0.002358857635946184,-0.3000131510692613,-0.29802574730459647,-0.06434833430742257,
2026-03-12,0.07760466422734992,0.02262714862590264,0.0760917224622022,0.064372757236887,0.23800125182521262,0.27017152428051505,0.005448028196121726,-0.02804944765748486,-0.2706643872934644,-0.2708135133540746,-0.00935125657510228,
2026-03-13,0.08129117259552042,0.028492343862064375,0.04231553704060343,0.03363302482817126,0.2715405728145276,0.30964997245598325,0.01686570430927045,-0.016122436513370867,-0.30111486144157396,-0.29935817890978317,-0.034248977206312106,
2026-03-16,0.03899868247694334,0.002873037714153605,0.010558816810293626,0.0025881447645531024,0.31372623474970934,0.34797272262961654,-0.010490352164872686,-0.009787841894858831,-0.28618603711919355,-0.28050951729754514,-0.07001753360607833,
2026-03-17,0.04940711462450593,-0.01022496376252557,-0.0019062869841860082,-0.02157312504674856,0.2580505764086776,0.2504082958653581,-0.013793943730606075,-0.04156976899414646,-0.2347233993813298,-0.23324969213103844,-0.027410870835768562,
2026-03-18,0.05586297760210803,-0.04780058239494798,0.01399081269720852,-0.03211896344003464,0.207046561561419,0.2304718269236734,-0.012229084567890257,-0.08744092862345892,-0.23121995434054118,-0.2404988838107204,0.060900058445353594,
2026-03-19,0.029380764163372854,-0.05682209370861591,0.02112125706473165,-0.006910865752040009,0.1680088045794527,0.21943923321295866,-0.033383662137937385,-0.10253376848469387,-0.21430241430024294,-0.22018368346387934,0.03120981881940386,
2026-03-20,0.0978919631093544,0.06483919140374908,0.10661379891500328,0.10020571548645578,0.24722539119463505,0.28660377328545583,-0.01947380291379681,-0.03431740396856938,-0.23004763445341486,-0.22901782897934259,-0.02670952659263589,
2026-03-23,0.10803689064558629,0.06908571941713422,0.11247951108545126,0.09975699966199901,0.1740644697529023,0.188719182732314,0.004057042273707669,-0.022604150025813233,-0.26277030976037413,-0.26695878439244447,-0.005260081823495033,
2026-03-24,0.10711462450592885,0.060318862400777655,0.1085357032938701,0.08751648356257054,0.0885043506698977,0.08416128177026756,-0.0005795774676725241,-0.042905767232247524,-0.2661640293099627,-0.2741651357636983,0.030625365283459976,
2026-03-25,0.12147562582345191,0.07465534381493534,0.06938620026939539,0.04179686761494696,0.2850077360734355,0.3130367807542904,-0.015474718386856393,-0.05375208454325153,-0.33379604631921905,-0.3510002910141806,0.04254821741671538,
2026-03-27,0.10065065224187801,0.06664407943099629,0.01937753792209193,-0.00026746517622162495,0.27833536291317457,0.286247502931853,-0.022951267719831952,-0.0621191093437748,-0.3098298027621894,-0.3158516834402368,0.014059460961378162,
2026-03-30,0.198149861239593,0.17623099114892862,0.13866137696333966,0.1308236267693692,0.40484901877090307,0.3924006621087561,0.018604436712288022,-0.010177030697513436,-0.2856745907423256,-0.2851929635432633,-0.022283967768824676,
2026-04-01,0.22121492445266727,0.17874365219913518,0.21939603981744402,0.19267606599796527,0.2762069679868188,0.318502012503922,0.01792321924144311,-0.02280779947438338,-0.2576934300694803,-0.2680886715505322,0.09013614893025843,
2026-04-02,0.2226950354609929,0.17393716759065236,0.27514163905900374,0.2527846003647427,0.268231716809239,0.32362149850151084,0.014916743755781685,-0.043985117008574756,-0.25371993853401176,-0.2634312763032877,0.1411503195332037,
2026-04-06,0.21628122109158188,0.1564569123736897,0.25905278350595523,0.22814351037956102,0.33102396259810546,0.4141210499098743,0.0074005550416281225,-0.05891905688938697,-0.25464043609401493,-0.26470819089108955,0.15343150875243125,
2026-04-07,0.16842429848905335,0.09866720192974582,0.20238503709070202,0.17539361831153244,0.326664125757675,0.34424960979009794,-0.009481961147086031,-0.08454331571700115,-0.19311724595459226,-0.19897717370596096,0.13159210891914422,
2026-04-08,0.0856614246068455,-0.022111165132757675,0.12066757320572702,0.07495190922066074,0.3224317283685885,0.30989007982422856,0.006128584643848289,-0.07867919458939004,-0.05468641472860398,-0.0791738518321177,0.1607668796888025,
2026-04-09,0.09552883132901635,-0.020955774329217445,0.09878414027629696,0.06450948751435523,0.3658069441120486,0.3628189104722555,-0.022548566142460685,-0.13686176827645524,-0.14653124289584749,-0.1490265022300138,0.15054181717143655,
2026-04-10,0.08307123034227566,-0.04519359410504171,0.06123811702111576,0.02718172066133134,0.28599023596912093,0.29548162994588006,-0.0074005550416281225,-0.14294071137342934,-0.18331110398430994,-0.18446809723875346,0.14492914698527373,
2026-04-13,0.14622263336416896,0.059445332806005016,0.1472381579501709,0.12652800217449398,0.4473534314541056,0.4361598319664673,-0.04324699352451434,-0.167845027815464,-0.14393686806711015,-0.14260879139640475,0.1257015837732704,
2026-04-15,0.11982732038236199,0.042100920069789695,0.1088862437377152,0.097407454947491,0.41148202858231037,0.41845200688673057,-0.04729417206290471,-0.18244715710410037,-0.08688645300161928,-0.07976934590641101,0.18182828563489864,
2026-04-16,0.12490118577075097,0.04310883924188746,0.14557722020481245,0.15206098008454244,0.2951678616703667,0.24714173575295134,-0.06672062904717854,-0.19667135019982465,-0.054443437879409536,-0.04416241547971558,0.18912916423144363,
2026-04-17,0.09314888010540184,0.03290998414808022,0.17805921109301373,0.17786501125227341,0.2862127041730694,0.26279706547700427,-0.08325624421831637,-0.21099401498026613,-0.030287873782461398,-0.023374241324419964,0.21561544873575997,
2026-04-20,0.1209486166007905,0.06489704565944218,0.17090378445020873,0.1679062037397387,0.2614749305977048,0.24718156722454085,-0.07088344125809436,-0.1885755138694756,-0.0053350375860837,-0.015671015930633622,0.20216726868574608,
2026-04-21,0.10210803689064557,0.016895510222878718,0.13991413294064264,0.14495955663075952,0.24863952238074474,0.20703216650640324,-0.04093432007400555,-0.21837566212390375,-0.03470504877829787,-0.0614249708689642,0.316699083078633,
2026-04-22,0.10368906455862975,0.024692192007753966,0.19320970038131127,0.19627058497610267,0.188901091159281,0.1373381183603699,-0.06972710453283996,-0.22690607271794475,-0.07655116844212219,-0.09865932030827515,0.2764656849124757,
2026-04-23,0.08379446640316204,0.042279240324101436,0.22518898493190784,0.2360556144856607,0.15324349160467415,0.13544313781428843,-0.12095282146160963,-0.2296062222113071,-0.07015935204000277,-0.07427089730374846,0.18549597110308425,
2026-04-24,0.07088274044795784,0.0496329666335395,0.23444941794169202,0.25196625815506996,0.2429728228786344,0.2414774350221009,-0.13124421831637373,-0.22689511079094382,-0.08524590163934428,-0.091682134847715,0.12186718532925815,
2026-04-27,0.021646623496762257,0.01702181591032544,0.26637806637806644,0.27136199422649715,0.2534182930098283,0.2534644300273556,-0.21022201665124884,-0.26677592685415236,-0.10748100526008185,-0.1098558287647928,0.057451782583284636,
2026-04-28,0.04498149861239592,0.05932094712629458,0.35126452494873556,0.3487451423263123,0.14439747793896657,0.15077638252249034,-0.1847826086956522,-0.23086187168178962,-0.12364545707140874,-0.12307135963136516,-0.01539316476799111,
2026-04-29,0.08812827628738822,0.08606947109604249,0.39689754689754697,0.4013839256270641,0.11479478258513373,0.11023589792464573,-0.20767807585568918,-0.2625581230197144,-0.15093733107004362,-0.15303534351635678,0.048392752776154305,
2026-04-30,0.06432315757015108,0.05423431391794722,0.34105339105339116,0.3459672015383795,0.18753113189554174,0.1899880246452458,-0.18397317298797414,-0.2601735128044754,-0.09972776351980153,-0.10129825447014378,0.11144606109077487,
2026-05-04,0.12245605920444033,0.1638264219574512,0.28940533151059467,0.28897460121068025,0.10806125863601099,0.11581753793840283,-0.0578502931466393,-0.10337077462698208,-0.10324522568644028,-0.10251995739859202,-0.027177089421391007,
2026-05-05,0.13610083256244218,0.1883353666135029,0.33400311122634174,0.3401327078715822,0.16938839615781032,0.17096707896222868,-0.06699063946380832,-0.12563352899334768,-0.09747422827403436,-0.09042808544386596,-0.07935537649347042,
2026-05-06,0.12494572297003907,0.15414387512761493,0.3095304251180884,0.31523927013946956,0.1179286782575913,0.11993157614635776,-0.04361912103256603,-0.12176968331979061,-0.08700360101735036,-0.08562973104073625,-0.017904358993729698,
2026-05-07,0.06524099001302648,0.0796202510727426,0.273020283412059,0.27625210337182887,0.0353405294118829,0.03604471944601616,-0.06675923829122175,-0.16082409201765294,-0.09259515745939913,-0.09538759239659816,0.021782377678728815,
2026-05-08,0.05193877551020408,0.057799872612461375,0.31016594898139055,0.3185442074516866,0.017736705021066102,0.012677153778250117,-0.0507925573827493,-0.13902786857968208,-0.0342032967032967,-0.033974335925365536,-0.005082417582417583,
2026-05-11,0.04408163265306122,0.077069515484695,0.2514880952380953,0.2681945707434945,0.09580608635295769,0.08252739568799797,-0.010875855111568187,-0.05257625112035844,0.024410231756611868,0.025968174614463588,-0.022465034965034967,
2026-05-12,0.11887755102040816,0.1657531463833939,0.2653924605273098,0.2867080941950999,0.24773995457313552,0.2689409563360447,0.020941806119083424,-0.0015858116883305108,0.04052244188042366,0.04407096557000323,-0.02335164835164835,
2026-05-13,0.136734693877551,0.17454714368873284,0.2864949258391881,0.29705298999464913,0.17307692307692307,0.19451535025994224,0.018280692634338017,0.003902223529060881,-0.019460375253299193,-0.015882601617640955,-0.03195970695970696,
2026-05-14,0.17637454981992798,0.22851543983038344,0.3281861448968799,0.34134260768824903,0.23083970541761953,0.24749604532863986,0.012611363905967368,-0.013871934316047798,-0.02311403404165309,-0.022012373352904506,-0.013344854070660522,
2026-05-15,0.07150060024009604,0.09916698230595639,0.3070937523608068,0.31091976247807157,0.20885497156832245,0.2127184132774672,-0.014115471527779989,-0.06290697487895686,-0.0006181460199884614,-0.004944407359995931,0.03205128205128205,
2026-05-18,0.07649459783913565,0.11367947922221214,0.2689132104454685,0.27334646963654585,0.14630424232541236,0.1468207626921904,-0.02128890787796326,-0.05755682122336429,0.0558791070739987,0.05458712442023664,0.014597902097902097,
2026-05-19,0.07332533013205282,0.06831095292133745,0.32872503840245776,0.3272221033412035,0.169212004693692,0.15958517997454458,-0.04246211516963324,-0.13057697971543106,0.031031807604645346,0.02235914716156527,0.06604020979020979,
2026-05-20,0.03212484993997599,0.026060103248398046,0.2784178187403994,0.27783278304499853,0.19337106601464854,0.18380907820966846,-0.0643295259790629,-0.16096603161354053,-0.026858104423030958,-0.0329414120138793,0.052272727272727276,
2026-05-21,0.03721488595438175,0.050358187381686105,0.2566244239631337,0.25672210845187554,0.17970673575211984,0.16760952019877487,-0.03690848702755588,-0.1084782310598271,-0.015385960370008049,-0.01772268698057403,0.03999125874125874,
2026-05-22,0.020120048019207682,0.013439486796810807,0.22124542124542124,0.22151811290320317,0.12278560629397865,0.09849705033153047,0.020131902015030477,-0.0660019625458061,-0.037952090234870166,-0.04337423677197973,0.04715582924538149,
2026-05-25,0.028379351740696276,-0.012988903719546724,0.21111751152073735,0.1994306873253992,0.15483281514581432,0.10650277052351469,0.02857804481443981,-0.09396223171809276,-0.031207657707155702,-0.040307154891149895,0.11424825174825173,
2026-05-26,0.0007202881152460984,-0.02504696550237559,0.1647654302334366,0.1602678458757568,0.173767005558123,0.1289914452666469,0.003471017588798358,-0.10043937857110172,-0.023581665851911623,-0.029892487936817688,0.07454212454212453,
2026-05-27,0.04096038415366146,0.0014701050550843683,0.2022739291380222,0.19302382358170886,0.24228546688506794,0.20451210226527994,0.009603148662342124,-0.08956843689050711,-0.05256588743995596,-0.05629856313981626,0.09677419354838711,
2026-05-29,0.01935174069627851,-0.039073529452671035,0.1982046850998464,0.18623069651849855,0.17865324824517037,0.1267302095464211,0.026032631915987686,-0.06412363360874522,-0.06953747309717007,-0.06708193816672814,0.10493881118881118,
2026-06-01,0.07795918367346939,0.018584299112820776,0.20862135176651306,0.19654252844121756,0.1956559176640642,0.1428244618725308,0.11290390989108015,0.03787789053087988,-0.05681942351495565,-0.05352058827748301,0.11083916083916083,
2026-06-02,-0.019431176726009552,-0.05842346417917898,0.1474906197275314,0.1541252627394697,0.13505195305175965,0.08827339201825651,0.06207974490413965,0.0072793757867812454,-0.056501831501831495,-0.055350383138532355,0.024267399267399268,
2026-06-03,0.02105948762483717,-0.028759102339255705,0.12069703608571934,0.10868555663806835,0.18444371182070662,0.1221623152194151,0.08888427027396442,0.023879156530828755,-0.09354502684938477,-0.09128344158241361,0.08772893772893772,
2026-06-04,0.03897090751194095,0.020333903672170042,0.14890080834025837,0.15559750378956605,0.2129381474673293,0.16955971492428648,0.0728711771958873,0.043663304157386375,-0.11277601621636552,-0.11241426874144195,0.021794871794871794,
2026-06-05,0.060204081632653055,0.007772185423139956,0.20087633149505177,0.18861479133555717,0.13096255961622413,0.058181146417979085,0.07774472726312816,0.013738087899712722,-0.15870102060215688,-0.15498210433750018,0.10039335664335665,
2026-06-08,0.10816326530612244,0.016246183500930513,0.2358288635390698,0.19558206094858926,0.12959480442440977,0.016814316403034463,0.12404345290191643,0.03377127719150322,-0.11344216441005181,-0.1079180036969189,0.21595279720279717,
2026-06-09,0.10132653061224489,-0.023679560983017132,0.20943740399385563,0.15264164989740772,0.1449820503323212,0.007165488881314268,0.11742934923923239,-0.003196437345554494,-0.0723354968594243,-0.0604749478698796,0.2923951048951049,
2026-06-10,0.12297719087635053,0.0007202783276359605,0.21519777265745008,0.15190478110674346,0.18542849458276722,0.01220360223609055,0.10327284666296128,0.002817565492659814,-0.055508812600166456,-0.04493052637601908,0.3047202797202797,
2026-06-11,0.1568787515006002,0.003901940277123108,0.22772657450076805,0.1436803154931391,0.21957553074919234,0.01407106263354205,0.10164832997388101,-0.005406016194730451,-0.07412830407077348,-0.07098296351711438,0.3645979020979021,
2026-06-12,0.10950226244343891,-0.05655625651016845,0.2177899385560676,0.12808868345649413,0.12157723619419107,-0.1057399415117201,0.09294556199666515,-0.015337870550041004,-0.10632020640428047,-0.11966372066428646,0.3823426573426573,
2026-06-15,0.06262443438914027,-0.10913537135045542,0.1912442396313364,0.09534506710328973,0.1078565602963969,-0.1533824608920709,0.08319846186218342,-0.017939763257274987,-0.06800847922251613,-0.06238238928522581,0.3832167832167832,
2026-06-16,0.040452488687782805,-0.15674113495245628,0.1936355311355311,0.087963013564578,0.022900764426351142,-0.3010706917341764,0.056858084117810154,-0.051540372721666415,-0.06688376754964309,-0.04346822365321548,0.3518421876630833,
2026-06-17,0.04823529411764706,-0.1221988479562839,0.21327764976958524,0.12238426063294322,0.015731875065023663,-0.2379628509299574,0.08145790826674025,-0.015007076743762582,-0.10760724668755446,-0.07552664429909588,0.3472902097902098,
2026-06-18,0.10217194570135747,-0.09206207138331195,0.25187211981566826,0.1721408637193534,0.11086402687624158,-0.15071842122687554,0.08343053567490918,-0.0323985178283951,-0.0946480474012588,-0.06896828540549521,0.34602272727272726,
2026-06-19,0.08660633484162895,-0.08889085304999307,0.24788786482334868,0.18728420945867466,0.08076664078849297,-0.17573221384265167,0.06207974490413965,-0.04324076666553567,-0.06728657437655143,-0.04813274710375378,0.2627622377622377,
2026-06-22,0.04460984393757503,-0.1063540783157867,0.20674923195084488,0.15862624511771245,0.04040015689582553,-0.17714250204484314,0.057322231743261655,-0.043128669573598406,-0.037150755583026114,-0.005576636252576254,0.25502622377622375,
2026-06-23,0.08561824729891956,-0.04522022056554883,0.22974270353302612,0.18408891547443418,0.08541747457974541,-0.07703457424240015,0.1006039978166151,0.0009543917685853634,-0.04165300816134825,-0.002818683913221106,0.29558566433566436,
2026-06-24,0.09819927971188475,-0.035465127592253454,0.22983870967741937,0.17417220292381622,0.10895096480336651,-0.08837420352598492,0.049083611391497334,-0.05222029230672205,-0.008763303395960466,0.052455664705319795,0.3208916083916084,
2026-06-25,0.13930372148859543,0.017328892706345436,0.2534082181259601,0.19409014978896405,0.16705162763671835,-0.04263892334545186,0.09909551803389768,-0.0032055394697188765,-0.014532660245171346,0.0836209526019663,0.3525786713286713,
2026-06-29,0.1545738295318127,0.02501055425898521,0.24870391705069125,0.18039236352538457,0.16968065896246723,0.0656939189101488,0.11069920867018548,-0.009769275651131079,-0.05096153846153846,0.028540017726415845,0.39077797202797204,
2026-06-30,0.13478991596638654,0.02818461000782096,0.24030337941628263,0.18405456203917944,0.10396618411605592,-0.048983938706442215,0.12462363743373081,0.027647867951081637,-0.028540209790209794,0.043359869101625904,0.33981643356643354,
2026-07-01,0.18723981900452488,0.07191588270123248,0.2610887096774193,0.19626364433813304,0.12016186537852043,-0.02752464810846498,0.218076507119885,0.1293821927819717,-0.0317529693306688,0.05856915954557537,0.3875874125874126,
