window,approach,hold,phase,start,fixed6,cagr,maxdd,sharpe,cagr_disc,dd_disc,cagr_conf,dd_conf,n_rot,trade_frac,invested,uc_blocked,no_open,catchup,irregular
2019+,BASELINE,30,0,2019-01-04,True,17.3615,-46.4374,0.6755,21.4152,-45.8447,13.9893,-46.4374,64,1.6854,0.9062,0,0,1,0
2019+,BASELINE,30,1,2019-01-11,True,15.1584,-38.874,0.6361,5.2776,-38.874,28.3871,-37.2311,64,1.6849,0.9062,0,0,0,0
2019+,BASELINE,30,2,2019-01-18,True,17.0116,-40.9261,0.679,10.428,-38.1652,25.5967,-39.4657,64,1.675,0.9062,0,0,13,0
2019+,BASELINE,30,3,2019-01-25,True,33.7878,-46.2573,1.1005,50.2507,-36.969,19.7354,-46.2573,64,1.6906,0.9375,0,0,0,0
2019+,BASELINE,30,4,2019-02-01,True,34.1954,-58.0022,1.121,62.9722,-34.6825,12.0595,-58.0022,63,1.6667,0.9524,0,0,2,0
2019+,BASELINE,30,5,2019-02-08,True,15.4428,-58.8455,0.6229,26.6503,-39.1584,6.3875,-58.8455,63,1.682,0.9524,0,0,1,0
2019+,BASELINE,60,0,2019-01-04,True,24.966,-49.9626,0.9173,31.844,-32.0985,18.8434,-49.9626,32,2.0,0.875,0,0,1,0
2019+,BASELINE,60,1,2019-01-11,False,11.1526,-62.9626,0.5077,6.3726,-62.9626,18.0671,-44.6502,32,2.0,0.9062,0,0,1,0
2019+,BASELINE,60,2,2019-01-18,True,13.3029,-49.9533,0.5729,5.7002,-49.9533,23.1181,-41.0859,32,2.0,0.9375,0,0,1,0
2019+,BASELINE,60,3,2019-01-25,False,32.3096,-43.3839,1.0888,32.1765,-43.3839,33.8991,-37.3424,32,2.0,0.9375,0,0,0,0
2019+,BASELINE,60,4,2019-02-01,True,32.5341,-37.2749,1.1288,26.6174,-37.2749,42.2048,-31.7658,32,2.0,0.9375,0,0,1,0
2019+,BASELINE,60,5,2019-02-08,False,27.5476,-44.117,0.9807,20.87,-36.9284,37.1666,-31.091,32,2.0,0.9062,0,0,0,0
2019+,BASELINE,60,6,2019-02-15,False,10.7651,-53.8757,0.4966,11.4223,-46.5002,11.7553,-53.8757,32,2.0,0.9375,0,0,1,0
2019+,BASELINE,60,7,2019-02-22,True,24.6737,-38.5278,0.9312,19.1289,-36.8509,33.4746,-38.5278,32,2.0,0.9062,0,0,0,0
2019+,BASELINE,60,8,2019-03-01,False,17.361,-38.0137,0.6899,11.4732,-38.0137,25.3722,-35.3874,32,2.0,0.875,0,0,13,0
2019+,BASELINE,60,9,2019-03-11,True,37.7459,-46.4155,1.2104,52.5458,-32.9875,26.0395,-46.4155,32,2.0,0.9375,0,0,0,0
2019+,BASELINE,60,10,2019-03-18,False,37.4442,-46.5751,1.1807,59.3969,-36.6719,20.2167,-46.5751,31,2.0,0.9677,0,0,2,0
2019+,BASELINE,60,11,2019-03-26,True,23.9344,-51.1416,0.8352,43.5229,-41.8427,7.9496,-51.1416,31,2.0,1.0,0,0,1,0
2019+,BASELINE,90,0,2019-01-04,True,13.9836,-54.8639,0.6101,14.7032,-44.1274,14.6023,-54.8639,22,2.0,0.8636,0,0,1,0
2019+,BASELINE,90,1,2019-01-11,False,28.0412,-37.6252,1.035,22.3415,-37.6252,36.1379,-36.4858,22,2.0,0.8636,0,0,1,0
2019+,BASELINE,90,2,2019-01-18,False,10.9151,-41.9132,0.4989,8.2629,-41.9132,15.7864,-41.4738,22,2.0,0.9091,0,0,1,0
2019+,BASELINE,90,3,2019-01-25,True,18.6948,-42.0407,0.7366,28.6954,-39.468,11.2756,-42.0407,22,2.0,0.9091,0,0,0,0
2019+,BASELINE,90,4,2019-02-01,False,31.9066,-40.3784,1.1047,44.8636,-30.0323,22.0633,-40.3784,21,2.0,0.9524,0,0,1,0
2019+,BASELINE,90,5,2019-02-08,False,17.1462,-48.3107,0.709,28.6847,-32.0545,8.3813,-48.3107,21,2.0,0.9048,0,0,1,0
2019+,BASELINE,90,6,2019-02-15,False,14.4381,-49.4685,0.5946,22.5308,-49.4685,8.2323,-43.3652,21,2.0,0.9524,0,0,1,0
2019+,BASELINE,90,7,2019-02-22,True,2.5973,-58.6169,0.2385,-12.8148,-56.7446,24.0033,-39.9809,21,2.0,0.9524,0,0,1,0
2019+,BASELINE,90,8,2019-03-01,False,15.7184,-37.2911,0.6579,1.9607,-37.2911,33.5062,-35.7593,21,2.0,0.9524,0,0,1,0
2019+,BASELINE,90,9,2019-03-11,False,35.2446,-43.8954,1.2067,44.106,-37.5084,28.71,-43.8954,21,2.0,0.9524,0,0,1,0
2019+,BASELINE,90,10,2019-03-18,True,36.4058,-45.1067,1.1963,48.993,-41.2764,26.7669,-45.1067,21,2.0,1.0,0,0,2,0
2019+,BASELINE,90,11,2019-03-26,False,28.413,-47.0817,0.9487,31.2529,-37.6989,26.8059,-47.0817,21,2.0,1.0,0,0,2,0
2019+,BASELINE,90,12,2019-04-02,False,32.4222,-45.5641,1.1708,34.3656,-34.9625,31.3779,-45.5641,21,2.0,0.9048,0,0,3,0
2019+,BASELINE,90,13,2019-04-09,False,12.8956,-62.7017,0.5605,7.5696,-62.7017,20.0954,-41.0338,21,2.0,0.9048,0,0,2,0
2019+,BASELINE,90,14,2019-04-16,True,17.2672,-49.3237,0.6731,15.4076,-49.3237,20.3012,-43.0123,21,2.0,0.8571,0,0,16,0
2019+,BASELINE,90,15,2019-04-25,False,36.7527,-46.6479,1.1672,32.7088,-46.6479,42.3795,-32.1273,21,2.0,0.9524,0,0,1,0
2019+,BASELINE,90,16,2019-05-06,False,34.2751,-38.6431,1.129,24.4682,-38.6431,47.9069,-26.9738,21,2.0,0.9048,0,0,0,0
2019+,BASELINE,90,17,2019-05-13,True,25.7275,-42.0393,0.8999,29.1407,-42.0393,24.6819,-38.2983,21,2.0,0.9524,0,0,0,0
2019+,BASELINE,100,0,2019-01-04,True,20.6251,-31.538,0.8282,21.0719,-31.538,21.5955,-28.211,20,2.0,0.8,0,0,15,0
2019+,BASELINE,100,1,2019-01-11,False,20.6089,-39.1064,0.8441,18.2585,-32.6965,24.7906,-30.6566,20,2.0,0.85,0,0,2,0
2019+,BASELINE,100,2,2019-01-18,False,22.1737,-54.5007,0.824,22.9771,-54.5007,23.433,-32.6341,19,2.0,0.9474,0,0,3,0
2019+,BASELINE,100,3,2019-01-25,False,16.932,-56.7446,0.6767,9.3221,-56.7446,28.0792,-32.8695,19,2.0,0.9474,0,0,2,0
2019+,BASELINE,100,4,2019-02-01,True,35.2096,-37.888,1.1985,38.5929,-37.2911,34.4593,-29.2047,19,2.0,1.0,0,0,2,0
2019+,BASELINE,100,5,2019-02-08,False,22.0516,-42.7484,0.8409,20.356,-37.5084,26.3116,-42.7484,19,2.0,0.9474,0,0,2,0
2019+,BASELINE,100,6,2019-02-15,False,25.0936,-45.5798,0.9208,23.1288,-41.2764,29.0371,-45.5798,19,2.0,0.9474,0,0,2,0
2019+,BASELINE,100,7,2019-02-22,False,26.0038,-41.7304,0.9525,25.685,-36.6252,29.0596,-37.8716,19,2.0,0.9474,0,0,2,0
2019+,BASELINE,100,8,2019-03-01,True,21.6571,-49.6064,0.8507,19.8951,-29.864,25.131,-49.6064,19,2.0,0.8947,0,0,1,0
2019+,BASELINE,100,9,2019-03-11,False,21.9845,-65.8425,0.7823,21.914,-65.8425,23.9393,-53.8107,19,2.0,0.9474,0,0,1,0
2019+,BASELINE,100,10,2019-03-18,False,24.893,-57.8363,0.8552,14.9335,-57.8363,38.0761,-35.5435,19,2.0,1.0,0,0,0,0
2019+,BASELINE,100,11,2019-03-26,True,30.8424,-53.9663,1.0176,22.861,-53.9663,40.7037,-31.6511,19,2.0,0.9474,0,0,0,0
2019+,BASELINE,100,12,2019-04-02,False,27.0453,-37.832,0.9443,19.8417,-37.832,35.6044,-32.1584,19,2.0,0.8947,0,0,0,0
2019+,BASELINE,100,13,2019-04-09,False,9.8254,-54.3805,0.4714,8.6834,-43.2755,12.5153,-54.3805,19,2.0,0.9474,0,0,0,0
2019+,BASELINE,100,14,2019-04-16,False,10.7736,-53.0756,0.5019,10.243,-44.1274,12.4064,-53.0756,19,2.0,0.8947,0,0,0,0
2019+,BASELINE,100,15,2019-04-25,True,20.6656,-47.4963,0.77,28.6518,-42.0417,14.5627,-47.4963,19,2.0,0.9474,0,0,0,0
2019+,BASELINE,100,16,2019-05-06,False,15.4452,-41.0428,0.6342,14.5513,-34.9625,19.0456,-41.0428,19,2.0,0.8947,0,0,0,0
2019+,BASELINE,100,17,2019-05-13,False,19.9609,-47.3787,0.7816,27.7005,-36.1026,14.7937,-47.3787,19,2.0,0.8947,0,0,0,0
2019+,BASELINE,100,18,2019-05-20,False,27.8695,-50.6514,0.9766,38.3378,-42.2563,20.0533,-50.6514,19,2.0,0.9474,0,0,2,0
2019+,BASELINE,100,19,2019-05-27,True,16.7376,-43.6084,0.6738,16.1998,-43.6084,18.7561,-39.9461,19,2.0,0.9474,0,0,2,0
2019+,BASELINE,180,0,2019-01-04,True,21.7802,-37.9527,0.9209,18.5391,-29.527,26.8331,-37.9527,11,1.8947,0.8182,0,0,1,0
2019+,BASELINE,180,1,2019-01-11,False,21.6213,-42.6231,0.9413,17.4828,-26.9553,27.8438,-42.6231,11,1.75,0.8182,0,0,1,0
2019+,BASELINE,180,2,2019-01-18,False,15.6837,-43.969,0.6898,10.8034,-43.2399,23.1809,-43.969,11,1.9048,0.9091,0,0,1,0
2019+,BASELINE,180,3,2019-01-25,False,22.4113,-44.7952,0.8378,30.4013,-41.614,16.8968,-43.1748,11,1.8947,0.9091,0,0,0,0
2019+,BASELINE,180,4,2019-02-01,False,21.2575,-42.6414,0.8801,17.7464,-31.9668,27.6357,-42.6414,11,1.9,0.9091,0,0,0,0
2019+,BASELINE,180,5,2019-02-08,False,18.596,-44.3258,0.8007,14.8969,-37.7755,25.0248,-44.3258,11,1.8095,0.8182,0,0,0,0
2019+,BASELINE,180,6,2019-02-15,False,22.2721,-54.5007,0.8119,29.1731,-54.5007,17.2357,-47.6535,11,2.0,0.9091,0,0,1,0
2019+,BASELINE,180,7,2019-02-22,True,10.6242,-53.4344,0.4951,-5.3282,-53.4344,32.7086,-44.3404,11,2.0,0.9091,0,0,1,0
2019+,BASELINE,180,8,2019-03-01,False,24.597,-37.2911,0.9293,14.0717,-37.2911,38.1881,-35.6925,11,1.8909,0.9091,0,0,1,0
2019+,BASELINE,180,9,2019-03-11,False,25.3752,-51.8247,0.9792,28.2964,-37.5084,24.3526,-51.8247,11,2.0,0.9091,0,0,1,0
2019+,BASELINE,180,10,2019-03-18,False,40.181,-41.2764,1.2919,44.3707,-41.2764,38.2513,-40.473,11,2.0,1.0,0,0,1,0
2019+,BASELINE,180,11,2019-03-26,False,29.7776,-47.3734,0.9957,35.177,-37.6989,25.7379,-47.3734,11,2.0,1.0,0,0,2,0
2019+,BASELINE,180,12,2019-04-02,False,27.2964,-48.4024,1.0957,26.7591,-34.9625,28.7055,-48.4024,11,1.8571,0.8182,0,0,1,0
2019+,BASELINE,180,13,2019-04-09,False,20.8934,-62.7017,0.7819,14.1142,-62.7017,29.7846,-42.2578,11,2.0,0.9091,0,0,1,0
2019+,BASELINE,180,14,2019-04-16,True,32.5722,-49.3237,1.0632,39.3211,-49.3237,27.3955,-44.4269,11,2.0,0.9091,0,0,1,0
2019+,BASELINE,180,15,2019-04-25,False,16.5187,-43.3839,0.6815,5.0814,-43.3839,30.4463,-39.6585,11,1.8333,0.9091,0,0,0,0
2019+,BASELINE,180,16,2019-05-06,False,29.7392,-37.2749,1.0481,20.7451,-37.2749,42.3687,-31.5562,11,2.0,0.9091,0,0,0,0
2019+,BASELINE,180,17,2019-05-13,False,18.4813,-44.1285,0.7408,22.3544,-35.4086,17.1218,-44.1285,11,2.0,0.9091,0,0,0,0
2019+,BASELINE,180,18,2019-05-20,False,14.776,-48.414,0.6321,13.6887,-44.1274,17.5544,-48.414,11,2.0,0.9091,0,0,0,0
2019+,BASELINE,180,19,2019-05-27,False,33.115,-39.8074,1.1462,30.5388,-39.8074,37.5319,-30.4003,11,2.0,0.9091,0,0,0,0
2019+,BASELINE,180,20,2019-06-03,False,27.6244,-38.2353,0.9082,42.6905,-34.3226,16.8943,-38.2353,11,2.0,0.9091,0,0,0,0
2019+,BASELINE,180,21,2019-06-11,True,23.5529,-36.0693,0.8585,37.9065,-30.1893,13.8933,-35.1436,11,2.0,0.9091,0,0,0,0
2019+,BASELINE,180,22,2019-06-18,False,29.7459,-44.2661,0.9802,44.3608,-44.2661,19.3093,-38.3064,10,2.0,1.0,0,0,0,0
2019+,BASELINE,180,23,2019-06-25,False,14.6588,-46.6016,0.5977,30.1128,-42.1584,2.9702,-45.0185,10,2.0,1.0,0,0,0,0
2019+,BASELINE,180,24,2019-07-02,False,22.4763,-41.2316,0.7941,36.6611,-41.2316,11.9869,-32.8945,10,2.0,1.0,0,0,1,0
2019+,BASELINE,180,25,2019-07-09,False,16.0991,-43.2809,0.655,10.697,-41.2316,22.6701,-35.8679,10,2.0,1.0,0,0,1,0
2019+,BASELINE,180,26,2019-07-16,False,21.8954,-41.2316,0.8094,17.4992,-41.2316,26.9416,-37.6638,10,2.0,1.0,0,0,1,0
2019+,BASELINE,180,27,2019-07-23,False,49.7972,-41.2316,1.4703,53.6462,-41.2316,47.6368,-33.3249,10,2.0,1.0,0,0,1,0
2019+,BASELINE,180,28,2019-07-30,True,39.256,-41.2316,1.2149,39.6688,-41.2316,39.6103,-34.7969,10,2.0,1.0,0,0,2,0
2019+,BASELINE,180,29,2019-08-06,False,16.328,-64.176,0.6171,1.2026,-64.176,32.8672,-38.6627,10,2.0,1.0,0,0,1,0
2019+,BASELINE,180,30,2019-08-14,False,32.9336,-41.2316,1.104,38.0414,-41.2316,30.1259,-35.9921,10,2.0,1.0,0,0,2,0
2019+,BASELINE,180,31,2019-08-22,False,29.2882,-34.2777,1.1121,40.048,-21.8417,21.9075,-34.2777,10,1.8947,0.9,0,0,1,0
2019+,BASELINE,180,32,2019-08-29,False,24.6774,-32.7763,0.985,17.5205,-20.0794,31.6463,-32.7763,10,1.7778,0.8,0,0,6,0
2019+,BASELINE,180,33,2019-09-06,False,34.1635,-41.2316,1.094,38.6084,-41.2316,32.2512,-29.5335,10,2.0,1.0,0,0,1,0
2019+,BASELINE,180,34,2019-09-16,False,19.5503,-36.342,0.7704,12.6689,-36.342,27.6035,-28.52,10,1.8565,0.9,0,0,0,0
2019+,BASELINE,180,35,2019-09-23,True,20.7556,-45.6764,0.7581,20.8349,-39.9508,22.2177,-35.7524,10,2.0,1.0,0,0,0,0
2019+,BASELINE,250,0,2019-01-04,True,37.0931,-49.3237,1.1271,45.751,-49.3237,29.3568,-32.9682,8,2.0,0.875,0,0,0,0
2019+,BASELINE,250,1,2019-01-11,False,19.0768,-43.3839,0.7323,14.5628,-43.3839,24.1996,-37.0667,8,2.0,0.875,0,0,0,0
2019+,BASELINE,250,2,2019-01-18,False,17.9253,-37.2749,0.7171,18.2028,-37.2749,18.9912,-26.8662,8,2.0,0.875,0,0,0,0
2019+,BASELINE,250,3,2019-01-25,False,14.825,-40.955,0.6472,13.4868,-35.4086,17.0545,-40.955,8,2.0,0.875,0,0,0,0
2019+,BASELINE,250,4,2019-02-01,False,24.6457,-44.1274,0.8817,48.5818,-44.1274,5.3999,-33.4916,8,2.0,1.0,0,0,0,0
2019+,BASELINE,250,5,2019-02-08,False,21.0094,-38.4365,0.816,41.8204,-37.6989,4.8173,-38.4365,8,2.0,0.875,0,0,0,0
2019+,BASELINE,250,6,2019-02-15,False,23.4999,-34.9625,0.8551,33.7422,-34.9625,15.9059,-34.5626,8,2.0,0.875,0,0,0,0
2019+,BASELINE,250,7,2019-02-22,False,31.4409,-33.6513,1.1311,35.9131,-33.474,29.253,-31.8836,8,2.0,0.875,0,0,0,0
2019+,BASELINE,250,8,2019-03-01,False,37.45,-34.1786,1.2908,53.3715,-34.1786,24.9122,-31.7606,8,2.0,0.875,0,0,0,0
2019+,BASELINE,250,9,2019-03-11,False,28.416,-39.3663,1.0921,34.5459,-39.3663,24.6214,-32.4929,8,2.0,0.875,0,0,0,0
2019+,BASELINE,250,10,2019-03-18,True,41.0754,-49.2936,1.2556,50.4777,-49.2936,34.32,-28.244,8,2.0,1.0,0,0,0,0
2019+,BASELINE,250,11,2019-03-26,False,31.4736,-62.2959,1.0062,26.7863,-62.2959,38.6228,-29.095,8,2.0,1.0,0,0,0,0
2019+,BASELINE,250,12,2019-04-02,False,31.0343,-34.6978,1.2115,41.083,-31.9123,23.4523,-34.6978,8,2.0,0.875,0,0,1,0
2019+,BASELINE,250,13,2019-04-09,False,36.5335,-35.6857,1.3502,42.4897,-35.6857,32.6688,-30.0951,8,2.0,0.875,0,0,2,0
2019+,BASELINE,250,14,2019-04-16,False,40.5982,-33.1773,1.4404,42.6802,-33.1773,41.1536,-31.6199,8,2.0,0.875,0,0,2,0
2019+,BASELINE,250,15,2019-04-25,False,42.731,-34.3731,1.5019,42.4648,-28.2703,46.2515,-34.3731,8,1.9474,0.875,0,0,2,0
2019+,BASELINE,250,16,2019-05-06,False,39.7855,-32.1427,1.4758,40.7682,-27.65,41.1747,-32.1427,8,1.9097,0.875,0,0,2,0
2019+,BASELINE,250,17,2019-05-13,False,35.0484,-35.1487,1.2655,36.9328,-32.8471,34.6859,-35.1487,8,2.0,0.875,0,0,2,0
2019+,BASELINE,250,18,2019-05-20,False,29.7569,-33.7401,1.1126,20.2998,-26.4395,41.3732,-33.7401,8,2.0,0.875,0,0,2,0
2019+,BASELINE,250,19,2019-05-27,False,25.0741,-43.1109,0.9674,17.6004,-40.5425,34.1092,-37.8877,8,2.0,0.875,0,0,2,0
2019+,BASELINE,250,20,2019-06-03,True,29.9398,-35.0516,1.1138,15.7578,-34.7282,46.0464,-33.1783,8,1.875,0.875,0,0,2,0
2019+,BASELINE,250,21,2019-06-11,False,34.6039,-30.4003,1.2606,23.9255,-28.7443,46.924,-30.4003,8,1.9204,0.875,0,0,2,0
2019+,BASELINE,250,22,2019-06-18,False,27.983,-41.2316,0.9736,11.2683,-41.2316,46.8722,-33.4288,8,2.0,1.0,0,0,1,0
2019+,BASELINE,250,23,2019-06-25,False,20.7843,-41.2316,0.774,8.5467,-41.2316,34.3729,-33.0669,8,2.0,1.0,0,0,0,0
2019+,BASELINE,250,24,2019-07-02,False,23.7279,-41.2316,0.8647,11.5447,-41.2316,38.078,-37.0664,8,2.0,1.0,0,0,2,0
2019+,BASELINE,250,25,2019-07-09,False,27.7797,-41.2316,0.8993,32.5748,-41.2316,25.0896,-38.7436,8,2.0,1.0,0,0,1,0
2019+,BASELINE,250,26,2019-07-16,False,21.3894,-41.2316,0.8247,3.9292,-41.2316,40.3633,-30.1579,8,2.0,1.0,0,0,1,0
2019+,BASELINE,250,27,2019-07-23,False,33.4593,-41.8375,1.1336,42.8761,-41.2316,27.1904,-41.8375,8,2.0,1.0,0,0,0,0
2019+,BASELINE,250,28,2019-07-30,False,31.4072,-49.1878,1.0417,40.2761,-41.2316,25.3933,-49.1878,8,2.0,1.0,0,0,0,0
2019+,BASELINE,250,29,2019-08-06,True,-3.1789,-64.176,0.078,-13.8304,-64.176,9.0722,-49.0493,8,2.0,1.0,0,0,0,0
2019+,BASELINE,250,30,2019-08-14,False,12.531,-44.8785,0.543,10.7696,-41.2316,15.5409,-36.9329,8,2.0,1.0,0,0,1,0
2019+,BASELINE,250,31,2019-08-22,False,29.695,-46.1099,1.1059,21.7068,-37.3756,39.1027,-35.878,8,2.0,0.875,0,0,0,0
2019+,BASELINE,250,32,2019-08-29,False,43.7194,-35.0255,1.5102,44.1384,-30.6448,45.7598,-35.0255,7,2.0,0.8571,0,0,1,0
2019+,BASELINE,250,33,2019-09-06,False,17.4369,-52.1454,0.6894,26.7114,-41.2316,12.0525,-52.1454,7,2.0,1.0,0,0,0,0
2019+,BASELINE,250,34,2019-09-16,False,22.0102,-43.0919,0.8951,34.3744,-27.7136,14.4175,-43.0919,7,2.0,0.8571,0,0,0,0
2019+,BASELINE,250,35,2019-09-23,False,36.941,-39.9508,1.175,35.3859,-39.9508,41.0275,-34.8536,7,2.0,1.0,0,0,0,0
2019+,BASELINE,250,36,2019-09-30,False,14.6704,-48.6975,0.6667,15.3278,-40.3904,15.8175,-40.1418,7,2.0,0.8571,0,0,1,0
2019+,BASELINE,250,37,2019-10-09,False,14.3652,-44.0871,0.6384,11.3862,-37.8668,19.5555,-39.5686,7,2.0,0.8571,0,0,0,0
2019+,BASELINE,250,38,2019-10-16,False,15.8887,-48.9128,0.6526,14.2029,-43.2399,18.9303,-48.9128,7,2.0,1.0,0,0,0,0
2019+,BASELINE,250,39,2019-10-24,True,32.2036,-41.614,1.1283,33.1261,-41.614,33.4201,-38.7543,7,2.0,1.0,0,0,0,0
2019+,BASELINE,250,40,2019-11-01,False,25.2437,-38.3258,1.1395,13.8091,-19.1408,38.0224,-38.3258,7,1.0,0.7143,0,0,6,0
2019+,BASELINE,250,41,2019-11-08,False,21.1109,-37.779,0.9155,18.621,-26.5904,24.4287,-37.779,7,2.0,0.8571,0,0,0,0
2019+,BASELINE,250,42,2019-11-18,False,25.3732,-54.5007,0.8105,32.0897,-54.5007,20.8649,-33.5091,7,2.0,1.0,0,0,0,0
2019+,BASELINE,250,43,2019-11-25,False,27.362,-53.4344,0.9441,24.8494,-53.4344,31.2201,-31.091,7,2.0,1.0,0,0,0,0
2019+,BASELINE,250,44,2019-12-02,False,19.6925,-52.3344,0.7898,38.2997,-37.2911,7.3146,-52.3344,7,2.0,1.0,0,0,0,0
2019+,BASELINE,250,45,2019-12-09,False,24.5747,-43.3085,0.9053,34.9473,-37.5084,17.9917,-43.3085,7,2.0,1.0,0,0,0,0
2019+,BASELINE,250,46,2019-12-16,False,25.0618,-41.2764,0.8922,21.8814,-41.2764,30.6623,-33.5587,7,2.0,1.0,0,0,0,0
2019+,BASELINE,250,47,2019-12-23,False,19.34,-54.1544,0.7623,32.3497,-36.6252,10.8697,-54.1544,7,2.0,1.0,0,0,0,0
2019+,BASELINE,250,48,2019-12-31,False,16.5121,-51.2565,0.7316,20.7527,-28.8652,13.7435,-51.2565,7,2.0,0.8571,0,0,0,0
2019+,BASELINE,250,49,2020-01-07,True,12.0009,-62.7017,0.5134,5.4163,-62.7017,18.6417,-52.1142,7,2.0,1.0,0,0,0,0
2019+,G,30,0,2019-01-04,True,9.6365,-49.8484,0.4938,6.4614,-45.8447,13.0921,-37.5679,64,1.0,0.6406,0,0,1,0
2019+,G,30,1,2019-01-11,True,16.2764,-38.5549,0.7469,1.2791,-38.5549,36.4513,-14.9428,64,1.0,0.6406,0,0,0,0
2019+,G,30,2,2019-01-18,True,16.9481,-34.9041,0.7932,5.0353,-34.9041,32.2609,-26.2901,64,1.0,0.6094,0,0,13,0
2019+,G,30,3,2019-01-25,True,36.4955,-23.2397,1.4377,39.0327,-23.2397,35.3349,-16.4208,64,1.0,0.625,0,0,0,0
2019+,G,30,4,2019-02-01,True,20.997,-32.6808,0.9662,24.3015,-32.6808,20.3745,-19.0403,63,1.0,0.5714,0,0,2,0
2019+,G,30,5,2019-02-08,True,7.7919,-47.4651,0.4387,1.9742,-47.4651,14.9645,-37.322,63,1.0,0.6032,0,0,1,0
2019+,G,60,0,2019-01-04,True,24.3149,-23.9225,1.1719,22.0002,-21.5256,26.7478,-23.9225,32,1.0,0.5625,0,0,1,0
2019+,G,60,1,2019-01-11,False,10.7811,-62.7017,0.5488,0.5397,-62.7017,24.4799,-31.2074,32,1.0,0.5938,0,0,1,0
2019+,G,60,2,2019-01-18,True,9.9239,-49.3237,0.5163,-1.3721,-49.3237,24.4707,-26.7794,32,1.0,0.5938,0,0,0,0
2019+,G,60,3,2019-01-25,False,30.0781,-43.3839,1.1799,26.0078,-43.3839,35.971,-20.0802,32,1.0,0.625,0,0,0,0
2019+,G,60,4,2019-02-01,True,15.3657,-40.4431,0.7275,0.9876,-38.548,35.6778,-21.5107,32,1.0,0.5625,0,0,1,0
2019+,G,60,5,2019-02-08,False,11.293,-36.6356,0.5816,2.8063,-36.6356,20.8206,-31.8461,32,1.0,0.5312,0,0,0,0
2019+,G,60,6,2019-02-15,False,9.7315,-52.8983,0.482,14.3305,-45.5643,6.7632,-38.6229,32,1.7227,0.7188,0,0,1,0
2019+,G,60,7,2019-02-22,True,27.4958,-36.8509,1.1258,20.4931,-36.8509,35.0327,-14.4048,32,1.3571,0.6875,0,0,0,0
2019+,G,60,8,2019-03-01,False,16.1013,-29.4118,0.7586,11.044,-29.4118,21.4664,-18.4507,32,1.0,0.625,0,0,13,0
2019+,G,60,9,2019-03-11,True,38.0735,-22.0971,1.5508,50.3722,-22.0971,28.5054,-17.9302,32,1.0,0.625,0,0,0,0
2019+,G,60,10,2019-03-18,False,22.653,-35.2797,1.0361,38.8592,-20.8081,9.9615,-35.2797,31,1.0,0.5806,0,0,2,0
2019+,G,60,11,2019-03-26,True,19.4853,-40.5652,0.852,24.6128,-40.5652,15.6478,-29.0644,31,1.0,0.6774,0,0,1,0
2019+,G,90,0,2019-01-04,True,22.1191,-44.1274,0.9343,13.8706,-44.1274,33.1397,-26.3741,22,1.3421,0.6818,0,0,1,0
2019+,G,90,1,2019-01-11,False,28.2601,-33.7994,1.171,25.142,-33.7994,33.3787,-17.7498,22,1.0,0.6364,0,0,1,0
2019+,G,90,2,2019-01-18,False,10.3673,-47.9679,0.5501,-3.6736,-47.9679,29.6473,-20.3141,22,1.0,0.5,0,0,0,0
2019+,G,90,3,2019-01-25,True,21.3721,-25.0335,0.9945,23.482,-25.0335,21.6412,-19.6367,22,1.0,0.5455,0,0,0,0
2019+,G,90,4,2019-02-01,False,7.1227,-30.9912,0.5148,3.6221,-30.9912,13.252,-23.3313,21,1.0,0.3333,0,0,1,0
2019+,G,90,5,2019-02-08,False,9.9166,-37.9268,0.6031,10.5351,-28.0025,9.2472,-37.9268,21,1.0,0.4286,0,0,1,0
2019+,G,90,6,2019-02-15,False,7.5748,-48.3124,0.4202,8.3556,-48.3124,8.3979,-41.4717,21,1.0,0.619,0,0,1,0
2019+,G,90,7,2019-02-22,True,4.4479,-60.6626,0.3105,-13.2692,-60.6626,26.454,-18.907,21,1.0,0.5714,0,0,1,0
2019+,G,90,8,2019-03-01,False,8.5419,-41.5461,0.4719,-2.979,-41.5461,21.7312,-25.0625,21,1.0,0.619,0,0,1,0
2019+,G,90,9,2019-03-11,False,24.8391,-37.5084,1.0708,20.7538,-37.5084,31.1184,-22.2594,21,1.0,0.6667,0,0,1,0
2019+,G,90,10,2019-03-18,True,19.2965,-41.2764,0.8496,28.4927,-41.2764,12.4926,-38.2419,21,1.0,0.6667,0,0,2,0
2019+,G,90,11,2019-03-26,False,12.2353,-38.573,0.5832,15.266,-36.6252,10.3437,-38.573,21,1.0,0.6667,0,0,2,0
2019+,G,90,12,2019-04-02,False,23.9725,-47.4989,1.0987,37.2016,-23.5879,11.9403,-47.4989,21,1.0,0.619,0,0,2,0
2019+,G,90,13,2019-04-09,False,7.8787,-62.7017,0.4226,1.6228,-62.7017,16.0857,-42.2544,21,1.0,0.7143,0,0,2,0
2019+,G,90,14,2019-04-16,True,12.8057,-50.0185,0.5753,17.3351,-49.3237,9.5628,-50.0185,21,1.8824,0.7143,0,0,16,0
2019+,G,90,15,2019-04-25,False,34.8063,-43.3839,1.2857,37.7897,-43.3839,33.3707,-20.7097,21,1.0,0.6667,0,0,1,0
2019+,G,90,16,2019-05-06,False,24.9645,-37.2749,0.9622,25.9296,-37.2749,26.9019,-27.9317,21,1.7895,0.7143,0,0,0,0
2019+,G,90,17,2019-05-13,True,29.264,-42.0393,1.0978,23.3436,-42.0393,36.5725,-18.3772,21,1.0,0.7143,0,0,0,0
2019+,G,100,0,2019-01-04,True,9.381,-31.538,0.5243,0.36,-31.538,21.359,-24.0613,20,1.0,0.55,0,0,15,0
2019+,G,100,1,2019-01-11,False,16.4205,-32.6965,0.7827,9.2048,-32.6965,26.2618,-21.8723,20,1.0,0.6,0,0,2,0
2019+,G,100,2,2019-01-18,False,16.1484,-54.5007,0.7311,15.9162,-54.5007,18.427,-30.5726,19,1.0,0.6316,0,0,3,0
2019+,G,100,3,2019-01-25,False,5.195,-53.4344,0.3352,-2.8565,-53.4344,16.7608,-30.1329,19,1.0,0.6316,0,0,2,0
2019+,G,100,4,2019-02-01,True,17.2309,-37.2911,0.8143,14.2495,-37.2911,22.9437,-30.235,19,1.0,0.6316,0,0,2,0
2019+,G,100,5,2019-02-08,False,14.1181,-37.5084,0.839,4.6535,-37.5084,24.8166,-16.9112,19,1.0,0.4211,0,0,2,0
2019+,G,100,6,2019-02-15,False,20.9574,-41.2764,0.9257,23.3638,-41.2764,20.2801,-30.9308,19,1.0,0.5789,0,0,1,0
2019+,G,100,7,2019-02-22,False,29.3185,-36.6252,1.3547,32.2877,-36.6252,26.2369,-13.9826,19,1.0,0.4737,0,0,1,0
2019+,G,100,8,2019-03-01,True,23.7092,-24.1679,1.1265,19.9611,-24.1679,27.5897,-14.818,19,1.0,0.4737,0,0,1,0
2019+,G,100,9,2019-03-11,False,23.1989,-62.7017,0.8954,25.1756,-62.7017,23.0879,-23.8832,19,1.0,0.6316,0,0,1,0
2019+,G,100,10,2019-03-18,False,7.7946,-55.0867,0.4174,-1.4989,-55.0867,20.0784,-18.8329,19,1.0,0.5263,0,0,0,0
2019+,G,100,11,2019-03-26,True,29.6672,-53.9663,1.0129,16.4859,-53.9663,45.7917,-22.9755,19,2.0,0.8421,0,0,0,0
2019+,G,100,12,2019-04-02,False,20.415,-37.832,0.828,8.3697,-37.832,33.7366,-19.2539,19,1.0,0.6316,0,0,0,0
2019+,G,100,13,2019-04-09,False,11.6458,-37.9562,0.5703,4.2272,-37.7536,21.2106,-31.091,19,1.0,0.6842,0,0,0,0
2019+,G,100,14,2019-04-16,False,9.6213,-48.0867,0.4812,10.645,-44.1274,9.698,-48.0867,19,1.875,0.7895,0,0,0,0
2019+,G,100,15,2019-04-25,True,20.3266,-42.0417,0.8197,27.4678,-42.0417,14.9672,-35.0018,19,1.8333,0.7895,0,0,0,0
2019+,G,100,16,2019-05-06,False,7.7853,-39.5801,0.4556,7.3802,-30.7537,10.7352,-39.5801,19,1.0,0.6316,0,0,0,0
2019+,G,100,17,2019-05-13,False,12.0203,-39.2668,0.6545,19.0368,-25.6112,6.5365,-39.2668,19,1.0,0.5789,0,0,0,0
2019+,G,100,18,2019-05-20,False,8.9131,-46.0889,0.5012,21.7226,-31.3801,-0.8577,-46.0889,19,1.0,0.6316,0,0,2,0
2019+,G,100,19,2019-05-27,True,10.3659,-57.1316,0.5564,2.7848,-57.1316,19.7044,-17.6677,19,1.0,0.5789,0,0,2,0
2019+,G,180,0,2019-01-04,True,22.3459,-30.9677,1.0772,16.8275,-24.0903,30.0501,-24.4106,11,1.0,0.6364,0,0,1,0
2019+,G,180,1,2019-01-11,False,23.5668,-32.5939,1.1341,17.2576,-23.0634,32.355,-31.0313,11,1.0,0.6364,0,0,1,0
2019+,G,180,2,2019-01-18,False,9.8255,-43.2399,0.5553,-2.0797,-43.2399,26.142,-23.7682,11,1.0,0.5455,0,0,0,0
2019+,G,180,3,2019-01-25,False,29.9535,-41.614,1.1351,38.4215,-41.614,24.0912,-20.8443,11,1.0,0.6364,0,0,0,0
2019+,G,180,4,2019-02-01,False,11.6598,-43.095,0.7471,-6.4913,-37.3654,37.2203,-21.4608,11,1.0,0.4545,0,0,0,0
2019+,G,180,5,2019-02-08,False,12.5028,-39.9157,0.7217,4.485,-39.9157,21.4483,-37.274,11,1.0,0.4545,0,0,0,0
2019+,G,180,6,2019-02-15,False,22.4556,-54.5007,0.8553,29.1731,-54.5007,17.5934,-43.8071,11,1.0,0.7273,0,0,1,0
2019+,G,180,7,2019-02-22,True,13.5448,-53.4344,0.6276,-4.2232,-53.4344,35.2308,-26.5166,11,1.0,0.6364,0,0,1,0
2019+,G,180,8,2019-03-01,False,21.5924,-37.2911,0.8979,14.988,-37.2911,28.6759,-24.8545,11,1.0,0.7273,0,0,1,0
2019+,G,180,9,2019-03-11,False,31.7341,-37.5084,1.3267,28.2964,-37.5084,37.3811,-18.7449,11,1.8947,0.7273,0,0,1,0
2019+,G,180,10,2019-03-18,False,40.3937,-41.2764,1.408,43.5107,-41.2764,39.5137,-38.4131,11,1.7615,0.8182,0,0,1,0
2019+,G,180,11,2019-03-26,False,30.8983,-36.6252,1.1192,30.7102,-36.6252,32.3196,-36.3007,11,1.6667,0.8182,0,0,2,0
2019+,G,180,12,2019-04-02,False,19.1359,-48.6614,0.9972,23.1265,-21.5256,15.2128,-48.6614,11,1.0,0.5455,0,0,1,0
2019+,G,180,13,2019-04-09,False,11.6658,-62.7017,0.552,-1.1443,-62.7017,27.8128,-45.4733,11,1.0,0.6364,0,0,1,0
2019+,G,180,14,2019-04-16,True,29.0041,-51.0604,1.0366,36.4997,-49.3237,23.1414,-51.0604,11,1.0,0.7273,0,0,1,0
2019+,G,180,15,2019-04-25,False,12.796,-43.3839,0.6162,6.802,-43.3839,20.3805,-33.7509,11,1.0,0.6364,0,0,0,0
2019+,G,180,16,2019-05-06,False,21.6855,-37.2749,0.8705,20.7451,-37.2749,25.4593,-31.5562,11,1.875,0.7273,0,0,0,0
2019+,G,180,17,2019-05-13,False,14.7214,-37.8877,0.6894,21.34,-35.4086,9.9201,-37.8877,11,1.0,0.6364,0,0,0,0
2019+,G,180,18,2019-05-20,False,17.4883,-44.1274,0.7521,13.6887,-44.1274,23.0686,-33.1783,11,1.875,0.7273,0,0,0,0
2019+,G,180,19,2019-05-27,False,21.4625,-39.8074,0.9073,30.5388,-39.8074,14.9535,-30.4003,11,1.0,0.6364,0,0,0,0
2019+,G,180,20,2019-06-03,False,17.4821,-33.4288,0.7508,22.4204,-31.7215,15.1203,-33.4288,11,1.0,0.4545,0,0,0,0
2019+,G,180,21,2019-06-11,True,9.4348,-35.1436,0.539,15.4065,-23.2127,4.0233,-35.1436,11,1.0,0.4545,0,0,0,0
2019+,G,180,22,2019-06-18,False,3.2605,-39.7844,0.3192,14.5415,-9.3322,-6.38,-36.2548,10,0.0,0.2,0,0,0,0
2019+,G,180,23,2019-06-25,False,3.6341,-54.9785,0.2869,15.9158,-29.5282,-6.7239,-38.6089,10,1.0,0.4,0,0,0,0
2019+,G,180,24,2019-07-02,False,11.7713,-27.2277,0.6343,15.3921,-24.2401,8.4563,-27.2277,10,1.0,0.5,0,0,1,0
2019+,G,180,25,2019-07-09,False,10.633,-35.8679,0.604,15.8571,-21.5124,5.9596,-35.8679,10,1.0,0.5,0,0,1,0
2019+,G,180,26,2019-07-16,False,6.765,-37.6638,0.4185,9.9008,-25.6048,3.9275,-37.6638,10,1.0,0.5,0,0,1,0
2019+,G,180,27,2019-07-23,False,20.9368,-33.3249,0.9729,19.056,-30.6372,22.6227,-33.3249,10,1.0,0.6,0,0,1,0
2019+,G,180,28,2019-07-30,True,11.7758,-34.7969,0.6022,11.7124,-34.5561,11.7974,-34.7969,10,1.0,0.5,0,0,2,0
2019+,G,180,29,2019-08-06,False,3.9466,-35.878,0.2827,2.946,-32.0463,4.8523,-35.878,10,1.0,0.5,0,0,1,0
2019+,G,180,30,2019-08-14,False,22.6153,-35.0255,0.957,42.4381,-25.9919,8.4946,-35.0255,10,1.5,0.7,0,0,2,0
2019+,G,180,31,2019-08-22,False,25.9974,-30.7925,1.0416,40.048,-21.8417,16.0976,-29.9872,10,1.7519,0.8,0,0,1,0
2019+,G,180,32,2019-08-29,False,19.2424,-32.7763,0.8505,17.5205,-20.0794,21.0172,-32.7763,10,1.2778,0.7,0,0,6,0
2019+,G,180,33,2019-09-06,False,27.8394,-31.4965,1.1261,41.4348,-31.4965,18.6174,-21.6137,10,1.2857,0.7,0,0,1,0
2019+,G,180,34,2019-09-16,False,15.7913,-29.8589,0.7067,16.2742,-29.8589,16.9016,-28.52,10,1.3135,0.7,0,0,0,0
2019+,G,180,35,2019-09-23,True,22.0327,-39.9508,0.8439,22.8713,-39.9508,22.8404,-27.9889,10,1.5,0.8,0,0,0,0
2019+,G,250,0,2019-01-04,True,22.9476,-49.3237,0.8731,45.751,-49.3237,3.3373,-22.419,8,1.0,0.5,0,0,0,0
2019+,G,250,1,2019-01-11,False,10.5602,-43.3839,0.5099,14.5628,-43.3839,6.6167,-33.3587,8,1.0,0.625,0,0,0,0
2019+,G,250,2,2019-01-18,False,8.764,-37.2749,0.4664,18.2028,-37.2749,0.7969,-20.9479,8,1.0,0.5,0,0,0,0
2019+,G,250,3,2019-01-25,False,3.2408,-35.4086,0.2585,13.4868,-35.4086,-5.8425,-33.534,8,1.0,0.5,0,0,0,0
2019+,G,250,4,2019-02-01,False,8.1994,-44.1274,0.488,24.458,-44.1274,-6.5425,-31.2272,8,1.0,0.375,0,0,0,0
2019+,G,250,5,2019-02-08,False,12.4188,-37.2955,0.6895,33.6426,-33.7994,-6.1104,-33.2574,8,1.0,0.375,0,0,0,0
2019+,G,250,6,2019-02-15,False,0.7277,-26.5952,0.123,1.4341,-26.5952,0.0,0.0,8,0.0,0.125,0,0,0,0
2019+,G,250,7,2019-02-22,False,3.539,-23.9595,0.3894,7.0867,-23.9595,0.0,0.0,8,0.0,0.125,0,0,0,0
2019+,G,250,8,2019-03-01,False,5.7363,-21.9943,0.5812,11.6369,-21.9943,0.0,0.0,8,0.0,0.125,0,0,0,0
2019+,G,250,9,2019-03-11,False,8.3492,-35.9774,0.5922,9.7782,-25.383,6.8901,-27.6358,8,0.5,0.375,0,0,0,0
2019+,G,250,10,2019-03-18,True,-0.3789,-55.9397,0.0972,-5.1934,-55.9397,6.5605,-25.2753,8,1.0,0.5,0,0,0,0
2019+,G,250,11,2019-03-26,False,23.1553,-62.2959,0.8351,11.314,-62.2959,38.6228,-29.095,8,2.0,0.875,0,0,0,0
2019+,G,250,12,2019-04-02,False,8.076,-34.6978,0.4901,-3.9562,-31.9123,23.4523,-34.6978,8,1.5,0.625,0,0,1,0
2019+,G,250,13,2019-04-09,False,14.2684,-30.0951,0.7674,-0.22,-29.0973,32.6688,-30.0951,8,1.5,0.625,0,0,2,0
2019+,G,250,14,2019-04-16,False,24.0252,-33.1773,1.0428,10.9333,-33.1773,41.1536,-31.6199,8,2.0,0.75,0,0,2,0
2019+,G,250,15,2019-04-25,False,25.0167,-34.3731,1.2222,7.5359,-17.4036,44.8925,-34.3731,8,1.0,0.625,0,0,2,0
2019+,G,250,16,2019-05-06,False,36.2611,-32.1427,1.4653,36.0995,-22.5442,36.2956,-32.1427,8,1.3421,0.75,0,0,2,0
2019+,G,250,17,2019-05-13,False,33.0398,-35.1487,1.2801,35.9947,-23.5511,30.124,-35.1487,8,1.5,0.75,0,0,2,0
2019+,G,250,18,2019-05-20,False,27.8799,-33.7401,1.1173,21.1291,-20.8157,34.6586,-33.7401,8,1.5,0.75,0,0,2,0
2019+,G,250,19,2019-05-27,False,26.4966,-37.8877,1.0563,25.0716,-29.1063,27.7928,-37.8877,8,1.4109,0.75,0,0,2,0
2019+,G,250,20,2019-06-03,True,25.8274,-33.1783,1.0314,16.4889,-26.0388,35.3567,-33.1783,8,1.3677,0.75,0,0,2,0
2019+,G,250,21,2019-06-11,False,27.5061,-30.4003,1.091,19.7678,-28.7443,35.2199,-30.4003,8,1.4204,0.75,0,0,2,0
2019+,G,250,22,2019-06-18,False,21.5521,-33.4288,0.9227,9.9311,-33.2122,33.5764,-33.4288,8,1.4259,0.75,0,0,1,0
2019+,G,250,23,2019-06-25,False,15.4561,-33.0669,0.709,10.7363,-32.5339,20.0219,-33.0669,8,1.5,0.75,0,0,0,0
2019+,G,250,24,2019-07-02,False,24.7798,-37.0664,1.0014,13.5141,-33.7337,38.078,-37.0664,8,2.0,0.875,0,0,2,0
2019+,G,250,25,2019-07-09,False,29.1738,-38.7436,1.0105,35.5911,-29.5004,25.0896,-38.7436,8,1.9412,0.875,0,0,1,0
2019+,G,250,26,2019-07-16,False,22.1876,-34.3465,1.0096,7.013,-34.3465,38.3529,-27.46,8,1.4444,0.75,0,0,0,0
2019+,G,250,27,2019-07-23,False,30.9529,-35.8679,1.2789,42.6575,-32.5341,22.8259,-35.8679,8,1.5,0.75,0,0,0,0
2019+,G,250,28,2019-07-30,False,31.6723,-37.6638,1.2358,39.2113,-35.4656,26.7566,-37.6638,8,1.5,0.75,0,0,0,0
2019+,G,250,29,2019-08-06,True,6.4925,-45.0882,0.3919,-0.8578,-35.1432,15.1264,-33.3249,8,1.5,0.75,0,0,0,0
2019+,G,250,30,2019-08-14,False,11.3392,-43.7262,0.6016,9.5131,-32.7518,14.3995,-34.7969,8,1.0,0.5,0,0,1,0
2019+,G,250,31,2019-08-22,False,29.4574,-46.1099,1.0994,21.7068,-37.3756,38.6202,-35.878,8,2.0,0.75,0,0,0,0
2019+,G,250,32,2019-08-29,False,43.7194,-35.0255,1.5102,44.1384,-30.6448,45.7598,-35.0255,7,2.0,0.8571,0,0,1,0
2019+,G,250,33,2019-09-06,False,23.4475,-29.9872,1.0557,30.7638,-23.9129,19.7093,-29.9872,7,2.0,0.7143,0,0,0,0
2019+,G,250,34,2019-09-16,False,22.0102,-43.0919,0.8951,34.3744,-27.7136,14.4175,-43.0919,7,2.0,0.8571,0,0,0,0
2019+,G,250,35,2019-09-23,False,13.4325,-39.9508,0.6254,7.7213,-39.9508,18.6243,-32.2389,7,1.0,0.5714,0,0,0,0
2019+,G,250,36,2019-09-30,False,14.6704,-48.6975,0.6667,15.3278,-40.3904,15.8175,-40.1418,7,2.0,0.8571,0,0,1,0
2019+,G,250,37,2019-10-09,False,7.6199,-40.1689,0.4445,12.9407,-32.0463,3.2141,-40.1689,7,1.0,0.5714,0,0,0,0
2019+,G,250,38,2019-10-16,False,3.298,-43.2399,0.2595,15.3006,-43.2399,-5.9939,-37.586,7,1.0,0.5714,0,0,0,0
2019+,G,250,39,2019-10-24,True,22.0145,-41.614,1.0099,33.1261,-41.614,15.0424,-18.7449,7,1.0,0.5714,0,0,0,0
2019+,G,250,40,2019-11-01,False,25.4131,-19.1408,1.3242,13.8091,-19.1408,38.3665,-18.8329,7,1.0,0.4286,0,0,6,0
2019+,G,250,41,2019-11-08,False,21.9332,-26.5904,1.0414,18.621,-26.5904,25.9849,-18.907,7,1.0,0.5714,0,0,0,0
2019+,G,250,42,2019-11-18,False,21.3211,-54.5007,0.79,38.1221,-54.5007,8.8429,-20.5697,7,1.0,0.4286,0,0,0,0
2019+,G,250,43,2019-11-25,False,25.7592,-53.4344,0.9823,27.3021,-53.4344,26.1756,-31.091,7,1.0,0.7143,0,0,0,0
2019+,G,250,44,2019-12-02,False,23.7004,-38.5124,1.01,35.1225,-37.2911,16.1401,-38.5124,7,1.0,0.7143,0,0,0,0
2019+,G,250,45,2019-12-09,False,29.0792,-37.5084,1.2035,34.932,-37.5084,25.8573,-20.7097,7,1.0,0.5714,0,0,0,0
2019+,G,250,46,2019-12-16,False,22.6468,-41.2764,0.938,23.5375,-41.2764,24.7587,-24.841,7,1.0,0.5714,0,0,0,0
2019+,G,250,47,2019-12-23,False,22.233,-36.6252,1.052,40.3363,-36.6252,9.2788,-14.604,7,1.0,0.4286,0,0,0,0
2019+,G,250,48,2019-12-31,False,17.7209,-28.8652,0.8482,20.7527,-28.8652,15.8742,-26.2408,7,1.0,0.5714,0,0,0,0
2019+,G,250,49,2020-01-07,True,4.0209,-62.7017,0.2851,5.4163,-62.7017,3.9156,-20.6842,7,1.0,0.5714,0,0,0,0
2019+,B,30,0,2019-01-04,True,25.082,-47.3174,0.9472,28.5127,-47.3174,22.3405,-41.0334,64,1.4724,0.9219,0,0,1,0
2019+,B,30,1,2019-01-11,True,20.395,-42.6709,0.8178,11.1483,-42.6709,32.4588,-36.3194,64,1.5774,0.9375,0,0,0,0
2019+,B,30,2,2019-01-18,True,25.0219,-41.7865,0.9668,18.0281,-41.7865,34.3149,-36.0256,64,1.5778,0.9219,0,0,33,0
2019+,B,30,3,2019-01-25,True,27.6893,-41.8853,1.0373,29.4391,-39.333,27.5028,-41.8853,64,1.5334,0.9531,0,0,0,0
2019+,B,30,4,2019-02-01,True,35.5588,-56.9366,1.2169,63.6658,-41.2424,13.8724,-56.9366,63,1.5269,0.9524,0,0,2,0
2019+,B,30,5,2019-02-08,True,18.9769,-56.418,0.7669,32.6336,-45.1769,7.5175,-56.418,63,1.6129,0.9524,0,0,1,0
2019+,B,60,0,2019-01-04,True,29.1816,-44.657,1.1202,38.1727,-28.2776,21.0395,-44.657,32,2.0,0.875,0,0,1,0
2019+,B,60,1,2019-01-11,False,13.6615,-67.7183,0.5975,7.8144,-67.7183,21.5303,-38.2082,32,1.9344,0.9375,0,0,1,0
2019+,B,60,2,2019-01-18,True,15.1032,-49.9533,0.651,6.7287,-49.9533,26.0564,-32.4717,32,2.0,0.9375,0,0,2,0
2019+,B,60,3,2019-01-25,False,27.1835,-43.8884,1.0232,22.0461,-43.8884,34.5251,-35.9637,32,1.8961,0.9688,0,0,1,0
2019+,B,60,4,2019-02-01,True,24.4586,-44.1169,0.9591,27.3406,-44.1169,24.314,-34.6253,32,1.8633,0.9375,0,0,2,0
2019+,B,60,5,2019-02-08,False,25.3969,-44.7484,0.9913,25.4294,-44.7484,26.9395,-37.6857,32,1.7921,0.9062,0,0,1,0
2019+,B,60,6,2019-02-15,False,13.8094,-51.6279,0.6096,12.8796,-47.955,16.5021,-51.6279,32,2.0,0.9688,0,0,1,0
2019+,B,60,7,2019-02-22,True,32.9809,-40.3877,1.2036,27.5776,-40.3877,40.8547,-36.4292,32,1.8619,0.9375,0,0,0,0
2019+,B,60,8,2019-03-01,False,27.4952,-42.6045,1.0347,22.5098,-42.6045,34.2177,-38.5381,32,2.0,0.9062,0,0,37,0
2019+,B,60,9,2019-03-11,True,25.8104,-40.4076,0.9938,28.1281,-37.703,25.0208,-40.4076,32,2.0,0.9375,0,0,0,0
2019+,B,60,10,2019-03-18,False,40.9482,-41.3546,1.3274,61.7139,-40.5804,23.9709,-41.3546,31,2.0,0.9677,0,0,2,0
2019+,B,60,11,2019-03-26,True,23.5255,-44.589,0.8807,34.7281,-43.5748,14.0843,-44.589,31,2.0,1.0,0,0,1,0
2019+,B,90,0,2019-01-04,True,16.223,-48.6218,0.7057,11.8601,-45.5058,22.3042,-48.6218,22,2.0,0.8636,0,0,1,0
2019+,B,90,1,2019-01-11,False,24.4651,-36.7749,0.9849,18.0972,-36.7749,33.2477,-30.8806,22,2.0,0.8636,0,0,1,0
2019+,B,90,2,2019-01-18,False,6.7246,-45.315,0.3785,-0.3646,-45.315,16.4075,-40.6131,22,2.0,0.9091,0,0,1,0
2019+,B,90,3,2019-01-25,True,21.2103,-43.7275,0.8533,29.3292,-43.7275,14.891,-43.6208,22,2.0,0.9545,0,0,1,0
2019+,B,90,4,2019-02-01,False,31.9276,-38.8753,1.1678,47.584,-31.1387,19.245,-38.8753,21,2.0,0.9524,0,0,2,0
2019+,B,90,5,2019-02-08,False,21.7172,-44.4937,0.9011,36.5656,-27.3896,9.3395,-44.4937,21,2.0,0.9048,0,0,2,0
2019+,B,90,6,2019-02-15,False,18.6029,-47.6002,0.7496,24.7021,-47.6002,14.284,-39.8778,21,2.0,1.0,0,0,1,0
2019+,B,90,7,2019-02-22,True,13.6766,-56.7446,0.6002,1.7406,-56.7446,29.3888,-36.444,21,2.0,1.0,0,0,1,0
2019+,B,90,8,2019-03-01,False,28.7324,-40.4894,1.073,21.9033,-40.4894,37.5607,-35.7507,21,2.0,1.0,0,0,2,0
2019+,B,90,9,2019-03-11,False,32.1858,-40.0768,1.2056,33.3492,-37.5084,32.6108,-40.0768,21,2.0,0.9524,0,0,1,0
2019+,B,90,10,2019-03-18,True,34.4741,-43.9893,1.2121,47.3968,-43.9893,23.8881,-39.2474,21,2.0,1.0,0,0,3,0
2019+,B,90,11,2019-03-26,False,25.7448,-44.2461,0.9531,29.3238,-42.5654,23.1966,-44.2461,21,2.0,1.0,0,0,2,0
2019+,B,90,12,2019-04-02,False,32.4677,-38.0473,1.2559,33.1254,-32.8643,32.6711,-38.0473,21,1.8765,0.9048,0,0,4,0
2019+,B,90,13,2019-04-09,False,12.6867,-71.9203,0.5665,0.2324,-71.9203,28.0217,-33.9455,21,2.0,0.9524,0,0,3,0
2019+,B,90,14,2019-04-16,True,25.9966,-49.3237,0.953,23.5919,-49.3237,29.8387,-30.1041,21,2.0,0.8571,0,0,34,0
2019+,B,90,15,2019-04-25,False,22.2322,-48.6531,0.8669,13.9337,-48.6531,32.6946,-32.2471,21,2.0,0.9524,0,0,1,0
2019+,B,90,16,2019-05-06,False,33.0309,-42.6436,1.1567,24.2617,-42.6436,45.4285,-28.8641,21,2.0,0.9048,0,0,0,0
2019+,B,90,17,2019-05-13,True,22.1532,-49.2256,0.8585,14.484,-49.2256,31.7214,-30.4153,21,2.0,0.9524,0,0,0,0
2019+,B,100,0,2019-01-04,True,26.7151,-32.1863,1.119,26.9617,-31.5387,27.7233,-28.9942,20,1.8833,0.8,0,0,34,0
2019+,B,100,1,2019-01-11,False,23.9529,-35.7181,1.0262,22.5221,-35.3072,27.0699,-30.6036,20,2.0,0.85,0,0,3,0
2019+,B,100,2,2019-01-18,False,22.6469,-54.5007,0.8725,20.5613,-54.5007,26.6383,-36.9045,19,2.0,0.9474,0,0,4,0
2019+,B,100,3,2019-01-25,False,20.3271,-56.7446,0.7995,12.5185,-56.7446,30.9984,-32.996,19,2.0,1.0,0,0,2,0
2019+,B,100,4,2019-02-01,True,31.719,-40.4894,1.1654,33.1759,-40.4894,32.3247,-29.6453,19,2.0,1.0,0,0,3,0
2019+,B,100,5,2019-02-08,False,24.1236,-37.5084,0.9655,20.6938,-37.5084,29.3806,-36.7516,19,2.0,0.9474,0,0,3,0
2019+,B,100,6,2019-02-15,False,24.1638,-43.9893,0.9451,18.1367,-43.9893,32.6502,-40.1225,19,2.0,1.0,0,0,3,0
2019+,B,100,7,2019-02-22,False,29.5524,-40.758,1.0933,27.7393,-40.758,33.4192,-32.1832,19,2.0,1.0,0,0,3,0
2019+,B,100,8,2019-03-01,True,28.9194,-46.1451,1.1189,35.4441,-30.0383,23.8568,-46.1451,19,2.0,0.9474,0,0,2,0
2019+,B,100,9,2019-03-11,False,18.8398,-70.2285,0.7459,15.0179,-70.2285,24.3932,-48.3755,19,2.0,0.9474,0,0,2,0
2019+,B,100,10,2019-03-18,False,25.2638,-57.9694,0.9107,18.8598,-57.9694,33.561,-32.5122,19,1.9167,1.0,0,0,0,0
2019+,B,100,11,2019-03-26,True,24.3694,-59.8517,0.9213,11.5329,-59.8517,39.8569,-32.5419,19,2.0,0.9474,0,0,0,0
2019+,B,100,12,2019-04-02,False,23.0428,-42.6436,0.8691,14.1494,-42.6436,33.5288,-32.6587,19,2.0,0.8947,0,0,0,0
2019+,B,100,13,2019-04-09,False,7.2481,-57.155,0.3939,2.5146,-57.155,13.4331,-43.3376,19,2.0,1.0,0,0,0,0
2019+,B,100,14,2019-04-16,False,15.3542,-45.5058,0.6644,11.0891,-45.5058,21.0899,-45.1655,19,2.0,0.8947,0,0,0,0
2019+,B,100,15,2019-04-25,True,20.0683,-46.5016,0.799,22.0812,-41.7799,19.6664,-46.5016,19,2.0,0.9474,0,0,0,0
2019+,B,100,16,2019-05-06,False,17.2761,-39.9297,0.7383,18.3219,-38.1689,18.9606,-39.9297,19,2.0,0.8947,0,0,0,0
2019+,B,100,17,2019-05-13,False,22.6334,-41.7212,0.9016,30.1382,-32.3033,16.9863,-41.7212,19,2.0,0.8947,0,0,0,0
2019+,B,100,18,2019-05-20,False,28.2768,-42.2563,1.0302,36.9557,-42.2563,21.2261,-39.7712,19,2.0,0.9474,0,0,2,0
2019+,B,100,19,2019-05-27,True,16.7946,-41.8643,0.7131,14.9512,-41.8643,19.7478,-37.8511,19,2.0,0.9474,0,0,2,0
2019+,B,180,0,2019-01-04,True,21.105,-34.2411,0.9574,17.0809,-24.0194,26.8212,-34.2411,11,1.8519,0.8182,0,0,1,0
2019+,B,180,1,2019-01-11,False,22.2794,-34.8267,1.0502,15.4597,-21.5349,31.5921,-34.8267,11,1.7692,0.8182,0,0,1,0
2019+,B,180,2,2019-01-18,False,14.5229,-43.2399,0.6838,4.7821,-43.2399,27.5715,-35.0605,11,1.9329,0.9091,0,0,2,0
2019+,B,180,3,2019-01-25,False,24.7527,-41.614,0.9444,31.3514,-41.614,19.9001,-39.1022,11,2.0,1.0,0,0,2,0
2019+,B,180,4,2019-02-01,False,23.6882,-37.8874,1.0134,21.865,-29.5844,27.6816,-37.8874,11,1.7551,0.9091,0,0,3,0
2019+,B,180,5,2019-02-08,False,22.6417,-40.8469,1.0204,19.656,-24.9351,27.3928,-40.8469,11,1.8621,0.8182,0,0,3,0
2019+,B,180,6,2019-02-15,False,27.87,-54.5007,0.9991,32.9193,-54.5007,24.6503,-40.5403,11,2.0,1.0,0,0,2,0
2019+,B,180,7,2019-02-22,True,25.8722,-53.4344,0.9327,10.9378,-53.4344,45.5105,-36.3931,11,2.0,1.0,0,0,2,0
2019+,B,180,8,2019-03-01,False,36.7762,-40.4894,1.2744,33.759,-40.4894,41.3895,-35.3562,11,1.8707,1.0,0,0,2,0
2019+,B,180,9,2019-03-11,False,28.9548,-40.4631,1.1361,29.8886,-37.5084,29.5825,-40.4631,11,1.8288,0.9091,0,0,2,0
2019+,B,180,10,2019-03-18,False,35.5103,-42.9477,1.2332,40.7686,-42.9477,31.8082,-37.0593,11,1.7881,1.0,0,0,2,0
2019+,B,180,11,2019-03-26,False,27.1401,-46.2856,0.9783,34.4482,-40.0709,21.122,-46.2856,11,2.0,1.0,0,0,2,0
2019+,B,180,12,2019-04-02,False,27.0622,-44.9187,1.1438,25.691,-32.8643,29.3015,-44.9187,11,1.8073,0.8182,0,0,2,0
2019+,B,180,13,2019-04-09,False,16.9463,-69.1768,0.6715,8.2013,-69.1768,27.7365,-38.6848,11,2.0,1.0,0,0,2,0
2019+,B,180,14,2019-04-16,True,29.7723,-49.3237,1.0199,35.1134,-49.3237,26.0524,-38.2963,11,2.0,0.9091,0,0,1,0
2019+,B,180,15,2019-04-25,False,15.8243,-43.8884,0.6921,5.7594,-43.8884,28.3331,-37.5718,11,1.8462,0.9091,0,0,0,0
2019+,B,180,16,2019-05-06,False,23.2192,-42.6436,0.9217,14.9826,-42.6436,34.863,-30.8162,11,2.0,0.9091,0,0,0,0
2019+,B,180,17,2019-05-13,False,22.6496,-44.1679,0.919,22.9578,-44.1679,24.388,-35.9902,11,2.0,0.9091,0,0,0,0
2019+,B,180,18,2019-05-20,False,13.7555,-45.5058,0.6171,13.0163,-45.5058,16.36,-45.1613,11,1.8346,0.9091,0,0,0,0
2019+,B,180,19,2019-05-27,False,30.2019,-41.509,1.1073,28.0987,-41.509,34.4776,-33.2201,11,2.0,0.9091,0,0,0,0
2019+,B,180,20,2019-06-03,False,22.873,-38.1689,0.8368,31.0857,-38.1689,17.5539,-33.9316,11,1.9459,0.9091,0,0,0,0
2019+,B,180,21,2019-06-11,True,22.5496,-34.3402,0.8855,33.5234,-32.3033,15.3228,-34.3402,11,2.0,0.9091,0,0,0,0
2019+,B,180,22,2019-06-18,False,30.2087,-44.2661,1.0386,48.734,-44.2661,16.6214,-35.671,10,2.0,1.0,0,0,0,0
2019+,B,180,23,2019-06-25,False,15.0351,-42.7008,0.6471,23.3384,-40.3695,9.063,-38.2034,10,2.0,1.0,0,0,0,0
2019+,B,180,24,2019-07-02,False,20.6333,-41.2316,0.7991,28.693,-41.2316,14.9319,-34.0237,10,2.0,1.0,0,0,1,0
2019+,B,180,25,2019-07-09,False,16.3338,-41.2316,0.6836,13.6233,-41.2316,20.2342,-31.8597,10,2.0,1.0,0,0,1,0
2019+,B,180,26,2019-07-16,False,26.7179,-41.2316,0.9927,21.8244,-41.2316,32.4008,-32.6154,10,2.0,1.0,0,0,2,0
2019+,B,180,27,2019-07-23,False,37.5642,-41.2316,1.293,37.723,-41.2316,38.6271,-30.7058,10,2.0,1.0,0,0,1,0
2019+,B,180,28,2019-07-30,True,35.233,-41.2316,1.2318,38.7243,-41.2316,32.7094,-32.3192,10,2.0,1.0,0,0,2,0
2019+,B,180,29,2019-08-06,False,16.4332,-64.176,0.6678,7.3352,-64.176,26.0559,-36.3723,10,2.0,1.0,0,0,1,0
2019+,B,180,30,2019-08-14,False,29.2794,-41.2316,1.077,26.4454,-41.2316,33.2775,-33.6011,10,1.9574,1.0,0,0,2,0
2019+,B,180,31,2019-08-22,False,30.5859,-30.2836,1.2805,30.9489,-22.5034,31.3304,-30.2836,10,1.7519,0.9,0,0,1,0
2019+,B,180,32,2019-08-29,False,33.9765,-30.9305,1.4305,29.5761,-18.9981,38.4721,-30.9305,10,1.7359,0.8,0,0,9,0
2019+,B,180,33,2019-09-06,False,23.8336,-41.2316,0.8987,20.7502,-41.2316,27.595,-30.0511,10,2.0,1.0,0,0,1,0
2019+,B,180,34,2019-09-16,False,27.818,-34.6546,1.0635,20.6507,-34.6546,35.3686,-32.0571,10,1.8502,0.9,0,0,0,0
2019+,B,180,35,2019-09-23,True,19.4333,-39.9508,0.7634,10.7367,-39.9508,28.8202,-33.1331,10,1.9149,1.0,0,0,0,0
2019+,B,250,0,2019-01-04,True,32.6485,-49.3237,1.1029,38.1575,-49.3237,27.685,-34.7224,8,2.0,0.875,0,0,0,0
2019+,B,250,1,2019-01-11,False,16.8804,-43.8884,0.7482,12.077,-43.8884,22.7801,-36.8151,8,2.0,0.875,0,0,0,0
2019+,B,250,2,2019-01-18,False,16.854,-42.6436,0.7193,18.4843,-42.6436,16.2841,-30.7223,8,2.0,0.875,0,0,0,0
2019+,B,250,3,2019-01-25,False,23.8436,-44.1679,0.9211,29.4129,-44.1679,19.0182,-33.5513,8,2.0,1.0,0,0,0,0
2019+,B,250,4,2019-02-01,False,30.9292,-45.5058,1.1058,42.4553,-45.5058,21.667,-26.8034,8,2.0,1.0,0,0,1,0
2019+,B,250,5,2019-02-08,False,24.2886,-35.6595,0.9784,35.0492,-35.6595,16.1318,-28.0638,8,2.0,0.875,0,0,1,0
2019+,B,250,6,2019-02-15,False,26.9976,-41.9846,0.9953,34.7435,-41.9846,21.4284,-25.4892,8,2.0,1.0,0,0,2,0
2019+,B,250,7,2019-02-22,False,35.2726,-40.6924,1.2347,48.0434,-40.6924,25.2532,-29.3622,8,2.0,1.0,0,0,1,0
2019+,B,250,8,2019-03-01,False,39.3972,-38.9643,1.2878,59.0889,-38.9643,23.4759,-28.1636,8,2.0,1.0,0,0,1,0
2019+,B,250,9,2019-03-11,False,23.2445,-35.3588,1.017,24.296,-35.3588,23.9694,-28.6928,8,2.0,0.875,0,0,1,0
2019+,B,250,10,2019-03-18,True,32.3146,-45.8321,1.1752,34.8196,-45.8321,31.7485,-27.0817,8,2.0,1.0,0,0,1,0
2019+,B,250,11,2019-03-26,False,20.5439,-64.9584,0.7722,12.8166,-64.9584,30.8039,-27.0552,8,2.0,1.0,0,0,1,0
2019+,B,250,12,2019-04-02,False,30.5119,-33.1238,1.2553,37.0426,-33.1238,26.2851,-28.8371,8,1.9524,0.875,0,0,3,0
2019+,B,250,13,2019-04-09,False,17.9467,-63.1563,0.7023,13.2522,-63.1563,24.9143,-29.2547,8,2.0,1.0,0,0,3,0
2019+,B,250,14,2019-04-16,False,38.4664,-32.591,1.432,39.5286,-32.591,39.8077,-32.0652,8,1.8504,0.875,0,0,3,0
2019+,B,250,15,2019-04-25,False,37.4176,-32.6673,1.432,39.2776,-32.6673,38.395,-32.0124,8,1.8338,0.875,0,0,3,0
2019+,B,250,16,2019-05-06,False,41.3966,-34.3351,1.5872,40.392,-28.5495,44.5615,-34.3351,8,1.7679,0.875,0,0,2,0
2019+,B,250,17,2019-05-13,False,37.7381,-33.2292,1.4574,33.3847,-33.0804,43.7614,-33.2292,8,1.9,0.875,0,0,2,0
2019+,B,250,18,2019-05-20,False,34.6296,-31.4527,1.3724,28.6566,-27.4025,42.3127,-31.4527,8,1.8089,0.875,0,0,2,0
2019+,B,250,19,2019-05-27,False,24.9191,-35.9902,1.0694,16.9457,-35.2027,34.543,-35.9902,8,1.8205,0.875,0,0,2,0
2019+,B,250,20,2019-06-03,True,32.0478,-35.6917,1.2496,23.3092,-35.6917,42.016,-35.0904,8,1.8212,0.875,0,0,2,0
2019+,B,250,21,2019-06-11,False,31.181,-33.2201,1.2713,18.0366,-32.9315,46.3099,-33.2201,8,1.7784,0.875,0,0,2,0
2019+,B,250,22,2019-06-18,False,26.0923,-41.2316,0.953,11.7935,-41.2316,41.9308,-33.9316,8,1.8881,1.0,0,0,1,0
2019+,B,250,23,2019-06-25,False,18.8487,-41.2316,0.7542,6.2955,-41.2316,32.7051,-34.3402,8,2.0,1.0,0,0,0,0
2019+,B,250,24,2019-07-02,False,18.6948,-41.2316,0.7668,6.0663,-41.2316,33.265,-37.153,8,2.0,1.0,0,0,2,0
2019+,B,250,25,2019-07-09,False,23.4044,-41.2316,0.8866,18.8833,-41.2316,28.8287,-37.9952,8,1.9375,1.0,0,0,1,0
2019+,B,250,26,2019-07-16,False,19.6309,-41.2316,0.8119,2.9128,-41.2316,37.9709,-32.7848,8,2.0,1.0,0,0,1,0
2019+,B,250,27,2019-07-23,False,26.4245,-41.2316,1.0047,28.3033,-41.2316,25.6645,-39.606,8,2.0,1.0,0,0,1,0
2019+,B,250,28,2019-07-30,False,29.4439,-42.0161,1.0735,32.5528,-41.2316,27.5131,-42.0161,8,2.0,1.0,0,0,1,0
2019+,B,250,29,2019-08-06,True,4.0318,-64.176,0.2892,-9.1256,-64.176,18.8163,-40.7915,8,2.0,1.0,0,0,1,0
2019+,B,250,30,2019-08-14,False,13.7186,-41.2316,0.6118,13.1792,-41.2316,15.3915,-33.142,8,2.0,1.0,0,0,1,0
2019+,B,250,31,2019-08-22,False,36.6798,-36.0441,1.4054,27.9543,-34.4654,46.7965,-31.633,8,2.0,0.875,0,0,0,0
2019+,B,250,32,2019-08-29,False,45.6736,-33.1107,1.6503,40.5349,-33.1107,52.4476,-31.1087,7,1.8824,0.8571,0,0,1,0
2019+,B,250,33,2019-09-06,False,20.6539,-43.1641,0.8074,30.6577,-41.2316,14.079,-43.1641,7,1.907,1.0,0,0,0,0
2019+,B,250,34,2019-09-16,False,20.8701,-38.5037,0.9155,33.0576,-29.5855,12.9162,-38.5037,7,1.9375,0.8571,0,0,0,0
2019+,B,250,35,2019-09-23,False,31.8399,-39.9508,1.1028,33.5458,-39.9508,31.9649,-39.3631,7,1.9459,1.0,0,0,0,0
2019+,B,250,36,2019-09-30,False,22.5226,-40.0639,1.0129,27.4585,-28.1014,20.1431,-40.0639,7,1.9286,0.8571,0,0,1,0
2019+,B,250,37,2019-10-09,False,17.3611,-41.5904,0.7878,15.0301,-27.3877,21.2358,-41.5904,7,1.9355,0.8571,0,0,0,0
2019+,B,250,38,2019-10-16,False,19.0645,-43.2399,0.7843,11.8467,-43.2399,26.9723,-36.1459,7,1.9459,1.0,0,0,0,0
2019+,B,250,39,2019-10-24,True,33.9786,-41.614,1.2404,37.4173,-41.614,32.7145,-32.2028,7,1.9,1.0,0,0,0,0
2019+,B,250,40,2019-11-01,False,21.9024,-32.9632,1.077,14.2757,-19.1408,30.182,-32.9632,7,1.0,0.7143,0,0,6,0
2019+,B,250,41,2019-11-08,False,20.7407,-37.4604,0.9308,19.1626,-24.9857,23.0474,-37.4604,7,1.9091,0.8571,0,0,1,0
2019+,B,250,42,2019-11-18,False,27.977,-54.5007,0.8847,36.3248,-54.5007,22.2219,-39.2268,7,2.0,1.0,0,0,1,0
2019+,B,250,43,2019-11-25,False,27.8572,-53.4344,0.9934,24.9055,-53.4344,31.7427,-33.7542,7,2.0,1.0,0,0,0,0
2019+,B,250,44,2019-12-02,False,29.5834,-43.8082,1.0956,48.0886,-40.4894,17.3823,-43.8082,7,2.0,1.0,0,0,0,0
2019+,B,250,45,2019-12-09,False,25.4354,-37.8758,0.9892,40.2282,-37.5084,15.9984,-37.8758,7,2.0,1.0,0,0,0,0
2019+,B,250,46,2019-12-16,False,23.1012,-42.9477,0.8789,29.346,-42.9477,20.9781,-40.9275,7,2.0,1.0,0,0,0,0
2019+,B,250,47,2019-12-23,False,24.7567,-45.1018,0.9486,38.6451,-40.0709,15.7913,-45.1018,7,2.0,1.0,0,0,0,0
2019+,B,250,48,2019-12-31,False,16.3534,-48.1257,0.7773,20.735,-29.5844,13.7898,-48.1257,7,1.8095,0.8571,0,0,0,0
2019+,B,250,49,2020-01-07,True,12.9822,-67.0545,0.556,10.6483,-67.0545,15.4494,-50.9331,7,2.0,1.0,0,0,0,0
2019+,H,30,0,2019-01-04,True,12.6198,-59.5959,0.5473,14.9764,-53.9525,11.2053,-59.5959,64,1.6638,0.9531,0,0,1,0
2019+,H,30,1,2019-01-11,True,1.5731,-63.7701,0.2066,-1.5228,-51.7939,6.0036,-63.7701,64,1.6988,0.9531,0,0,0,0
2019+,H,30,2,2019-01-18,True,21.2219,-50.4773,0.7778,17.4169,-50.0712,26.3382,-50.4773,64,1.6616,0.9062,0,0,10,0
2019+,H,30,3,2019-01-25,True,7.9703,-52.3553,0.4092,1.7828,-48.8077,16.442,-52.3553,64,1.7004,0.9531,0,0,0,0
2019+,H,30,4,2019-02-01,True,11.1051,-58.1228,0.5049,12.1428,-48.5736,13.237,-54.8696,63,1.6495,0.9365,0,0,1,0
2019+,H,30,5,2019-02-08,True,26.9443,-56.817,0.939,38.1128,-52.2378,18.0667,-50.1391,63,1.6,0.9683,0,0,1,0
2019+,H,60,0,2019-01-04,True,20.9398,-55.9849,0.7976,26.1092,-37.5394,16.737,-55.9849,32,2.0,0.9375,0,0,1,0
2019+,H,60,1,2019-01-11,False,11.4115,-65.3377,0.5254,16.7278,-53.0056,7.0647,-65.3377,32,2.0,0.9062,0,0,1,0
2019+,H,60,2,2019-01-18,True,13.8208,-53.3118,0.5998,7.5326,-53.3118,21.8093,-45.3858,32,2.0,0.9062,0,0,0,0
2019+,H,60,3,2019-01-25,False,12.3867,-55.7934,0.542,4.7304,-55.7934,22.6679,-37.3772,32,2.0,0.9688,0,0,0,0
2019+,H,60,4,2019-02-01,True,20.5583,-60.8764,0.7794,14.4727,-58.7121,30.9375,-34.823,32,2.0,0.9375,0,0,1,0
2019+,H,60,5,2019-02-08,False,32.2273,-52.095,1.0574,42.6231,-52.095,24.7669,-31.9336,32,2.0,0.9688,0,0,1,0
2019+,H,60,6,2019-02-15,False,15.7068,-57.1239,0.6309,23.8811,-51.9827,9.3705,-54.1962,32,2.0,0.9688,0,0,1,0
2019+,H,60,7,2019-02-22,True,6.5217,-65.1557,0.3613,2.7472,-65.1557,12.8648,-50.5488,32,2.0,1.0,0,0,0,0
2019+,H,60,8,2019-03-01,False,27.2166,-50.5688,0.921,30.436,-49.6084,25.5267,-50.5688,32,2.0,0.9062,0,0,4,0
2019+,H,60,9,2019-03-11,True,13.5398,-48.5014,0.5911,11.4084,-37.4118,16.8609,-48.5014,32,2.0,0.9375,0,0,0,0
2019+,H,60,10,2019-03-18,False,23.8326,-48.5235,0.8815,23.7508,-39.5208,25.7461,-48.5235,31,1.875,0.9355,0,0,1,0
2019+,H,60,11,2019-03-26,True,33.994,-43.3382,1.1411,35.867,-39.9007,33.2017,-43.3382,31,2.0,0.9677,0,0,1,0
2019+,H,90,0,2019-01-04,True,24.5235,-59.5581,0.9108,45.3998,-42.7322,6.6422,-59.5581,22,2.0,0.8636,0,0,0,0
2019+,H,90,1,2019-01-11,False,17.4428,-48.9816,0.6861,23.1896,-48.4482,13.9472,-48.9816,22,2.0,0.9545,0,0,0,0
2019+,H,90,2,2019-01-18,False,20.2025,-48.8444,0.7936,30.2704,-46.7844,12.6654,-48.8444,22,2.0,0.9091,0,0,0,0
2019+,H,90,3,2019-01-25,True,15.1418,-54.1582,0.6493,25.0876,-39.4019,7.4521,-54.1582,22,2.0,0.9091,0,0,0,0
2019+,H,90,4,2019-02-01,False,26.3461,-58.9202,0.991,34.1498,-51.5252,20.6221,-42.7974,21,2.0,0.9048,0,0,1,0
2019+,H,90,5,2019-02-08,False,31.5218,-54.8237,1.0567,38.2536,-54.8237,27.0995,-36.5408,21,2.0,0.9048,0,0,1,0
2019+,H,90,6,2019-02-15,False,23.6328,-53.3318,0.8589,29.1923,-52.9869,19.8109,-43.2355,21,2.0,1.0,0,0,1,0
2019+,H,90,7,2019-02-22,True,17.6209,-61.1934,0.6896,25.6793,-55.4943,12.1322,-61.1934,21,2.0,0.9524,0,0,1,0
2019+,H,90,8,2019-03-01,False,24.3006,-60.4232,0.9096,11.5524,-60.4232,40.5852,-37.5608,21,2.0,0.9048,0,0,1,0
2019+,H,90,9,2019-03-11,False,22.4503,-50.2069,0.8361,15.8452,-50.2069,30.7684,-33.8925,21,2.0,0.9524,0,0,1,0
2019+,H,90,10,2019-03-18,True,19.6953,-53.4205,0.7641,8.4219,-53.4205,34.2619,-39.6253,21,2.0,0.9524,0,0,2,0
2019+,H,90,11,2019-03-26,False,33.3577,-40.1855,1.0917,35.2326,-40.1855,32.5605,-39.0987,21,2.0,1.0,0,0,2,0
2019+,H,90,12,2019-04-02,False,21.7015,-42.8079,0.7904,17.7315,-42.1879,26.9701,-42.8066,21,2.0,1.0,0,0,2,0
2019+,H,90,13,2019-04-09,False,28.6739,-41.4561,0.9946,29.826,-40.9631,28.7147,-41.4561,21,2.0,0.9524,0,0,1,0
2019+,H,90,14,2019-04-16,True,30.7652,-54.4158,1.0125,35.3341,-38.3335,27.3403,-54.4158,21,2.0,0.9048,0,0,9,0
2019+,H,90,15,2019-04-25,False,14.0875,-47.9527,0.5865,-1.0127,-47.3204,32.9643,-41.7035,21,2.0,1.0,0,0,0,0
2019+,H,90,16,2019-05-06,False,25.599,-44.0591,0.8673,21.0051,-39.9158,33.9967,-44.0591,21,2.0,0.9524,0,0,0,0
2019+,H,90,17,2019-05-13,True,33.5311,-48.1382,1.1103,50.4957,-36.0976,21.4129,-48.1382,21,2.0,1.0,0,0,0,0
2019+,H,100,0,2019-01-04,True,16.8968,-40.9262,0.749,18.0122,-32.9645,16.913,-40.9262,20,1.8546,0.8,0,0,16,0
2019+,H,100,1,2019-01-11,False,20.7982,-46.585,0.8032,22.4112,-46.585,21.5592,-37.8437,20,2.0,0.9,0,0,2,0
2019+,H,100,2,2019-01-18,False,24.3749,-42.563,0.8949,30.0124,-42.563,21.0895,-42.409,19,2.0,0.8947,0,0,2,0
2019+,H,100,3,2019-01-25,False,19.9917,-42.3847,0.7865,19.2842,-41.923,22.8989,-42.3847,19,2.0,0.8947,0,0,1,0
2019+,H,100,4,2019-02-01,True,26.977,-47.0381,0.9512,26.3992,-37.0367,29.6709,-47.0381,19,2.0,0.9474,0,0,1,0
2019+,H,100,5,2019-02-08,False,23.4163,-59.2099,0.8972,26.1316,-35.9676,22.8317,-59.2099,19,2.0,0.8947,0,0,1,0
2019+,H,100,6,2019-02-15,False,26.9177,-50.5664,0.9733,22.0791,-50.5664,33.9901,-47.1542,19,2.0,0.9474,0,0,1,0
2019+,H,100,7,2019-02-22,False,32.636,-53.2415,1.0963,25.9592,-53.2415,42.7131,-35.1104,19,2.0,1.0,0,0,2,0
2019+,H,100,8,2019-03-01,True,25.7967,-51.5899,0.8863,22.3471,-47.6687,31.0264,-51.5899,19,2.0,0.9474,0,0,1,0
2019+,H,100,9,2019-03-11,False,17.0391,-59.8796,0.6899,6.3319,-59.8796,30.2604,-50.0928,19,2.0,0.9474,0,0,1,0
2019+,H,100,10,2019-03-18,False,18.9149,-63.0844,0.7151,2.2941,-61.4263,40.5427,-33.8441,19,2.0,0.9474,0,0,0,0
2019+,H,100,11,2019-03-26,True,27.7055,-58.7395,0.9722,19.5578,-58.7395,37.5808,-33.0873,19,2.0,1.0,0,0,0,0
2019+,H,100,12,2019-04-02,False,21.7635,-58.4562,0.8027,17.2806,-54.705,27.5885,-36.4928,19,2.0,1.0,0,0,0,0
2019+,H,100,13,2019-04-09,False,15.3672,-53.7242,0.6445,19.4968,-45.2021,12.4619,-53.7242,19,2.0,0.9474,0,0,0,0
2019+,H,100,14,2019-04-16,False,20.2963,-51.1172,0.7851,26.4651,-51.1172,15.3701,-42.3759,19,2.0,0.9474,0,0,0,0
2019+,H,100,15,2019-04-25,True,16.8321,-51.8803,0.6623,20.1017,-51.8803,15.2308,-48.7961,19,2.0,1.0,0,0,0,0
2019+,H,100,16,2019-05-06,False,28.2109,-48.1432,0.939,42.1082,-48.1432,19.2889,-47.8551,19,1.9091,0.9474,0,0,0,0
2019+,H,100,17,2019-05-13,False,33.9397,-44.5676,1.0686,65.5797,-38.1587,10.8389,-42.905,19,2.0,1.0,0,0,0,0
2019+,H,100,18,2019-05-20,False,30.6683,-48.0466,1.0771,43.772,-38.8103,20.1845,-48.0466,19,2.0,0.9474,0,0,2,0
2019+,H,100,19,2019-05-27,True,24.0353,-42.8202,0.8294,28.4926,-42.8202,21.1891,-39.3267,19,2.0,1.0,0,0,2,0
2019+,H,180,0,2019-01-04,True,31.7066,-34.1849,1.1841,31.2269,-33.6585,33.5357,-34.1849,11,1.8571,0.8182,0,0,0,0
2019+,H,180,1,2019-01-11,False,23.2261,-41.2529,0.8992,14.5807,-41.2529,35.8306,-32.6884,11,1.8667,0.9091,0,0,0,0
2019+,H,180,2,2019-01-18,False,26.3162,-42.9679,0.9744,22.8115,-42.9679,32.743,-35.6591,11,1.913,0.9091,0,0,0,0
2019+,H,180,3,2019-01-25,False,15.8528,-46.8811,0.6838,14.3586,-46.8811,19.5556,-35.6913,11,2.0,0.9091,0,0,0,0
2019+,H,180,4,2019-02-01,False,16.8404,-54.3742,0.7292,9.6504,-53.6171,26.9289,-43.4509,11,2.0,0.9091,0,0,0,0
2019+,H,180,5,2019-02-08,False,27.8396,-58.2847,0.9687,28.914,-58.2847,29.0045,-38.3619,11,1.8667,0.9091,0,0,0,0
2019+,H,180,6,2019-02-15,False,27.746,-60.8667,0.971,18.1928,-60.8667,40.3929,-33.9637,11,2.0,1.0,0,0,0,0
2019+,H,180,7,2019-02-22,True,32.7054,-51.4485,1.0974,21.6356,-51.4485,48.094,-31.5804,11,2.0,1.0,0,0,1,0
2019+,H,180,8,2019-03-01,False,41.8605,-50.3882,1.3627,28.154,-50.3882,59.3036,-36.0473,11,1.9091,0.9091,0,0,1,0
2019+,H,180,9,2019-03-11,False,32.4925,-44.081,1.1582,16.9859,-44.081,51.745,-32.1642,11,2.0,0.9091,0,0,1,0
2019+,H,180,10,2019-03-18,False,34.3864,-52.2339,1.1303,16.7787,-52.2339,57.1543,-31.7707,11,1.9091,1.0,0,0,1,0
2019+,H,180,11,2019-03-26,False,37.6194,-42.6554,1.251,37.9496,-42.6554,38.3844,-35.1315,11,2.0,1.0,0,0,1,0
2019+,H,180,12,2019-04-02,False,34.0525,-45.0241,1.1802,30.6716,-40.06,38.7542,-35.7434,11,2.0,1.0,0,0,1,0
2019+,H,180,13,2019-04-09,False,36.9559,-42.3657,1.297,33.5127,-42.3657,41.7434,-32.5135,11,2.0,0.9091,0,0,0,0
2019+,H,180,14,2019-04-16,True,40.0964,-39.6661,1.3782,41.4878,-36.1291,39.7446,-39.6661,11,1.8129,0.9091,0,0,0,0
2019+,H,180,15,2019-04-25,False,37.4501,-47.3221,1.1622,26.6857,-46.682,50.8643,-31.0863,11,2.0,1.0,0,0,0,0
2019+,H,180,16,2019-05-06,False,38.2279,-41.499,1.1182,42.2748,-41.499,38.2167,-32.2595,11,2.0,1.0,0,0,0,0
2019+,H,180,17,2019-05-13,False,28.0786,-45.5724,0.9492,35.1648,-45.5724,24.4953,-39.5823,11,2.0,1.0,0,0,0,0
2019+,H,180,18,2019-05-20,False,22.0226,-43.4027,0.8173,35.81,-42.7322,11.5992,-43.4027,11,2.0,0.9091,0,0,0,0
2019+,H,180,19,2019-05-27,False,27.9495,-51.1501,0.9199,26.4023,-51.1501,31.1872,-39.5895,11,2.0,1.0,0,0,0,0
2019+,H,180,20,2019-06-03,False,21.4755,-42.3545,0.8207,22.7596,-42.2912,21.9816,-38.5629,11,2.0,0.9091,0,0,0,0
2019+,H,180,21,2019-06-11,True,21.5936,-51.6399,0.8319,23.194,-31.3137,21.5608,-51.6399,11,2.0,0.9091,0,0,0,0
2019+,H,180,22,2019-06-18,False,30.8817,-55.7067,1.0832,41.4698,-42.1056,23.193,-31.8764,10,2.0,0.9,0,0,0,0
2019+,H,180,23,2019-06-25,False,29.7887,-45.8559,1.0236,36.5592,-36.3758,25.0244,-45.429,10,2.0,0.9,0,0,0,0
2019+,H,180,24,2019-07-02,False,18.2492,-55.5256,0.7115,22.8418,-55.5256,15.2786,-51.9098,10,2.0,1.0,0,0,0,0
2019+,H,180,25,2019-07-09,False,22.2636,-63.4044,0.8387,41.0166,-37.3102,8.3991,-63.4044,10,2.0,0.9,0,0,1,0
2019+,H,180,26,2019-07-16,False,15.0109,-41.7173,0.6666,9.1263,-38.0948,22.3451,-28.0899,10,2.0,0.9,0,0,0,0
2019+,H,180,27,2019-07-23,False,12.5941,-64.176,0.5374,-2.4915,-64.176,29.7685,-30.0399,10,2.0,1.0,0,0,2,0
2019+,H,180,28,2019-07-30,True,9.5204,-64.176,0.4626,-9.9275,-64.176,31.9785,-31.664,10,1.9231,0.9,0,0,2,0
2019+,H,180,29,2019-08-06,False,24.1946,-64.176,0.835,12.6737,-64.176,36.1465,-34.2792,10,2.0,1.0,0,0,2,0
2019+,H,180,30,2019-08-14,False,13.8549,-64.176,0.5578,4.191,-64.176,24.2776,-38.1692,10,2.0,1.0,0,0,2,0
2019+,H,180,31,2019-08-22,False,21.0125,-64.176,0.7441,17.3946,-64.176,24.8683,-40.0525,10,2.0,1.0,0,0,1,0
2019+,H,180,32,2019-08-29,False,20.9176,-64.176,0.7249,15.1507,-64.176,26.7431,-39.3157,10,2.0,0.9,0,0,7,0
2019+,H,180,33,2019-09-06,False,15.0507,-64.176,0.6065,0.8291,-64.176,29.8502,-32.5643,10,2.0,1.0,0,0,0,0
2019+,H,180,34,2019-09-16,False,17.4414,-64.176,0.6752,-4.0055,-64.176,41.466,-32.227,10,1.9231,0.9,0,0,1,0
2019+,H,180,35,2019-09-23,True,27.2538,-51.9635,0.9802,12.9152,-51.9635,42.7682,-30.9084,10,2.0,1.0,0,0,0,0
2019+,H,250,0,2019-01-04,True,13.0806,-68.8601,0.5908,2.8917,-63.3811,26.5662,-32.1947,8,1.5,0.75,0,0,0,0
2019+,H,250,1,2019-01-11,False,26.2181,-53.0413,0.946,27.0776,-53.0413,26.3943,-35.292,8,2.0,0.875,0,0,0,0
2019+,H,250,2,2019-01-18,False,14.0333,-63.8045,0.5923,8.7081,-54.6408,20.4295,-36.0479,8,2.0,0.875,0,0,0,0
2019+,H,250,3,2019-01-25,False,25.6436,-42.9774,0.9598,24.3263,-42.9774,28.4507,-30.1493,8,2.0,0.875,0,0,0,0
2019+,H,250,4,2019-02-01,False,25.0415,-42.7322,0.8811,30.4758,-42.7322,20.9155,-38.6025,8,2.0,0.875,0,0,0,0
2019+,H,250,5,2019-02-08,False,21.9552,-43.3994,0.8588,26.8956,-43.3994,19.1798,-33.4978,8,1.8571,0.875,0,0,0,0
2019+,H,250,6,2019-02-15,False,33.2006,-48.4587,1.1235,37.3678,-48.4587,31.469,-37.4983,8,2.0,1.0,0,0,0,0
2019+,H,250,7,2019-02-22,False,27.5343,-41.9275,1.057,31.5227,-41.9275,25.9232,-37.0319,8,2.0,1.0,0,0,0,0
2019+,H,250,8,2019-03-01,False,39.4483,-35.5422,1.3925,45.0776,-35.5422,35.9227,-34.555,8,2.0,0.875,0,0,0,0
2019+,H,250,9,2019-03-11,False,30.0475,-38.7566,1.104,37.1033,-30.907,25.1998,-38.7566,8,2.0,0.875,0,0,0,0
2019+,H,250,10,2019-03-18,True,16.8025,-71.4514,0.6676,6.2658,-71.4514,30.3044,-25.9155,8,2.0,1.0,0,0,1,0
2019+,H,250,11,2019-03-26,False,18.3998,-55.3386,0.7345,12.8255,-55.3386,26.1529,-37.6198,8,2.0,1.0,0,0,1,0
2019+,H,250,12,2019-04-02,False,8.9055,-67.2867,0.4488,-1.2429,-67.2867,21.8486,-40.0735,8,2.0,1.0,0,0,0,0
2019+,H,250,13,2019-04-09,False,18.5499,-54.0964,0.834,31.5156,-25.6466,8.3672,-54.0964,8,2.0,0.875,0,0,1,0
2019+,H,250,14,2019-04-16,False,34.8976,-34.2012,1.3571,28.1343,-31.2292,43.935,-34.2012,8,2.0,0.875,0,0,0,0
2019+,H,250,15,2019-04-25,False,26.8478,-62.6176,0.9503,14.9506,-62.6176,41.4448,-28.6402,8,2.0,1.0,0,0,3,0
2019+,H,250,16,2019-05-06,False,17.5113,-62.2959,0.6641,-3.9496,-62.2959,44.9761,-30.2444,8,1.9128,1.0,0,0,2,0
2019+,H,250,17,2019-05-13,False,25.8016,-62.2959,0.8487,3.7088,-62.2959,53.3356,-32.2584,8,2.0,1.0,0,0,3,0
2019+,H,250,18,2019-05-20,False,30.9081,-31.3588,1.0486,17.7587,-31.3588,46.4332,-30.4985,8,2.0,0.875,0,0,3,0
2019+,H,250,19,2019-05-27,False,7.3539,-67.2333,0.386,-13.1356,-67.2333,33.2383,-37.6879,8,2.0,1.0,0,0,3,0
2019+,H,250,20,2019-06-03,True,12.5522,-45.8354,0.6257,-7.0363,-42.4689,36.9273,-32.8756,8,1.6884,0.75,0,0,2,0
2019+,H,250,21,2019-06-11,False,26.3335,-39.3648,1.0628,13.8105,-36.7158,40.8231,-32.5658,8,2.0,0.875,0,0,1,0
2019+,H,250,22,2019-06-18,False,24.6426,-39.0423,0.9281,17.8403,-36.0314,32.42,-35.1475,8,1.9286,0.875,0,0,0,0
2019+,H,250,23,2019-06-25,False,20.9767,-42.1453,0.8804,9.6903,-42.1453,33.0994,-37.0696,8,2.0,0.875,0,0,0,0
2019+,H,250,24,2019-07-02,False,24.1867,-55.5256,0.8713,8.4778,-55.5256,41.9381,-31.7306,8,2.0,1.0,0,0,1,0
2019+,H,250,25,2019-07-09,False,24.0649,-45.6382,0.9811,23.5469,-32.2697,25.0562,-45.6382,8,2.0,0.875,0,0,0,0
2019+,H,250,26,2019-07-16,False,30.8174,-48.182,1.1845,29.9962,-48.182,32.0084,-45.0981,8,2.0,0.875,0,0,0,0
2019+,H,250,27,2019-07-23,False,18.553,-64.176,0.6927,16.4203,-64.176,21.034,-40.6772,8,2.0,1.0,0,0,0,0
2019+,H,250,28,2019-07-30,False,22.8066,-64.176,0.7948,19.6941,-64.176,26.8358,-42.9996,8,2.0,1.0,0,0,0,0
2019+,H,250,29,2019-08-06,True,15.3888,-64.176,0.6036,8.8153,-64.176,23.0396,-47.9521,8,2.0,1.0,0,0,0,0
2019+,H,250,30,2019-08-14,False,24.4511,-64.176,0.8368,5.4112,-64.176,46.0389,-31.664,8,2.0,1.0,0,0,1,0
2019+,H,250,31,2019-08-22,False,32.7201,-64.176,1.0087,18.6716,-64.176,49.7024,-34.2792,8,2.0,1.0,0,0,1,0
2019+,H,250,32,2019-08-29,False,42.3265,-64.176,1.2074,32.668,-64.176,54.5298,-34.2816,7,2.0,1.0,0,0,1,0
2019+,H,250,33,2019-09-06,False,36.5149,-64.176,1.0789,22.341,-64.176,53.0707,-31.5118,7,2.0,1.0,0,0,0,0
2019+,H,250,34,2019-09-16,False,18.7769,-64.176,0.6918,11.5705,-64.176,27.5695,-46.1957,7,2.0,1.0,0,0,0,0
2019+,H,250,35,2019-09-23,False,23.5289,-51.9635,0.8759,13.6259,-51.9635,35.2783,-41.1282,7,2.0,1.0,0,0,0,0
2019+,H,250,36,2019-09-30,False,26.0122,-35.0915,1.0327,25.9306,-25.7946,27.866,-35.0915,7,2.0,0.8571,0,0,2,0
2019+,H,250,37,2019-10-09,False,36.2984,-35.9163,1.2142,31.5096,-35.9163,43.4025,-30.4341,7,2.0,1.0,0,0,0,0
2019+,H,250,38,2019-10-16,False,36.4822,-39.6661,1.2668,37.0344,-35.1596,37.6552,-39.6661,7,2.0,1.0,0,0,0,0
2019+,H,250,39,2019-10-24,True,51.3957,-31.8666,1.6653,39.4226,-31.4248,63.8102,-31.8666,7,2.0,1.0,0,0,0,0
2019+,H,250,40,2019-11-01,False,31.0789,-32.9645,1.1618,31.489,-32.9645,32.6429,-31.2547,7,1.8,0.8571,0,0,2,0
2019+,H,250,41,2019-11-08,False,26.6049,-45.6584,0.9631,30.7503,-45.6584,24.2398,-32.4687,7,2.0,1.0,0,0,0,0
2019+,H,250,42,2019-11-18,False,19.7567,-41.3927,0.8043,29.2311,-38.0147,13.4447,-30.463,7,2.0,1.0,0,0,0,0
2019+,H,250,43,2019-11-25,False,34.7677,-34.9727,1.1926,28.3444,-34.9727,41.601,-30.3439,7,2.0,1.0,0,0,0,0
2019+,H,250,44,2019-12-02,False,65.4208,-38.6942,1.7809,119.4105,-37.0367,32.0311,-33.9637,7,2.0,1.0,0,0,0,0
2019+,H,250,45,2019-12-09,False,34.401,-44.809,1.1194,18.216,-44.1385,51.2027,-39.7601,7,2.0,1.0,0,0,0,0
2019+,H,250,46,2019-12-16,False,26.6395,-52.2046,0.9287,32.3565,-47.6109,25.6909,-44.7581,7,2.0,1.0,0,0,1,0
2019+,H,250,47,2019-12-23,False,59.8377,-46.8811,1.6222,91.8921,-46.8811,41.2056,-33.9606,7,2.0,1.0,0,0,0,0
2019+,H,250,48,2019-12-31,False,15.2059,-61.8879,0.6482,17.4235,-52.4862,13.5443,-46.2257,7,2.0,1.0,0,0,0,0
2019+,H,250,49,2020-01-07,True,20.9761,-64.9124,0.7402,22.4924,-60.262,21.7242,-38.2663,7,2.0,1.0,0,0,0,0
2019+,G+B,30,0,2019-01-04,True,13.4087,-47.3174,0.6713,9.5882,-47.3174,17.5811,-32.5968,64,1.0,0.6406,0,0,1,0
2019+,G+B,30,1,2019-01-11,True,17.1562,-42.6709,0.8136,1.9901,-42.6709,37.1843,-15.3774,64,1.0,0.6562,0,0,0,0
2019+,G+B,30,2,2019-01-18,True,23.4647,-25.4127,1.127,12.7524,-25.4127,37.3739,-13.5691,64,1.0,0.6094,0,0,32,0
2019+,G+B,30,3,2019-01-25,True,29.5621,-22.7241,1.3883,25.3414,-22.7241,35.8717,-16.2322,64,1.0,0.625,0,0,0,0
2019+,G+B,30,4,2019-02-01,True,23.8358,-26.9317,1.1517,26.9981,-26.9317,23.3938,-15.4614,63,1.0,0.5714,0,0,2,0
2019+,G+B,30,5,2019-02-08,True,8.745,-39.4626,0.5011,4.3962,-39.4626,14.1146,-30.7283,63,1.0,0.6032,0,0,1,0
2019+,G+B,60,0,2019-01-04,True,24.8594,-24.9998,1.3267,24.8514,-14.5799,24.7868,-24.9998,32,1.0,0.5625,0,0,1,0
2019+,G+B,60,1,2019-01-11,False,9.0228,-67.0545,0.498,-2.1788,-67.0545,23.6624,-32.0107,32,1.0,0.625,0,0,1,0
2019+,G+B,60,2,2019-01-18,True,10.9324,-49.3237,0.5819,0.8722,-49.3237,24.0305,-22.2423,32,1.0,0.5938,0,0,0,0
2019+,G+B,60,3,2019-01-25,False,21.0896,-43.8884,0.9863,12.5521,-43.8884,32.4576,-17.8562,32,1.0,0.625,0,0,0,0
2019+,G+B,60,4,2019-02-01,True,11.9016,-42.6436,0.6308,-0.5257,-42.6436,29.4968,-20.3124,32,1.0,0.5625,0,0,1,0
2019+,G+B,60,5,2019-02-08,False,8.4796,-44.1679,0.4952,3.0724,-44.1679,14.374,-35.8214,32,1.0,0.5312,0,0,0,0
2019+,G+B,60,6,2019-02-15,False,12.1356,-47.0446,0.587,15.867,-47.0446,10.0341,-38.4315,32,1.6096,0.7188,0,0,1,0
2019+,G+B,60,7,2019-02-22,True,28.6053,-40.3877,1.2217,19.9365,-40.3877,38.0807,-13.5209,32,1.3227,0.6875,0,0,0,0
2019+,G+B,60,8,2019-03-01,False,24.0054,-31.2007,1.1228,18.597,-31.2007,29.7183,-17.9036,32,1.0,0.625,0,0,37,0
2019+,G+B,60,9,2019-03-11,True,30.319,-23.95,1.4531,31.5293,-23.95,30.6794,-16.0044,32,1.0,0.625,0,0,0,0
2019+,G+B,60,10,2019-03-18,False,26.5625,-27.503,1.2621,41.06,-25.6957,14.6671,-27.503,31,1.0,0.5806,0,0,2,0
2019+,G+B,60,11,2019-03-26,True,17.2762,-44.1188,0.8364,17.5421,-44.1188,17.9445,-25.29,31,1.0,0.6774,0,0,1,0
2019+,G+B,90,0,2019-01-04,True,19.9615,-45.5058,0.9008,8.7441,-45.5058,34.544,-18.0563,22,1.2547,0.6818,0,0,1,0
2019+,G+B,90,1,2019-01-11,False,22.4442,-33.8465,1.0297,18.7333,-33.8465,28.1039,-17.8645,22,1.0,0.6364,0,0,1,0
2019+,G+B,90,2,2019-01-18,False,6.7778,-53.2131,0.42,-7.1249,-53.2131,25.4912,-15.9841,22,1.0,0.5,0,0,0,0
2019+,G+B,90,3,2019-01-25,True,19.6943,-21.7615,1.0336,16.7259,-21.7615,24.6932,-17.8202,22,1.0,0.5455,0,0,0,0
2019+,G+B,90,4,2019-02-01,False,7.2231,-29.9067,0.5663,3.7676,-29.9067,12.8222,-18.1274,21,1.0,0.3333,0,0,1,0
2019+,G+B,90,5,2019-02-08,False,11.0812,-38.8159,0.7144,15.3703,-22.3477,6.7589,-38.8159,21,1.0,0.4286,0,0,1,0
2019+,G+B,90,6,2019-02-15,False,10.0569,-47.6002,0.5362,10.2518,-47.6002,11.5155,-40.6873,21,1.0,0.619,0,0,1,0
2019+,G+B,90,7,2019-02-22,True,7.4457,-59.3198,0.4484,-9.0212,-59.3198,27.4854,-16.8599,21,1.0,0.5714,0,0,1,0
2019+,G+B,90,8,2019-03-01,False,15.6866,-40.4894,0.7923,6.8821,-40.4894,25.4023,-19.5805,21,1.0,0.619,0,0,1,0
2019+,G+B,90,9,2019-03-11,False,21.9476,-37.5084,1.0208,15.3676,-37.5084,30.6273,-22.0471,21,1.0,0.6667,0,0,1,0
2019+,G+B,90,10,2019-03-18,True,20.6072,-42.9477,0.9489,28.0799,-42.9477,14.7638,-25.6064,21,1.0,0.6667,0,0,3,0
2019+,G+B,90,11,2019-03-26,False,11.3496,-43.6486,0.5899,12.458,-43.6486,11.1437,-32.8983,21,1.0,0.6667,0,0,2,0
2019+,G+B,90,12,2019-04-02,False,23.335,-40.7661,1.1756,35.2577,-18.2612,12.3867,-40.7661,21,1.0,0.619,0,0,3,0
2019+,G+B,90,13,2019-04-09,False,6.649,-71.9203,0.3856,-5.9356,-71.9203,22.2048,-33.5946,21,1.0,0.7619,0,0,3,0
2019+,G+B,90,14,2019-04-16,True,21.5666,-49.3237,0.894,27.1103,-49.3237,17.607,-36.4114,21,1.7561,0.7143,0,0,34,0
2019+,G+B,90,15,2019-04-25,False,23.0525,-43.8884,1.0484,18.9231,-43.8884,28.9119,-15.3852,21,1.0,0.6667,0,0,1,0
2019+,G+B,90,16,2019-05-06,False,24.4881,-42.6436,1.0004,24.8836,-42.6436,26.9592,-26.609,21,1.6,0.7143,0,0,0,0
2019+,G+B,90,17,2019-05-13,True,23.2401,-49.2256,0.9779,12.0617,-49.2256,36.0251,-18.4145,21,1.0,0.7143,0,0,0,0
2019+,G+B,100,0,2019-01-04,True,15.6098,-31.5387,0.8655,9.6098,-31.5387,23.6243,-21.4506,20,1.0,0.55,0,0,34,0
2019+,G+B,100,1,2019-01-11,False,17.7001,-35.3072,0.9076,13.142,-35.3072,24.2984,-20.8109,20,1.0,0.6,0,0,3,0
2019+,G+B,100,2,2019-01-18,False,16.1388,-54.5007,0.7623,13.6829,-54.5007,20.4728,-25.9576,19,1.0,0.6316,0,0,4,0
2019+,G+B,100,3,2019-01-25,False,6.5539,-53.4344,0.3975,-3.0273,-53.4344,19.3968,-30.677,19,1.0,0.6316,0,0,2,0
2019+,G+B,100,4,2019-02-01,True,12.1022,-40.4894,0.6447,6.9365,-40.4894,19.7304,-31.6254,19,1.0,0.6316,0,0,3,0
2019+,G+B,100,5,2019-02-08,False,12.1829,-37.5084,0.7795,3.2283,-37.5084,22.2745,-18.0815,19,1.0,0.4211,0,0,3,0
2019+,G+B,100,6,2019-02-15,False,17.3091,-42.9477,0.8426,15.9985,-42.9477,20.4509,-32.6705,19,1.0,0.5789,0,0,1,0
2019+,G+B,100,7,2019-02-22,False,25.9379,-40.0709,1.2975,24.7978,-40.0709,27.0365,-13.5209,19,1.0,0.4737,0,0,1,0
2019+,G+B,100,8,2019-03-01,True,26.2027,-25.2323,1.3561,25.545,-25.2323,26.7935,-15.5472,19,1.0,0.4737,0,0,1,0
2019+,G+B,100,9,2019-03-11,False,18.1894,-67.0545,0.8052,14.895,-67.0545,23.1596,-16.909,19,1.0,0.6316,0,0,1,0
2019+,G+B,100,10,2019-03-18,False,10.6407,-55.2284,0.5342,3.7931,-55.2284,19.3826,-13.5293,19,1.0,0.5263,0,0,0,0
2019+,G+B,100,11,2019-03-26,True,23.4876,-59.8517,0.9209,5.8344,-59.8517,45.3462,-20.184,19,1.7576,0.8421,0,0,0,0
2019+,G+B,100,12,2019-04-02,False,16.4847,-42.6436,0.7285,0.2757,-42.6436,35.2682,-19.2539,19,1.0,0.6316,0,0,0,0
2019+,G+B,100,13,2019-04-09,False,5.2382,-53.0329,0.3359,-5.5437,-53.0329,18.513,-33.7542,19,1.0,0.7368,0,0,0,0
2019+,G+B,100,14,2019-04-16,False,13.6998,-45.5058,0.6421,12.4464,-45.5058,16.2558,-39.8311,19,1.8115,0.7895,0,0,0,0
2019+,G+B,100,15,2019-04-25,True,18.5669,-41.7799,0.8241,20.5204,-41.7799,18.2074,-32.8587,19,1.7839,0.7895,0,0,0,0
2019+,G+B,100,16,2019-05-06,False,11.425,-33.2855,0.6709,14.8694,-22.3823,10.6882,-33.2855,19,1.0,0.6316,0,0,0,0
2019+,G+B,100,17,2019-05-13,False,15.2179,-34.1965,0.8509,22.292,-18.9948,9.2501,-34.1965,19,1.0,0.5789,0,0,0,0
2019+,G+B,100,18,2019-05-20,False,11.3791,-32.5725,0.646,23.5381,-27.9012,1.4929,-32.5725,19,1.0,0.6316,0,0,2,0
2019+,G+B,100,19,2019-05-27,True,10.0177,-50.9943,0.5826,5.3055,-50.9943,15.8798,-18.4075,19,1.0,0.5789,0,0,2,0
2019+,G+B,180,0,2019-01-04,True,20.0898,-25.7595,1.0572,12.576,-24.0194,29.9578,-21.3686,11,1.0,0.6364,0,0,1,0
2019+,G+B,180,1,2019-01-11,False,21.7715,-28.0343,1.1783,11.8287,-18.9302,34.9649,-28.0343,11,1.0,0.6364,0,0,1,0
2019+,G+B,180,2,2019-01-18,False,11.256,-43.2399,0.6548,-3.6882,-43.2399,31.3951,-14.933,11,1.0,0.5455,0,0,1,0
2019+,G+B,180,3,2019-01-25,False,24.7641,-41.614,1.1308,23.2203,-41.614,28.243,-14.0557,11,1.0,0.6364,0,0,1,0
2019+,G+B,180,4,2019-02-01,False,12.8204,-31.0653,0.8996,-3.2348,-31.0653,34.6515,-12.9152,11,1.0,0.4545,0,0,0,0
2019+,G+B,180,5,2019-02-08,False,12.3993,-40.028,0.7913,8.5451,-28.8281,16.5111,-40.028,11,1.0,0.4545,0,0,0,0
2019+,G+B,180,6,2019-02-15,False,23.4551,-54.5007,0.9435,26.9191,-54.5007,21.7432,-41.3285,11,1.0,0.7273,0,0,1,0
2019+,G+B,180,7,2019-02-22,True,17.3021,-53.4344,0.7795,-0.5433,-53.4344,38.9543,-22.8722,11,1.0,0.6364,0,0,1,0
2019+,G+B,180,8,2019-03-01,False,27.6404,-40.4894,1.1632,21.2627,-40.4894,34.4239,-24.8545,11,1.0,0.7273,0,0,2,0
2019+,G+B,180,9,2019-03-11,False,33.4504,-37.5084,1.4581,29.8886,-37.5084,38.8412,-14.1203,11,1.5,0.7273,0,0,2,0
2019+,G+B,180,10,2019-03-18,False,37.0628,-42.9477,1.3924,41.6687,-42.9477,33.9923,-33.0664,11,1.5537,0.8182,0,0,2,0
2019+,G+B,180,11,2019-03-26,False,28.8728,-40.0709,1.1161,31.3954,-40.0709,27.3594,-35.1798,11,1.7273,0.8182,0,0,2,0
2019+,G+B,180,12,2019-04-02,False,20.5756,-44.8397,1.1235,24.0098,-16.7542,17.1699,-44.8397,11,1.0,0.5455,0,0,2,0
2019+,G+B,180,13,2019-04-09,False,8.528,-69.1768,0.4418,-5.2596,-69.1768,25.6338,-42.3777,11,1.0,0.7273,0,0,2,0
2019+,G+B,180,14,2019-04-16,True,29.3145,-49.3237,1.0767,37.018,-49.3237,23.4464,-42.9368,11,1.0,0.7273,0,0,1,0
2019+,G+B,180,15,2019-04-25,False,13.6988,-43.8884,0.6934,9.6722,-43.8884,19.3661,-30.9164,11,1.0,0.6364,0,0,0,0
2019+,G+B,180,16,2019-05-06,False,17.0201,-42.6436,0.7634,14.9826,-42.6436,21.8047,-29.8089,11,1.2986,0.7273,0,0,0,0
2019+,G+B,180,17,2019-05-13,False,15.0757,-44.1679,0.7286,22.1949,-44.1679,9.7248,-35.9902,11,1.0,0.6364,0,0,0,0
2019+,G+B,180,18,2019-05-20,False,14.1422,-45.5058,0.6587,13.0163,-45.5058,17.1377,-35.0904,11,1.4615,0.7273,0,0,0,0
2019+,G+B,180,19,2019-05-27,False,18.0412,-41.509,0.8075,28.0987,-41.509,10.9914,-33.2201,11,1.0,0.6364,0,0,0,0
2019+,G+B,180,20,2019-06-03,False,13.1554,-33.9316,0.6278,19.0103,-31.0157,9.7676,-33.9316,11,1.0,0.4545,0,0,0,0
2019+,G+B,180,21,2019-06-11,True,11.0758,-34.3402,0.639,15.5211,-21.2736,6.9804,-34.3402,11,1.0,0.4545,0,0,0,0
2019+,G+B,180,22,2019-06-18,False,5.5261,-43.0943,0.4991,19.2209,-15.7731,-5.9747,-35.671,10,0.0,0.2,0,0,0,0
2019+,G+B,180,23,2019-06-25,False,2.9998,-54.9831,0.2636,14.3799,-28.8619,-6.6641,-37.8898,10,1.0,0.4,0,0,0,0
2019+,G+B,180,24,2019-07-02,False,10.0688,-31.598,0.6075,13.026,-27.7317,7.346,-31.598,10,1.0,0.5,0,0,1,0
2019+,G+B,180,25,2019-07-09,False,10.0883,-31.8597,0.6149,14.7238,-22.2937,5.92,-31.8597,10,1.0,0.5,0,0,1,0
2019+,G+B,180,26,2019-07-16,False,10.9546,-32.6154,0.6444,13.7532,-26.2016,8.3972,-32.6154,10,1.0,0.5,0,0,1,0
2019+,G+B,180,27,2019-07-23,False,15.1799,-30.7058,0.7985,13.3406,-28.3031,16.8479,-30.7058,10,1.0,0.6,0,0,1,0
2019+,G+B,180,28,2019-07-30,True,11.7573,-32.3192,0.6759,11.1831,-28.1014,12.248,-32.3192,10,1.0,0.5,0,0,2,0
2019+,G+B,180,29,2019-08-06,False,6.8069,-31.633,0.4409,8.6357,-27.3877,5.1519,-31.633,10,1.0,0.5,0,0,1,0
2019+,G+B,180,30,2019-08-14,False,18.3884,-31.1087,0.886,30.4728,-24.877,9.6111,-31.1087,10,1.4199,0.7,0,0,2,0
2019+,G+B,180,31,2019-08-22,False,26.3843,-30.2836,1.1795,30.9489,-22.5034,23.4427,-30.2836,10,1.709,0.8,0,0,1,0
2019+,G+B,180,32,2019-08-29,False,27.6852,-30.9305,1.2847,29.5761,-18.9981,26.447,-30.9305,10,1.2359,0.7,0,0,9,0
2019+,G+B,180,33,2019-09-06,False,20.49,-25.3258,0.9959,23.2125,-25.3258,19.0374,-24.4993,10,1.3333,0.7,0,0,1,0
2019+,G+B,180,34,2019-09-16,False,21.8544,-34.6546,0.966,22.0412,-34.6546,22.525,-32.0571,10,1.2917,0.7,0,0,0,0
2019+,G+B,180,35,2019-09-23,True,21.9418,-39.9508,0.8979,13.8025,-39.9508,30.7707,-24.2671,10,1.4091,0.8,0,0,0,0
2019+,G+B,250,0,2019-01-04,True,20.3631,-49.3237,0.8622,38.1575,-49.3237,4.4955,-24.4409,8,1.0,0.5,0,0,0,0
2019+,G+B,250,1,2019-01-11,False,8.8886,-43.8884,0.4983,12.077,-43.8884,6.1338,-33.2732,8,1.0,0.625,0,0,0,0
2019+,G+B,250,2,2019-01-18,False,7.9762,-42.6436,0.4559,18.4843,-42.6436,-1.1203,-22.2083,8,1.0,0.5,0,0,0,0
2019+,G+B,250,3,2019-01-25,False,4.6957,-44.1679,0.3297,12.5646,-44.1679,-2.2993,-26.4673,8,1.0,0.5,0,0,0,0
2019+,G+B,250,4,2019-02-01,False,9.8947,-45.5058,0.5957,22.045,-45.5058,-1.5351,-25.508,8,1.0,0.375,0,0,1,0
2019+,G+B,250,5,2019-02-08,False,13.2363,-33.3662,0.7436,29.0956,-33.3662,-1.2236,-28.0638,8,1.0,0.375,0,0,1,0
2019+,G+B,250,6,2019-02-15,False,0.4001,-24.7357,0.0959,0.7873,-24.7357,0.0,0.0,8,0.0,0.125,0,0,0,0
2019+,G+B,250,7,2019-02-22,False,3.3573,-19.1914,0.4053,6.7171,-19.1914,0.0,0.0,8,0.0,0.125,0,0,0,0
2019+,G+B,250,8,2019-03-01,False,4.813,-20.3435,0.5348,9.7212,-20.3435,0.0,0.0,8,0.0,0.125,0,0,0,0
2019+,G+B,250,9,2019-03-11,False,8.2314,-26.1486,0.6335,8.5252,-19.1308,7.9085,-24.7383,8,0.5,0.375,0,0,0,0
2019+,G+B,250,10,2019-03-18,True,-0.6732,-54.5977,0.0642,-6.4455,-54.4973,7.1804,-23.3794,8,1.0,0.5,0,0,1,0
2019+,G+B,250,11,2019-03-26,False,12.9172,-64.9584,0.5749,-0.9509,-64.9584,30.8039,-27.0552,8,1.9268,0.875,0,0,1,0
2019+,G+B,250,12,2019-04-02,False,9.3893,-33.1238,0.5679,-3.6647,-33.1238,26.2851,-28.8371,8,1.4524,0.625,0,0,2,0
2019+,G+B,250,13,2019-04-09,False,1.4215,-64.3468,0.1936,-16.2781,-64.3468,24.9143,-29.2547,8,1.4545,0.75,0,0,2,0
2019+,G+B,250,14,2019-04-16,False,23.5517,-32.591,1.0536,11.005,-32.591,39.8077,-32.0652,8,1.7425,0.75,0,0,3,0
2019+,G+B,250,15,2019-04-25,False,21.4948,-32.0124,1.1087,7.5299,-19.2566,36.9258,-32.0124,8,1.0,0.625,0,0,3,0
2019+,G+B,250,16,2019-05-06,False,37.3013,-34.3351,1.5508,34.9898,-22.5607,39.4657,-34.3351,8,1.2609,0.75,0,0,2,0
2019+,G+B,250,17,2019-05-13,False,36.2405,-33.2292,1.5018,31.7698,-23.0216,40.5982,-33.2292,8,1.3718,0.75,0,0,2,0
2019+,G+B,250,18,2019-05-20,False,31.8659,-31.4527,1.3622,27.2977,-22.7098,36.3222,-31.4527,8,1.3889,0.75,0,0,2,0
2019+,G+B,250,19,2019-05-27,False,24.9883,-35.9902,1.1421,20.1279,-23.1483,29.7571,-35.9902,8,1.3478,0.75,0,0,2,0
2019+,G+B,250,20,2019-06-03,True,28.4416,-35.0904,1.1902,22.8552,-26.4143,33.9176,-35.0904,8,1.3333,0.75,0,0,2,0
2019+,G+B,250,21,2019-06-11,False,24.1998,-33.2201,1.0704,13.397,-32.9315,35.3226,-33.2201,8,1.3416,0.75,0,0,2,0
2019+,G+B,250,22,2019-06-18,False,20.0746,-35.0788,0.9025,9.0692,-35.0788,31.4155,-33.9316,8,1.3511,0.75,0,0,1,0
2019+,G+B,250,23,2019-06-25,False,14.7344,-34.3402,0.7206,6.1747,-33.3522,23.3524,-34.3402,8,1.5,0.75,0,0,0,0
2019+,G+B,250,24,2019-07-02,False,19.704,-37.153,0.9202,7.939,-30.1254,33.265,-37.153,8,1.9688,0.875,0,0,2,0
2019+,G+B,250,25,2019-07-09,False,24.7508,-37.9952,1.0565,21.5882,-32.1295,28.8287,-37.9952,8,1.7954,0.875,0,0,1,0
2019+,G+B,250,26,2019-07-16,False,20.0923,-34.887,1.0282,5.9665,-34.887,35.2903,-32.442,8,1.4048,0.75,0,0,0,0
2019+,G+B,250,27,2019-07-23,False,24.9688,-35.1716,1.1869,28.107,-35.1716,23.0799,-31.8597,8,1.4623,0.75,0,0,0,0
2019+,G+B,250,28,2019-07-30,False,29.0162,-32.6154,1.3024,31.5466,-32.0438,27.5946,-32.6154,8,1.4184,0.75,0,0,0,0
2019+,G+B,250,29,2019-08-06,True,10.5843,-33.488,0.5944,4.5553,-33.488,17.5147,-30.7058,8,1.413,0.75,0,0,0,0
2019+,G+B,250,30,2019-08-14,False,12.7293,-36.1859,0.7421,12.8302,-27.0974,13.8088,-32.3192,8,1.0,0.5,0,0,1,0
2019+,G+B,250,31,2019-08-22,False,36.4447,-36.0441,1.3984,27.9543,-34.4654,46.3186,-31.633,8,2.0,0.75,0,0,0,0
2019+,G+B,250,32,2019-08-29,False,45.6736,-33.1107,1.6503,40.5349,-33.1107,52.4476,-31.1087,7,1.8824,0.8571,0,0,1,0
2019+,G+B,250,33,2019-09-06,False,25.7707,-30.2836,1.2148,34.8362,-25.7823,19.9663,-30.2836,7,1.7,0.7143,0,0,0,0
2019+,G+B,250,34,2019-09-16,False,20.8701,-38.5037,0.9155,33.0576,-29.5855,12.9162,-38.5037,7,1.9375,0.8571,0,0,0,0
2019+,G+B,250,35,2019-09-23,False,11.9655,-39.9508,0.5835,6.3027,-39.9508,17.1191,-30.0474,7,1.0,0.5714,0,0,0,0
2019+,G+B,250,36,2019-09-30,False,22.5226,-40.0639,1.0129,27.4585,-28.1014,20.1431,-40.0639,7,1.9286,0.8571,0,0,1,0
2019+,G+B,250,37,2019-10-09,False,12.2574,-37.6776,0.6587,15.9105,-27.3877,9.165,-37.6776,7,1.0,0.5714,0,0,0,0
2019+,G+B,250,38,2019-10-16,False,6.1629,-43.2399,0.3873,12.3456,-43.2399,1.1202,-24.8939,7,1.0,0.5714,0,0,0,0
2019+,G+B,250,39,2019-10-24,True,23.9717,-41.614,1.1356,37.4173,-41.614,14.9801,-11.3156,7,1.0,0.5714,0,0,0,0
2019+,G+B,250,40,2019-11-01,False,22.5972,-19.1408,1.3105,14.2757,-19.1408,31.5519,-15.1375,7,1.0,0.4286,0,0,6,0
2019+,G+B,250,41,2019-11-08,False,21.4391,-24.9857,1.0614,19.1626,-24.9857,24.358,-16.8599,7,1.0,0.5714,0,0,1,0
2019+,G+B,250,42,2019-11-18,False,23.781,-54.5007,0.8619,38.1221,-54.5007,12.9144,-18.0232,7,1.0,0.4286,0,0,0,0
2019+,G+B,250,43,2019-11-25,False,26.1114,-53.4344,1.0286,29.4912,-53.4344,24.7033,-33.7542,7,1.0,0.7143,0,0,0,0
2019+,G+B,250,44,2019-12-02,False,29.2273,-40.4894,1.1936,42.6106,-40.4894,20.4726,-38.8309,7,1.0,0.7143,0,0,0,0
2019+,G+B,250,45,2019-12-09,False,27.6703,-37.5084,1.2498,34.5698,-37.5084,23.8747,-17.2587,7,1.0,0.5714,0,0,0,0
2019+,G+B,250,46,2019-12-16,False,27.3701,-42.9477,1.1421,34.2732,-42.9477,24.8264,-22.8985,7,1.0,0.5714,0,0,0,0
2019+,G+B,250,47,2019-12-23,False,25.7913,-40.0709,1.208,43.4838,-40.0709,13.0432,-14.5222,7,1.0,0.4286,0,0,0,0
2019+,G+B,250,48,2019-12-31,False,19.2148,-29.5844,0.9879,20.735,-29.5844,18.8709,-22.1966,7,1.0,0.5714,0,0,0,0
2019+,G+B,250,49,2020-01-07,True,6.6927,-67.0545,0.3805,10.6483,-67.0545,4.1816,-21.7687,7,1.0,0.5714,0,0,0,0
2019+,G+H,30,0,2019-01-04,True,9.6871,-61.1668,0.4981,7.4464,-59.8794,12.0947,-47.2126,64,1.0,0.6719,0,0,1,0
2019+,G+H,30,1,2019-01-11,True,6.1452,-48.7697,0.3659,-5.5726,-48.7697,21.335,-32.7961,64,1.0,0.6719,0,0,0,0
2019+,G+H,30,2,2019-01-18,True,26.4422,-41.4442,1.0769,24.8574,-41.4442,29.1101,-28.5403,64,1.0,0.6094,0,0,10,0
2019+,G+H,30,3,2019-01-25,True,16.6381,-47.3312,0.7667,4.6701,-47.3312,32.4341,-18.535,64,1.0,0.6406,0,0,0,0
2019+,G+H,30,4,2019-02-01,True,9.6901,-54.5988,0.5264,2.5669,-54.5988,21.0924,-21.6233,63,1.0,0.5873,0,0,1,0
2019+,G+H,30,5,2019-02-08,True,12.8205,-61.9838,0.6291,9.0023,-61.9838,17.1357,-36.2723,63,1.0,0.619,0,0,1,0
2019+,G+H,60,0,2019-01-04,True,24.5819,-35.1495,1.1115,24.4258,-35.1495,24.6681,-27.796,32,1.0,0.625,0,0,1,0
2019+,G+H,60,1,2019-01-11,False,13.9,-46.3433,0.6796,18.46,-35.9515,10.3062,-46.3433,32,1.0,0.625,0,0,1,0
2019+,G+H,60,2,2019-01-18,True,13.7991,-35.6134,0.6826,9.612,-35.6134,19.3264,-26.8837,32,1.0,0.5938,0,0,0,0
2019+,G+H,60,3,2019-01-25,False,17.3977,-40.3597,0.7619,9.7231,-40.3597,27.7249,-18.9884,32,1.0,0.6562,0,0,0,0
2019+,G+H,60,4,2019-02-01,True,12.2692,-58.9742,0.6097,0.6882,-57.6558,29.4527,-21.5175,32,1.0,0.5938,0,0,1,0
2019+,G+H,60,5,2019-02-08,False,18.3297,-52.095,0.8081,17.8501,-52.095,18.7717,-24.2946,32,1.0,0.5625,0,0,1,0
2019+,G+H,60,6,2019-02-15,False,12.6286,-57.1239,0.5708,21.3527,-50.4202,5.773,-42.6714,32,1.5961,0.7188,0,0,1,0
2019+,G+H,60,7,2019-02-22,True,12.8719,-65.8375,0.5791,0.5677,-65.8375,27.0651,-22.6007,32,1.5833,0.7188,0,0,0,0
2019+,G+H,60,8,2019-03-01,False,30.8092,-45.5362,1.1749,35.9972,-45.5362,25.6023,-26.1493,32,1.0,0.625,0,0,4,0
2019+,G+H,60,9,2019-03-11,True,16.0326,-38.1958,0.8018,8.6485,-38.1958,25.2395,-25.8536,32,1.0,0.625,0,0,0,0
2019+,G+H,60,10,2019-03-18,False,18.3185,-36.9322,0.8933,21.6709,-24.9761,16.7359,-36.9322,31,1.0,0.5806,0,0,1,0
2019+,G+H,60,11,2019-03-26,True,24.1758,-35.106,1.0771,28.3323,-30.7465,21.1265,-35.106,31,1.0,0.6774,0,0,1,0
2019+,G+H,90,0,2019-01-04,True,31.499,-42.7322,1.1958,41.9723,-42.7322,22.3991,-22.5627,22,1.3912,0.6818,0,0,0,0
2019+,G+H,90,1,2019-01-11,False,24.4027,-48.4482,0.9512,27.2868,-48.4482,23.9012,-24.1112,22,1.3256,0.7273,0,0,0,0
2019+,G+H,90,2,2019-01-18,False,23.3202,-32.7865,1.127,27.169,-32.7865,21.8003,-21.9294,22,1.0,0.5,0,0,0,0
2019+,G+H,90,3,2019-01-25,True,20.9154,-22.1793,1.0267,27.419,-18.0301,16.4899,-22.1793,22,1.0,0.5455,0,0,0,0
2019+,G+H,90,4,2019-02-01,False,12.3986,-48.6456,0.7662,14.2239,-48.6456,12.3716,-22.0634,21,1.0,0.381,0,0,1,0
2019+,G+H,90,5,2019-02-08,False,12.2493,-55.9439,0.6156,19.8046,-52.0569,4.8648,-34.4423,21,1.0,0.4762,0,0,1,0
2019+,G+H,90,6,2019-02-15,False,14.2513,-53.442,0.6694,18.3998,-53.442,11.7022,-45.6894,21,1.0,0.619,0,0,1,0
2019+,G+H,90,7,2019-02-22,True,13.4732,-44.1308,0.6406,21.9747,-40.8808,5.3023,-42.3461,21,1.0,0.5714,0,0,1,0
2019+,G+H,90,8,2019-03-01,False,16.6713,-46.9134,0.7697,11.1787,-46.9134,22.5225,-23.2718,21,1.0,0.619,0,0,1,0
2019+,G+H,90,9,2019-03-11,False,16.9878,-47.3009,0.7481,10.4698,-47.3009,25.1903,-24.7107,21,1.0,0.6667,0,0,1,0
2019+,G+H,90,10,2019-03-18,True,11.2662,-53.4547,0.5741,8.1446,-53.4547,16.2444,-34.0032,21,1.0,0.619,0,0,2,0
2019+,G+H,90,11,2019-03-26,False,22.1047,-35.4062,0.9377,27.4325,-35.3653,17.9458,-35.4062,21,1.0,0.6667,0,0,2,0
2019+,G+H,90,12,2019-04-02,False,18.1072,-44.3415,0.7816,22.9142,-44.3415,13.4296,-42.6789,21,1.0,0.7143,0,0,2,0
2019+,G+H,90,13,2019-04-09,False,25.7839,-35.9515,1.0232,24.4379,-35.9515,28.3209,-35.6981,21,1.0,0.7143,0,0,1,0
2019+,G+H,90,14,2019-04-16,True,24.9544,-55.9556,0.9373,37.2262,-35.6134,14.7512,-55.9556,21,1.6667,0.7143,0,0,9,0
2019+,G+H,90,15,2019-04-25,False,15.8262,-46.124,0.7023,-0.506,-46.124,36.3219,-18.9298,21,1.0,0.7143,0,0,0,0
2019+,G+H,90,16,2019-05-06,False,21.2554,-39.9158,0.8261,18.8356,-39.9158,27.2348,-30.4436,21,1.7778,0.7619,0,0,0,0
2019+,G+H,90,17,2019-05-13,True,36.05,-36.6524,1.417,36.6595,-36.6524,36.4606,-19.6624,21,1.0,0.7143,0,0,0,0
2019+,G+H,100,0,2019-01-04,True,10.816,-33.1337,0.6041,3.1794,-33.1337,20.8237,-28.0409,20,1.0,0.55,0,0,16,0
2019+,G+H,100,1,2019-01-11,False,18.0327,-48.6294,0.7742,14.7491,-48.6294,24.1235,-24.3096,20,1.0,0.65,0,0,2,0
2019+,G+H,100,2,2019-01-18,False,17.8752,-43.604,0.7711,20.9466,-43.604,17.0547,-33.3132,19,1.0,0.6316,0,0,2,0
2019+,G+H,100,3,2019-01-25,False,9.7165,-46.3482,0.5064,9.4663,-46.3482,11.9766,-34.488,19,1.0,0.6316,0,0,1,0
2019+,G+H,100,4,2019-02-01,True,19.1997,-40.8892,0.8898,21.8251,-37.0367,18.4459,-40.8892,19,1.0,0.6316,0,0,1,0
2019+,G+H,100,5,2019-02-08,False,11.5679,-35.9676,0.6933,3.4267,-35.9676,20.672,-20.7043,19,1.0,0.4211,0,0,1,0
2019+,G+H,100,6,2019-02-15,False,25.8899,-38.2491,1.0983,30.7552,-38.2491,22.7598,-32.8405,19,1.0,0.5789,0,0,1,0
2019+,G+H,100,7,2019-02-22,False,37.3752,-35.3653,1.5484,43.5416,-35.3653,31.1828,-15.0929,19,1.0,0.4737,0,0,1,0
2019+,G+H,100,8,2019-03-01,True,24.8023,-41.3551,0.9846,22.3403,-41.3551,27.2926,-15.1077,19,1.0,0.5263,0,0,1,0
2019+,G+H,100,9,2019-03-11,False,16.5246,-54.5605,0.7506,9.3195,-54.5605,25.5228,-24.125,19,1.0,0.6316,0,0,1,0
2019+,G+H,100,10,2019-03-18,False,5.2964,-61.6439,0.3353,-5.2188,-59.9212,18.9092,-18.9033,19,1.0,0.4737,0,0,0,0
2019+,G+H,100,11,2019-03-26,True,28.2427,-56.8941,1.0423,18.0089,-56.8941,40.5742,-23.9962,19,1.8462,0.8421,0,0,0,0
2019+,G+H,100,12,2019-04-02,False,19.7277,-53.2024,0.8219,9.1183,-53.2024,31.3082,-20.4267,19,1.0,0.6842,0,0,0,0
2019+,G+H,100,13,2019-04-09,False,11.0818,-45.8059,0.55,9.3833,-45.8059,13.8896,-43.7135,19,1.0,0.6842,0,0,0,0
2019+,G+H,100,14,2019-04-16,False,23.8489,-51.1172,0.9351,34.0136,-51.1172,15.419,-37.6128,19,1.913,0.8421,0,0,0,0
2019+,G+H,100,15,2019-04-25,True,19.7161,-51.8803,0.7925,26.8102,-51.8803,14.6364,-40.222,19,2.0,0.8421,0,0,0,0
2019+,G+H,100,16,2019-05-06,False,21.901,-39.1372,0.9078,43.6257,-32.5482,6.87,-39.1372,19,1.0,0.6842,0,0,0,0
2019+,G+H,100,17,2019-05-13,False,27.3916,-43.2308,1.1683,60.8736,-20.5936,1.8884,-43.2308,19,1.0,0.6316,0,0,0,0
2019+,G+H,100,18,2019-05-20,False,10.7412,-47.3154,0.5903,31.2299,-23.8225,-5.1395,-47.3154,19,1.0,0.6316,0,0,2,0
2019+,G+H,100,19,2019-05-27,True,17.2665,-38.9446,0.7625,16.735,-38.9446,19.0653,-16.6117,19,1.0,0.6316,0,0,2,0
2019+,G+H,180,0,2019-01-04,True,32.9259,-26.1067,1.3623,33.5489,-14.6627,33.5785,-26.1067,11,1.0,0.6364,0,0,0,0
2019+,G+H,180,1,2019-01-11,False,27.2728,-35.9163,1.1109,22.3757,-35.9163,35.3834,-31.0798,11,1.0,0.7273,0,0,0,0
2019+,G+H,180,2,2019-01-18,False,23.4542,-35.1596,1.0596,17.0644,-35.1596,33.2125,-19.0422,11,1.0,0.5455,0,0,0,0
2019+,G+H,180,3,2019-01-25,False,20.1049,-31.4248,0.9289,20.8555,-31.4248,21.4562,-19.4554,11,1.0,0.6364,0,0,0,0
2019+,G+H,180,4,2019-02-01,False,16.5799,-55.7936,0.8548,2.1994,-55.06,35.99,-18.7098,11,1.0,0.5455,0,0,0,0
2019+,G+H,180,5,2019-02-08,False,16.878,-61.8697,0.7497,14.5353,-61.8697,19.3096,-30.7547,11,1.0,0.5455,0,0,0,0
2019+,G+H,180,6,2019-02-15,False,16.5155,-60.8667,0.7137,9.3406,-60.8667,26.2215,-38.8796,11,1.0,0.7273,0,0,0,0
2019+,G+H,180,7,2019-02-22,True,20.9961,-51.4485,0.8954,15.4948,-51.4485,26.8614,-20.4645,11,1.0,0.6364,0,0,1,0
2019+,G+H,180,8,2019-03-01,False,34.1447,-50.3882,1.262,27.9867,-50.3882,40.6375,-25.8733,11,1.0,0.7273,0,0,1,0
2019+,G+H,180,9,2019-03-11,False,25.8525,-44.081,1.0851,16.9859,-44.081,36.8186,-18.1017,11,1.8889,0.7273,0,0,1,0
2019+,G+H,180,10,2019-03-18,False,32.2893,-52.2339,1.1693,17.3204,-52.2339,51.5557,-37.9358,11,1.7747,0.8182,0,0,1,0
2019+,G+H,180,11,2019-03-26,False,36.4243,-38.2792,1.3783,41.3359,-35.3653,32.7109,-38.2792,11,1.9,0.8182,0,0,1,0
2019+,G+H,180,12,2019-04-02,False,29.2873,-46.4324,1.2342,36.8379,-35.1495,22.0565,-46.4324,11,1.0,0.7273,0,0,1,0
2019+,G+H,180,13,2019-04-09,False,25.412,-38.6902,1.1037,14.8605,-35.9515,38.1544,-38.6902,11,1.0,0.6364,0,0,0,0
2019+,G+H,180,14,2019-04-16,True,37.2477,-49.8309,1.4225,42.8202,-35.6134,32.9139,-49.8309,11,1.0,0.7273,0,0,0,0
2019+,G+H,180,15,2019-04-25,False,28.1137,-44.6067,1.0346,28.4267,-43.9337,29.49,-29.03,11,1.0,0.7273,0,0,0,0
2019+,G+H,180,16,2019-05-06,False,30.9809,-41.499,1.0654,42.2748,-41.499,24.2849,-29.3128,11,1.7024,0.8182,0,0,0,0
2019+,G+H,180,17,2019-05-13,False,19.1702,-37.6879,0.8619,28.3332,-35.8957,12.0783,-37.6879,11,1.0,0.6364,0,0,0,0
2019+,G+H,180,18,2019-05-20,False,23.4886,-42.7322,0.9071,35.81,-42.7322,14.246,-32.8756,11,1.7647,0.7273,0,0,0,0
2019+,G+H,180,19,2019-05-27,False,17.3684,-51.1501,0.697,26.4023,-51.1501,10.7917,-32.5658,11,1.0,0.7273,0,0,0,0
2019+,G+H,180,20,2019-06-03,False,8.7704,-38.9593,0.502,14.654,-38.9593,4.9451,-35.1475,11,1.0,0.4545,0,0,0,0
2019+,G+H,180,21,2019-06-11,True,5.8143,-37.9696,0.38,12.593,-23.614,-0.2607,-37.9696,11,1.0,0.4545,0,0,0,0
2019+,G+H,180,22,2019-06-18,False,7.3831,-36.9379,0.5768,21.8478,-18.7523,-4.717,-30.9384,10,0.0,0.2,0,0,0,0
2019+,G+H,180,23,2019-06-25,False,0.4679,-53.9412,0.1249,17.2872,-28.3012,-13.128,-40.9684,10,1.0,0.4,0,0,0,0
2019+,G+H,180,24,2019-07-02,False,10.381,-37.9686,0.5852,23.0234,-23.1934,-0.2815,-37.9686,10,1.0,0.5,0,0,0,0
2019+,G+H,180,25,2019-07-09,False,8.3161,-55.4788,0.4629,32.1628,-37.3102,-9.9867,-55.4788,10,1.0,0.5,0,0,0,0
2019+,G+H,180,26,2019-07-16,False,1.3727,-27.4105,0.1728,3.8175,-20.8006,-0.8388,-27.4105,10,1.0,0.5,0,0,0,0
2019+,G+H,180,27,2019-07-23,False,7.4352,-30.2586,0.4247,2.1864,-29.3266,12.4715,-30.0399,10,1.0,0.6,0,0,1,0
2019+,G+H,180,28,2019-07-30,True,0.1571,-31.664,0.1042,-5.3266,-25.7946,5.4443,-31.664,10,1.0,0.4,0,0,2,0
2019+,G+H,180,29,2019-08-06,False,12.9729,-34.2792,0.6595,13.5511,-25.8837,12.4101,-34.2792,10,1.0,0.5,0,0,2,0
2019+,G+H,180,30,2019-08-14,False,12.9388,-38.1692,0.5887,23.9951,-24.2679,4.5939,-38.1692,10,1.3952,0.7,0,0,2,0
2019+,G+H,180,31,2019-08-22,False,27.6796,-34.7834,1.0616,36.7646,-27.2949,20.5257,-34.7834,10,1.7734,0.8,0,0,1,0
2019+,G+H,180,32,2019-08-29,False,19.6737,-36.949,0.7908,32.1525,-27.8154,9.9279,-36.949,10,1.2787,0.7,0,0,7,0
2019+,G+H,180,33,2019-09-06,False,17.4938,-29.9114,0.8565,14.1178,-29.9114,21.0581,-23.0678,10,1.25,0.7,0,0,0,0
2019+,G+H,180,34,2019-09-16,False,10.9844,-64.176,0.5095,-1.0095,-64.176,23.84,-32.227,10,1.0,0.7,0,0,1,0
2019+,G+H,180,35,2019-09-23,True,27.9548,-51.9635,1.0837,14.162,-51.9635,42.8658,-25.9154,10,1.4333,0.8,0,0,0,0
2019+,G+H,250,0,2019-01-04,True,2.7799,-63.3811,0.2374,2.8917,-63.3811,3.9391,-23.4992,8,1.0,0.375,0,0,0,0
2019+,G+H,250,1,2019-01-11,False,18.5633,-53.0413,0.7787,27.0776,-53.0413,11.1308,-30.1132,8,1.0,0.625,0,0,0,0
2019+,G+H,250,2,2019-01-18,False,2.6402,-60.9669,0.2327,8.7081,-54.6408,-2.9646,-31.0344,8,1.0,0.5,0,0,0,0
2019+,G+H,250,3,2019-01-25,False,10.8716,-42.9774,0.5677,24.3263,-42.9774,-0.5619,-27.7673,8,1.0,0.5,0,0,0,0
2019+,G+H,250,4,2019-02-01,False,10.3846,-42.7322,0.6135,28.9428,-42.7322,-6.1828,-28.702,8,1.0,0.375,0,0,0,0
2019+,G+H,250,5,2019-02-08,False,9.9667,-43.3994,0.5817,26.5534,-43.3994,-5.0013,-31.8347,8,1.0,0.375,0,0,0,0
2019+,G+H,250,6,2019-02-15,False,3.8777,-23.4101,0.4171,7.7577,-23.4101,0.0,0.0,8,0.0,0.125,0,0,0,0
2019+,G+H,250,7,2019-02-22,False,2.9293,-23.8332,0.344,5.8488,-23.8332,0.0,0.0,8,0.0,0.125,0,0,0,0
2019+,G+H,250,8,2019-03-01,False,4.424,-22.9195,0.4943,8.9191,-22.9195,0.0,0.0,8,0.0,0.125,0,0,0,0
2019+,G+H,250,9,2019-03-11,False,8.1351,-33.024,0.6066,11.5785,-17.1733,4.7187,-31.7263,8,0.5,0.375,0,0,0,0
2019+,G+H,250,10,2019-03-18,True,-12.2391,-74.4497,-0.4149,-26.0032,-74.4497,5.8247,-25.9155,8,1.0,0.5,0,0,1,0
2019+,G+H,250,11,2019-03-26,False,9.4271,-55.3386,0.4787,-3.5607,-55.3386,26.1529,-37.6198,8,1.875,0.875,0,0,1,0
2019+,G+H,250,12,2019-04-02,False,-2.7865,-69.2258,0.0228,-21.2768,-69.2258,21.8486,-40.0735,8,1.5,0.75,0,0,0,0
2019+,G+H,250,13,2019-04-09,False,2.5584,-54.0964,0.2287,-1.5933,-22.7081,8.3672,-54.0964,8,1.5,0.625,0,0,1,0
2019+,G+H,250,14,2019-04-16,False,21.8782,-34.2012,0.9981,4.5239,-31.2292,43.935,-34.2012,8,2.0,0.75,0,0,0,0
2019+,G+H,250,15,2019-04-25,False,11.5019,-62.6176,0.5507,-10.4007,-62.6176,38.2271,-28.6402,8,1.0,0.75,0,0,2,0
2019+,G+H,250,16,2019-05-06,False,19.2182,-62.2959,0.7271,0.029,-62.2959,41.4152,-30.2444,8,1.7023,0.875,0,0,2,0
2019+,G+H,250,17,2019-05-13,False,34.1538,-32.2584,1.3097,20.7758,-22.6218,48.4287,-32.2584,8,1.3333,0.75,0,0,2,0
2019+,G+H,250,18,2019-05-20,False,29.6279,-30.4985,1.0459,19.4139,-27.6123,40.2126,-30.4985,8,1.4333,0.75,0,0,2,0
2019+,G+H,250,19,2019-05-27,False,8.5462,-67.2333,0.4245,-9.6162,-67.2333,29.3877,-37.6879,8,1.8924,0.875,0,0,2,0
2019+,G+H,250,20,2019-06-03,True,13.4851,-32.8756,0.7184,-0.8763,-20.8334,29.0973,-32.8756,8,1.0,0.625,0,0,2,0
2019+,G+H,250,21,2019-06-11,False,25.1685,-32.5658,1.0558,15.8591,-31.0542,34.6109,-32.5658,8,1.3118,0.75,0,0,0,0
2019+,G+H,250,22,2019-06-18,False,21.9806,-35.1475,0.873,19.6239,-33.3479,24.1766,-35.1475,8,1.4,0.75,0,0,0,0
2019+,G+H,250,23,2019-06-25,False,16.2992,-42.1453,0.7509,8.4621,-42.1453,24.1206,-37.0696,8,1.375,0.75,0,0,0,0
2019+,G+H,250,24,2019-07-02,False,32.2034,-33.1741,1.2176,23.4542,-33.1741,41.9381,-31.7306,8,2.0,0.875,0,0,1,0
2019+,G+H,250,25,2019-07-09,False,24.0649,-45.6382,0.9811,23.5469,-32.2697,25.0562,-45.6382,8,2.0,0.875,0,0,0,0
2019+,G+H,250,26,2019-07-16,False,29.9714,-48.182,1.2329,29.9962,-48.182,30.3733,-38.4548,8,1.5,0.75,0,0,0,0
2019+,G+H,250,27,2019-07-23,False,28.3163,-37.9789,1.1898,37.9308,-35.4706,20.5316,-33.2807,8,1.5,0.75,0,0,0,0
2019+,G+H,250,28,2019-07-30,False,32.6719,-33.2608,1.3305,38.8933,-33.2608,28.3307,-25.3844,8,1.3752,0.75,0,0,0,0
2019+,G+H,250,29,2019-08-06,True,27.4034,-30.0875,1.1296,25.1971,-30.0875,30.8234,-30.0399,8,1.5,0.75,0,0,0,0
2019+,G+H,250,30,2019-08-14,False,20.1165,-31.664,1.0174,16.263,-20.0944,24.9697,-31.664,8,1.0,0.5,0,0,1,0
2019+,G+H,250,31,2019-08-22,False,39.9075,-34.2792,1.3936,32.7522,-33.0395,49.6014,-34.2792,8,1.8016,0.75,0,0,1,0
2019+,G+H,250,32,2019-08-29,False,51.1924,-34.2816,1.6718,50.7837,-22.826,54.5298,-34.2816,7,1.8667,0.8571,0,0,1,0
2019+,G+H,250,33,2019-09-06,False,32.0058,-31.5118,1.2792,40.1169,-21.6062,27.4178,-31.5118,7,1.8333,0.7143,0,0,0,0
2019+,G+H,250,34,2019-09-16,False,18.7769,-64.176,0.6918,11.5705,-64.176,27.5695,-46.1957,7,2.0,1.0,0,0,0,0
2019+,G+H,250,35,2019-09-23,False,0.6386,-51.9635,0.1466,-13.6862,-51.9635,15.0805,-33.3592,7,1.0,0.5714,0,0,0,0
2019+,G+H,250,36,2019-09-30,False,26.0122,-35.0915,1.0327,25.9306,-25.7946,27.866,-35.0915,7,2.0,0.8571,0,0,2,0
2019+,G+H,250,37,2019-10-09,False,22.3252,-35.9163,0.9278,32.2679,-35.9163,14.2914,-30.6526,7,1.0,0.7143,0,0,0,0
2019+,G+H,250,38,2019-10-16,False,12.9993,-41.1614,0.6925,36.8206,-35.1596,-4.1138,-39.6661,7,1.0,0.5714,0,0,0,0
2019+,G+H,250,39,2019-10-24,True,26.9254,-31.4248,1.2494,39.4226,-31.4248,18.2662,-18.1017,7,1.0,0.5714,0,0,0,0
2019+,G+H,250,40,2019-11-01,False,31.7154,-32.9645,1.3063,31.489,-32.9645,33.8316,-18.9033,7,1.0,0.5714,0,0,2,0
2019+,G+H,250,41,2019-11-08,False,27.2146,-45.6584,1.0441,30.7503,-45.6584,25.341,-18.4353,7,1.8333,0.7143,0,0,0,0
2019+,G+H,250,42,2019-11-18,False,17.4346,-37.3852,0.9249,33.3033,-37.3852,5.6254,-23.2718,7,1.0,0.4286,0,0,0,0
2019+,G+H,250,43,2019-11-25,False,29.3141,-34.9727,1.1792,29.0965,-34.9727,30.6882,-25.9475,7,1.0,0.7143,0,0,0,0
2019+,G+H,250,44,2019-12-02,False,59.8995,-37.0367,1.8666,123.2798,-37.0367,22.3522,-33.9637,7,1.0,0.7143,0,0,0,0
2019+,G+H,250,45,2019-12-09,False,32.4725,-35.9676,1.279,26.7776,-35.9676,39.1104,-18.9298,7,1.0,0.5714,0,0,0,0
2019+,G+H,250,46,2019-12-16,False,29.5696,-38.2491,1.1438,45.5021,-38.2491,21.3062,-26.0983,7,1.0,0.5714,0,0,0,0
2019+,G+H,250,47,2019-12-23,False,46.6003,-37.3102,1.6937,99.6151,-37.3102,14.1511,-15.0929,7,1.0,0.4286,0,0,0,0
2019+,G+H,250,48,2019-12-31,False,14.8786,-61.8879,0.6823,17.4235,-52.4862,12.965,-26.1688,7,2.0,0.7143,0,0,0,0
2019+,G+H,250,49,2020-01-07,True,12.3124,-60.262,0.551,22.4924,-60.262,6.5402,-20.0776,7,1.0,0.5714,0,0,0,0
2019+,B+H,30,0,2019-01-04,True,13.1269,-48.0564,0.5993,8.8006,-46.9672,18.8818,-48.0564,64,1.5012,0.9531,0,0,2,0
2019+,B+H,30,1,2019-01-11,True,10.4073,-48.7796,0.5095,1.2543,-46.9634,22.0422,-48.7796,64,1.5358,0.9688,0,0,1,0
2019+,B+H,30,2,2019-01-18,True,22.7324,-44.7497,0.8776,10.881,-44.7497,37.5993,-40.3413,64,1.5692,0.9375,0,0,25,0
2019+,B+H,30,3,2019-01-25,True,19.8219,-45.4109,0.8165,14.4167,-39.7323,26.628,-45.4109,64,1.4966,0.9688,0,0,1,0
2019+,B+H,30,4,2019-02-01,True,18.187,-43.476,0.7466,14.3563,-39.2034,25.2075,-43.476,63,1.5294,0.9841,0,0,2,0
2019+,B+H,30,5,2019-02-08,True,23.0761,-42.151,0.9194,25.6638,-39.5641,21.8566,-39.5025,63,1.5149,0.9683,0,0,4,0
2019+,B+H,60,0,2019-01-04,True,19.2705,-48.9282,0.8028,19.9144,-36.0757,19.533,-48.9282,32,1.7522,0.9375,0,0,1,0
2019+,B+H,60,1,2019-01-11,False,20.8913,-43.5018,0.867,15.1996,-43.5018,28.2784,-43.3186,32,1.8392,0.9375,0,0,1,0
2019+,B+H,60,2,2019-01-18,True,16.1858,-44.2904,0.677,0.3847,-44.2904,36.561,-38.7111,32,1.847,0.9688,0,0,2,0
2019+,B+H,60,3,2019-01-25,False,19.6565,-40.4219,0.8002,7.8592,-40.4219,34.3411,-33.9071,32,1.8482,1.0,0,0,2,0
2019+,B+H,60,4,2019-02-01,True,15.6914,-43.7479,0.6649,6.6935,-43.7479,28.8761,-32.8875,32,1.8712,0.9688,0,0,4,0
2019+,B+H,60,5,2019-02-08,False,18.2111,-44.4037,0.7683,20.6855,-40.2187,17.4627,-44.4037,32,1.8028,0.9688,0,0,4,0
2019+,B+H,60,6,2019-02-15,False,13.7254,-51.9827,0.6209,11.9967,-51.9827,17.2094,-48.5156,32,1.9509,0.9688,0,0,2,0
2019+,B+H,60,7,2019-02-22,True,8.215,-60.2594,0.4268,-1.6575,-60.2594,21.22,-44.8376,32,2.0,1.0,0,0,1,0
2019+,B+H,60,8,2019-03-01,False,29.3729,-47.7818,1.1093,27.3654,-47.7818,32.9498,-43.2119,32,1.8443,0.9062,0,0,20,0
2019+,B+H,60,9,2019-03-11,True,25.2805,-44.4538,1.0103,32.8676,-36.9322,19.3705,-44.4538,32,1.8647,0.9375,0,0,1,0
2019+,B+H,60,10,2019-03-18,False,27.8999,-47.7645,1.0324,29.0606,-47.7645,28.194,-39.329,31,1.8378,1.0,0,0,1,0
2019+,B+H,60,11,2019-03-26,True,31.0326,-38.2559,1.1641,28.96,-36.9256,34.2292,-38.2559,31,1.871,0.9677,0,0,1,0
2019+,B+H,90,0,2019-01-04,True,15.0625,-52.4145,0.7006,15.7869,-42.7322,15.1864,-52.4145,22,1.9263,0.8636,0,0,1,0
2019+,B+H,90,1,2019-01-11,False,14.0493,-46.3474,0.6221,12.5435,-46.3474,17.031,-45.7096,22,1.9706,0.9545,0,0,1,0
2019+,B+H,90,2,2019-01-18,False,15.1471,-45.1195,0.6928,16.2142,-44.8555,15.5153,-45.1195,22,2.0,0.9091,0,0,1,0
2019+,B+H,90,3,2019-01-25,True,25.6697,-41.9094,1.0336,35.8554,-35.2662,17.0716,-41.9094,22,1.8744,0.9545,0,0,1,0
2019+,B+H,90,4,2019-02-01,False,25.9626,-38.3069,1.0672,24.566,-38.3069,29.074,-34.6421,21,1.8824,0.9524,0,0,2,0
2019+,B+H,90,5,2019-02-08,False,31.9216,-37.5877,1.255,36.1388,-37.5877,29.1837,-36.3817,21,1.8636,0.9048,0,0,2,0
2019+,B+H,90,6,2019-02-15,False,26.9463,-44.4098,1.0218,31.84,-44.4098,23.7976,-43.1668,21,1.875,1.0,0,0,1,0
2019+,B+H,90,7,2019-02-22,True,22.9905,-42.0889,0.9283,20.6128,-41.7176,27.3388,-42.0889,21,1.9259,0.9524,0,0,1,0
2019+,B+H,90,8,2019-03-01,False,27.5729,-41.6658,1.0233,17.1157,-41.6658,40.8329,-37.5528,21,2.0,0.9524,0,0,2,0
2019+,B+H,90,9,2019-03-11,False,24.2063,-36.0531,0.9762,16.1,-35.9676,34.5668,-36.0531,21,1.8824,0.9524,0,0,2,0
2019+,B+H,90,10,2019-03-18,True,24.5831,-45.0224,0.9487,20.5337,-45.0224,30.3101,-32.4864,21,1.8677,1.0,0,0,4,0
2019+,B+H,90,11,2019-03-26,False,27.0354,-37.2731,1.0114,25.4715,-37.2731,29.6816,-36.2361,21,1.8667,1.0,0,0,5,0
2019+,B+H,90,12,2019-04-02,False,19.7152,-42.6975,0.7926,11.9259,-42.6975,29.0713,-40.6008,21,1.8421,1.0,0,0,4,0
2019+,B+H,90,13,2019-04-09,False,29.2496,-38.8188,1.0861,20.7412,-38.8188,39.4268,-33.6754,21,1.8261,1.0,0,0,3,0
2019+,B+H,90,14,2019-04-16,True,30.8747,-48.5603,1.1043,16.4791,-48.5603,47.9231,-34.2551,21,1.8,0.9524,0,0,24,0
2019+,B+H,90,15,2019-04-25,False,23.4024,-50.3767,0.8881,13.1366,-50.3767,35.3158,-32.8379,21,1.8333,1.0,0,0,3,0
2019+,B+H,90,16,2019-05-06,False,22.9483,-48.4508,0.8131,18.9057,-48.4508,30.0032,-43.2434,21,1.9259,1.0,0,0,1,0
2019+,B+H,90,17,2019-05-13,True,22.7529,-42.5809,0.8852,21.2782,-41.2722,26.0083,-42.5809,21,1.871,1.0,0,0,1,0
2019+,B+H,100,0,2019-01-04,True,22.3083,-37.0233,0.9671,23.024,-32.9645,22.4757,-37.0233,20,1.8879,0.85,0,0,35,0
2019+,B+H,100,1,2019-01-11,False,20.0742,-35.5744,0.86,16.4557,-35.5744,25.4758,-32.2204,20,2.0,0.9,0,0,5,0
2019+,B+H,100,2,2019-01-18,False,22.2146,-45.1808,0.9166,12.9627,-45.1808,34.5005,-38.8337,19,1.9583,0.9474,0,0,3,0
2019+,B+H,100,3,2019-01-25,False,31.1303,-36.899,1.1734,29.4407,-33.4114,34.373,-36.899,19,1.913,0.9474,0,0,3,0
2019+,B+H,100,4,2019-02-01,True,24.2407,-45.9502,0.9111,22.7904,-37.0367,27.3937,-45.9502,19,1.92,0.9474,0,0,3,0
2019+,B+H,100,5,2019-02-08,False,22.8455,-48.7299,0.9593,17.7876,-35.9676,29.8758,-48.7299,19,1.8333,0.8947,0,0,3,0
2019+,B+H,100,6,2019-02-15,False,24.5913,-39.9149,0.933,13.8222,-39.9149,38.7415,-36.8843,19,2.0,1.0,0,0,4,0
2019+,B+H,100,7,2019-02-22,False,30.2442,-37.5574,1.1469,22.5661,-37.5574,40.6721,-34.8853,19,1.8333,1.0,0,0,4,0
2019+,B+H,100,8,2019-03-01,True,26.4448,-41.1106,1.0564,21.3824,-37.9275,33.3497,-41.1106,19,1.8222,0.9474,0,0,3,0
2019+,B+H,100,9,2019-03-11,False,31.29,-38.8518,1.1835,30.9022,-38.8188,33.1856,-38.8518,19,1.8974,0.9474,0,0,2,0
2019+,B+H,100,10,2019-03-18,False,24.9411,-52.1584,0.9238,14.9736,-52.1584,37.4775,-34.9732,19,1.9194,1.0,0,0,0,0
2019+,B+H,100,11,2019-03-26,True,25.3946,-47.6924,0.9841,12.7158,-47.6924,40.7352,-34.7307,19,1.8824,1.0,0,0,0,0
2019+,B+H,100,12,2019-04-02,False,20.7972,-51.6211,0.8425,14.998,-51.6211,27.8995,-36.6954,19,1.8467,1.0,0,0,0,0
2019+,B+H,100,13,2019-04-09,False,21.9229,-48.3646,0.8856,15.5628,-48.3646,29.6575,-34.836,19,1.9444,1.0,0,0,0,0
2019+,B+H,100,14,2019-04-16,False,18.382,-52.4228,0.7347,16.2665,-52.4228,21.4015,-37.8107,19,1.9253,1.0,0,0,0,0
2019+,B+H,100,15,2019-04-25,True,16.4916,-53.646,0.6959,12.9413,-53.646,20.922,-41.1367,19,1.913,1.0,0,0,1,0
2019+,B+H,100,16,2019-05-06,False,24.5229,-45.6482,0.903,27.8594,-45.6482,24.1907,-43.2758,19,1.75,0.9474,0,0,1,0
2019+,B+H,100,17,2019-05-13,False,26.9698,-43.1323,0.9868,43.2954,-37.4748,14.32,-43.1323,19,1.8537,1.0,0,0,3,0
2019+,B+H,100,18,2019-05-20,False,26.7275,-39.4134,1.0632,32.3988,-33.2882,22.1436,-39.4134,19,1.8579,0.9474,0,0,3,0
2019+,B+H,100,19,2019-05-27,True,20.4403,-36.6077,0.8039,15.866,-36.6077,25.8938,-34.8171,19,1.9429,1.0,0,0,3,0
2019+,B+H,180,0,2019-01-04,True,23.005,-33.5714,1.0628,20.4065,-26.0835,26.79,-33.5714,11,1.8095,0.8182,0,0,1,0
2019+,B+H,180,1,2019-01-11,False,20.7928,-35.9163,0.8985,10.5675,-35.9163,34.207,-33.7665,11,1.8333,0.9091,0,0,1,0
2019+,B+H,180,2,2019-01-18,False,20.9404,-36.2955,0.9177,11.5774,-35.1596,33.3635,-36.2955,11,1.7936,0.9091,0,0,2,0
2019+,B+H,180,3,2019-01-25,False,26.0113,-33.3318,1.0215,22.4702,-33.3318,31.2659,-30.4791,11,1.75,1.0,0,0,3,0
2019+,B+H,180,4,2019-02-01,False,22.3398,-36.4078,0.9808,13.4847,-36.4078,34.0387,-33.003,11,1.6565,0.9091,0,0,3,0
2019+,B+H,180,5,2019-02-08,False,28.586,-36.721,1.1795,26.673,-35.5744,32.1571,-36.721,11,1.7233,0.9091,0,0,3,0
2019+,B+H,180,6,2019-02-15,False,32.4369,-38.0643,1.2198,28.0676,-38.0643,39.0304,-36.8309,11,1.7599,1.0,0,0,2,0
2019+,B+H,180,7,2019-02-22,True,33.0511,-34.8902,1.2492,21.4039,-34.8902,48.3308,-33.6036,11,1.8182,1.0,0,0,2,0
2019+,B+H,180,8,2019-03-01,False,43.3706,-38.5259,1.5458,39.8029,-37.0367,48.7394,-38.5259,11,1.7615,0.9091,0,0,2,0
2019+,B+H,180,9,2019-03-11,False,31.4557,-35.9676,1.2799,20.8022,-35.9676,44.8836,-35.8646,11,1.8889,0.9091,0,0,2,0
2019+,B+H,180,10,2019-03-18,False,33.0011,-41.7472,1.1979,27.7865,-41.7472,40.0704,-30.4647,11,1.8571,1.0,0,0,2,0
2019+,B+H,180,11,2019-03-26,False,38.2019,-37.2731,1.3492,40.9791,-37.2731,36.5395,-31.292,11,1.875,1.0,0,0,2,0
2019+,B+H,180,12,2019-04-02,False,36.4617,-38.1016,1.3006,36.42,-38.1016,37.5365,-31.5447,11,1.8222,1.0,0,0,2,0
2019+,B+H,180,13,2019-04-09,False,39.0875,-36.6577,1.371,37.8962,-36.6577,41.3798,-32.6533,11,1.9,1.0,0,0,1,0
2019+,B+H,180,14,2019-04-16,True,43.5297,-40.4251,1.4084,41.3693,-40.4251,46.6907,-29.8485,11,1.9,1.0,0,0,1,0
2019+,B+H,180,15,2019-04-25,False,35.8416,-38.6524,1.2237,24.6333,-38.6524,48.8056,-31.7012,11,1.8667,1.0,0,0,1,0
2019+,B+H,180,16,2019-05-06,False,26.8188,-48.5301,0.9137,22.5938,-48.5301,34.1425,-31.736,11,1.9375,1.0,0,0,1,0
2019+,B+H,180,17,2019-05-13,False,22.5969,-50.4653,0.8577,23.5753,-50.4653,24.0805,-33.5757,11,1.8462,1.0,0,0,0,0
2019+,B+H,180,18,2019-05-20,False,18.2335,-42.7322,0.7894,22.3127,-42.7322,16.0865,-38.851,11,1.8,0.9091,0,0,0,0
2019+,B+H,180,19,2019-05-27,False,17.2275,-52.7215,0.6934,13.0655,-52.7215,23.1585,-41.3175,11,2.0,1.0,0,0,0,0
2019+,B+H,180,20,2019-06-03,False,24.2166,-40.1994,0.9642,24.4133,-40.1994,25.8889,-36.9839,11,1.9412,0.9091,0,0,0,0
2019+,B+H,180,21,2019-06-11,True,25.4865,-39.1272,1.0306,30.7475,-33.4657,22.5938,-39.1272,11,2.0,0.9091,0,0,0,0
2019+,B+H,180,22,2019-06-18,False,23.375,-44.3015,0.9586,21.7879,-44.3015,27.2309,-29.6502,10,1.9456,1.0,0,0,1,0
2019+,B+H,180,23,2019-06-25,False,26.8005,-40.7532,1.0974,27.3768,-36.3265,27.7252,-35.4637,10,1.9254,0.9,0,0,1,0
2019+,B+H,180,24,2019-07-02,False,19.5507,-57.1994,0.7901,18.4776,-57.1994,21.7979,-36.5788,10,2.0,1.0,0,0,1,0
2019+,B+H,180,25,2019-07-09,False,26.2697,-39.6675,1.062,32.1422,-26.7126,22.4049,-39.6675,10,2.0,0.9,0,0,2,0
2019+,B+H,180,26,2019-07-16,False,14.9813,-62.2959,0.6133,0.4415,-62.2959,31.6393,-29.3097,10,2.0,1.0,0,0,2,0
2019+,B+H,180,27,2019-07-23,False,13.4265,-64.176,0.5833,-3.3049,-64.176,32.4783,-29.6227,10,2.0,1.0,0,0,3,0
2019+,B+H,180,28,2019-07-30,True,16.7175,-64.176,0.6804,0.194,-64.176,35.0636,-31.5257,10,1.95,1.0,0,0,3,0
2019+,B+H,180,29,2019-08-06,False,14.5939,-64.176,0.6129,0.1262,-64.176,30.0421,-31.3556,10,1.9248,1.0,0,0,4,0
2019+,B+H,180,30,2019-08-14,False,14.5234,-64.176,0.6092,-0.2949,-64.176,30.8214,-31.5807,10,1.9615,1.0,0,0,3,0
2019+,B+H,180,31,2019-08-22,False,20.857,-64.176,0.7842,7.1405,-64.176,35.1997,-33.3289,10,1.934,1.0,0,0,2,0
2019+,B+H,180,32,2019-08-29,False,23.2834,-64.176,0.8633,5.3494,-64.176,42.54,-33.3355,10,2.0,0.9,0,0,14,0
2019+,B+H,180,33,2019-09-06,False,20.433,-64.176,0.767,7.929,-64.176,33.2347,-32.9866,10,1.95,1.0,0,0,2,0
2019+,B+H,180,34,2019-09-16,False,22.193,-64.176,0.784,7.4596,-64.176,37.5551,-31.318,10,1.9306,1.0,0,0,1,0
2019+,B+H,180,35,2019-09-23,True,20.9655,-51.9635,0.8468,5.5483,-51.9635,37.2314,-30.1636,10,1.8684,1.0,0,0,1,0
2019+,B+H,250,0,2019-01-04,True,30.6726,-40.4251,1.1995,37.9545,-40.4251,24.7376,-33.8541,8,1.9444,0.875,0,0,0,0
2019+,B+H,250,1,2019-01-11,False,24.2682,-38.6524,0.9964,26.4812,-38.6524,23.1112,-33.7262,8,2.0,0.875,0,0,0,0
2019+,B+H,250,2,2019-01-18,False,29.4471,-43.3984,1.151,27.9731,-43.3984,32.5422,-29.097,8,1.95,0.875,0,0,0,0
2019+,B+H,250,3,2019-01-25,False,37.6099,-40.2187,1.3233,43.1872,-40.2187,33.6613,-28.9489,8,1.9643,1.0,0,0,0,0
2019+,B+H,250,4,2019-02-01,False,24.4605,-42.7322,0.9094,27.1564,-42.7322,23.2234,-40.2267,8,1.886,0.875,0,0,1,0
2019+,B+H,250,5,2019-02-08,False,20.6734,-45.0714,0.8819,24.7657,-45.0714,18.3,-29.3418,8,1.9077,0.875,0,0,1,0
2019+,B+H,250,6,2019-02-15,False,30.5255,-46.5905,1.1518,26.6657,-46.5905,36.7906,-27.4419,8,2.0,1.0,0,0,2,0
2019+,B+H,250,7,2019-02-22,False,25.7004,-40.1981,1.0448,28.8287,-40.1981,24.4513,-33.4306,8,1.9762,1.0,0,0,1,0
2019+,B+H,250,8,2019-03-01,False,30.9575,-35.2416,1.3066,31.8469,-35.2416,31.9608,-28.1482,8,1.9574,0.875,0,0,1,0
2019+,B+H,250,9,2019-03-11,False,25.5431,-34.0961,1.0957,23.1912,-34.0961,29.9523,-30.532,8,1.96,0.875,0,0,1,0
2019+,B+H,250,10,2019-03-18,True,17.1525,-64.6985,0.7097,8.3285,-64.6985,28.7415,-29.5267,8,2.0,1.0,0,0,3,0
2019+,B+H,250,11,2019-03-26,False,20.9659,-58.3143,0.8257,14.1175,-58.3143,30.2276,-27.9288,8,2.0,1.0,0,0,4,0
2019+,B+H,250,12,2019-04-02,False,14.8672,-63.5017,0.6627,6.8788,-63.5017,25.2639,-27.0623,8,2.0,1.0,0,0,4,0
2019+,B+H,250,13,2019-04-09,False,15.0417,-63.1563,0.635,8.0474,-63.1563,24.2671,-28.6567,8,2.0,1.0,0,0,4,0
2019+,B+H,250,14,2019-04-16,False,20.7022,-65.9789,0.7794,9.3422,-65.9789,35.125,-29.2904,8,1.9302,1.0,0,0,4,0
2019+,B+H,250,15,2019-04-25,False,21.9004,-64.5665,0.8443,11.0396,-64.5665,35.7452,-30.305,8,1.9459,1.0,0,0,4,0
2019+,B+H,250,16,2019-05-06,False,13.8092,-66.1664,0.5803,-6.3845,-66.1664,40.3193,-30.3747,8,1.8511,1.0,0,0,3,0
2019+,B+H,250,17,2019-05-13,False,28.6669,-66.1508,0.9672,11.8629,-66.1508,49.0924,-32.1076,8,1.8521,1.0,0,0,5,0
2019+,B+H,250,18,2019-05-20,False,33.0685,-29.3443,1.3752,17.637,-29.3443,51.3767,-29.3088,8,1.8318,0.875,0,0,4,0
2019+,B+H,250,19,2019-05-27,False,20.3726,-65.1234,0.7541,1.6138,-65.1234,43.2511,-33.5757,8,1.9195,1.0,0,0,3,0
2019+,B+H,250,20,2019-06-03,True,25.3112,-45.3065,1.0146,9.9447,-43.9694,43.4407,-33.3321,8,1.8152,0.875,0,0,2,0
2019+,B+H,250,21,2019-06-11,False,27.5792,-37.5371,1.187,14.7567,-36.2395,42.252,-35.2391,8,1.7838,0.875,0,0,2,0
2019+,B+H,250,22,2019-06-18,False,19.9994,-45.6563,0.8186,2.7074,-45.6563,39.8927,-36.7531,8,1.892,1.0,0,0,0,0
2019+,B+H,250,23,2019-06-25,False,23.9247,-35.0405,1.0525,7.2862,-31.3055,42.4095,-35.0405,8,1.8977,0.875,0,0,1,0
2019+,B+H,250,24,2019-07-02,False,18.6755,-57.1994,0.7554,-0.4809,-57.1994,40.9935,-31.2422,8,1.9762,1.0,0,0,2,0
2019+,B+H,250,25,2019-07-09,False,20.4968,-37.9687,0.9671,9.3376,-31.7609,32.4258,-37.9687,8,1.8674,0.875,0,0,1,0
2019+,B+H,250,26,2019-07-16,False,21.3064,-62.2959,0.7879,9.5513,-62.2959,33.9535,-38.6773,8,2.0,1.0,0,0,1,0
2019+,B+H,250,27,2019-07-23,False,17.8993,-64.176,0.709,7.7552,-64.176,28.5689,-39.4982,8,2.0,1.0,0,0,1,0
2019+,B+H,250,28,2019-07-30,False,21.3394,-64.176,0.7975,9.1968,-64.176,34.3554,-35.0333,8,2.0,1.0,0,0,1,0
2019+,B+H,250,29,2019-08-06,True,13.502,-64.176,0.5742,-5.5919,-64.176,35.1572,-40.5376,8,2.0,1.0,0,0,1,0
2019+,B+H,250,30,2019-08-14,False,19.7652,-64.176,0.7464,-2.0247,-64.176,44.6703,-31.5257,8,1.9545,1.0,0,0,1,0
2019+,B+H,250,31,2019-08-22,False,27.4913,-64.176,0.9415,4.5411,-64.176,54.0748,-31.3556,8,1.8927,1.0,0,0,1,0
2019+,B+H,250,32,2019-08-29,False,28.9471,-64.176,0.9839,15.3264,-64.176,44.2494,-31.5807,7,1.8667,1.0,0,0,1,0
2019+,B+H,250,33,2019-09-06,False,29.1801,-64.176,0.9774,16.3468,-64.176,43.2738,-33.3289,7,1.8607,1.0,0,0,0,0
2019+,B+H,250,34,2019-09-16,False,19.8582,-64.176,0.7424,9.4933,-64.176,31.456,-38.1178,7,2.0,1.0,0,0,0,0
2019+,B+H,250,35,2019-09-23,False,20.233,-51.9635,0.8362,11.7464,-51.9635,29.7196,-38.8199,7,1.9,1.0,0,0,1,0
2019+,B+H,250,36,2019-09-30,False,23.5981,-35.4761,1.078,22.2783,-26.7848,26.5256,-35.4761,7,1.8261,0.8571,0,0,3,0
2019+,B+H,250,37,2019-10-09,False,30.4214,-35.9163,1.1931,29.919,-35.9163,32.7644,-29.1448,7,1.8249,1.0,0,0,1,0
2019+,B+H,250,38,2019-10-16,False,28.3787,-35.1596,1.1589,22.7084,-35.1596,34.9575,-31.0917,7,1.8462,1.0,0,0,1,0
2019+,B+H,250,39,2019-10-24,True,36.3245,-33.2701,1.4279,23.16,-31.4248,50.3031,-33.2701,7,1.9429,1.0,0,0,1,0
2019+,B+H,250,40,2019-11-01,False,24.4451,-33.1988,1.1157,19.306,-32.9645,30.4532,-33.1988,7,1.8421,0.8571,0,0,10,0
2019+,B+H,250,41,2019-11-08,False,24.8956,-35.5744,1.0417,23.8535,-35.5744,26.8141,-32.692,7,1.93,1.0,0,0,1,0
2019+,B+H,250,42,2019-11-18,False,25.376,-37.3852,1.0356,28.3716,-37.3852,23.8968,-35.0609,7,1.8788,1.0,0,0,0,0
2019+,B+H,250,43,2019-11-25,False,32.7091,-35.153,1.2432,31.2299,-29.8062,35.0105,-35.153,7,1.9444,1.0,0,0,0,0
2019+,B+H,250,44,2019-12-02,False,65.043,-37.3902,1.8814,111.9455,-37.0367,35.2193,-37.3902,7,2.0,1.0,0,0,0,0
2019+,B+H,250,45,2019-12-09,False,32.9953,-35.9676,1.2211,25.1815,-35.9676,40.6502,-32.7848,7,2.0,1.0,0,0,0,0
2019+,B+H,250,46,2019-12-16,False,36.2195,-39.9149,1.2664,45.8445,-39.9149,31.8545,-35.0301,7,1.8788,1.0,0,0,1,0
2019+,B+H,250,47,2019-12-23,False,49.722,-37.2731,1.6529,74.5453,-37.2731,34.4008,-35.2307,7,2.0,1.0,0,0,0,0
2019+,B+H,250,48,2019-12-31,False,29.5014,-39.9665,1.1297,43.9489,-37.0413,20.2517,-39.9665,7,1.8095,1.0,0,0,0,0
2019+,B+H,250,49,2020-01-07,True,34.4996,-37.1316,1.2241,54.7008,-35.9515,21.7836,-37.1316,7,1.9412,1.0,0,0,0,0
2019+,G+B+H,30,0,2019-01-04,True,8.7658,-42.7322,0.4987,1.0782,-42.7322,17.5691,-36.9526,64,1.0,0.6719,0,0,2,0
2019+,G+B+H,30,1,2019-01-11,True,13.6319,-48.1704,0.69,-3.3227,-48.1704,35.9948,-15.2615,64,1.0,0.6875,0,0,1,0
2019+,G+B+H,30,2,2019-01-18,True,27.0883,-33.8671,1.3051,19.3233,-33.8671,36.7978,-20.3788,64,1.0,0.625,0,0,24,0
2019+,G+B+H,30,3,2019-01-25,True,29.185,-24.1081,1.3736,19.7315,-24.1081,40.8352,-17.8573,64,1.0,0.6406,0,0,1,0
2019+,G+B+H,30,4,2019-02-01,True,14.455,-40.7189,0.7589,7.9752,-40.7189,24.5167,-15.8649,63,1.0,0.619,0,0,2,0
2019+,G+B+H,30,5,2019-02-08,True,12.3313,-44.0691,0.671,4.7667,-44.0691,21.1259,-22.9748,63,1.0,0.619,0,0,4,0
2019+,G+B+H,60,0,2019-01-04,True,19.9207,-36.0757,1.0417,15.3042,-36.0757,24.9748,-25.5084,32,1.0,0.625,0,0,1,0
2019+,G+B+H,60,1,2019-01-11,False,21.9562,-35.9515,1.0704,14.6024,-35.9515,31.3353,-24.3164,32,1.0,0.6562,0,0,1,0
2019+,G+B+H,60,2,2019-01-18,True,14.8387,-40.4251,0.7673,2.5957,-40.4251,30.3025,-21.4676,32,1.0,0.625,0,0,0,0
2019+,G+B+H,60,3,2019-01-25,False,21.3112,-39.0389,0.9923,8.3845,-39.0389,37.4684,-17.8919,32,1.0,0.6562,0,0,1,0
2019+,G+B+H,60,4,2019-02-01,True,8.3646,-49.5014,0.4814,-5.9798,-49.5014,28.6849,-16.9037,32,1.0,0.625,0,0,3,0
2019+,G+B+H,60,5,2019-02-08,False,9.2255,-40.2187,0.5386,6.4074,-40.2187,12.2051,-36.0132,32,1.0,0.5625,0,0,3,0
2019+,G+B+H,60,6,2019-02-15,False,9.5278,-45.2138,0.5108,9.7108,-45.2138,10.9292,-38.6303,32,1.6443,0.7188,0,0,2,0
2019+,G+B+H,60,7,2019-02-22,True,13.0754,-61.154,0.6417,-3.869,-61.154,33.5918,-19.3202,32,1.5616,0.7188,0,0,1,0
2019+,G+B+H,60,8,2019-03-01,False,31.7916,-28.3633,1.4936,32.0089,-28.3633,31.4632,-21.6372,32,1.0,0.625,0,0,20,0
2019+,G+B+H,60,9,2019-03-11,True,29.4746,-23.5559,1.462,29.121,-23.5559,31.3196,-14.3956,32,1.0,0.625,0,0,1,0
2019+,G+B+H,60,10,2019-03-18,False,20.2856,-27.8741,0.9824,28.522,-25.4843,13.8042,-27.8741,31,1.0,0.6129,0,0,1,0
2019+,G+B+H,60,11,2019-03-26,True,20.2084,-33.1702,1.011,17.7468,-33.1702,23.7617,-19.6485,31,1.0,0.6774,0,0,1,0
2019+,G+B+H,90,0,2019-01-04,True,18.0685,-42.7322,0.8836,12.5915,-42.7322,25.1536,-22.2669,22,1.2609,0.6818,0,0,1,0
2019+,G+B+H,90,1,2019-01-11,False,19.3686,-46.3474,0.8517,15.2191,-46.3474,25.3744,-22.6671,22,1.2708,0.7273,0,0,1,0
2019+,G+B+H,90,2,2019-01-18,False,15.6381,-30.8517,0.9222,12.0491,-30.8517,21.1021,-19.3301,22,1.0,0.5,0,0,0,0
2019+,G+B+H,90,3,2019-01-25,True,24.692,-18.5736,1.3434,23.613,-14.495,27.2217,-18.5736,22,1.0,0.5455,0,0,0,0
2019+,G+B+H,90,4,2019-02-01,False,9.2095,-33.855,0.6758,6.9639,-33.855,13.0854,-16.8168,21,1.0,0.381,0,0,1,0
2019+,G+B+H,90,5,2019-02-08,False,13.9073,-37.0596,0.8288,18.488,-33.2102,9.2917,-36.2567,21,1.0,0.4762,0,0,1,0
2019+,G+B+H,90,6,2019-02-15,False,16.3132,-43.9996,0.8199,18.6462,-37.3852,15.5852,-43.9996,21,1.0,0.619,0,0,1,0
2019+,G+B+H,90,7,2019-02-22,True,17.924,-31.5256,0.9239,13.9991,-31.5256,22.0461,-17.8628,21,1.0,0.5714,0,0,1,0
2019+,G+B+H,90,8,2019-03-01,False,21.292,-37.0367,1.0164,16.6253,-37.0367,26.1936,-16.7139,21,1.0,0.619,0,0,1,0
2019+,G+B+H,90,9,2019-03-11,False,19.7955,-35.9676,0.9406,11.766,-35.9676,30.0511,-20.5027,21,1.0,0.6667,0,0,2,0
2019+,G+B+H,90,10,2019-03-18,True,16.3747,-45.0628,0.7975,15.9556,-45.0628,18.1765,-24.0731,21,1.0,0.6667,0,0,4,0
2019+,G+B+H,90,11,2019-03-26,False,16.7977,-38.2368,0.8195,17.8686,-38.2368,16.7069,-32.3876,21,1.0,0.6667,0,0,5,0
2019+,G+B+H,90,12,2019-04-02,False,15.6022,-44.8321,0.7636,15.4206,-44.8321,15.735,-38.5398,21,1.0,0.7143,0,0,4,0
2019+,G+B+H,90,13,2019-04-09,False,26.7133,-42.2955,1.1629,17.6639,-42.2955,37.5177,-28.8669,21,1.0,0.7619,0,0,3,0
2019+,G+B+H,90,14,2019-04-16,True,22.1309,-52.5234,0.9582,18.4889,-52.5234,26.7622,-39.7342,21,1.4593,0.7619,0,0,24,0
2019+,G+B+H,90,15,2019-04-25,False,24.3779,-53.6241,1.0611,14.7136,-53.6241,35.5839,-13.9053,21,1.0,0.7143,0,0,3,0
2019+,G+B+H,90,16,2019-05-06,False,19.0542,-48.4508,0.7738,17.5786,-48.4508,23.3484,-29.9157,21,1.7826,0.8095,0,0,1,0
2019+,G+B+H,90,17,2019-05-13,True,24.0482,-41.2722,1.1157,12.7633,-41.2722,36.8742,-17.7763,21,1.0,0.7143,0,0,1,0
2019+,G+B+H,100,0,2019-01-04,True,16.4738,-32.9645,0.8622,9.3503,-32.9645,25.5382,-23.5855,20,1.0,0.6,0,0,35,0
2019+,G+B+H,100,1,2019-01-11,False,17.1631,-37.5113,0.8398,9.1663,-37.5113,27.7585,-20.9936,20,1.0,0.65,0,0,5,0
2019+,G+B+H,100,2,2019-01-18,False,15.2789,-40.1426,0.7748,10.8101,-40.1426,21.7512,-29.2813,19,1.0,0.6316,0,0,3,0
2019+,G+B+H,100,3,2019-01-25,False,13.1529,-38.5503,0.6794,10.3599,-38.5503,17.4746,-35.3212,19,1.0,0.6316,0,0,3,0
2019+,G+B+H,100,4,2019-02-01,True,14.6442,-39.4981,0.7539,14.2129,-37.0367,16.6059,-39.4981,19,1.0,0.6316,0,0,3,0
2019+,G+B+H,100,5,2019-02-08,False,10.532,-35.9676,0.6861,0.7074,-35.9676,21.7262,-17.1042,19,1.0,0.4211,0,0,3,0
2019+,G+B+H,100,6,2019-02-15,False,17.4574,-39.9149,0.8895,14.0456,-39.9149,22.8302,-33.1418,19,1.0,0.5789,0,0,2,0
2019+,G+B+H,100,7,2019-02-22,False,32.5538,-37.2731,1.6128,33.0257,-37.2731,31.9609,-13.4141,19,1.0,0.4737,0,0,2,0
2019+,G+B+H,100,8,2019-03-01,True,24.1241,-36.0757,1.2087,19.6632,-36.0757,28.7835,-14.6264,19,1.0,0.5263,0,0,2,0
2019+,G+B+H,100,9,2019-03-11,False,31.7728,-35.9515,1.3951,30.9283,-35.9515,34.1467,-13.9053,19,1.0,0.6316,0,0,1,0
2019+,G+B+H,100,10,2019-03-18,False,11.8828,-54.42,0.6061,6.4373,-54.42,19.0757,-19.0653,19,1.0,0.5263,0,0,0,0
2019+,G+B+H,100,11,2019-03-26,True,26.307,-52.3302,1.0858,11.4543,-52.3302,44.4196,-19.667,19,1.4654,0.8421,0,0,0,0
2019+,G+B+H,100,12,2019-04-02,False,17.2055,-56.2932,0.8261,5.678,-56.2932,29.9399,-19.2686,19,1.0,0.6842,0,0,0,0
2019+,G+B+H,100,13,2019-04-09,False,17.1925,-49.9076,0.8078,6.4551,-49.9076,30.0312,-34.836,19,1.0,0.7368,0,0,0,0
2019+,G+B+H,100,14,2019-04-16,False,18.7156,-52.4228,0.7704,16.8474,-52.4228,21.481,-37.8107,19,1.8667,0.8947,0,0,0,0
2019+,G+B+H,100,15,2019-04-25,True,17.6347,-53.646,0.7849,14.9363,-53.646,21.1781,-27.8709,19,1.7166,0.8421,0,0,1,0
2019+,G+B+H,100,16,2019-05-06,False,18.5755,-36.5121,0.8794,30.8648,-36.5121,10.2324,-30.4452,19,1.0,0.6842,0,0,1,0
2019+,G+B+H,100,17,2019-05-13,False,19.9439,-38.0567,1.0865,39.1963,-16.5668,4.2247,-38.0567,19,1.0,0.6316,0,0,3,0
2019+,G+B+H,100,18,2019-05-20,False,9.8164,-36.2577,0.6052,23.1317,-20.4766,-1.0959,-36.2577,19,1.0,0.6316,0,0,3,0
2019+,G+B+H,100,19,2019-05-27,True,14.4966,-36.6077,0.7419,9.3974,-36.6077,20.4875,-15.1622,19,1.0,0.6316,0,0,3,0
2019+,G+B+H,180,0,2019-01-04,True,23.016,-29.8216,1.2224,18.7798,-16.4745,28.664,-29.8216,11,1.0,0.6364,0,0,1,0
2019+,G+B+H,180,1,2019-01-11,False,24.5511,-35.9163,1.1286,15.8474,-35.9163,36.0422,-26.9837,11,1.0,0.7273,0,0,1,0
2019+,G+B+H,180,2,2019-01-18,False,18.8709,-35.1596,1.0286,5.1388,-35.1596,37.052,-14.0364,11,1.0,0.5455,0,0,1,0
2019+,G+B+H,180,3,2019-01-25,False,22.6818,-31.4248,1.1317,13.6148,-31.4248,34.4515,-12.7609,11,1.0,0.6364,0,0,2,0
2019+,G+B+H,180,4,2019-02-01,False,17.3938,-39.3971,0.9813,3.9667,-39.3971,35.0138,-9.4326,11,1.0,0.5455,0,0,0,0
2019+,G+B+H,180,5,2019-02-08,False,15.958,-39.778,0.8814,15.1842,-35.7601,16.7173,-39.778,11,1.0,0.5455,0,0,0,0
2019+,G+B+H,180,6,2019-02-15,False,21.3784,-41.5788,0.9845,18.4758,-37.3852,26.228,-41.5788,11,1.0,0.7273,0,0,1,0
2019+,G+B+H,180,7,2019-02-22,True,22.62,-34.8902,1.0875,15.1139,-34.8902,30.7791,-18.706,11,1.0,0.6364,0,0,1,0
2019+,G+B+H,180,8,2019-03-01,False,36.0892,-37.0367,1.4441,39.1904,-37.0367,32.8649,-23.0704,11,1.0,0.7273,0,0,2,0
2019+,G+B+H,180,9,2019-03-11,False,27.8968,-35.9676,1.2947,20.8022,-35.9676,37.0927,-14.1095,11,1.5625,0.7273,0,0,2,0
2019+,G+B+H,180,10,2019-03-18,False,30.8443,-41.7472,1.2226,24.0723,-41.7472,39.6507,-30.3978,11,1.6667,0.8182,0,0,2,0
2019+,G+B+H,180,11,2019-03-26,False,37.3519,-37.2731,1.4735,40.2559,-37.2731,35.5621,-32.2722,11,1.68,0.8182,0,0,2,0
2019+,G+B+H,180,12,2019-04-02,False,29.6828,-41.1988,1.2733,40.085,-36.0757,19.955,-41.1988,11,1.0,0.7273,0,0,2,0
2019+,G+B+H,180,13,2019-04-09,False,29.3216,-36.6577,1.2404,21.7368,-36.6577,38.4451,-36.0185,11,1.0,0.7273,0,0,1,0
2019+,G+B+H,180,14,2019-04-16,True,38.2326,-40.9813,1.3837,44.0472,-40.4251,33.6197,-40.9813,11,1.5616,0.8182,0,0,1,0
2019+,G+B+H,180,15,2019-04-25,False,27.1583,-38.6524,1.1119,28.8142,-38.6524,26.3834,-29.9519,11,1.0,0.7273,0,0,1,0
2019+,G+B+H,180,16,2019-05-06,False,19.6054,-48.5301,0.8153,22.5938,-48.5301,19.5057,-27.7355,11,1.8095,0.8182,0,0,1,0
2019+,G+B+H,180,17,2019-05-13,False,15.297,-40.2187,0.7713,20.9156,-40.2187,11.3297,-33.5757,11,1.0,0.6364,0,0,0,0
2019+,G+B+H,180,18,2019-05-20,False,17.3973,-42.7322,0.8062,22.3127,-42.7322,14.4806,-33.3321,11,1.625,0.7273,0,0,0,0
2019+,G+B+H,180,19,2019-05-27,False,9.6155,-52.7215,0.4809,13.0655,-52.7215,7.9907,-35.2391,11,1.0,0.7273,0,0,0,0
2019+,G+B+H,180,20,2019-06-03,False,11.2833,-36.7531,0.6569,18.792,-33.7719,6.1555,-36.7531,11,1.0,0.4545,0,0,0,0
2019+,G+B+H,180,21,2019-06-11,True,10.1362,-34.4898,0.6308,14.0842,-26.0183,6.4839,-34.4898,11,1.0,0.4545,0,0,0,0
2019+,G+B+H,180,22,2019-06-18,False,4.6337,-30.4856,0.4758,15.1418,-7.172,-4.4209,-29.6502,10,0.0,0.2,0,0,0,0
2019+,G+B+H,180,23,2019-06-25,False,2.8309,-52.9273,0.2568,12.9202,-29.1351,-5.831,-35.331,10,1.0,0.4,0,0,1,0
2019+,G+B+H,180,24,2019-07-02,False,12.6403,-35.2838,0.7622,19.0643,-21.9172,6.9154,-35.2838,10,1.0,0.5,0,0,1,0
2019+,G+B+H,180,25,2019-07-09,False,12.1808,-34.7576,0.7097,20.1688,-18.4327,5.2009,-34.7576,10,1.0,0.5,0,0,1,0
2019+,G+B+H,180,26,2019-07-16,False,8.1328,-29.3097,0.5061,6.9081,-18.7388,9.2519,-29.3097,10,1.0,0.5,0,0,1,0
2019+,G+B+H,180,27,2019-07-23,False,9.684,-29.6227,0.557,4.7229,-26.1326,14.4182,-29.6227,10,1.0,0.6,0,0,2,0
2019+,G+B+H,180,28,2019-07-30,True,10.1574,-31.5257,0.6081,8.3669,-26.7848,11.7876,-31.5257,10,1.0,0.5,0,0,3,0
2019+,G+B+H,180,29,2019-08-06,False,8.5719,-31.3556,0.5207,6.8389,-25.3781,10.1444,-31.3556,10,1.0,0.5,0,0,4,0
2019+,G+B+H,180,30,2019-08-14,False,14.6664,-31.5807,0.7387,18.6565,-25.3084,12.0694,-31.5807,10,1.3974,0.7,0,0,3,0
2019+,G+B+H,180,31,2019-08-22,False,27.2057,-33.3289,1.1912,24.8186,-25.4643,29.898,-33.3289,10,1.8738,0.8,0,0,2,0
2019+,G+B+H,180,32,2019-08-29,False,21.7516,-33.3355,1.0709,20.9041,-20.1092,23.1253,-33.3355,10,1.2926,0.7,0,0,14,0
2019+,G+B+H,180,33,2019-09-06,False,23.8914,-23.9584,1.1765,22.1535,-22.7468,25.9326,-23.9584,10,1.3108,0.7,0,0,2,0
2019+,G+B+H,180,34,2019-09-16,False,14.636,-64.176,0.6053,8.1412,-64.176,21.3561,-31.318,10,1.8948,0.8,0,0,1,0
2019+,G+B+H,180,35,2019-09-23,True,21.3378,-51.9635,0.9297,5.3476,-51.9635,38.2523,-30.1636,10,1.4209,0.8,0,0,1,0
2019+,G+B+H,250,0,2019-01-04,True,20.3187,-40.4251,1.0035,37.9545,-40.4251,5.212,-22.967,8,1.0,0.5,0,0,0,0
2019+,G+B+H,250,1,2019-01-11,False,16.793,-38.6524,0.8095,26.4812,-38.6524,8.3612,-29.5211,8,1.0,0.625,0,0,0,0
2019+,G+B+H,250,2,2019-01-18,False,12.9336,-43.3984,0.6833,27.9731,-43.3984,0.17,-20.8501,8,1.0,0.5,0,0,0,0
2019+,G+B+H,250,3,2019-01-25,False,10.6079,-40.2187,0.6092,24.5456,-40.2187,-1.0476,-27.1119,8,1.0,0.5,0,0,0,0
2019+,G+B+H,250,4,2019-02-01,False,9.4055,-42.7322,0.5934,21.7162,-42.7322,-2.1526,-26.4096,8,1.0,0.375,0,0,1,0
2019+,G+B+H,250,5,2019-02-08,False,9.4574,-45.0714,0.5763,21.0484,-45.0714,-1.4425,-29.3418,8,1.0,0.375,0,0,1,0
2019+,G+B+H,250,6,2019-02-15,False,2.2096,-23.3735,0.2802,4.3858,-23.3735,0.0,0.0,8,0.0,0.125,0,0,0,0
2019+,G+B+H,250,7,2019-02-22,False,2.9207,-22.5532,0.364,5.8313,-22.5532,0.0,0.0,8,0.0,0.125,0,0,0,0
2019+,G+B+H,250,8,2019-03-01,False,4.0219,-21.2545,0.5056,8.0929,-21.2545,0.0,0.0,8,0.0,0.125,0,0,0,0
2019+,G+B+H,250,9,2019-03-11,False,10.1842,-24.644,0.7947,10.0357,-16.7179,10.3042,-24.644,8,0.5,0.375,0,0,0,0
2019+,G+B+H,250,10,2019-03-18,True,-10.0298,-71.5756,-0.3464,-20.8521,-70.2651,4.0652,-29.5267,8,1.0,0.5,0,0,2,0
2019+,G+B+H,250,11,2019-03-26,False,11.7988,-58.3143,0.5722,-2.4563,-58.3143,30.2276,-27.9288,8,1.8671,0.875,0,0,4,0
2019+,G+B+H,250,12,2019-04-02,False,1.3596,-64.2546,0.1801,-16.7416,-64.2546,25.2639,-27.0623,8,1.4375,0.75,0,0,3,0
2019+,G+B+H,250,13,2019-04-09,False,1.358,-63.1563,0.1903,-16.143,-63.1563,24.2671,-28.6567,8,1.42,0.75,0,0,3,0
2019+,G+B+H,250,14,2019-04-16,False,10.0771,-65.9789,0.4816,-9.1165,-65.9789,35.125,-29.2904,8,1.746,0.875,0,0,4,0
2019+,G+B+H,250,15,2019-04-25,False,7.9347,-64.5665,0.4328,-12.0852,-64.5665,32.0472,-30.305,8,1.0,0.75,0,0,3,0
2019+,G+B+H,250,16,2019-05-06,False,14.1608,-66.1664,0.6067,-5.9767,-66.1664,37.91,-30.3747,8,1.5728,0.875,0,0,3,0
2019+,G+B+H,250,17,2019-05-13,False,38.4147,-32.1076,1.6038,31.8244,-21.876,44.9892,-32.1076,8,1.2509,0.75,0,0,4,0
2019+,G+B+H,250,18,2019-05-20,False,30.7614,-29.3088,1.3749,18.0891,-24.9582,44.1739,-29.3088,8,1.3095,0.75,0,0,3,0
2019+,G+B+H,250,19,2019-05-27,False,18.8697,-65.1234,0.7306,2.693,-65.1234,36.7327,-33.5757,8,1.7139,0.875,0,0,2,0
2019+,G+B+H,250,20,2019-06-03,True,24.7386,-33.3321,1.0517,16.8742,-25.3178,32.6599,-33.3321,8,1.2778,0.75,0,0,2,0
2019+,G+B+H,250,21,2019-06-11,False,25.5284,-35.2391,1.1534,17.5302,-30.5783,33.5371,-35.2391,8,1.3697,0.75,0,0,1,0
2019+,G+B+H,250,22,2019-06-18,False,22.292,-36.7531,0.9946,14.224,-31.3711,30.3571,-36.7531,8,1.2687,0.75,0,0,0,0
2019+,G+B+H,250,23,2019-06-25,False,19.761,-35.0405,0.9359,8.7193,-30.6605,31.0824,-35.0405,8,1.3667,0.75,0,0,1,0
2019+,G+B+H,250,24,2019-07-02,False,24.1001,-31.2422,1.0751,9.1531,-30.1068,40.9935,-31.2422,8,1.9236,0.875,0,0,2,0
2019+,G+B+H,250,25,2019-07-09,False,20.4968,-37.9687,0.9671,9.3376,-31.7609,32.4258,-37.9687,8,1.8674,0.875,0,0,1,0
2019+,G+B+H,250,26,2019-07-16,False,23.743,-36.1052,1.1849,16.5599,-34.5472,31.4205,-36.1052,8,1.4062,0.75,0,0,0,0
2019+,G+B+H,250,27,2019-07-23,False,26.8146,-34.8508,1.3025,27.6647,-33.4884,26.5131,-34.8508,8,1.4211,0.75,0,0,0,0
2019+,G+B+H,250,28,2019-07-30,False,30.0586,-32.5574,1.3875,26.7121,-32.5574,33.9086,-29.8092,8,1.4333,0.75,0,0,0,0
2019+,G+B+H,250,29,2019-08-06,True,21.9311,-37.8103,1.0545,8.621,-37.8103,36.3924,-29.6227,8,1.4231,0.75,0,0,0,0
2019+,G+B+H,250,30,2019-08-14,False,19.8051,-31.5257,1.1047,12.0779,-19.2425,28.2132,-31.5257,8,1.0,0.5,0,0,1,0
2019+,G+B+H,250,31,2019-08-22,False,34.5025,-36.465,1.4076,16.9451,-36.465,54.203,-31.3556,8,1.8689,0.75,0,0,1,0
2019+,G+B+H,250,32,2019-08-29,False,36.9795,-31.5807,1.5148,31.0742,-26.8145,44.2494,-31.5807,7,1.7949,0.8571,0,0,1,0
2019+,G+B+H,250,33,2019-09-06,False,29.109,-33.3289,1.321,33.2517,-21.0076,26.9176,-33.3289,7,1.6579,0.7143,0,0,0,0
2019+,G+B+H,250,34,2019-09-16,False,19.8582,-64.176,0.7424,9.4933,-64.176,31.456,-38.1178,7,2.0,1.0,0,0,0,0
2019+,G+B+H,250,35,2019-09-23,False,1.0375,-51.9635,0.1604,-12.7845,-51.9635,14.8875,-28.1381,7,1.0,0.5714,0,0,1,0
2019+,G+B+H,250,36,2019-09-30,False,23.5981,-35.4761,1.078,22.2783,-26.7848,26.5256,-35.4761,7,1.8261,0.8571,0,0,3,0
2019+,G+B+H,250,37,2019-10-09,False,21.2375,-35.9163,0.9913,30.4648,-35.9163,13.7472,-28.1897,7,1.0,0.7143,0,0,1,0
2019+,G+B+H,250,38,2019-10-16,False,9.1923,-35.1596,0.5873,22.0795,-35.1596,-0.7852,-26.7436,7,1.0,0.5714,0,0,1,0
2019+,G+B+H,250,39,2019-10-24,True,19.6458,-31.4248,1.1176,23.16,-31.4248,18.0971,-9.1542,7,1.0,0.5714,0,0,1,0
2019+,G+B+H,250,40,2019-11-01,False,25.3847,-32.9645,1.3189,19.306,-32.9645,32.2732,-13.9442,7,1.0,0.5714,0,0,10,0
2019+,G+B+H,250,41,2019-11-08,False,25.4173,-35.5744,1.1624,23.8535,-35.5744,27.7886,-14.198,7,1.8919,0.7143,0,0,1,0
2019+,G+B+H,250,42,2019-11-18,False,19.149,-37.3852,1.0656,25.8591,-37.3852,13.7783,-14.7284,7,1.0,0.4286,0,0,0,0
2019+,G+B+H,250,43,2019-11-25,False,26.1145,-35.153,1.1728,27.8137,-29.8062,25.7364,-35.153,7,1.0,0.7143,0,0,0,0
2019+,G+B+H,250,44,2019-12-02,False,56.1015,-37.3902,1.8771,105.548,-37.0367,25.3067,-37.3902,7,1.0,0.7143,0,0,0,0
2019+,G+B+H,250,45,2019-12-09,False,31.5477,-35.9676,1.4361,29.8579,-35.9676,33.8142,-16.2707,7,1.0,0.5714,0,0,0,0
2019+,G+B+H,250,46,2019-12-16,False,36.6014,-39.9149,1.4861,48.935,-39.9149,30.2865,-19.5103,7,1.0,0.5714,0,0,0,0
2019+,G+B+H,250,47,2019-12-23,False,40.7406,-37.2731,1.7954,77.0924,-37.2731,16.8085,-13.4141,7,1.0,0.4286,0,0,0,0
2019+,G+B+H,250,48,2019-12-31,False,31.8369,-37.0413,1.3041,43.9489,-37.0413,24.1791,-18.2299,7,1.7143,0.7143,0,0,0,0
2019+,G+B+H,250,49,2020-01-07,True,28.2963,-35.9515,1.2069,54.7008,-35.9515,11.8975,-15.0603,7,1.0,0.5714,0,0,0,0
2019+,MODEL top-10,30,0,2019-01-04,True,29.6067,-61.1594,1.0251,17.5677,-61.1594,44.9329,-32.6531,64,1.614,1.0,0,0,1,0
2019+,MODEL top-10,30,1,2019-01-11,True,18.1692,-63.1684,0.7078,1.529,-63.1684,40.9225,-45.5693,64,1.6011,1.0,0,0,0,0
2019+,MODEL top-10,30,2,2019-01-18,True,17.0975,-60.1655,0.6808,0.1345,-60.1655,39.4577,-42.2062,64,1.6,0.9844,0,0,10,0
2019+,MODEL top-10,30,3,2019-01-25,True,29.3064,-65.8997,1.0178,18.6423,-65.8997,44.3729,-37.0974,64,1.6047,1.0,0,0,1,0
2019+,MODEL top-10,30,4,2019-02-01,True,36.9549,-58.9647,1.224,34.593,-58.9647,41.0793,-33.1866,63,1.6,1.0,0,0,1,0
2019+,MODEL top-10,30,5,2019-02-08,True,42.3006,-48.372,1.338,47.0618,-48.372,38.2334,-47.6582,63,1.625,1.0,0,0,1,0
2019+,MODEL top-10,60,0,2019-01-04,True,18.1326,-64.4515,0.7157,7.5678,-64.4515,31.6035,-43.3856,32,1.8008,1.0,0,0,1,0
2019+,MODEL top-10,60,1,2019-01-11,False,14.8479,-69.8281,0.6092,-7.7196,-69.8281,47.0553,-39.3644,32,1.8238,1.0,0,0,0,0
2019+,MODEL top-10,60,2,2019-01-18,True,23.4625,-59.9941,0.8476,4.4276,-59.9941,48.7234,-29.6876,32,1.8,1.0,0,0,0,0
2019+,MODEL top-10,60,3,2019-01-25,False,15.6988,-65.4848,0.644,1.7062,-65.4848,35.1643,-39.7818,32,1.8,1.0,0,0,0,0
2019+,MODEL top-10,60,4,2019-02-01,True,24.7767,-51.8472,0.913,8.2724,-51.8472,46.4235,-40.9132,32,1.7238,1.0,0,0,2,0
2019+,MODEL top-10,60,5,2019-02-08,False,39.4855,-49.4161,1.2982,45.0969,-46.3615,34.9395,-49.4161,32,1.8,1.0,0,0,2,0
2019+,MODEL top-10,60,6,2019-02-15,False,34.8482,-52.4426,1.1727,27.476,-52.4426,44.3081,-43.7787,32,1.8,1.0,0,0,1,0
2019+,MODEL top-10,60,7,2019-02-22,True,22.3214,-56.9673,0.8337,22.8577,-56.9673,23.2486,-49.7782,32,1.8,1.0,0,0,2,0
2019+,MODEL top-10,60,8,2019-03-01,False,13.3113,-57.4181,0.5827,14.1071,-56.8804,14.0366,-57.4181,32,1.8,0.9688,0,0,11,0
2019+,MODEL top-10,60,9,2019-03-11,True,44.66,-58.7609,1.408,41.6438,-58.7609,50.2475,-40.2199,32,1.8,1.0,0,0,1,0
2019+,MODEL top-10,60,10,2019-03-18,False,34.6257,-58.7383,1.1756,33.0461,-58.7383,37.9148,-36.9669,31,1.8,1.0,0,0,0,0
2019+,MODEL top-10,60,11,2019-03-26,True,29.4101,-59.1084,1.0312,19.758,-59.1084,41.6165,-47.1902,31,1.8,1.0,0,0,1,0
2019+,MODEL top-10,90,0,2019-01-04,True,25.5646,-55.041,0.9203,18.6092,-55.041,35.3036,-36.9994,22,1.8,1.0,0,0,0,0
2019+,MODEL top-10,90,1,2019-01-11,False,16.9391,-62.5791,0.6759,4.975,-62.5791,32.6412,-53.4183,22,1.9075,1.0,0,0,1,0
2019+,MODEL top-10,90,2,2019-01-18,False,22.1526,-58.1443,0.8288,15.3313,-58.1443,31.0752,-42.8922,22,1.9058,1.0,0,0,1,0
2019+,MODEL top-10,90,3,2019-01-25,True,14.4544,-65.6907,0.6141,6.2155,-65.6907,24.7462,-47.2693,22,1.8169,1.0,0,0,1,0
2019+,MODEL top-10,90,4,2019-02-01,False,28.0204,-55.2995,1.001,15.2783,-55.2995,43.704,-40.7322,21,1.8756,1.0,0,0,0,0
2019+,MODEL top-10,90,5,2019-02-08,False,29.2938,-59.5928,1.035,24.5673,-59.5928,35.6538,-46.4755,21,1.8,1.0,0,0,0,0
2019+,MODEL top-10,90,6,2019-02-15,False,23.6541,-57.4024,0.8839,20.7087,-57.4024,28.0376,-55.0764,21,1.829,1.0,0,0,0,0
2019+,MODEL top-10,90,7,2019-02-22,True,21.6528,-57.4359,0.8262,10.2178,-57.4359,36.2978,-47.4064,21,1.8005,1.0,0,0,1,0
2019+,MODEL top-10,90,8,2019-03-01,False,24.3733,-50.1001,0.9207,20.4463,-47.8303,30.2455,-50.1001,21,1.8589,1.0,0,0,1,0
2019+,MODEL top-10,90,9,2019-03-11,False,38.0345,-49.3054,1.2756,31.1508,-49.3054,47.8398,-36.0906,21,1.8518,1.0,0,0,0,0
2019+,MODEL top-10,90,10,2019-03-18,True,38.5214,-43.497,1.3061,34.6457,-43.497,44.2933,-27.4083,21,1.8,1.0,0,0,1,0
2019+,MODEL top-10,90,11,2019-03-26,False,23.8096,-60.7593,0.8835,17.2748,-60.7593,32.368,-34.1197,21,1.8,1.0,0,0,1,0
2019+,MODEL top-10,90,12,2019-04-02,False,36.4547,-53.3011,1.2433,24.023,-53.3011,51.3154,-29.61,21,1.8,1.0,0,0,1,0
2019+,MODEL top-10,90,13,2019-04-09,False,24.1527,-54.9957,0.882,26.6979,-54.9957,23.517,-39.8401,21,1.8,1.0,0,0,2,0
2019+,MODEL top-10,90,14,2019-04-16,True,19.5481,-62.8145,0.7572,0.508,-62.8145,43.3321,-41.213,21,1.8,0.9524,0,0,10,0
2019+,MODEL top-10,90,15,2019-04-25,False,22.9267,-63.3791,0.8417,11.3461,-63.3791,38.2343,-42.4301,21,1.8051,1.0,0,0,0,0
2019+,MODEL top-10,90,16,2019-05-06,False,24.8881,-56.8048,0.9073,3.3786,-56.8048,51.964,-38.1015,21,1.8,1.0,0,0,0,0
2019+,MODEL top-10,90,17,2019-05-13,True,44.6905,-42.2629,1.4472,26.3671,-42.2629,66.3261,-41.211,21,2.0,1.0,0,0,1,0
2019+,MODEL top-10,100,0,2019-01-04,True,25.2892,-46.2383,0.9401,7.4402,-46.2383,49.6549,-31.3164,20,1.8,0.95,0,0,10,0
2019+,MODEL top-10,100,1,2019-01-11,False,31.0811,-57.1285,1.066,11.178,-57.1285,57.8483,-34.3468,20,1.8,1.0,0,0,0,0
2019+,MODEL top-10,100,2,2019-01-18,False,36.7047,-55.7389,1.2003,20.7964,-55.7389,57.2572,-33.0872,19,2.0,1.0,0,0,0,0
2019+,MODEL top-10,100,3,2019-01-25,False,25.9468,-57.197,0.9386,14.2767,-57.197,40.5181,-40.6309,19,1.8408,1.0,0,0,1,0
2019+,MODEL top-10,100,4,2019-02-01,True,26.6992,-54.7935,0.9499,10.7188,-54.7935,46.7502,-42.1136,19,1.8,1.0,0,0,0,0
2019+,MODEL top-10,100,5,2019-02-08,False,24.6373,-59.0744,0.894,10.898,-59.0744,42.0574,-48.7381,19,1.8017,1.0,0,0,1,0
2019+,MODEL top-10,100,6,2019-02-15,False,19.7458,-54.746,0.7723,12.1416,-54.746,29.4415,-47.5726,19,2.0,1.0,0,0,0,0
2019+,MODEL top-10,100,7,2019-02-22,False,23.3129,-56.6234,0.8641,16.6898,-56.6234,32.1023,-47.6241,19,1.8,1.0,0,0,1,0
2019+,MODEL top-10,100,8,2019-03-01,True,23.0237,-53.9507,0.8617,20.7883,-53.3011,27.0352,-53.9507,19,1.8032,1.0,0,0,1,0
2019+,MODEL top-10,100,9,2019-03-11,False,14.258,-61.8332,0.5979,12.3086,-61.8332,18.2877,-54.3637,19,1.8117,1.0,0,0,1,0
2019+,MODEL top-10,100,10,2019-03-18,False,24.5625,-58.1342,0.9199,13.3886,-58.1342,38.7008,-34.6958,19,2.0,1.0,0,0,0,0
2019+,MODEL top-10,100,11,2019-03-26,True,16.5033,-54.3198,0.691,26.2652,-53.7002,8.7945,-54.3198,19,2.0,1.0,0,0,0,0
2019+,MODEL top-10,100,12,2019-04-02,False,19.8829,-52.5656,0.7881,21.592,-50.0384,19.1646,-52.5656,19,2.0,1.0,0,0,1,0
2019+,MODEL top-10,100,13,2019-04-09,False,24.2956,-52.1789,0.9204,17.2514,-48.7516,33.7291,-52.1789,19,1.8269,1.0,0,0,2,0
2019+,MODEL top-10,100,14,2019-04-16,False,32.4739,-53.1267,1.1139,13.4215,-53.1267,55.944,-44.3693,19,1.8,1.0,0,0,2,0
2019+,MODEL top-10,100,15,2019-04-25,True,28.799,-58.9314,1.0176,7.1824,-58.9314,57.4156,-43.3909,19,1.8023,1.0,0,0,0,0
2019+,MODEL top-10,100,16,2019-05-06,False,27.8916,-61.8273,1.0128,19.839,-61.8273,37.8748,-46.5992,19,1.8646,1.0,0,0,0,0
2019+,MODEL top-10,100,17,2019-05-13,False,33.692,-56.2609,1.1614,22.6494,-56.2609,46.2979,-25.7566,19,1.8032,1.0,0,0,0,0
2019+,MODEL top-10,100,18,2019-05-20,False,34.61,-52.7306,1.1804,27.0056,-52.7306,43.467,-28.3945,19,2.0,1.0,0,0,0,0
2019+,MODEL top-10,100,19,2019-05-27,True,39.9293,-59.3146,1.3059,29.7911,-59.3146,52.0324,-35.1649,19,1.8,1.0,0,0,0,0
2019+,MODEL top-10,180,0,2019-01-04,True,22.6316,-59.0102,0.8456,10.1798,-59.0102,39.3935,-37.8632,11,2.0,1.0,0,0,0,0
2019+,MODEL top-10,180,1,2019-01-11,False,24.2974,-58.7867,0.8689,4.4218,-58.7867,51.2265,-48.0824,11,2.0,1.0,0,0,0,0
2019+,MODEL top-10,180,2,2019-01-18,False,35.7585,-55.5203,1.2083,21.7329,-55.5203,53.7739,-37.5331,11,2.0,1.0,0,0,0,0
2019+,MODEL top-10,180,3,2019-01-25,False,21.2102,-59.8883,0.8187,5.9148,-59.8883,40.7018,-42.7913,11,2.0,1.0,0,0,0,0
2019+,MODEL top-10,180,4,2019-02-01,False,30.3056,-51.6794,1.0647,16.8857,-51.6794,46.8504,-39.9761,11,1.8618,1.0,0,0,0,0
2019+,MODEL top-10,180,5,2019-02-08,False,31.3922,-55.6337,1.1348,25.1683,-55.6337,39.4756,-41.7915,11,2.0,1.0,0,0,0,0
2019+,MODEL top-10,180,6,2019-02-15,False,32.569,-52.5491,1.1509,21.6198,-52.5491,46.345,-44.3693,11,2.0,1.0,0,0,0,0
2019+,MODEL top-10,180,7,2019-02-22,True,27.3798,-51.5674,1.017,19.0528,-51.5674,38.1989,-44.0995,11,2.0,1.0,0,0,2,0
2019+,MODEL top-10,180,8,2019-03-01,False,33.1184,-55.001,1.2024,34.7622,-42.1352,33.1859,-55.001,11,2.0,1.0,0,0,1,0
2019+,MODEL top-10,180,9,2019-03-11,False,35.2467,-44.0785,1.2273,23.5712,-44.0785,50.7423,-34.8821,11,2.0,1.0,0,0,2,0
2019+,MODEL top-10,180,10,2019-03-18,False,39.3484,-46.4897,1.3712,28.3495,-46.4897,53.2784,-34.4992,11,2.0,1.0,0,0,0,0
2019+,MODEL top-10,180,11,2019-03-26,False,30.044,-49.0746,1.0932,15.5956,-49.0746,48.1895,-35.6593,11,2.0,1.0,0,0,0,0
2019+,MODEL top-10,180,12,2019-04-02,False,33.8818,-55.6912,1.1997,14.313,-55.6912,58.0518,-30.6842,11,2.0,1.0,0,0,0,0
2019+,MODEL top-10,180,13,2019-04-09,False,18.3807,-59.8987,0.731,12.1441,-59.8987,26.8492,-41.25,11,2.0,1.0,0,0,1,0
2019+,MODEL top-10,180,14,2019-04-16,True,36.6636,-60.3741,1.2098,15.6845,-60.3741,62.6849,-44.964,11,1.8,1.0,0,0,0,0
2019+,MODEL top-10,180,15,2019-04-25,False,20.1542,-60.7136,0.7793,9.5439,-60.7136,34.2648,-50.1929,11,2.0,1.0,0,0,0,0
2019+,MODEL top-10,180,16,2019-05-06,False,31.9504,-54.1573,1.0914,14.3851,-54.1573,53.46,-39.4227,11,2.0,1.0,0,0,0,0
2019+,MODEL top-10,180,17,2019-05-13,False,43.197,-41.8376,1.4013,30.1119,-41.3588,59.5788,-41.8376,11,2.0,1.0,0,0,0,0
2019+,MODEL top-10,180,18,2019-05-20,False,41.317,-50.2846,1.3288,41.222,-50.2846,43.2077,-39.4188,11,2.0,1.0,0,0,0,0
2019+,MODEL top-10,180,19,2019-05-27,False,32.457,-59.3139,1.1092,29.3226,-59.3139,37.7911,-48.0621,11,2.0,1.0,0,0,0,0
2019+,MODEL top-10,180,20,2019-06-03,False,26.3549,-56.6804,0.9573,15.7688,-56.6804,39.0241,-48.8879,11,2.0,1.0,0,0,0,0
2019+,MODEL top-10,180,21,2019-06-11,True,24.0364,-57.0618,0.9051,14.4078,-57.0618,35.0374,-41.9868,11,2.0,1.0,0,0,0,0
2019+,MODEL top-10,180,22,2019-06-18,False,25.9366,-57.1611,0.945,18.8799,-57.1611,33.7822,-49.3218,10,2.0,1.0,0,0,0,0
2019+,MODEL top-10,180,23,2019-06-25,False,26.7896,-65.0819,0.9353,19.4908,-65.0819,35.7167,-50.1375,10,2.0,1.0,0,0,0,0
2019+,MODEL top-10,180,24,2019-07-02,False,34.0057,-53.2339,1.1732,34.7969,-49.2099,33.8611,-53.2339,10,2.0,1.0,0,0,0,0
2019+,MODEL top-10,180,25,2019-07-09,False,27.2562,-52.6982,0.9683,11.9462,-52.6982,44.3658,-46.9613,10,2.0,1.0,0,0,0,0
2019+,MODEL top-10,180,26,2019-07-16,False,29.5531,-48.8475,1.046,24.6107,-48.8475,35.9978,-43.9276,10,2.0,1.0,0,0,0,0
2019+,MODEL top-10,180,27,2019-07-23,False,31.1375,-50.2652,1.0968,33.671,-50.2652,29.9458,-42.247,10,2.0,1.0,0,0,0,0
2019+,MODEL top-10,180,28,2019-07-30,True,26.9222,-47.6368,0.9799,27.1344,-47.6368,28.4482,-43.8825,10,2.0,1.0,0,0,0,0
2019+,MODEL top-10,180,29,2019-08-06,False,19.1097,-57.1275,0.7272,23.1796,-57.1275,17.2211,-47.5137,10,2.0,1.0,0,0,0,0
2019+,MODEL top-10,180,30,2019-08-14,False,41.487,-45.073,1.3617,49.0044,-45.073,36.4497,-40.1034,10,2.0,1.0,0,0,0,0
2019+,MODEL top-10,180,31,2019-08-22,False,33.9528,-49.1813,1.1489,61.4809,-47.8615,14.7908,-49.1813,10,2.0,1.0,0,0,0,0
2019+,MODEL top-10,180,32,2019-08-29,False,19.1585,-54.2412,0.7801,22.4922,-48.3474,17.3322,-54.2412,10,1.9,0.9,0,0,11,0
2019+,MODEL top-10,180,33,2019-09-06,False,30.2408,-50.1246,1.0446,48.0794,-50.1246,17.3263,-49.4266,10,2.0,1.0,0,0,1,0
2019+,MODEL top-10,180,34,2019-09-16,False,37.7545,-50.3283,1.2556,26.5129,-50.3283,49.5706,-36.2419,10,2.0,1.0,0,0,1,0
2019+,MODEL top-10,180,35,2019-09-23,True,50.8872,-53.1768,1.5576,42.489,-53.1768,60.3003,-32.6654,10,1.8093,1.0,0,0,0,0
2019+,MODEL top-10,250,0,2019-01-04,True,25.3718,-61.7551,0.9376,15.2808,-61.7551,38.4337,-33.2684,8,2.0,1.0,0,0,1,0
2019+,MODEL top-10,250,1,2019-01-11,False,23.9204,-63.5837,0.8939,14.8569,-63.5837,35.4667,-30.0614,8,2.0,1.0,0,0,1,0
2019+,MODEL top-10,250,2,2019-01-18,False,21.7786,-52.0541,0.8437,18.6487,-52.0541,26.5943,-36.9921,8,2.0,1.0,0,0,1,0
2019+,MODEL top-10,250,3,2019-01-25,False,24.2967,-48.6803,0.9004,13.6068,-48.6803,37.9446,-39.7932,8,2.0,1.0,0,0,0,0
2019+,MODEL top-10,250,4,2019-02-01,False,38.313,-54.5867,1.2676,24.7473,-54.5867,55.7735,-36.0515,8,2.0,1.0,0,0,0,0
2019+,MODEL top-10,250,5,2019-02-08,False,29.2496,-55.7135,1.0345,26.4597,-55.7135,33.5829,-38.4421,8,2.0,1.0,0,0,1,0
2019+,MODEL top-10,250,6,2019-02-15,False,20.0789,-57.5622,0.773,15.3856,-57.5622,27.6459,-43.5646,8,2.0,1.0,0,0,0,0
2019+,MODEL top-10,250,7,2019-02-22,False,25.1423,-58.8555,0.9225,21.0172,-58.8555,31.9197,-37.0655,8,2.0,1.0,0,0,1,0
2019+,MODEL top-10,250,8,2019-03-01,False,24.8625,-55.5151,0.9206,25.1002,-55.5151,25.7828,-42.2875,8,2.0,1.0,0,0,0,0
2019+,MODEL top-10,250,9,2019-03-11,False,31.7644,-47.0349,1.1108,34.9628,-47.0349,30.9056,-44.2724,8,2.0,1.0,0,0,0,0
2019+,MODEL top-10,250,10,2019-03-18,True,29.6247,-51.3315,1.0653,22.8228,-51.3315,38.6435,-40.1626,8,2.0,1.0,0,0,0,0
2019+,MODEL top-10,250,11,2019-03-26,False,28.0709,-53.2637,0.9834,23.4347,-53.2637,35.667,-38.1091,8,2.0,1.0,0,0,0,0
2019+,MODEL top-10,250,12,2019-04-02,False,30.0383,-53.0507,1.0443,19.7143,-53.0507,43.0929,-40.0638,8,2.0,1.0,0,0,0,0
2019+,MODEL top-10,250,13,2019-04-09,False,28.0317,-55.1936,1.0194,21.7971,-55.1936,36.8052,-36.1398,8,2.0,1.0,0,0,0,0
2019+,MODEL top-10,250,14,2019-04-16,False,41.2067,-57.5987,1.325,22.5386,-57.5987,64.401,-36.049,8,2.0,1.0,0,0,1,0
2019+,MODEL top-10,250,15,2019-04-25,False,34.1874,-51.2678,1.13,12.9052,-51.2678,60.3192,-40.1104,8,2.0,1.0,0,0,1,0
2019+,MODEL top-10,250,16,2019-05-06,False,29.7382,-59.9433,1.0149,17.488,-59.9433,43.7674,-44.26,8,2.0,1.0,0,0,0,0
2019+,MODEL top-10,250,17,2019-05-13,False,31.0062,-49.0631,1.0866,17.768,-49.0631,47.0704,-43.5419,8,2.0,1.0,0,0,0,0
2019+,MODEL top-10,250,18,2019-05-20,False,23.2517,-53.7961,0.8856,11.1566,-53.7961,36.8151,-35.3888,8,2.0,1.0,0,0,0,0
2019+,MODEL top-10,250,19,2019-05-27,False,16.0404,-60.1224,0.664,4.7023,-60.1224,29.0273,-47.576,8,2.0,1.0,0,0,0,0
2019+,MODEL top-10,250,20,2019-06-03,True,13.81,-52.1883,0.6063,1.7589,-52.1883,28.3101,-41.8409,8,2.0,1.0,0,0,0,0
2019+,MODEL top-10,250,21,2019-06-11,False,16.317,-48.4251,0.6856,11.9512,-48.4251,21.6865,-42.5401,8,2.0,1.0,0,0,0,0
2019+,MODEL top-10,250,22,2019-06-18,False,15.8668,-55.6628,0.6671,0.0191,-55.6628,34.9749,-41.4028,8,2.0,1.0,0,0,0,0
2019+,MODEL top-10,250,23,2019-06-25,False,15.0696,-64.6102,0.6257,0.7551,-64.6102,32.2852,-39.1478,8,2.0,1.0,0,0,1,0
2019+,MODEL top-10,250,24,2019-07-02,False,23.8824,-49.2099,0.8757,17.7483,-49.2099,31.3207,-40.4566,8,2.0,1.0,0,0,1,0
2019+,MODEL top-10,250,25,2019-07-09,False,23.6878,-52.6982,0.8667,4.8263,-52.6982,46.197,-42.6708,8,2.0,1.0,0,0,1,0
2019+,MODEL top-10,250,26,2019-07-16,False,28.5691,-48.8475,1.0415,20.2523,-48.8475,37.9912,-40.0219,8,2.0,1.0,0,0,0,0
2019+,MODEL top-10,250,27,2019-07-23,False,40.9751,-50.2652,1.3533,46.4033,-50.2652,37.4041,-46.9613,8,2.0,1.0,0,0,0,0
2019+,MODEL top-10,250,28,2019-07-30,False,36.4378,-47.6368,1.2486,29.7159,-47.6368,43.9637,-43.9276,8,2.0,1.0,0,0,0,0
2019+,MODEL top-10,250,29,2019-08-06,True,26.9563,-57.1275,0.9759,18.3836,-57.1275,36.7786,-36.7456,8,2.0,1.0,0,0,0,0
2019+,MODEL top-10,250,30,2019-08-14,False,49.501,-45.073,1.5901,40.2851,-45.073,60.49,-40.4817,8,2.0,1.0,0,0,0,0
2019+,MODEL top-10,250,31,2019-08-22,False,37.4942,-47.8615,1.2844,38.4297,-47.8615,38.1882,-40.5202,8,2.0,1.0,0,0,0,0
2019+,MODEL top-10,250,32,2019-08-29,False,45.801,-48.3474,1.4927,58.7607,-48.3474,36.4112,-42.6137,7,2.0,1.0,0,0,1,0
2019+,MODEL top-10,250,33,2019-09-06,False,41.2112,-50.1246,1.3527,39.5509,-50.1246,43.7106,-46.1189,7,2.0,1.0,0,0,1,0
2019+,MODEL top-10,250,34,2019-09-16,False,38.1953,-50.3283,1.2624,35.7135,-50.3283,41.2333,-49.5626,7,2.0,1.0,0,0,1,0
2019+,MODEL top-10,250,35,2019-09-23,False,28.0404,-53.1768,1.0308,28.2798,-53.1768,29.0305,-45.5701,7,2.0,1.0,0,0,0,0
2019+,MODEL top-10,250,36,2019-09-30,False,40.5736,-52.0296,1.3773,35.627,-52.0296,46.4026,-36.2419,7,2.0,1.0,0,0,0,0
2019+,MODEL top-10,250,37,2019-10-09,False,35.7528,-49.182,1.2417,38.7797,-49.182,34.7717,-33.5461,7,2.0,1.0,0,0,0,0
2019+,MODEL top-10,250,38,2019-10-16,False,57.5829,-55.1367,1.722,59.5114,-55.1367,57.9241,-36.7823,7,2.0,1.0,0,0,2,0
2019+,MODEL top-10,250,39,2019-10-24,True,64.7559,-51.5024,1.8446,56.5206,-51.5024,74.8944,-48.0824,7,2.0,1.0,0,0,1,0
2019+,MODEL top-10,250,40,2019-11-01,False,57.1486,-44.6704,1.8966,47.626,-44.6704,67.6287,-34.3957,7,1.8,0.8571,0,0,10,0
2019+,MODEL top-10,250,41,2019-11-08,False,55.5993,-51.2191,1.7298,51.0496,-51.2191,61.3918,-39.576,7,2.0,1.0,0,0,0,0
2019+,MODEL top-10,250,42,2019-11-18,False,50.509,-42.8451,1.6232,52.8653,-42.0085,49.6921,-38.5399,7,2.0,1.0,0,0,0,0
2019+,MODEL top-10,250,43,2019-11-25,False,49.6583,-41.7915,1.5875,37.3043,-38.0648,63.0668,-41.7915,7,2.0,1.0,0,0,1,0
2019+,MODEL top-10,250,44,2019-12-02,False,42.7181,-44.3693,1.433,24.7061,-42.1352,60.9183,-44.3693,7,2.0,1.0,0,0,0,0
2019+,MODEL top-10,250,45,2019-12-09,False,35.3413,-50.3506,1.2105,37.3684,-49.8006,36.3711,-44.7036,7,2.0,1.0,0,0,0,0
2019+,MODEL top-10,250,46,2019-12-16,False,32.7722,-48.9552,1.1545,30.9597,-42.7426,35.8274,-48.9552,7,2.0,1.0,0,0,0,0
2019+,MODEL top-10,250,47,2019-12-23,False,28.9421,-46.9199,1.0206,21.345,-46.9199,36.7658,-37.0969,7,2.0,1.0,0,0,0,0
2019+,MODEL top-10,250,48,2019-12-31,False,27.5551,-53.3011,0.9775,31.9483,-53.3011,25.3852,-41.2926,7,2.0,1.0,0,0,0,0
2019+,MODEL top-10,250,49,2020-01-07,True,24.6181,-54.9957,0.8982,25.425,-54.9957,24.9535,-44.5284,7,2.0,1.0,0,0,0,0
2019+,MODEL top-20,30,0,2019-01-04,True,29.0414,-54.9871,1.0709,15.446,-54.9871,46.4676,-31.6935,64,1.5182,1.0,0,0,2,0
2019+,MODEL top-20,30,1,2019-01-11,True,19.5613,-62.2158,0.7923,3.799,-62.2158,40.7102,-42.6458,64,1.5043,1.0,0,0,0,0
2019+,MODEL top-20,30,2,2019-01-18,True,23.5165,-60.7846,0.9262,9.2748,-60.7846,42.4615,-41.1594,64,1.4907,0.9844,0,0,21,0
2019+,MODEL top-20,30,3,2019-01-25,True,24.7832,-57.9433,0.9429,22.9926,-57.9433,28.3004,-42.4757,64,1.5066,1.0,0,0,1,0
2019+,MODEL top-20,30,4,2019-02-01,True,27.5593,-62.2737,1.0415,20.4698,-62.2737,36.9546,-32.6502,63,1.511,1.0,0,0,1,0
2019+,MODEL top-20,30,5,2019-02-08,True,28.4454,-53.0254,1.0634,29.3829,-53.0254,28.5991,-42.232,63,1.5494,1.0,0,0,3,0
2019+,MODEL top-20,60,0,2019-01-04,True,22.5148,-56.5663,0.8756,12.8363,-56.5663,34.8452,-43.0193,32,1.8,1.0,0,0,2,0
2019+,MODEL top-20,60,1,2019-01-11,False,17.2461,-65.3087,0.7184,-2.2968,-65.3087,44.1175,-44.7088,32,1.8,1.0,0,0,0,0
2019+,MODEL top-20,60,2,2019-01-18,True,18.9741,-61.0093,0.7741,5.9585,-61.0093,36.2781,-34.6952,32,1.7061,1.0,0,0,0,0
2019+,MODEL top-20,60,3,2019-01-25,False,15.4591,-62.0605,0.664,7.9499,-62.0605,25.5071,-44.7759,32,1.7237,1.0,0,0,0,0
2019+,MODEL top-20,60,4,2019-02-01,True,18.5362,-63.7334,0.7752,4.2282,-63.7334,37.1592,-36.4565,32,1.7061,1.0,0,0,2,0
2019+,MODEL top-20,60,5,2019-02-08,False,26.5697,-49.4449,1.0242,28.3979,-49.4449,25.8325,-42.1358,32,1.724,1.0,0,0,3,0
2019+,MODEL top-20,60,6,2019-02-15,False,25.4126,-53.2802,0.9739,19.8558,-53.2802,33.4201,-42.6601,32,1.7,1.0,0,0,1,0
2019+,MODEL top-20,60,7,2019-02-22,True,21.2885,-56.9038,0.856,18.9533,-56.9038,25.2896,-42.9957,32,1.7173,1.0,0,0,2,0
2019+,MODEL top-20,60,8,2019-03-01,False,25.1109,-56.8175,0.9879,18.616,-56.8175,34.0971,-44.28,32,1.7463,0.9688,0,0,23,0
2019+,MODEL top-20,60,9,2019-03-11,True,32.7089,-54.0179,1.185,33.3353,-54.0179,33.9084,-42.3996,32,1.7078,1.0,0,0,1,0
2019+,MODEL top-20,60,10,2019-03-18,False,30.3554,-55.0186,1.1342,29.5646,-55.0186,32.7541,-42.8895,31,1.7093,1.0,0,0,1,0
2019+,MODEL top-20,60,11,2019-03-26,True,24.738,-61.3913,0.9519,19.5353,-61.3913,31.2617,-47.7061,31,1.6233,1.0,0,0,1,0
2019+,MODEL top-20,90,0,2019-01-04,True,24.1289,-51.2569,0.9426,14.8519,-51.2569,36.1932,-36.621,22,1.7301,1.0,0,0,1,0
2019+,MODEL top-20,90,1,2019-01-11,False,16.8929,-55.5791,0.7107,6.7834,-55.5791,30.424,-48.2408,22,1.8548,1.0,0,0,2,0
2019+,MODEL top-20,90,2,2019-01-18,False,23.0148,-56.4777,0.9109,19.0662,-56.4777,28.6967,-39.1781,22,1.8008,1.0,0,0,1,0
2019+,MODEL top-20,90,3,2019-01-25,True,18.5222,-54.1653,0.7694,19.775,-54.1653,18.8638,-42.097,22,1.8,1.0,0,0,1,0
2019+,MODEL top-20,90,4,2019-02-01,False,22.8449,-58.3124,0.9153,18.1669,-58.3124,29.2889,-43.5154,21,1.8,1.0,0,0,1,0
2019+,MODEL top-20,90,5,2019-02-08,False,21.236,-60.7435,0.8614,17.8021,-60.7435,25.9141,-40.874,21,1.8,1.0,0,0,0,0
2019+,MODEL top-20,90,6,2019-02-15,False,20.6314,-63.2795,0.8298,17.9377,-63.2795,25.3647,-54.9823,21,1.803,1.0,0,0,1,0
2019+,MODEL top-20,90,7,2019-02-22,True,19.0511,-62.7772,0.8021,9.397,-62.7772,31.5119,-43.2391,21,1.8036,1.0,0,0,1,0
2019+,MODEL top-20,90,8,2019-03-01,False,29.1703,-54.0846,1.1162,20.919,-54.0846,40.2477,-43.1414,21,1.8,1.0,0,0,2,0
2019+,MODEL top-20,90,9,2019-03-11,False,33.7265,-50.2146,1.2354,28.9041,-50.2146,40.7389,-38.5575,21,1.818,1.0,0,0,0,0
2019+,MODEL top-20,90,10,2019-03-18,True,32.4366,-56.1232,1.2131,23.4734,-56.1232,43.8878,-30.8176,21,1.8,1.0,0,0,1,0
2019+,MODEL top-20,90,11,2019-03-26,False,30.5333,-54.5605,1.1172,26.3562,-54.5605,35.9562,-37.4969,21,1.7003,1.0,0,0,2,0
2019+,MODEL top-20,90,12,2019-04-02,False,27.9535,-50.1981,1.0554,20.4735,-50.1981,37.0116,-30.9302,21,1.8,1.0,0,0,1,0
2019+,MODEL top-20,90,13,2019-04-09,False,26.8163,-56.6675,1.0094,20.2131,-56.6675,35.4803,-37.4166,21,1.7338,1.0,0,0,3,0
2019+,MODEL top-20,90,14,2019-04-16,True,18.2507,-60.2495,0.7663,1.7237,-60.2495,39.145,-37.5905,21,1.705,0.9524,0,0,21,0
2019+,MODEL top-20,90,15,2019-04-25,False,19.6151,-57.5926,0.7897,9.567,-57.5926,32.0733,-42.2841,21,1.8,1.0,0,0,0,0
2019+,MODEL top-20,90,16,2019-05-06,False,24.0294,-59.7759,0.9295,6.7025,-59.7759,45.2964,-35.1352,21,1.8,1.0,0,0,0,0
2019+,MODEL top-20,90,17,2019-05-13,True,32.0204,-49.4413,1.1947,21.8274,-49.4413,44.5267,-43.2938,21,1.8,1.0,0,0,1,0
2019+,MODEL top-20,100,0,2019-01-04,True,24.5131,-55.8203,0.9729,8.5732,-55.8203,45.5218,-31.6095,20,1.7744,0.95,0,0,20,0
2019+,MODEL top-20,100,1,2019-01-11,False,32.4401,-50.4769,1.1943,18.3417,-50.4769,51.2179,-33.0668,20,1.7548,1.0,0,0,0,0
2019+,MODEL top-20,100,2,2019-01-18,False,27.5243,-60.9434,1.0381,15.5775,-60.9434,42.9796,-34.4974,19,1.8,1.0,0,0,0,0
2019+,MODEL top-20,100,3,2019-01-25,False,21.6681,-63.5622,0.8537,13.1086,-63.5622,33.1816,-39.703,19,1.9,1.0,0,0,1,0
2019+,MODEL top-20,100,4,2019-02-01,True,24.7594,-54.1383,0.9587,11.1942,-54.1383,42.189,-43.9956,19,1.8,1.0,0,0,1,0
2019+,MODEL top-20,100,5,2019-02-08,False,21.5361,-57.5521,0.859,13.3973,-57.5521,31.6634,-51.1274,19,1.7104,1.0,0,0,1,0
2019+,MODEL top-20,100,6,2019-02-15,False,16.0603,-63.769,0.6855,7.8959,-63.769,27.0782,-51.3093,19,1.8072,1.0,0,0,2,0
2019+,MODEL top-20,100,7,2019-02-22,False,16.556,-57.6836,0.7024,11.522,-57.6836,23.5168,-49.287,19,1.8,1.0,0,0,2,0
2019+,MODEL top-20,100,8,2019-03-01,True,20.017,-55.4327,0.8113,14.644,-55.4327,27.6675,-47.2546,19,1.8,1.0,0,0,1,0
2019+,MODEL top-20,100,9,2019-03-11,False,17.989,-59.3006,0.7408,10.7691,-59.3006,27.6034,-49.7046,19,1.8,1.0,0,0,1,0
2019+,MODEL top-20,100,10,2019-03-18,False,18.394,-59.2983,0.774,10.6076,-59.2983,28.4067,-44.1546,19,1.8012,1.0,0,0,0,0
2019+,MODEL top-20,100,11,2019-03-26,True,19.4446,-55.1704,0.8066,21.6366,-55.1704,18.2514,-44.671,19,1.8,1.0,0,0,0,0
2019+,MODEL top-20,100,12,2019-04-02,False,28.7361,-54.9748,1.1009,30.3719,-54.9748,28.1535,-45.0207,19,1.8332,1.0,0,0,2,0
2019+,MODEL top-20,100,13,2019-04-09,False,21.8103,-49.2145,0.8953,12.5715,-49.2145,33.4812,-45.4832,19,1.9,1.0,0,0,3,0
2019+,MODEL top-20,100,14,2019-04-16,False,25.5681,-49.2669,1.0032,13.8859,-49.2669,40.1888,-42.965,19,1.8,1.0,0,0,2,0
2019+,MODEL top-20,100,15,2019-04-25,True,29.171,-56.8766,1.1059,15.0492,-56.8766,46.5803,-40.1579,19,1.8,1.0,0,0,0,0
2019+,MODEL top-20,100,16,2019-05-06,False,33.1088,-57.3549,1.2221,28.225,-57.3549,39.6102,-37.5408,19,1.8007,1.0,0,0,0,0
2019+,MODEL top-20,100,17,2019-05-13,False,33.3638,-50.6569,1.2157,31.2747,-50.6569,37.1488,-30.2552,19,1.813,1.0,0,0,0,0
2019+,MODEL top-20,100,18,2019-05-20,False,36.5324,-49.4192,1.3109,31.9648,-49.4192,42.5841,-30.4263,19,1.7096,1.0,0,0,1,0
2019+,MODEL top-20,100,19,2019-05-27,True,36.5352,-51.7859,1.3163,33.2897,-51.7859,41.1348,-34.6363,19,1.6971,1.0,0,0,1,0
2019+,MODEL top-20,180,0,2019-01-04,True,29.592,-55.0076,1.0992,17.997,-55.0076,44.6214,-35.309,11,1.8,1.0,0,0,0,0
2019+,MODEL top-20,180,1,2019-01-11,False,21.1919,-55.5156,0.8398,5.8422,-55.5156,41.8074,-42.8391,11,1.9,1.0,0,0,0,0
2019+,MODEL top-20,180,2,2019-01-18,False,33.4988,-56.3521,1.2109,22.9223,-56.3521,47.1806,-32.3187,11,1.9,1.0,0,0,0,0
2019+,MODEL top-20,180,3,2019-01-25,False,23.951,-52.9546,0.9441,18.8268,-52.9546,31.3664,-38.136,11,1.9,1.0,0,0,1,0
2019+,MODEL top-20,180,4,2019-02-01,False,31.331,-55.1751,1.1686,25.0773,-55.1751,39.639,-36.3413,11,1.9,1.0,0,0,0,0
2019+,MODEL top-20,180,5,2019-02-08,False,27.9225,-52.0557,1.1047,25.6652,-52.0557,31.337,-38.3071,11,1.9,1.0,0,0,0,0
2019+,MODEL top-20,180,6,2019-02-15,False,27.5936,-60.9398,1.076,22.485,-60.9398,35.1089,-42.965,11,1.9262,1.0,0,0,1,0
2019+,MODEL top-20,180,7,2019-02-22,True,28.7776,-60.4408,1.1363,18.9144,-60.4408,41.5104,-38.5609,11,1.8306,1.0,0,0,2,0
2019+,MODEL top-20,180,8,2019-03-01,False,42.6497,-49.8307,1.555,33.572,-49.8307,54.797,-43.6793,11,1.8409,1.0,0,0,3,0
2019+,MODEL top-20,180,9,2019-03-11,False,38.1891,-45.1342,1.398,28.1853,-45.1342,51.2148,-32.873,11,1.9,1.0,0,0,2,0
2019+,MODEL top-20,180,10,2019-03-18,False,32.9345,-51.6563,1.2605,22.2352,-51.6563,46.4625,-38.5144,11,1.9,1.0,0,0,1,0
2019+,MODEL top-20,180,11,2019-03-26,False,33.4925,-51.0127,1.2413,25.4319,-51.0127,43.2538,-37.2391,11,1.9212,1.0,0,0,1,0
2019+,MODEL top-20,180,12,2019-04-02,False,30.7434,-49.9782,1.1557,20.1189,-49.9782,43.4673,-35.3475,11,1.9,1.0,0,0,0,0
2019+,MODEL top-20,180,13,2019-04-09,False,26.5951,-59.2776,1.0124,13.7654,-59.2776,42.6268,-37.3048,11,1.8,1.0,0,0,1,0
2019+,MODEL top-20,180,14,2019-04-16,True,26.3156,-62.0479,1.0046,9.0757,-62.0479,48.047,-36.6666,11,1.8,1.0,0,0,0,0
2019+,MODEL top-20,180,15,2019-04-25,False,22.0794,-58.3174,0.8757,8.6771,-58.3174,38.6259,-45.8124,11,1.8136,1.0,0,0,1,0
2019+,MODEL top-20,180,16,2019-05-06,False,25.628,-59.366,0.9762,14.7833,-59.366,38.7678,-40.9389,11,1.9,1.0,0,0,0,0
2019+,MODEL top-20,180,17,2019-05-13,False,34.0911,-47.8629,1.2432,23.9999,-47.8629,46.9643,-40.1006,11,1.9,1.0,0,0,0,0
2019+,MODEL top-20,180,18,2019-05-20,False,30.5229,-49.8335,1.129,25.5393,-49.8335,37.4769,-37.8982,11,1.9,1.0,0,0,0,0
2019+,MODEL top-20,180,19,2019-05-27,False,25.0208,-52.8529,0.9722,23.6298,-52.8529,28.1842,-43.6407,11,1.9,1.0,0,0,2,0
2019+,MODEL top-20,180,20,2019-06-03,False,22.0037,-60.3987,0.8928,12.895,-60.3987,33.0331,-42.0981,11,1.9,1.0,0,0,1,0
2019+,MODEL top-20,180,21,2019-06-11,True,26.5885,-53.0308,1.0307,29.021,-53.0308,25.4913,-41.6131,11,1.9052,1.0,0,0,0,0
2019+,MODEL top-20,180,22,2019-06-18,False,24.3405,-54.3663,0.9624,27.1481,-54.3663,22.6975,-47.44,10,1.9655,1.0,0,0,0,0
2019+,MODEL top-20,180,23,2019-06-25,False,21.7848,-62.8389,0.8532,17.7672,-62.8389,27.1841,-45.7552,10,1.9521,1.0,0,0,0,0
2019+,MODEL top-20,180,24,2019-07-02,False,29.5166,-48.0068,1.106,27.7686,-48.0068,32.4061,-46.0121,10,1.85,1.0,0,0,1,0
2019+,MODEL top-20,180,25,2019-07-09,False,27.6224,-48.8316,1.0582,17.9834,-48.8316,38.6894,-46.4073,10,2.0,1.0,0,0,0,0
2019+,MODEL top-20,180,26,2019-07-16,False,27.3534,-49.6942,1.0491,26.7472,-49.6942,29.4371,-41.5778,10,1.9745,1.0,0,0,0,0
2019+,MODEL top-20,180,27,2019-07-23,False,29.0365,-48.8915,1.1052,28.6834,-48.8915,30.9664,-39.9903,10,1.9,1.0,0,0,1,0
2019+,MODEL top-20,180,28,2019-07-30,True,32.337,-47.8067,1.2059,32.8095,-47.8067,33.4713,-38.1633,10,1.9,1.0,0,0,1,0
2019+,MODEL top-20,180,29,2019-08-06,False,34.2202,-52.6152,1.212,41.1179,-52.6152,29.8074,-41.7106,10,1.9,1.0,0,0,0,0
2019+,MODEL top-20,180,30,2019-08-14,False,30.6689,-48.3457,1.1637,35.9374,-48.3457,27.5174,-36.1983,10,1.9,1.0,0,0,1,0
2019+,MODEL top-20,180,31,2019-08-22,False,33.9911,-51.5377,1.2198,52.0643,-51.5377,21.1266,-40.9493,10,1.9,1.0,0,0,0,0
2019+,MODEL top-20,180,32,2019-08-29,False,21.3672,-50.565,0.8976,23.1017,-50.565,20.984,-50.2381,10,1.861,0.9,0,0,21,0
2019+,MODEL top-20,180,33,2019-09-06,False,31.4499,-46.2854,1.1441,41.9348,-45.97,24.1074,-46.2854,10,1.9,1.0,0,0,1,0
2019+,MODEL top-20,180,34,2019-09-16,False,34.314,-47.7559,1.2354,27.501,-47.7559,42.0922,-36.1584,10,1.8167,1.0,0,0,1,0
2019+,MODEL top-20,180,35,2019-09-23,True,40.8388,-52.2559,1.4247,31.7561,-52.2559,50.7735,-37.0909,10,1.85,1.0,0,0,0,0
2019+,MODEL top-20,250,0,2019-01-04,True,21.1361,-63.4064,0.8525,12.4081,-63.4064,32.21,-33.7999,8,1.95,1.0,0,0,1,0
2019+,MODEL top-20,250,1,2019-01-11,False,24.3396,-59.0227,0.9622,19.9336,-59.0227,30.1772,-34.1184,8,2.0,1.0,0,0,1,0
2019+,MODEL top-20,250,2,2019-01-18,False,26.0744,-59.5265,1.0186,21.5439,-59.5265,32.3031,-35.5338,8,2.0,1.0,0,0,1,0
2019+,MODEL top-20,250,3,2019-01-25,False,24.4393,-52.2071,0.974,21.278,-52.2071,28.9966,-44.1112,8,2.0,1.0,0,0,0,0
2019+,MODEL top-20,250,4,2019-02-01,False,32.1743,-52.3942,1.1999,21.7115,-52.3942,45.5001,-36.4543,8,1.95,1.0,0,0,0,0
2019+,MODEL top-20,250,5,2019-02-08,False,32.9332,-54.2859,1.2031,32.6632,-54.2859,34.6092,-38.5061,8,1.9675,1.0,0,0,1,0
2019+,MODEL top-20,250,6,2019-02-15,False,20.4416,-63.4749,0.8279,18.8049,-63.4749,23.8949,-39.4482,8,1.9662,1.0,0,0,1,0
2019+,MODEL top-20,250,7,2019-02-22,False,23.067,-58.9564,0.9131,24.0822,-58.9564,24.241,-36.4832,8,1.9584,1.0,0,0,1,0
2019+,MODEL top-20,250,8,2019-03-01,False,32.9802,-55.2669,1.2201,30.5004,-55.2669,37.1141,-33.648,8,2.0,1.0,0,0,0,0
2019+,MODEL top-20,250,9,2019-03-11,False,23.2037,-50.5056,0.9369,24.1027,-50.5056,24.1963,-39.78,8,2.0,1.0,0,0,0,0
2019+,MODEL top-20,250,10,2019-03-18,True,24.5774,-54.1392,0.9728,25.3299,-54.1392,25.8268,-38.7837,8,2.0,1.0,0,0,1,0
2019+,MODEL top-20,250,11,2019-03-26,False,26.6984,-55.0258,1.0316,22.5371,-55.0258,33.201,-35.0346,8,2.0,1.0,0,0,0,0
2019+,MODEL top-20,250,12,2019-04-02,False,28.734,-52.6088,1.0818,26.1357,-52.6088,33.2877,-43.9882,8,2.0,1.0,0,0,0,0
2019+,MODEL top-20,250,13,2019-04-09,False,27.1005,-50.4133,1.0265,17.9115,-50.4133,38.9184,-37.393,8,2.0,1.0,0,0,1,0
2019+,MODEL top-20,250,14,2019-04-16,False,31.4548,-53.382,1.1555,21.9716,-53.382,43.312,-39.4123,8,2.0,1.0,0,0,1,0
2019+,MODEL top-20,250,15,2019-04-25,False,38.2994,-53.9967,1.3125,22.3021,-53.9967,57.5084,-39.4597,8,1.9,1.0,0,0,2,0
2019+,MODEL top-20,250,16,2019-05-06,False,25.1584,-58.155,0.9486,11.6069,-58.155,41.0587,-35.3915,8,1.9102,1.0,0,0,2,0
2019+,MODEL top-20,250,17,2019-05-13,False,33.1459,-49.9563,1.2145,26.726,-49.9563,41.3201,-41.0767,8,2.0,1.0,0,0,1,0
2019+,MODEL top-20,250,18,2019-05-20,False,30.0681,-55.3248,1.1395,16.0166,-55.3248,46.6151,-38.6002,8,2.0,1.0,0,0,2,0
2019+,MODEL top-20,250,19,2019-05-27,False,27.7392,-53.7019,1.063,16.8599,-53.7019,40.5674,-40.9043,8,2.0,1.0,0,0,1,0
2019+,MODEL top-20,250,20,2019-06-03,True,19.8101,-57.0459,0.8224,3.9816,-57.0459,38.834,-41.6394,8,2.0,1.0,0,0,0,0
2019+,MODEL top-20,250,21,2019-06-11,False,20.4586,-49.7982,0.8592,21.0282,-49.7982,21.4322,-40.0694,8,2.0,1.0,0,0,1,0
2019+,MODEL top-20,250,22,2019-06-18,False,20.511,-55.6078,0.8596,8.3,-55.6078,34.9228,-35.3023,8,2.0,1.0,0,0,1,0
2019+,MODEL top-20,250,23,2019-06-25,False,11.3874,-62.1634,0.5382,-5.0047,-62.1634,30.998,-36.82,8,2.0,1.0,0,0,1,0
2019+,MODEL top-20,250,24,2019-07-02,False,28.1654,-48.0068,1.0613,14.2282,-48.0068,44.3426,-38.0042,8,2.0,1.0,0,0,1,0
2019+,MODEL top-20,250,25,2019-07-09,False,22.1714,-48.8316,0.8852,14.55,-48.8316,31.3781,-39.1278,8,2.0,1.0,0,0,1,0
2019+,MODEL top-20,250,26,2019-07-16,False,27.9552,-49.6942,1.0816,16.4984,-49.6942,40.8484,-33.9361,8,2.0,1.0,0,0,1,0
2019+,MODEL top-20,250,27,2019-07-23,False,34.5557,-48.8915,1.2731,31.0616,-48.8915,39.2944,-39.5068,8,2.0,1.0,0,0,0,0
2019+,MODEL top-20,250,28,2019-07-30,False,30.4943,-47.8067,1.1713,26.336,-47.8067,35.8517,-38.5008,8,2.0,1.0,0,0,1,0
2019+,MODEL top-20,250,29,2019-08-06,True,30.7954,-52.6152,1.1671,17.4712,-52.6152,45.6787,-36.5691,8,2.0,1.0,0,0,0,0
2019+,MODEL top-20,250,30,2019-08-14,False,40.5722,-48.3457,1.461,36.2644,-48.3457,45.9803,-38.1633,8,2.0,1.0,0,0,0,0
2019+,MODEL top-20,250,31,2019-08-22,False,46.0548,-51.5377,1.5821,42.2429,-51.5377,51.5172,-38.9596,8,1.95,1.0,0,0,1,0
2019+,MODEL top-20,250,32,2019-08-29,False,42.4134,-50.565,1.5305,40.9487,-50.565,45.2219,-36.1983,7,2.0,1.0,0,0,2,0
2019+,MODEL top-20,250,33,2019-09-06,False,40.1141,-45.97,1.4152,42.2892,-45.97,40.0833,-36.2672,7,2.0,1.0,0,0,2,0
2019+,MODEL top-20,250,34,2019-09-16,False,32.523,-47.7559,1.2064,33.0476,-47.7559,33.4374,-42.4359,7,1.9306,1.0,0,0,1,0
2019+,MODEL top-20,250,35,2019-09-23,False,21.5812,-52.2559,0.8973,20.0558,-52.2559,23.9148,-44.1386,7,2.0,1.0,0,0,0,0
2019+,MODEL top-20,250,36,2019-09-30,False,41.7161,-48.0658,1.5018,42.9156,-48.0658,42.7599,-36.1584,7,1.9,1.0,0,0,1,0
2019+,MODEL top-20,250,37,2019-10-09,False,37.0293,-49.1025,1.3328,41.947,-49.1025,34.5452,-35.4433,7,1.9,1.0,0,0,1,0
2019+,MODEL top-20,250,38,2019-10-16,False,50.8191,-54.3566,1.651,52.4592,-54.3566,51.5684,-35.309,7,2.0,1.0,0,0,3,0
2019+,MODEL top-20,250,39,2019-10-24,True,52.3624,-46.9764,1.6986,49.8287,-46.9764,56.6337,-42.5526,7,1.9,1.0,0,0,1,0
2019+,MODEL top-20,250,40,2019-11-01,False,47.123,-47.2261,1.7402,31.724,-47.2261,63.4336,-32.3187,7,1.9,0.8571,0,0,21,0
2019+,MODEL top-20,250,41,2019-11-08,False,45.9577,-46.5593,1.6017,38.6115,-46.5593,53.5998,-38.136,7,2.0,1.0,0,0,2,0
2019+,MODEL top-20,250,42,2019-11-18,False,41.2886,-46.8481,1.4638,41.7777,-46.8481,41.9898,-36.4447,7,2.0,1.0,0,0,2,0
2019+,MODEL top-20,250,43,2019-11-25,False,42.9804,-45.2323,1.5306,41.6184,-45.2323,45.9292,-38.3071,7,2.0,1.0,0,0,1,0
2019+,MODEL top-20,250,44,2019-12-02,False,37.9764,-42.965,1.3597,39.6906,-42.6003,38.3896,-42.965,7,2.0,1.0,0,0,1,0
2019+,MODEL top-20,250,45,2019-12-09,False,35.6746,-43.2836,1.3012,35.0746,-43.2836,37.863,-37.7335,7,2.0,1.0,0,0,0,0
2019+,MODEL top-20,250,46,2019-12-16,False,29.0006,-49.1247,1.097,31.0671,-49.1247,28.7938,-42.7922,7,2.0,1.0,0,0,0,0
2019+,MODEL top-20,250,47,2019-12-23,False,34.7567,-46.512,1.2303,43.9883,-46.512,29.0124,-33.5001,7,1.9,1.0,0,0,0,0
2019+,MODEL top-20,250,48,2019-12-31,False,30.616,-49.8377,1.122,37.1719,-49.8377,26.653,-40.5935,7,1.9,1.0,0,0,0,0
2019+,MODEL top-20,250,49,2020-01-07,True,25.9452,-56.5942,0.9882,25.5012,-56.5942,27.3724,-35.3717,7,2.0,1.0,0,0,1,0
2019+,EW market,30,0,2019-01-04,True,16.895,-42.3633,0.8986,15.6261,-42.3633,19.1414,-26.3564,64,0.3349,1.0,0,0,40,0
2019+,EW market,30,1,2019-01-11,True,17.3226,-41.8648,0.9173,16.2165,-41.8648,19.4149,-26.256,64,0.3459,1.0,0,0,40,0
2019+,EW market,30,2,2019-01-18,True,19.0509,-42.1906,0.9987,19.1039,-42.1906,19.9093,-26.1512,64,0.3478,0.9844,0,0,699,0
2019+,EW market,30,3,2019-01-25,True,17.9328,-43.0667,0.9403,17.3682,-43.0667,19.4547,-26.5014,64,0.3405,1.0,0,0,38,0
2019+,EW market,30,4,2019-02-01,True,18.1627,-42.4891,0.9503,17.5199,-42.4891,19.7847,-26.2432,63,0.3378,1.0,0,0,40,0
2019+,EW market,30,5,2019-02-08,True,18.5796,-42.4193,0.9694,18.6737,-42.4193,19.3402,-26.3688,63,0.3388,1.0,0,0,42,0
2019+,EW market,60,0,2019-01-04,True,17.526,-42.1866,0.9277,16.368,-42.1866,19.6535,-26.1957,32,0.4041,1.0,0,0,40,0
2019+,EW market,60,1,2019-01-11,False,17.7717,-42.5281,0.9391,16.0121,-42.5281,20.582,-25.4724,32,0.4271,1.0,0,0,37,0
2019+,EW market,60,2,2019-01-18,True,17.4149,-43.2901,0.9211,15.9042,-43.2901,19.9493,-26.4571,32,0.4345,1.0,0,0,33,0
2019+,EW market,60,3,2019-01-25,False,17.9816,-43.5805,0.9452,17.1632,-43.5805,19.7756,-26.3815,32,0.4318,1.0,0,0,36,0
2019+,EW market,60,4,2019-02-01,True,17.9061,-42.8281,0.9415,16.9596,-42.8281,19.851,-26.3747,32,0.4397,1.0,0,0,38,0
2019+,EW market,60,5,2019-02-08,False,18.0946,-42.9183,0.9502,17.613,-42.9183,19.4912,-26.6418,32,0.422,1.0,0,0,38,0
2019+,EW market,60,6,2019-02-15,False,18.8998,-41.378,0.9846,19.369,-41.378,19.2513,-26.7582,32,0.4223,1.0,0,0,39,0
2019+,EW market,60,7,2019-02-22,True,18.4926,-41.3459,0.968,18.7982,-41.3459,19.0046,-26.9539,32,0.4245,1.0,0,0,38,0
2019+,EW market,60,8,2019-03-01,False,18.803,-41.2376,0.9945,19.0186,-41.2376,19.4079,-26.8723,32,0.4344,0.9688,0,0,813,0
2019+,EW market,60,9,2019-03-11,True,17.9649,-41.6451,0.9427,17.2437,-41.6451,19.5417,-26.4772,32,0.4251,1.0,0,0,34,0
2019+,EW market,60,10,2019-03-18,False,18.0294,-41.5938,0.9465,16.9053,-41.5938,20.0311,-26.0727,31,0.4115,1.0,0,0,38,0
2019+,EW market,60,11,2019-03-26,True,18.1247,-41.8599,0.9493,17.6686,-41.8599,19.4219,-26.5424,31,0.4176,1.0,0,0,37,0
2019+,EW market,90,0,2019-01-04,True,17.612,-41.0801,0.9332,16.3821,-41.0801,19.8165,-26.5288,22,0.461,1.0,0,0,40,0
2019+,EW market,90,1,2019-01-11,False,17.6736,-41.0643,0.9348,16.3893,-41.0643,19.9677,-26.4563,22,0.475,1.0,0,0,37,0
2019+,EW market,90,2,2019-01-18,False,17.9944,-40.9178,0.947,16.6146,-40.9178,20.3877,-25.8819,22,0.4913,1.0,0,0,37,0
2019+,EW market,90,3,2019-01-25,True,18.4775,-42.0821,0.9678,17.6648,-42.0821,20.264,-25.7314,22,0.5079,1.0,0,0,35,0
2019+,EW market,90,4,2019-02-01,False,19.0363,-41.367,0.993,18.4079,-41.367,20.6215,-25.4921,21,0.4991,1.0,0,0,35,0
2019+,EW market,90,5,2019-02-08,False,19.2755,-41.8608,1.0024,18.9074,-41.8608,20.5417,-25.988,21,0.4913,1.0,0,0,32,0
2019+,EW market,90,6,2019-02-15,False,19.3368,-42.3221,1.0059,19.3869,-42.3221,20.1248,-26.4687,21,0.4744,1.0,0,0,31,0
2019+,EW market,90,7,2019-02-22,True,19.0977,-42.1735,0.9977,18.7079,-42.1735,20.3335,-26.2559,21,0.4755,1.0,0,0,31,0
2019+,EW market,90,8,2019-03-01,False,18.8661,-41.6394,0.9875,18.2944,-41.6394,20.2856,-27.1122,21,0.464,1.0,0,0,32,0
2019+,EW market,90,9,2019-03-11,False,18.1623,-41.4309,0.9548,17.1175,-41.4309,20.0763,-27.0451,21,0.4758,1.0,0,0,33,0
2019+,EW market,90,10,2019-03-18,True,17.9571,-41.5735,0.9458,16.7517,-41.5735,20.0431,-26.4784,21,0.4748,1.0,0,0,37,0
2019+,EW market,90,11,2019-03-26,False,17.6123,-42.3702,0.9308,16.6224,-42.3702,19.455,-26.6389,21,0.4867,1.0,0,0,36,0
2019+,EW market,90,12,2019-04-02,False,17.5262,-41.7803,0.9239,16.5855,-41.7803,19.3543,-26.4507,21,0.4809,1.0,0,0,38,0
2019+,EW market,90,13,2019-04-09,False,17.6697,-42.6929,0.9305,16.9796,-42.6929,19.2672,-26.2207,21,0.4936,1.0,0,0,40,0
2019+,EW market,90,14,2019-04-16,True,18.436,-43.7989,0.9912,18.4585,-43.7989,19.3255,-26.3339,21,0.5084,0.9524,0,0,793,0
2019+,EW market,90,15,2019-04-25,False,17.6094,-43.0278,0.9249,16.87,-43.0278,19.2672,-26.6367,21,0.4543,1.0,0,0,34,0
2019+,EW market,90,16,2019-05-06,False,18.3211,-42.2195,0.9534,17.7475,-42.2195,19.8303,-26.7197,21,0.4476,1.0,0,0,34,0
2019+,EW market,90,17,2019-05-13,True,19.2408,-41.1498,0.9937,19.7697,-41.1498,19.5995,-27.1249,21,0.4478,1.0,0,0,37,0
2019+,EW market,100,0,2019-01-04,True,18.9805,-40.6105,1.0227,18.9173,-40.6105,19.9249,-26.2117,20,0.508,0.95,0,0,803,0
2019+,EW market,100,1,2019-01-11,False,17.9253,-41.6669,0.9455,16.685,-41.6669,20.1723,-26.2624,20,0.473,1.0,0,0,35,0
2019+,EW market,100,2,2019-01-18,False,17.9888,-41.9697,0.9498,16.7479,-41.9697,20.2308,-26.4817,19,0.4756,1.0,0,0,31,0
2019+,EW market,100,3,2019-01-25,False,18.196,-42.144,0.9597,17.695,-42.144,19.6477,-26.725,19,0.5046,1.0,0,0,33,0
2019+,EW market,100,4,2019-02-01,True,18.1267,-42.1332,0.956,17.2183,-42.1332,20.0063,-26.5566,19,0.4913,1.0,0,0,33,0
2019+,EW market,100,5,2019-02-08,False,18.7558,-41.8956,0.9836,18.2977,-41.8956,20.1144,-26.5982,19,0.5106,1.0,0,0,34,0
2019+,EW market,100,6,2019-02-15,False,19.4658,-41.919,1.0141,19.5133,-41.919,20.2571,-26.3482,19,0.4949,1.0,0,0,35,0
2019+,EW market,100,7,2019-02-22,False,19.1166,-41.9619,0.9986,18.9993,-41.9619,20.0687,-26.5948,19,0.4896,1.0,0,0,35,0
2019+,EW market,100,8,2019-03-01,True,18.8527,-41.9266,0.9855,18.2881,-41.9266,20.2648,-26.0965,19,0.4768,1.0,0,0,32,0
2019+,EW market,100,9,2019-03-11,False,17.4843,-43.4509,0.9243,15.6402,-43.4509,20.2349,-25.7353,19,0.5025,1.0,0,0,32,0
2019+,EW market,100,10,2019-03-18,False,17.4418,-43.2633,0.9202,15.9723,-43.2633,19.8011,-25.7865,19,0.5227,1.0,0,0,35,0
2019+,EW market,100,11,2019-03-26,True,17.685,-43.3552,0.9299,16.6162,-43.3552,19.6092,-26.4086,19,0.5227,1.0,0,0,34,0
2019+,EW market,100,12,2019-04-02,False,17.5091,-43.2441,0.9224,15.9299,-43.2441,19.9949,-26.2467,19,0.5121,1.0,0,0,35,0
2019+,EW market,100,13,2019-04-09,False,17.7107,-42.8636,0.9321,16.1336,-42.8636,20.2155,-26.07,19,0.4991,1.0,0,0,35,0
2019+,EW market,100,14,2019-04-16,False,17.9596,-41.9088,0.9406,16.336,-41.9088,20.5124,-26.35,19,0.4875,1.0,0,0,36,0
2019+,EW market,100,15,2019-04-25,True,18.31,-40.7351,0.9556,17.4214,-40.7351,20.1213,-26.8125,19,0.4898,1.0,0,0,36,0
2019+,EW market,100,16,2019-05-06,False,19.1387,-40.4453,0.9888,19.3228,-40.4453,19.9042,-27.1443,19,0.4879,1.0,0,0,35,0
2019+,EW market,100,17,2019-05-13,False,20.0928,-40.5659,1.0318,21.3546,-40.5659,19.6785,-26.6923,19,0.4833,1.0,0,0,36,0
2019+,EW market,100,18,2019-05-20,False,19.2388,-40.6019,0.9971,19.6416,-40.6019,19.6838,-26.3797,19,0.4973,1.0,0,0,38,0
2019+,EW market,100,19,2019-05-27,True,18.7684,-41.569,0.9752,18.8095,-41.569,19.5911,-26.2522,19,0.4797,1.0,0,0,34,0
2019+,EW market,180,0,2019-01-04,True,18.1793,-39.9989,0.9605,17.3937,-39.9989,19.901,-26.4903,11,0.5578,1.0,0,0,29,0
2019+,EW market,180,1,2019-01-11,False,18.077,-40.8284,0.9544,17.2346,-40.8284,19.892,-26.7946,11,0.5663,1.0,0,0,31,0
2019+,EW market,180,2,2019-01-18,False,18.4955,-40.9658,0.9703,17.4965,-40.9658,20.4777,-26.4851,11,0.6032,1.0,0,0,32,0
2019+,EW market,180,3,2019-01-25,False,18.8103,-41.9392,0.983,18.2032,-41.9392,20.3783,-26.2961,11,0.6232,1.0,0,0,32,0
2019+,EW market,180,4,2019-02-01,False,19.1214,-41.0224,0.9977,18.6603,-41.0224,20.5293,-26.4194,11,0.6357,1.0,0,0,35,0
2019+,EW market,180,5,2019-02-08,False,19.6085,-41.8841,1.0198,19.1272,-41.8841,20.9955,-25.7946,11,0.6019,1.0,0,0,31,0
2019+,EW market,180,6,2019-02-15,False,19.9052,-41.3863,1.0343,20.0689,-41.3863,20.5774,-26.1943,11,0.5838,1.0,0,0,30,0
2019+,EW market,180,7,2019-02-22,True,19.5241,-41.5986,1.0193,19.5453,-41.5986,20.3343,-26.3611,11,0.5996,1.0,0,0,31,0
2019+,EW market,180,8,2019-03-01,False,19.508,-41.3571,1.0179,19.365,-41.3571,20.4854,-26.8843,11,0.6198,1.0,0,0,33,0
2019+,EW market,180,9,2019-03-11,False,18.6521,-41.5899,0.9789,17.3792,-41.5899,20.8064,-26.9052,11,0.5898,1.0,0,0,32,0
2019+,EW market,180,10,2019-03-18,False,18.4082,-42.2645,0.9685,17.0708,-42.2645,20.6333,-26.9466,11,0.5742,1.0,0,0,39,0
2019+,EW market,180,11,2019-03-26,False,18.269,-42.412,0.9617,17.563,-42.412,19.8225,-26.992,11,0.569,1.0,0,0,37,0
2019+,EW market,180,12,2019-04-02,False,17.6194,-42.4215,0.93,16.2346,-42.4215,19.9046,-26.4342,11,0.5784,1.0,0,0,38,0
2019+,EW market,180,13,2019-04-09,False,17.8263,-43.2197,0.9397,16.523,-43.2197,20.0501,-26.3683,11,0.5758,1.0,0,0,41,0
2019+,EW market,180,14,2019-04-16,True,17.6947,-44.1813,0.9314,15.7704,-44.1813,20.5556,-26.1892,11,0.5722,1.0,0,0,36,0
2019+,EW market,180,15,2019-04-25,False,18.0536,-43.2186,0.9458,16.3765,-43.2186,20.6627,-26.3553,11,0.5881,1.0,0,0,37,0
2019+,EW market,180,16,2019-05-06,False,18.7968,-42.308,0.974,17.8968,-42.308,20.6334,-26.6858,11,0.6189,1.0,0,0,32,0
2019+,EW market,180,17,2019-05-13,False,19.8715,-41.5019,1.0208,20.1286,-41.5019,20.4907,-26.2621,11,0.5928,1.0,0,0,34,0
2019+,EW market,180,18,2019-05-20,False,19.3419,-40.8714,1.0007,19.098,-40.8714,20.4567,-26.1737,11,0.5896,1.0,0,0,34,0
2019+,EW market,180,19,2019-05-27,False,18.5957,-41.1007,0.9687,17.8452,-41.1007,20.2146,-26.6104,11,0.5945,1.0,0,0,33,0
2019+,EW market,180,20,2019-06-03,False,19.0371,-41.0948,0.9858,18.264,-41.0948,20.6895,-26.3145,11,0.6125,1.0,0,0,34,0
2019+,EW market,180,21,2019-06-11,True,19.6081,-41.1607,1.01,19.5827,-41.1607,20.5485,-26.0992,11,0.6246,1.0,0,0,33,0
2019+,EW market,180,22,2019-06-18,False,20.7148,-40.5799,1.0586,21.5914,-40.5799,20.7359,-26.1543,10,0.6113,1.0,0,0,31,0
2019+,EW market,180,23,2019-06-25,False,20.0678,-40.7578,1.0316,20.5904,-40.7578,20.4038,-26.3884,10,0.6268,1.0,0,0,30,0
2019+,EW market,180,24,2019-07-02,False,20.4524,-40.0198,1.0472,20.9226,-40.0198,20.8411,-26.5219,10,0.5979,1.0,0,0,28,0
2019+,EW market,180,25,2019-07-09,False,21.1051,-40.7071,1.0746,21.66,-40.7071,21.3706,-25.9089,10,0.6046,1.0,0,0,25,0
2019+,EW market,180,26,2019-07-16,False,20.5046,-40.8031,1.0493,21.392,-40.8031,20.491,-25.9324,10,0.6092,1.0,0,0,26,0
2019+,EW market,180,27,2019-07-23,False,21.0697,-40.7691,1.0729,22.8364,-40.7691,20.2493,-25.8782,10,0.5927,1.0,0,0,30,0
2019+,EW market,180,28,2019-07-30,True,21.3563,-40.7317,1.0841,24.0156,-40.7317,19.7186,-26.2688,10,0.6127,1.0,0,0,29,0
2019+,EW market,180,29,2019-08-06,False,21.5878,-40.1663,1.096,24.4208,-40.1663,19.8259,-26.5934,10,0.6285,1.0,0,0,29,0
2019+,EW market,180,30,2019-08-14,False,22.2404,-39.7128,1.1231,26.3261,-39.7128,19.4034,-26.6153,10,0.6314,1.0,0,0,28,0
2019+,EW market,180,31,2019-08-22,False,22.8445,-39.8182,1.1472,28.2001,-39.8182,18.9718,-26.9296,10,0.6419,1.0,0,0,26,0
2019+,EW market,180,32,2019-08-29,False,23.6995,-39.9285,1.2584,29.5537,-39.9285,19.4567,-26.2544,10,0.7072,0.9,0,0,554,0
2019+,EW market,180,33,2019-09-06,False,22.2572,-40.09,1.1213,26.1212,-40.09,19.6903,-25.9029,10,0.583,1.0,0,0,27,0
2019+,EW market,180,34,2019-09-16,False,21.7222,-39.4965,1.098,24.6308,-39.4965,20.0508,-25.8217,10,0.5607,1.0,0,0,27,0
2019+,EW market,180,35,2019-09-23,True,21.4935,-39.8453,1.0915,24.1226,-39.8453,20.1006,-26.4658,10,0.565,1.0,0,0,27,0
2019+,EW market,250,0,2019-01-04,True,18.645,-43.3482,0.9757,16.7944,-43.3482,21.5555,-25.5167,8,0.6852,1.0,0,0,32,0
2019+,EW market,250,1,2019-01-11,False,18.0073,-43.5868,0.9484,15.8468,-43.5868,21.256,-25.4473,8,0.7208,1.0,0,0,30,0
2019+,EW market,250,2,2019-01-18,False,18.7323,-42.6698,0.9805,17.5067,-42.6698,20.9527,-25.3359,8,0.7224,1.0,0,0,31,0
2019+,EW market,250,3,2019-01-25,False,19.3419,-42.0038,1.0076,18.4823,-42.0038,21.1687,-25.8629,8,0.7094,1.0,0,0,31,0
2019+,EW market,250,4,2019-02-01,False,19.4526,-41.8389,1.0132,18.775,-41.8389,21.0621,-25.6482,8,0.7048,1.0,0,0,29,0
2019+,EW market,250,5,2019-02-08,False,19.855,-42.2024,1.0305,19.8815,-42.2024,20.7468,-25.3333,8,0.6819,1.0,0,0,29,0
2019+,EW market,250,6,2019-02-15,False,20.0781,-41.6505,1.043,20.4095,-41.6505,20.6015,-25.387,8,0.7054,1.0,0,0,26,0
2019+,EW market,250,7,2019-02-22,False,19.7193,-41.723,1.0288,19.9345,-41.723,20.3668,-25.6831,8,0.6874,1.0,0,0,24,0
2019+,EW market,250,8,2019-03-01,False,19.4289,-41.2453,1.0186,19.7753,-41.2453,19.956,-25.1808,8,0.6697,1.0,0,0,25,0
2019+,EW market,250,9,2019-03-11,False,18.6124,-42.4084,0.9833,17.8282,-42.4084,20.2763,-25.2213,8,0.6794,1.0,0,0,27,0
2019+,EW market,250,10,2019-03-18,True,18.5798,-42.1486,0.9831,17.9408,-42.1486,20.0963,-25.5531,8,0.6731,1.0,0,0,34,0
2019+,EW market,250,11,2019-03-26,False,18.5316,-42.2065,0.9799,17.9373,-42.2065,19.9925,-25.629,8,0.7005,1.0,0,0,33,0
2019+,EW market,250,12,2019-04-02,False,18.1196,-41.3336,0.9641,16.8852,-41.3336,20.2488,-25.8552,8,0.687,1.0,0,0,32,0
2019+,EW market,250,13,2019-04-09,False,18.222,-41.6119,0.9675,16.6064,-41.6119,20.7514,-26.1446,8,0.7125,1.0,0,0,32,0
2019+,EW market,250,14,2019-04-16,False,17.8472,-42.1763,0.9459,15.4404,-42.1763,21.1971,-26.1327,8,0.7009,1.0,0,0,35,0
2019+,EW market,250,15,2019-04-25,False,18.8475,-41.3262,0.9894,16.6615,-41.3262,21.9676,-25.7624,8,0.669,1.0,0,0,32,0
2019+,EW market,250,16,2019-05-06,False,19.721,-40.5681,1.0236,18.6037,-40.5681,21.6742,-26.1799,8,0.6563,1.0,0,0,30,0
2019+,EW market,250,17,2019-05-13,False,20.8327,-40.4362,1.069,20.5753,-40.4362,21.916,-26.1452,8,0.6613,1.0,0,0,30,0
2019+,EW market,250,18,2019-05-20,False,20.2288,-39.8649,1.0438,19.5128,-39.8649,21.7575,-26.2515,8,0.6732,1.0,0,0,29,0
2019+,EW market,250,19,2019-05-27,False,19.7301,-40.3071,1.0181,19.0307,-40.3071,21.1873,-26.2066,8,0.6713,1.0,0,0,27,0
2019+,EW market,250,20,2019-06-03,True,19.443,-40.219,1.0038,18.8824,-40.219,20.7867,-25.9627,8,0.7127,1.0,0,0,31,0
2019+,EW market,250,21,2019-06-11,False,19.3918,-40.7233,0.9988,18.9361,-40.7233,20.6137,-25.9484,8,0.736,1.0,0,0,32,0
2019+,EW market,250,22,2019-06-18,False,19.9228,-40.2512,1.0239,20.2502,-40.2512,20.3649,-25.9615,8,0.7809,1.0,0,0,33,0
2019+,EW market,250,23,2019-06-25,False,19.4841,-40.2306,1.0051,19.6649,-40.2306,20.0783,-26.6177,8,0.8101,1.0,0,0,32,0
2019+,EW market,250,24,2019-07-02,False,19.1952,-40.0198,0.9911,19.147,-40.0198,19.9903,-26.9062,8,0.8134,1.0,0,0,34,0
2019+,EW market,250,25,2019-07-09,False,19.4815,-40.7071,1.0009,19.8883,-40.7071,19.8599,-27.1905,8,0.8024,1.0,0,0,33,0
2019+,EW market,250,26,2019-07-16,False,19.6849,-40.8031,1.0079,20.0617,-40.8031,20.1074,-27.171,8,0.7721,1.0,0,0,33,0
2019+,EW market,250,27,2019-07-23,False,20.4859,-40.7691,1.0421,21.7277,-40.7691,20.1212,-26.6697,8,0.7579,1.0,0,0,31,0
2019+,EW market,250,28,2019-07-30,False,21.1715,-40.7317,1.0706,23.4841,-40.7317,19.9252,-26.7135,8,0.7318,1.0,0,0,32,0
2019+,EW market,250,29,2019-08-06,True,21.7239,-40.1663,1.0975,24.2268,-40.1663,20.3526,-26.4991,8,0.6993,1.0,0,0,32,0
2019+,EW market,250,30,2019-08-14,False,22.4115,-39.7128,1.127,25.6625,-39.7128,20.4198,-26.8034,8,0.6873,1.0,0,0,32,0
2019+,EW market,250,31,2019-08-22,False,22.7393,-39.8182,1.14,27.2128,-39.8182,19.7622,-27.507,8,0.6764,1.0,0,0,34,0
2019+,EW market,250,32,2019-08-29,False,21.8264,-39.9285,1.1025,25.2291,-39.9285,19.7745,-27.9058,7,0.6674,1.0,0,0,27,0
2019+,EW market,250,33,2019-09-06,False,21.8991,-40.09,1.1039,25.419,-40.09,19.7773,-28.3253,7,0.6326,1.0,0,0,27,0
2019+,EW market,250,34,2019-09-16,False,21.4956,-39.4965,1.089,23.9749,-39.4965,20.2737,-27.7561,7,0.6323,1.0,0,0,29,0
2019+,EW market,250,35,2019-09-23,False,21.3703,-39.8453,1.0927,24.0218,-39.8453,19.9728,-27.4824,7,0.6544,1.0,0,0,29,0
2019+,EW market,250,36,2019-09-30,False,22.1826,-39.7358,1.1288,25.9853,-39.7358,19.8032,-27.206,7,0.6659,1.0,0,0,28,0
2019+,EW market,250,37,2019-10-09,False,22.4489,-40.2402,1.1366,26.8083,-40.2402,19.6314,-26.8161,7,0.731,1.0,0,0,31,0
2019+,EW market,250,38,2019-10-16,False,22.7169,-40.6273,1.1454,26.2269,-40.6273,20.6101,-26.325,7,0.7692,1.0,0,0,27,0
2019+,EW market,250,39,2019-10-24,True,21.6146,-41.1695,1.0953,24.03,-41.1695,20.4312,-26.8946,7,0.7602,1.0,0,0,28,0
2019+,EW market,250,40,2019-11-01,False,21.1846,-40.27,1.1594,23.1224,-40.27,20.4181,-26.5555,7,0.7672,0.8571,0,0,411,0
2019+,EW market,250,41,2019-11-08,False,21.8486,-40.4254,1.1088,24.702,-40.4254,20.335,-26.4848,7,0.7154,1.0,0,0,28,0
2019+,EW market,250,42,2019-11-18,False,22.3423,-40.4516,1.129,25.9818,-40.4516,20.2647,-26.1765,7,0.6822,1.0,0,0,28,0
2019+,EW market,250,43,2019-11-25,False,21.7972,-40.217,1.1064,25.1478,-40.217,19.9927,-25.7093,7,0.6934,1.0,0,0,31,0
2019+,EW market,250,44,2019-12-02,False,21.7924,-40.3674,1.104,25.0936,-40.3674,20.0509,-25.6938,7,0.7244,1.0,0,0,29,0
2019+,EW market,250,45,2019-12-09,False,21.6175,-40.0679,1.094,24.9124,-40.0679,19.9089,-25.9551,7,0.7219,1.0,0,0,31,0
2019+,EW market,250,46,2019-12-16,False,21.8019,-40.3062,1.0985,25.1628,-40.3062,20.0778,-26.1415,7,0.6953,1.0,0,0,31,0
2019+,EW market,250,47,2019-12-23,False,22.3963,-40.5222,1.1235,25.9684,-40.5222,20.3947,-25.6278,7,0.6893,1.0,0,0,30,0
2019+,EW market,250,48,2019-12-31,False,21.6031,-40.8962,1.0867,23.8801,-40.8962,20.6283,-25.6667,7,0.71,1.0,0,0,31,0
2019+,EW market,250,49,2020-01-07,True,22.2308,-41.5035,1.1097,24.1736,-41.5035,21.578,-25.0756,7,0.7383,1.0,0,0,28,0
2016+,BASELINE,30,0,2016-06-03,True,25.9292,-58.0022,0.9084,36.3436,-47.8401,12.0595,-58.0022,85,1.6923,0.9529,0,0,2,0
2016+,BASELINE,30,1,2016-06-10,True,13.4786,-58.8455,0.5661,18.7286,-45.7277,6.3875,-58.8455,85,1.6977,0.9529,0,0,1,0
2016+,BASELINE,30,2,2016-06-17,True,14.2337,-52.0004,0.5815,14.8394,-52.0004,13.9893,-46.4374,85,1.6842,0.9294,0,0,1,0
2016+,BASELINE,30,3,2016-06-24,True,17.7858,-38.874,0.6977,12.9754,-38.874,28.3871,-37.2311,85,1.7037,0.9294,0,0,0,0
2016+,BASELINE,30,4,2016-07-01,True,12.5639,-43.2053,0.5448,6.2795,-43.2053,25.5967,-39.4657,85,1.6833,0.9176,0,0,14,0
2016+,BASELINE,30,5,2016-07-11,True,25.5252,-46.2573,0.8875,29.8281,-37.1471,19.7354,-46.2573,85,1.7573,0.9529,0,0,1,0
2016+,BASELINE,60,0,2016-06-03,True,28.7921,-37.2749,1.0323,23.3196,-37.2749,42.2048,-31.7658,43,2.0,0.9535,0,0,1,0
2016+,BASELINE,60,1,2016-06-10,False,24.7754,-44.117,0.9085,19.3531,-38.5023,37.1666,-31.091,43,2.0,0.9302,0,0,0,0
2016+,BASELINE,60,2,2016-06-17,True,10.0036,-53.8757,0.4691,9.9558,-46.5002,11.7553,-53.8757,43,2.0,0.9535,0,0,1,0
2016+,BASELINE,60,3,2016-06-24,False,20.095,-50.4847,0.7673,14.4297,-50.4847,33.4746,-38.5278,43,2.0,0.9302,0,0,0,0
2016+,BASELINE,60,4,2016-07-01,True,11.4576,-61.4461,0.5087,4.9658,-61.4461,25.3722,-35.3874,43,2.0,0.907,0,0,13,0
2016+,BASELINE,60,5,2016-07-11,False,30.2966,-46.4155,1.0109,33.9915,-38.2058,26.0395,-46.4155,43,2.0,0.9535,0,0,0,0
2016+,BASELINE,60,6,2016-07-18,False,27.8185,-46.5751,0.9369,33.6987,-36.6719,20.2167,-46.5751,42,2.0,0.9524,0,0,3,0
2016+,BASELINE,60,7,2016-07-25,True,15.702,-51.1416,0.62,21.1502,-45.3433,7.9496,-51.1416,42,2.0,0.9762,0,0,1,0
2016+,BASELINE,60,8,2016-08-01,False,20.5394,-49.9626,0.7771,22.0335,-37.5196,18.8434,-49.9626,42,2.0,0.9048,0,0,1,0
2016+,BASELINE,60,9,2016-08-08,True,10.792,-62.9626,0.4967,7.6065,-62.9626,18.0671,-44.6502,42,2.0,0.9286,0,0,1,0
2016+,BASELINE,60,10,2016-08-16,False,14.2973,-59.1736,0.606,10.0439,-59.1736,23.1181,-41.0859,42,2.0,0.9286,0,0,2,0
2016+,BASELINE,60,11,2016-08-23,True,26.6192,-43.3839,0.9345,23.3141,-43.3839,33.8991,-37.3424,42,2.0,0.9524,0,0,1,0
2016+,BASELINE,90,0,2016-06-03,True,30.2925,-46.6506,1.0415,22.7995,-46.6506,47.9069,-26.9738,29,2.0,0.8966,0,0,0,0
2016+,BASELINE,90,1,2016-06-10,False,24.5676,-53.5373,0.8961,25.7656,-53.5373,24.6819,-38.2983,29,2.0,0.931,0,0,0,0
2016+,BASELINE,90,2,2016-06-17,False,14.0745,-54.8639,0.5978,14.5655,-52.7326,14.6023,-54.8639,29,2.0,0.8966,0,0,1,0
2016+,BASELINE,90,3,2016-06-24,True,30.0198,-45.1184,1.0581,27.5802,-45.1184,36.1379,-36.4858,29,2.0,0.8966,0,0,1,0
2016+,BASELINE,90,4,2016-07-01,False,9.5828,-54.5044,0.4573,7.236,-54.5044,15.7864,-41.4738,29,2.0,0.931,0,0,1,0
2016+,BASELINE,90,5,2016-07-11,False,13.6941,-47.6041,0.576,16.4904,-47.6041,11.2756,-42.0407,29,2.0,0.931,0,0,0,0
2016+,BASELINE,90,6,2016-07-18,False,23.1655,-43.7662,0.8443,25.2929,-43.7662,22.0633,-40.3784,28,2.0,0.9643,0,0,1,0
2016+,BASELINE,90,7,2016-07-25,True,11.8559,-48.3107,0.5299,15.2642,-45.4199,8.3813,-48.3107,28,2.0,0.9286,0,0,1,0
2016+,BASELINE,90,8,2016-08-01,False,12.428,-60.436,0.5367,15.9608,-60.436,8.2323,-43.3652,28,2.0,0.9643,0,0,2,0
2016+,BASELINE,90,9,2016-08-08,False,1.5623,-59.9102,0.2077,-8.4697,-58.0964,24.0033,-39.9809,28,2.0,0.9643,0,0,2,0
2016+,BASELINE,90,10,2016-08-16,True,7.6801,-55.1721,0.4069,-4.3357,-55.1721,33.5062,-35.7593,28,2.0,0.9286,0,0,2,0
2016+,BASELINE,90,11,2016-08-23,False,23.1189,-44.9284,0.8673,21.0238,-44.9284,28.71,-43.8954,28,2.0,0.9643,0,0,1,0
2016+,BASELINE,90,12,2016-08-30,False,29.1216,-45.1067,1.0132,31.7875,-41.2764,26.7669,-45.1067,28,2.0,1.0,0,0,3,0
2016+,BASELINE,90,13,2016-09-07,False,19.1078,-47.0817,0.7168,15.4222,-37.6989,26.8059,-47.0817,28,2.0,1.0,0,0,2,0
2016+,BASELINE,90,14,2016-09-15,True,21.4161,-45.5641,0.8303,16.3276,-41.7965,31.3779,-45.5641,28,2.0,0.9286,0,0,3,0
2016+,BASELINE,90,15,2016-09-22,False,7.8762,-76.771,0.4075,2.0227,-76.771,20.0954,-41.0338,28,2.0,0.9286,0,0,2,0
2016+,BASELINE,90,16,2016-09-29,False,18.6169,-58.8946,0.7067,18.3032,-58.8946,20.3012,-43.0123,28,2.0,0.8929,0,0,17,0
2016+,BASELINE,90,17,2016-10-06,True,34.2678,-53.8915,1.1167,30.4664,-53.8915,42.3795,-32.1273,28,2.0,0.9643,0,0,2,0
2016+,BASELINE,100,0,2016-06-03,True,18.7296,-53.0115,0.7189,10.5161,-53.0115,35.6044,-32.1584,26,2.0,0.9231,0,0,0,0
2016+,BASELINE,100,1,2016-06-10,False,12.9362,-54.3805,0.5698,14.0666,-50.8172,12.5153,-54.3805,26,2.0,0.9615,0,0,0,0
2016+,BASELINE,100,2,2016-06-17,False,10.7017,-54.5192,0.4941,10.3597,-54.5192,12.4064,-53.0756,26,2.0,0.9231,0,0,0,0
2016+,BASELINE,100,3,2016-06-24,False,20.4545,-56.7257,0.7602,24.7719,-56.7257,14.5627,-47.4963,26,2.0,0.9615,0,0,0,0
2016+,BASELINE,100,4,2016-07-01,True,11.6393,-55.8486,0.5206,9.0328,-55.8486,19.0456,-41.0428,26,2.0,0.9231,0,0,0,0
2016+,BASELINE,100,5,2016-07-11,False,10.1588,-59.0904,0.4785,8.621,-59.0904,14.7937,-47.3787,26,2.0,0.9231,0,0,0,0
2016+,BASELINE,100,6,2016-07-18,False,16.3612,-51.4751,0.6623,15.1487,-51.4751,20.0533,-50.6514,26,2.0,0.9231,0,0,3,0
2016+,BASELINE,100,7,2016-07-25,False,5.6292,-59.283,0.3372,-0.582,-59.283,18.7561,-39.9461,26,2.0,0.9231,0,0,3,0
2016+,BASELINE,100,8,2016-08-01,True,15.151,-33.813,0.6525,12.3382,-33.813,21.5955,-28.211,26,2.0,0.8462,0,0,16,0
2016+,BASELINE,100,9,2016-08-08,False,17.3209,-39.1064,0.7188,14.0419,-32.6965,24.7906,-30.6566,26,2.0,0.8846,0,0,2,0
2016+,BASELINE,100,10,2016-08-16,False,14.8789,-58.0028,0.6104,11.261,-58.0028,23.433,-32.6341,25,2.0,0.96,0,0,4,0
2016+,BASELINE,100,11,2016-08-23,True,12.849,-63.6707,0.5495,6.0115,-63.6707,28.0792,-32.8695,25,2.0,0.96,0,0,2,0
2016+,BASELINE,100,12,2016-08-30,False,30.9325,-37.888,1.063,30.451,-37.2911,34.4593,-29.2047,25,2.0,1.0,0,0,2,0
2016+,BASELINE,100,13,2016-09-07,False,25.8575,-42.7484,0.9372,27.0631,-37.5084,26.3116,-42.7484,25,2.0,0.96,0,0,2,0
2016+,BASELINE,100,14,2016-09-15,False,24.763,-48.2027,0.9036,23.3593,-48.2027,29.0371,-45.5798,25,2.0,0.96,0,0,3,0
2016+,BASELINE,100,15,2016-09-22,True,24.0668,-41.7304,0.8821,22.7369,-41.5066,29.0596,-37.8716,25,2.0,0.96,0,0,3,0
2016+,BASELINE,100,16,2016-09-29,False,19.4385,-49.6064,0.7613,17.0811,-40.224,25.131,-49.6064,25,2.0,0.92,0,0,1,0
2016+,BASELINE,100,17,2016-10-06,False,19.812,-65.8425,0.728,18.4877,-65.8425,23.9393,-53.8107,25,2.0,0.96,0,0,1,0
2016+,BASELINE,100,18,2016-10-17,False,23.2885,-67.2252,0.8304,16.2802,-67.2252,38.0761,-35.5435,25,2.0,0.96,0,0,0,0
2016+,BASELINE,100,19,2016-10-24,True,20.3781,-66.6309,0.7525,10.1666,-66.6309,40.7037,-31.6511,25,2.0,0.96,0,0,0,0
2016+,BASELINE,180,0,2016-06-03,True,24.4969,-43.9248,0.9107,16.8568,-43.9248,42.3687,-31.5562,15,2.0,0.9333,0,0,0,0
2016+,BASELINE,180,1,2016-06-10,False,17.3496,-46.5711,0.7106,18.8096,-46.5711,17.1218,-44.1285,15,2.0,0.9333,0,0,0,0
2016+,BASELINE,180,2,2016-06-17,False,12.9424,-57.2628,0.5572,11.3211,-57.2628,17.5544,-48.414,15,2.0,0.9333,0,0,0,0
2016+,BASELINE,180,3,2016-06-24,False,29.6695,-44.7114,1.001,26.3668,-44.7114,37.5319,-30.4003,15,2.0,0.9333,0,0,0,0
2016+,BASELINE,180,4,2016-07-01,False,19.1476,-63.4281,0.7017,21.7902,-63.4281,16.8943,-38.2353,15,2.0,0.9333,0,0,2,0
2016+,BASELINE,180,5,2016-07-11,False,14.0047,-57.8714,0.5799,15.6096,-57.8714,13.8933,-35.1436,15,2.0,0.9333,0,0,2,0
2016+,BASELINE,180,6,2016-07-18,False,22.3733,-59.6818,0.783,25.4265,-59.6818,19.3093,-38.3064,14,2.0,1.0,0,0,2,0
2016+,BASELINE,180,7,2016-07-25,True,14.084,-64.2571,0.5696,21.8917,-64.2571,2.9702,-45.0185,14,2.0,1.0,0,0,1,0
2016+,BASELINE,180,8,2016-08-01,False,17.5543,-61.2427,0.6705,21.849,-61.2427,11.9869,-32.8945,14,2.0,1.0,0,0,2,0
2016+,BASELINE,180,9,2016-08-08,False,17.9153,-43.2809,0.6919,15.9445,-41.2316,22.6701,-35.8679,14,2.0,1.0,0,0,2,0
2016+,BASELINE,180,10,2016-08-16,False,15.8247,-56.025,0.6519,10.1913,-56.025,26.9416,-37.6638,14,2.0,0.9286,0,0,1,0
2016+,BASELINE,180,11,2016-08-23,False,37.1181,-41.2316,1.194,31.9758,-41.2316,47.6368,-33.3249,14,2.0,1.0,0,0,2,0
2016+,BASELINE,180,12,2016-08-30,False,34.4078,-41.2316,1.1274,31.8408,-41.2316,39.6103,-34.7969,14,2.0,1.0,0,0,2,0
2016+,BASELINE,180,13,2016-09-07,False,16.6468,-64.176,0.6374,8.3878,-64.176,32.8672,-38.6627,14,2.0,1.0,0,0,1,0
2016+,BASELINE,180,14,2016-09-15,True,25.1558,-43.9432,0.9126,23.2284,-43.9432,30.1259,-35.9921,14,2.0,1.0,0,0,2,0
2016+,BASELINE,180,15,2016-09-22,False,23.0722,-34.2777,0.8955,24.7414,-31.3653,21.9075,-34.2777,14,2.0,0.9286,0,0,1,0
2016+,BASELINE,180,16,2016-09-29,False,24.0394,-35.1471,0.912,19.8177,-35.1471,31.6463,-32.7763,14,2.0,0.8571,0,0,7,0
2016+,BASELINE,180,17,2016-10-06,False,37.0308,-44.744,1.164,41.2048,-44.744,32.2512,-29.5335,14,2.0,1.0,0,0,2,0
2016+,BASELINE,180,18,2016-10-17,False,24.5466,-36.342,0.9081,23.7029,-36.342,27.6035,-28.52,14,1.8565,0.8571,0,0,1,0
2016+,BASELINE,180,19,2016-10-24,False,23.5467,-45.6764,0.8604,25.3062,-43.5952,22.2177,-35.7524,14,2.0,0.9286,0,0,0,0
2016+,BASELINE,180,20,2016-11-01,False,23.8997,-37.9527,0.95,23.035,-37.4526,26.8331,-37.9527,14,1.9474,0.8571,0,0,1,0
2016+,BASELINE,180,21,2016-11-08,True,25.6394,-42.6231,1.0575,25.3114,-26.9553,27.8438,-42.6231,14,1.8274,0.8571,0,0,1,0
2016+,BASELINE,180,22,2016-11-16,False,21.4075,-47.949,0.8688,21.6071,-47.949,23.1809,-43.969,14,1.9524,0.9286,0,0,1,0
2016+,BASELINE,180,23,2016-11-23,False,17.5766,-59.4912,0.6964,19.4818,-59.4912,16.8968,-43.1748,14,1.9474,0.9286,0,0,0,0
2016+,BASELINE,180,24,2016-11-30,False,17.0975,-43.2466,0.7445,12.4706,-43.2466,27.6357,-42.6414,14,2.0,0.9286,0,0,0,0
2016+,BASELINE,180,25,2016-12-07,False,14.973,-44.8478,0.6695,10.5269,-44.8478,25.0248,-44.3258,14,1.9048,0.8571,0,0,0,0
2016+,BASELINE,180,26,2016-12-14,False,16.5714,-63.656,0.6663,17.2366,-63.656,17.2357,-47.6535,14,2.0,0.9286,0,0,2,0
2016+,BASELINE,180,27,2016-12-21,False,3.4423,-70.6618,0.2673,-10.1775,-70.6618,32.7086,-44.3404,14,2.0,0.9286,0,0,2,0
2016+,BASELINE,180,28,2016-12-28,True,15.6236,-58.4891,0.6662,4.3283,-58.4891,38.1881,-35.6925,14,1.9454,0.9286,0,0,2,0
2016+,BASELINE,180,29,2017-01-04,False,14.5703,-55.5568,0.6379,9.9078,-55.5568,24.3526,-51.8247,14,2.0,0.9286,0,0,1,0
2016+,BASELINE,180,30,2017-01-11,False,31.2452,-41.8205,1.0743,28.3239,-41.8205,38.2513,-40.473,14,2.0,1.0,0,0,2,0
2016+,BASELINE,180,31,2017-01-18,False,19.6328,-52.1576,0.7382,16.6472,-52.1576,25.7379,-47.3734,14,2.0,1.0,0,0,2,0
2016+,BASELINE,180,32,2017-01-25,False,16.8444,-50.2774,0.73,10.4136,-50.2774,28.7055,-48.4024,14,1.9286,0.8571,0,0,1,0
2016+,BASELINE,180,33,2017-02-02,False,13.1936,-78.9014,0.5712,4.7003,-78.9014,29.7846,-42.2578,14,2.0,0.9286,0,0,1,0
2016+,BASELINE,180,34,2017-02-09,False,18.8344,-76.3102,0.718,14.3941,-76.3102,27.3955,-44.4269,14,2.0,0.9286,0,0,2,0
2016+,BASELINE,180,35,2017-02-16,True,14.8195,-58.2439,0.6354,6.6096,-58.2439,30.4463,-39.6585,14,1.9167,0.9286,0,0,1,0
2016+,BASELINE,250,0,2016-06-03,True,18.4427,-58.4737,0.7228,5.1303,-58.4737,46.8722,-33.4288,11,2.0,1.0,0,0,1,0
2016+,BASELINE,250,1,2016-06-10,False,14.9258,-48.3959,0.6265,5.4973,-48.3959,34.3729,-33.0669,11,2.0,1.0,0,0,0,0
2016+,BASELINE,250,2,2016-06-17,False,19.4227,-57.9893,0.7397,10.7184,-57.9893,38.078,-37.0664,11,2.0,1.0,0,0,4,0
2016+,BASELINE,250,3,2016-06-24,False,30.0727,-42.8303,0.9663,34.0131,-42.8303,25.0896,-38.7436,11,2.0,1.0,0,0,3,0
2016+,BASELINE,250,4,2016-07-01,False,13.3237,-74.499,0.5692,0.2938,-74.499,40.3633,-30.1579,11,2.0,1.0,0,0,3,0
2016+,BASELINE,250,5,2016-07-11,False,19.8103,-61.0,0.7598,16.7365,-61.0,27.1904,-41.8375,11,2.0,1.0,0,0,2,0
2016+,BASELINE,250,6,2016-07-18,False,13.3068,-71.4796,0.5575,7.6608,-71.4796,25.3933,-49.1878,11,2.0,1.0,0,0,2,0
2016+,BASELINE,250,7,2016-07-25,False,-2.2044,-77.5034,0.1053,-7.513,-77.5034,9.0722,-49.0493,11,2.0,1.0,0,0,1,0
2016+,BASELINE,250,8,2016-08-01,False,11.4494,-62.1754,0.5185,9.9073,-62.1754,15.5409,-36.9329,11,2.0,1.0,0,0,2,0
2016+,BASELINE,250,9,2016-08-08,False,21.8328,-47.9067,0.8483,13.6096,-47.9067,39.1027,-35.878,11,2.0,0.9091,0,0,1,0
2016+,BASELINE,250,10,2016-08-16,True,27.2061,-49.0411,1.0026,18.6101,-49.0411,45.7598,-35.0255,10,2.0,0.9,0,0,1,0
2016+,BASELINE,250,11,2016-08-23,False,6.4272,-69.7516,0.3589,4.5122,-69.7516,12.0525,-52.1454,10,2.0,1.0,0,0,1,0
2016+,BASELINE,250,12,2016-08-30,False,14.0253,-51.8218,0.6266,15.1982,-51.8218,14.4175,-43.0919,10,2.0,0.9,0,0,0,0
2016+,BASELINE,250,13,2016-09-07,False,20.7463,-68.7596,0.7733,11.425,-68.7596,41.0275,-34.8536,10,2.0,1.0,0,0,0,0
2016+,BASELINE,250,14,2016-09-15,False,11.3289,-48.6975,0.5441,9.7159,-47.2397,15.8175,-40.1418,10,2.0,0.9,0,0,1,0
2016+,BASELINE,250,15,2016-09-22,False,11.9738,-52.9345,0.55,9.0831,-52.9345,19.5555,-39.5686,10,2.0,0.9,0,0,0,0
2016+,BASELINE,250,16,2016-09-29,False,11.297,-63.5921,0.5096,7.8294,-63.5921,18.9303,-48.9128,10,2.0,1.0,0,0,1,0
2016+,BASELINE,250,17,2016-10-06,False,22.4133,-53.6618,0.8335,17.3171,-53.6618,33.4201,-38.7543,10,2.0,1.0,0,0,1,0
2016+,BASELINE,250,18,2016-10-17,False,19.3936,-46.4846,0.9037,10.4783,-46.4846,38.0224,-38.3258,10,1.0,0.7,0,0,7,0
2016+,BASELINE,250,19,2016-10-24,False,13.9964,-51.4,0.6521,8.7511,-51.4,24.4287,-37.779,10,2.0,0.9,0,0,0,0
2016+,BASELINE,250,20,2016-11-01,True,23.1024,-56.1676,0.7756,25.003,-56.1676,20.8649,-33.5091,10,2.0,1.0,0,0,0,0
2016+,BASELINE,250,21,2016-11-08,False,27.7317,-58.992,0.9557,26.6778,-58.992,31.2201,-31.091,10,2.0,1.0,0,0,0,0
2016+,BASELINE,250,22,2016-11-16,False,24.2614,-52.3344,0.8991,36.7155,-46.1328,7.3146,-52.3344,10,2.0,1.0,0,0,0,0
2016+,BASELINE,250,23,2016-11-23,False,27.9899,-46.6583,0.9691,35.4489,-46.6583,17.9917,-43.3085,10,2.0,1.0,0,0,0,0
2016+,BASELINE,250,24,2016-11-30,False,23.6713,-52.4263,0.8585,21.2545,-52.4263,30.6623,-33.5587,10,2.0,1.0,0,0,0,0
2016+,BASELINE,250,25,2016-12-07,False,22.7617,-54.1544,0.8485,31.5249,-40.4304,10.8697,-54.1544,10,2.0,1.0,0,0,0,0
2016+,BASELINE,250,26,2016-12-14,False,12.1277,-51.2565,0.5925,11.4624,-46.2033,13.7435,-51.2565,10,1.9,0.8,0,0,1,0
2016+,BASELINE,250,27,2016-12-21,False,3.2481,-77.8483,0.2605,-4.726,-77.8483,18.6417,-52.1142,10,2.0,0.9,0,0,1,0
2016+,BASELINE,250,28,2016-12-28,False,28.0134,-73.4846,0.9246,27.7664,-73.4846,29.3568,-32.9682,10,2.0,0.9,0,0,1,0
2016+,BASELINE,250,29,2017-01-04,True,9.6874,-71.8702,0.4556,1.576,-71.8702,24.1996,-37.0667,10,2.0,0.9,0,0,0,0
2016+,BASELINE,250,30,2017-01-11,False,8.7824,-72.2177,0.434,3.5883,-72.2177,18.9912,-26.8662,10,2.0,0.9,0,0,1,0
2016+,BASELINE,250,31,2017-01-18,False,6.8949,-68.2261,0.3816,1.412,-68.2261,17.0545,-40.955,10,2.0,0.9,0,0,1,0
2016+,BASELINE,250,32,2017-01-25,False,15.0244,-44.1274,0.6224,22.7848,-44.1274,5.3999,-33.4916,10,2.0,1.0,0,0,1,0
2016+,BASELINE,250,33,2017-02-02,False,17.3806,-50.2436,0.7176,27.8333,-50.2436,4.8173,-38.4365,10,2.0,0.9,0,0,2,0
2016+,BASELINE,250,34,2017-02-09,False,14.9378,-62.7288,0.6212,15.7279,-62.7288,15.9059,-34.5626,10,2.0,0.9,0,0,2,0
2016+,BASELINE,250,35,2017-02-16,False,27.1697,-48.892,1.0131,27.2914,-48.892,29.253,-31.8836,10,2.0,0.9,0,0,2,0
2016+,BASELINE,250,36,2017-02-23,False,32.0019,-41.1238,1.1475,38.22,-41.1238,24.9122,-31.7606,10,2.0,0.9,0,0,1,0
2016+,BASELINE,250,37,2017-03-03,False,25.0414,-39.3663,0.9878,26.7285,-39.3663,24.6214,-32.4929,10,2.0,0.9,0,0,1,0
2016+,BASELINE,250,38,2017-03-10,False,31.8349,-54.5039,1.0452,31.6421,-54.5039,34.32,-28.244,10,2.0,1.0,0,0,0,0
2016+,BASELINE,250,39,2017-03-20,True,29.7224,-62.2959,0.9697,25.599,-62.2959,38.6228,-29.095,10,2.0,1.0,0,0,0,0
2016+,BASELINE,250,40,2017-03-27,False,30.5981,-34.6978,1.128,36.7299,-33.9519,23.4523,-34.6978,10,2.0,0.9,0,0,1,0
2016+,BASELINE,250,41,2017-04-03,False,34.1152,-35.6857,1.241,36.2915,-35.6857,32.6688,-30.0951,10,2.0,0.9,0,0,2,0
2016+,BASELINE,250,42,2017-04-11,False,40.5502,-33.1773,1.4129,41.8641,-33.1773,41.1536,-31.6199,10,2.0,0.9,0,0,2,0
2016+,BASELINE,250,43,2017-04-19,False,42.9349,-34.3731,1.493,42.8961,-28.2703,46.2515,-34.3731,10,1.9474,0.9,0,0,2,0
2016+,BASELINE,250,44,2017-04-26,False,32.2366,-32.1427,1.272,28.0747,-27.65,41.1747,-32.1427,10,1.9097,0.9,0,0,2,0
2016+,BASELINE,250,45,2017-05-04,False,23.8433,-42.0858,0.9258,18.0106,-42.0858,34.6859,-35.1487,10,2.0,0.9,0,0,2,0
2016+,BASELINE,250,46,2017-05-11,False,22.0674,-34.2685,0.8879,11.678,-34.2685,41.3732,-33.7401,10,2.0,0.9,0,0,2,0
2016+,BASELINE,250,47,2017-05-18,False,17.9305,-43.1109,0.753,9.0283,-40.5425,34.1092,-37.8877,10,2.0,0.9,0,0,2,0
2016+,BASELINE,250,48,2017-05-25,False,20.307,-36.4858,0.8371,6.1553,-36.4858,46.0464,-33.1783,10,1.875,0.9,0,0,2,0
2016+,BASELINE,250,49,2017-06-01,True,27.6056,-30.4003,1.0605,16.8152,-28.7443,46.924,-30.4003,10,1.9204,0.9,0,0,2,0
2016+,G,30,0,2016-06-03,True,14.1738,-47.8401,0.6812,12.2576,-47.8401,20.3745,-19.0403,85,1.0,0.5882,0,0,2,0
2016+,G,30,1,2016-06-10,True,3.8658,-47.4651,0.2802,-1.5998,-47.4651,14.9645,-37.322,85,1.0,0.6118,0,0,1,0
2016+,G,30,2,2016-06-17,True,8.2159,-51.4103,0.4335,5.5047,-51.4103,13.0921,-37.5679,85,1.0,0.6588,0,0,1,0
2016+,G,30,3,2016-06-24,True,16.333,-41.7399,0.7227,6.9822,-41.7399,36.4513,-14.9428,85,1.0,0.6588,0,0,0,0
2016+,G,30,4,2016-07-01,True,9.5525,-44.6719,0.4958,-1.1506,-44.6719,32.2609,-26.2901,85,1.0,0.6353,0,0,14,0
2016+,G,30,5,2016-07-11,True,21.7826,-41.679,0.9169,15.3111,-41.679,35.3349,-16.4208,85,1.0,0.6471,0,0,1,0
2016+,G,60,0,2016-06-03,True,13.1622,-45.7466,0.6428,3.4106,-45.7466,35.6778,-21.5107,43,1.0,0.5814,0,0,1,0
2016+,G,60,1,2016-06-10,False,10.7026,-49.4066,0.556,5.292,-49.4066,20.8206,-31.8461,43,1.0,0.5581,0,0,0,0
2016+,G,60,2,2016-06-17,True,7.4863,-52.8983,0.4041,8.8402,-45.5643,6.7632,-38.6229,43,1.5294,0.6977,0,0,1,0
2016+,G,60,3,2016-06-24,False,18.1637,-59.9942,0.7666,9.4145,-59.9942,35.0327,-14.4048,43,1.0,0.6977,0,0,0,0
2016+,G,60,4,2016-07-01,True,8.3331,-55.7101,0.4431,1.4087,-55.7101,21.4664,-18.4507,43,1.0,0.6512,0,0,13,0
2016+,G,60,5,2016-07-11,False,27.0038,-42.7596,1.0825,27.2568,-42.7596,28.5054,-17.9302,43,1.0,0.6744,0,0,0,0
2016+,G,60,6,2016-07-18,False,16.133,-35.3096,0.7425,21.0234,-35.3096,9.9615,-35.2797,42,1.0,0.5952,0,0,3,0
2016+,G,60,7,2016-07-25,True,11.9971,-43.6752,0.5727,10.5552,-43.6752,15.6478,-29.0644,42,1.0,0.6667,0,0,1,0
2016+,G,60,8,2016-08-01,False,21.9631,-37.5196,0.9796,19.2139,-37.5196,26.7478,-23.9225,42,1.0,0.619,0,0,1,0
2016+,G,60,9,2016-08-08,True,9.6679,-63.4104,0.5065,2.6541,-63.4104,24.4799,-31.2074,42,1.0,0.619,0,0,1,0
2016+,G,60,10,2016-08-16,False,10.421,-49.3237,0.5353,3.5183,-49.3237,24.4707,-26.7794,42,1.0,0.619,0,0,1,0
2016+,G,60,11,2016-08-23,True,19.1189,-51.0913,0.8221,10.9135,-51.0913,35.971,-20.0802,42,1.0,0.619,0,0,1,0
2016+,G,90,0,2016-06-03,True,20.2605,-53.916,0.826,18.1735,-53.916,26.9019,-27.9317,29,1.7895,0.7241,0,0,0,0
2016+,G,90,1,2016-06-10,False,24.0344,-55.5368,0.9655,18.0443,-55.5368,36.5725,-18.3772,29,1.0,0.7241,0,0,0,0
2016+,G,90,2,2016-06-17,False,20.1425,-52.7326,0.8153,14.0575,-52.7326,33.1397,-26.3741,29,1.7895,0.7586,0,0,1,0
2016+,G,90,3,2016-06-24,True,28.0273,-45.1184,1.1012,25.9921,-45.1184,33.3787,-17.7498,29,1.0,0.6897,0,0,1,0
2016+,G,90,4,2016-07-01,False,5.7325,-59.0055,0.354,-5.0279,-59.0055,29.6473,-20.3141,29,1.0,0.5862,0,0,0,0
2016+,G,90,5,2016-07-11,False,10.5621,-46.4374,0.536,5.8727,-46.4374,21.6412,-19.6367,29,1.0,0.5862,0,0,0,0
2016+,G,90,6,2016-07-18,False,4.349,-43.7662,0.3121,0.7282,-43.7662,13.252,-23.3313,28,1.0,0.4286,0,0,1,0
2016+,G,90,7,2016-07-25,True,5.2134,-38.638,0.3449,2.9259,-38.638,9.2472,-37.9268,28,1.0,0.4643,0,0,1,0
2016+,G,90,8,2016-08-01,False,6.8281,-48.3124,0.3925,6.8616,-48.3124,8.3979,-41.4717,28,1.0,0.6071,0,0,1,0
2016+,G,90,9,2016-08-08,False,-0.4134,-69.4035,0.1024,-13.4084,-69.4035,26.454,-18.907,28,1.0,0.5714,0,0,1,0
2016+,G,90,10,2016-08-16,True,2.9798,-52.1981,0.2477,-6.6634,-52.1981,21.7312,-25.0625,28,1.0,0.6071,0,0,1,0
2016+,G,90,11,2016-08-23,False,17.0965,-39.344,0.787,10.5478,-39.344,31.1184,-22.2594,28,1.0,0.6429,0,0,1,0
2016+,G,90,12,2016-08-30,False,17.0541,-41.2764,0.784,21.008,-41.2764,12.4926,-38.2419,28,1.0,0.6071,0,0,3,0
2016+,G,90,13,2016-09-07,False,7.1029,-40.8599,0.4019,5.8481,-40.8599,10.3437,-38.573,28,1.0,0.6429,0,0,2,0
2016+,G,90,14,2016-09-15,True,17.7986,-47.4989,0.8414,21.3949,-26.8804,11.9403,-47.4989,28,1.0,0.6071,0,0,2,0
2016+,G,90,15,2016-09-22,False,6.871,-70.3113,0.3868,2.5686,-70.3113,16.0857,-42.2544,28,1.0,0.7143,0,0,2,0
2016+,G,90,16,2016-09-29,False,17.8921,-50.0185,0.7303,23.8967,-49.3237,9.5628,-50.0185,28,1.2778,0.7143,0,0,17,0
2016+,G,90,17,2016-10-06,True,30.8874,-53.2115,1.155,30.2696,-53.2115,33.3707,-20.7097,28,1.25,0.7143,0,0,2,0
2016+,G,100,0,2016-06-03,True,14.8677,-50.1059,0.65,5.3152,-50.1059,33.7366,-19.2539,26,1.0,0.6538,0,0,0,0
2016+,G,100,1,2016-06-10,False,12.2283,-46.0311,0.6068,8.2463,-46.0311,21.2106,-31.091,26,1.0,0.6538,0,0,0,0
2016+,G,100,2,2016-06-17,False,6.0971,-53.0799,0.3601,4.6863,-53.0799,9.698,-48.0867,26,1.596,0.7308,0,0,0,0
2016+,G,100,3,2016-06-24,False,16.1027,-54.0805,0.6916,17.518,-54.0805,14.9672,-35.0018,26,1.0,0.7308,0,0,0,0
2016+,G,100,4,2016-07-01,True,6.2434,-39.5801,0.3826,5.145,-32.2714,10.7352,-39.5801,26,1.0,0.6154,0,0,0,0
2016+,G,100,5,2016-07-11,False,4.4049,-43.0111,0.3067,3.7293,-43.0111,6.5365,-39.2668,26,1.0,0.5769,0,0,0,0
2016+,G,100,6,2016-07-18,False,4.016,-46.0889,0.2897,7.7947,-43.7662,-0.8577,-46.0889,26,1.0,0.5769,0,0,2,0
2016+,G,100,7,2016-07-25,False,0.2748,-72.4778,0.1347,-8.8508,-72.4778,19.7044,-17.6677,26,1.0,0.5769,0,0,2,0
2016+,G,100,8,2016-08-01,True,4.3865,-46.9691,0.3093,-3.7076,-46.9691,21.359,-24.0613,26,1.0,0.5385,0,0,15,0
2016+,G,100,9,2016-08-08,False,11.6547,-32.6965,0.5756,4.7218,-32.6965,26.2618,-21.8723,26,1.0,0.6538,0,0,2,0
2016+,G,100,10,2016-08-16,False,7.1712,-66.3265,0.399,2.1121,-66.3265,18.427,-30.5726,25,1.0,0.68,0,0,4,0
2016+,G,100,11,2016-08-23,True,0.966,-65.1563,0.1709,-6.1754,-65.1563,16.7608,-30.1329,25,1.0,0.68,0,0,2,0
2016+,G,100,12,2016-08-30,False,17.4899,-45.3263,0.7654,15.7865,-45.3263,22.9437,-30.235,25,1.0,0.72,0,0,2,0
2016+,G,100,13,2016-09-07,False,19.5983,-37.5084,0.9428,16.5709,-37.5084,24.8166,-16.9112,25,1.0,0.56,0,0,2,0
2016+,G,100,14,2016-09-15,False,23.3137,-41.2764,0.9731,26.2553,-41.2764,20.2801,-30.9308,25,1.0,0.64,0,0,2,0
2016+,G,100,15,2016-09-22,True,26.9783,-38.0049,1.1539,27.3698,-38.0049,26.2369,-13.9826,25,1.0,0.56,0,0,2,0
2016+,G,100,16,2016-09-29,False,20.1988,-37.5407,0.9112,15.9425,-37.5407,27.5897,-14.818,25,1.0,0.56,0,0,1,0
2016+,G,100,17,2016-10-06,False,18.5371,-71.5839,0.7745,16.9616,-71.5839,23.0879,-23.8832,25,1.0,0.64,0,0,1,0
2016+,G,100,18,2016-10-17,False,12.4726,-57.5758,0.5795,9.2045,-57.5758,20.0784,-18.8329,25,1.0,0.56,0,0,0,0
2016+,G,100,19,2016-10-24,True,19.1117,-66.2915,0.7526,6.0095,-66.2915,45.7917,-22.9755,25,1.7778,0.76,0,0,0,0
2016+,G,180,0,2016-06-03,True,18.9093,-43.9248,0.7772,16.8568,-43.9248,25.4593,-31.5562,15,1.8854,0.8,0,0,0,0
2016+,G,180,1,2016-06-10,False,14.671,-46.5711,0.6703,18.2626,-46.5711,9.9201,-37.8877,15,1.0,0.7333,0,0,0,0
2016+,G,180,2,2016-06-17,False,14.8456,-57.2628,0.6283,11.3211,-57.2628,23.0686,-33.1783,15,2.0,0.8,0,0,0,0
2016+,G,180,3,2016-06-24,False,21.4491,-44.7114,0.8289,26.3668,-44.7114,14.9535,-30.4003,15,1.0,0.7333,0,0,0,0
2016+,G,180,4,2016-07-01,False,12.3038,-58.7928,0.5572,11.9414,-58.7928,15.1203,-33.4288,15,1.0,0.6,0,0,2,0
2016+,G,180,5,2016-07-11,False,4.5412,-48.488,0.3054,4.8341,-48.488,4.0233,-35.1436,15,1.0,0.6,0,0,2,0
2016+,G,180,6,2016-07-18,False,4.7849,-43.7662,0.3328,11.8547,-43.7662,-6.38,-36.2548,14,1.0,0.3571,0,0,2,0
2016+,G,180,7,2016-07-25,True,5.7003,-54.9785,0.3535,13.6681,-48.5056,-6.7239,-38.6089,14,1.0,0.5,0,0,1,0
2016+,G,180,8,2016-08-01,False,8.4368,-56.3304,0.4709,8.4104,-56.3304,8.4563,-27.2277,14,1.0,0.5714,0,0,2,0
2016+,G,180,9,2016-08-08,False,10.0658,-35.8679,0.5413,12.5247,-32.1177,5.9596,-35.8679,14,1.0,0.5714,0,0,2,0
2016+,G,180,10,2016-08-16,False,5.3997,-38.1615,0.3475,6.2647,-38.1615,3.9275,-37.6638,14,1.0,0.5714,0,0,1,0
2016+,G,180,11,2016-08-23,False,16.666,-33.3249,0.7941,13.2624,-30.6372,22.6227,-33.3249,14,1.0,0.5714,0,0,1,0
2016+,G,180,12,2016-08-30,False,11.7634,-34.7969,0.6309,11.7218,-34.5561,11.7974,-34.7969,14,1.0,0.4286,0,0,2,0
2016+,G,180,13,2016-09-07,False,5.7673,-35.878,0.3599,6.3034,-33.8418,4.8523,-35.878,14,1.0,0.5,0,0,1,0
2016+,G,180,14,2016-09-15,True,17.9221,-35.0255,0.8247,24.8824,-26.8804,8.4946,-35.0255,14,1.0,0.6429,0,0,2,0
2016+,G,180,15,2016-09-22,False,19.8374,-35.8327,0.8303,23.0885,-35.8327,16.0976,-29.9872,14,1.7143,0.7857,0,0,1,0
2016+,G,180,16,2016-09-29,False,22.1189,-33.3906,0.907,22.9108,-33.3906,21.0172,-32.7763,14,1.0,0.7143,0,0,7,0
2016+,G,180,17,2016-10-06,False,29.2514,-31.4965,1.1409,37.2922,-31.4965,18.6174,-21.6137,14,1.0,0.7143,0,0,2,0
2016+,G,180,18,2016-10-17,False,16.9217,-29.8589,0.7522,17.8671,-29.8589,16.9016,-28.52,14,1.0,0.6429,0,0,1,0
2016+,G,180,19,2016-10-24,False,20.5122,-44.429,0.8434,20.0375,-44.429,22.8404,-27.9889,14,1.0,0.7143,0,0,0,0
2016+,G,180,20,2016-11-01,False,24.3485,-37.4526,1.0521,21.8825,-37.4526,30.0501,-24.4106,14,1.0,0.7143,0,0,1,0
2016+,G,180,21,2016-11-08,True,23.2362,-32.5939,1.1063,18.9399,-23.7398,32.355,-31.0313,14,1.0,0.6429,0,0,1,0
2016+,G,180,22,2016-11-16,False,9.7887,-47.949,0.556,1.9339,-47.949,26.142,-23.7682,14,1.0,0.5714,0,0,0,0
2016+,G,180,23,2016-11-23,False,19.9587,-41.614,0.8632,18.967,-41.614,24.0912,-20.8443,14,1.0,0.5714,0,0,0,0
2016+,G,180,24,2016-11-30,False,6.6646,-63.622,0.4476,-7.4692,-59.9592,37.2203,-21.4608,14,1.0,0.5,0,0,0,0
2016+,G,180,25,2016-12-07,False,7.3949,-39.9157,0.475,-0.4705,-39.9157,21.4483,-37.274,14,1.0,0.4286,0,0,0,0
2016+,G,180,26,2016-12-14,False,16.6795,-54.5768,0.7142,17.1911,-54.5768,17.5934,-43.8071,14,1.0,0.6429,0,0,1,0
2016+,G,180,27,2016-12-21,False,6.4003,-66.292,0.3813,-8.338,-66.292,35.2308,-26.5166,14,1.0,0.5714,0,0,1,0
2016+,G,180,28,2016-12-28,True,12.4318,-49.2091,0.6122,3.3388,-49.2091,28.6759,-24.8545,14,1.0,0.6429,0,0,1,0
2016+,G,180,29,2017-01-04,False,19.5867,-53.5818,0.8842,10.7091,-53.5818,37.3811,-18.7449,14,1.4474,0.7143,0,0,1,0
2016+,G,180,30,2017-01-11,False,32.7604,-41.2764,1.2103,29.9973,-41.2764,39.5137,-38.4131,14,1.3808,0.7857,0,0,2,0
2016+,G,180,31,2017-01-18,False,18.9091,-57.7025,0.7687,11.8509,-57.7025,32.3196,-36.3007,14,1.2143,0.7857,0,0,2,0
2016+,G,180,32,2017-01-25,False,13.6825,-48.6614,0.7149,12.6999,-35.1859,15.2128,-48.6614,14,1.0,0.5714,0,0,1,0
2016+,G,180,33,2017-02-02,False,8.9885,-73.5166,0.4658,-0.6126,-73.5166,27.8128,-45.4733,14,1.0,0.6429,0,0,1,0
2016+,G,180,34,2017-02-09,False,20.6457,-66.4346,0.8228,19.8164,-66.4346,23.1414,-51.0604,14,1.0,0.7143,0,0,2,0
2016+,G,180,35,2017-02-16,True,11.9756,-58.2439,0.5802,7.7019,-58.2439,20.3805,-33.7509,14,1.0,0.7143,0,0,1,0
2016+,G,250,0,2016-06-03,True,16.0947,-34.297,0.7297,7.1572,-34.297,33.5764,-33.4288,11,1.0,0.7273,0,0,1,0
2016+,G,250,1,2016-06-10,False,10.8908,-33.0669,0.554,5.9737,-32.5339,20.0219,-33.0669,11,1.0,0.7273,0,0,0,0
2016+,G,250,2,2016-06-17,False,22.1532,-40.0852,0.8921,14.7213,-40.0852,38.078,-37.0664,11,2.0,0.8182,0,0,4,0
2016+,G,250,3,2016-06-24,False,28.5815,-38.7436,0.9993,31.6048,-36.5165,25.0896,-38.7436,11,1.8824,0.8182,0,0,3,0
2016+,G,250,4,2016-07-01,False,17.8214,-52.2094,0.7797,7.5215,-52.2094,38.3529,-27.46,11,1.0,0.7273,0,0,2,0
2016+,G,250,5,2016-07-11,False,22.8672,-36.8345,0.9583,23.9459,-36.8345,22.8259,-35.8679,11,1.0,0.7273,0,0,2,0
2016+,G,250,6,2016-07-18,False,18.0176,-44.1366,0.7688,14.0928,-44.1366,26.7566,-37.6638,11,1.0,0.7273,0,0,2,0
2016+,G,250,7,2016-07-25,False,4.5532,-61.1755,0.3044,-0.3945,-61.1755,15.1264,-33.3249,11,2.0,0.8182,0,0,1,0
2016+,G,250,8,2016-08-01,False,10.6208,-52.2861,0.5496,9.2487,-52.2861,14.3995,-34.7969,11,1.0,0.6364,0,0,2,0
2016+,G,250,9,2016-08-08,False,24.8905,-46.1099,0.9745,18.3987,-37.3756,38.6202,-35.878,11,1.0,0.7273,0,0,1,0
2016+,G,250,10,2016-08-16,True,27.2061,-49.0411,1.0026,18.6101,-49.0411,45.7598,-35.0255,10,2.0,0.9,0,0,1,0
2016+,G,250,11,2016-08-23,False,10.2054,-56.1292,0.5028,6.2438,-56.1292,19.7093,-29.9872,10,2.0,0.8,0,0,1,0
2016+,G,250,12,2016-08-30,False,14.0253,-51.8218,0.6266,15.1982,-51.8218,14.4175,-43.0919,10,2.0,0.9,0,0,0,0
2016+,G,250,13,2016-09-07,False,5.8895,-68.7596,0.3505,-1.0172,-68.7596,18.6243,-32.2389,10,1.0,0.7,0,0,0,0
2016+,G,250,14,2016-09-15,False,12.9301,-48.6975,0.6144,12.241,-47.2397,15.8175,-40.1418,10,1.9474,0.8,0,0,1,0
2016+,G,250,15,2016-09-22,False,7.996,-48.6386,0.4491,10.9406,-48.6386,3.2141,-40.1689,10,1.0,0.6,0,0,0,0
2016+,G,250,16,2016-09-29,False,3.0121,-62.6428,0.2462,8.8069,-62.6428,-5.9939,-37.586,10,1.0,0.6,0,0,1,0
2016+,G,250,17,2016-10-06,False,12.1191,-53.6618,0.6188,11.4356,-53.6618,15.0424,-18.7449,10,1.0,0.6,0,0,1,0
2016+,G,250,18,2016-10-17,False,19.5057,-46.4846,0.9862,10.4783,-46.4846,38.3665,-18.8329,10,1.0,0.5,0,0,7,0
2016+,G,250,19,2016-10-24,False,13.7759,-48.0428,0.7029,7.6012,-48.0428,25.9849,-18.907,10,1.0,0.6,0,0,0,0
2016+,G,250,20,2016-11-01,True,17.0859,-66.5628,0.6828,22.3616,-66.5628,8.8429,-20.5697,10,1.0,0.5,0,0,0,0
2016+,G,250,21,2016-11-08,False,15.4079,-63.7075,0.7065,10.2141,-63.7075,26.1756,-31.091,10,1.0,0.6,0,0,0,0
2016+,G,250,22,2016-11-16,False,13.4179,-51.0048,0.6794,12.457,-51.0048,16.1401,-38.5124,10,1.0,0.6,0,0,0,0
2016+,G,250,23,2016-11-23,False,17.3911,-46.6583,0.7845,13.2591,-46.6583,25.8573,-20.7097,10,1.0,0.6,0,0,0,0
2016+,G,250,24,2016-11-30,False,12.696,-52.4263,0.5982,7.3809,-52.4263,24.7587,-24.841,10,1.0,0.6,0,0,0,0
2016+,G,250,25,2016-12-07,False,15.2259,-40.4304,0.7268,19.0279,-40.4304,9.2788,-14.604,10,1.0,0.5,0,0,0,0
2016+,G,250,26,2016-12-14,False,6.847,-46.2033,0.4208,1.9169,-46.2033,15.8742,-26.2408,10,1.0,0.5,0,0,0,0
2016+,G,250,27,2016-12-21,False,-0.9355,-74.5284,0.0946,-3.2514,-74.5284,3.9156,-20.6842,10,1.0,0.5,0,0,0,0
2016+,G,250,28,2016-12-28,False,11.6828,-73.4846,0.5391,17.7895,-73.4846,3.3373,-22.419,10,1.0,0.5,0,0,0,0
2016+,G,250,29,2017-01-04,True,3.424,-71.8702,0.2633,1.576,-71.8702,6.6167,-33.3587,10,1.0,0.7,0,0,0,0
2016+,G,250,30,2017-01-11,False,2.034,-72.2177,0.2118,3.5883,-72.2177,0.7969,-20.9479,10,1.0,0.6,0,0,1,0
2016+,G,250,31,2017-01-18,False,-1.7346,-68.2261,0.0472,1.412,-68.2261,-5.8425,-33.534,10,1.0,0.6,0,0,1,0
2016+,G,250,32,2017-01-25,False,2.8431,-67.445,0.2405,9.2433,-67.445,-6.5425,-31.2272,10,1.0,0.5,0,0,1,0
2016+,G,250,33,2017-02-02,False,12.2288,-43.4073,0.6805,25.6375,-43.4073,-6.1104,-33.2574,10,1.0,0.4,0,0,0,0
2016+,G,250,34,2017-02-09,False,1.1682,-35.9831,0.154,1.9158,-35.9831,0.0,0.0,10,0.0,0.2,0,0,1,0
2016+,G,250,35,2017-02-16,False,7.4026,-23.9595,0.6358,12.3935,-23.9595,0.0,0.0,10,0.0,0.2,0,0,1,0
2016+,G,250,36,2017-02-23,False,9.1112,-21.9943,0.7315,15.3543,-21.9943,0.0,0.0,10,0.0,0.2,0,0,0,0
2016+,G,250,37,2017-03-03,False,8.5361,-35.9774,0.5786,9.5899,-28.9745,6.8901,-27.6358,10,1.0,0.4,0,0,0,0
2016+,G,250,38,2017-03-10,False,1.7646,-55.9397,0.1936,-0.1125,-55.9397,6.5605,-25.2753,10,1.0,0.5,0,0,0,0
2016+,G,250,39,2017-03-20,True,19.91,-62.2959,0.7662,10.3496,-62.2959,38.6228,-29.095,10,1.5,0.8,0,0,0,0
2016+,G,250,40,2017-03-27,False,7.6631,-54.0366,0.4571,-0.537,-54.0366,23.4523,-34.6978,10,1.0,0.6,0,0,1,0
2016+,G,250,41,2017-04-03,False,12.2221,-46.8227,0.6663,1.5691,-46.8227,32.6688,-30.0951,10,1.0,0.6,0,0,2,0
2016+,G,250,42,2017-04-11,False,27.3384,-33.1773,1.1092,20.5114,-33.1773,41.1536,-31.6199,10,2.0,0.8,0,0,2,0
2016+,G,250,43,2017-04-19,False,28.7913,-34.3731,1.2751,19.1431,-21.9601,44.8925,-34.3731,10,1.0,0.7,0,0,2,0
2016+,G,250,44,2017-04-26,False,29.6132,-32.1427,1.2516,25.3262,-22.5442,36.2956,-32.1427,10,1.3421,0.8,0,0,2,0
2016+,G,250,45,2017-05-04,False,22.396,-42.0858,0.916,17.4907,-42.0858,30.124,-35.1487,10,1.5,0.8,0,0,2,0
2016+,G,250,46,2017-05-11,False,20.6808,-34.2685,0.8784,12.1709,-34.2685,34.6586,-33.7401,10,1.5,0.8,0,0,2,0
2016+,G,250,47,2017-05-18,False,19.4731,-37.8877,0.8651,14.1939,-29.1063,27.7928,-37.8877,10,1.0,0.7,0,0,2,0
2016+,G,250,48,2017-05-25,False,19.7126,-33.1783,0.9125,10.238,-26.0388,35.3567,-33.1783,10,1.0,0.6,0,0,2,0
2016+,G,250,49,2017-06-01,True,20.27,-30.4003,0.9018,11.1398,-28.7443,35.2199,-30.4003,10,1.0,0.7,0,0,2,0
2016+,B,30,0,2016-06-03,True,26.3881,-56.9366,0.9773,35.8642,-41.7036,13.8724,-56.9366,85,1.5269,0.9529,0,0,4,0
2016+,B,30,1,2016-06-10,True,16.3702,-56.418,0.6881,22.5675,-50.9752,7.5175,-56.418,85,1.5829,0.9529,0,0,3,0
2016+,B,30,2,2016-06-17,True,22.2386,-52.0177,0.8564,22.6517,-52.0177,22.3405,-41.0334,85,1.4667,0.9412,0,0,3,0
2016+,B,30,3,2016-06-24,True,21.9948,-42.6709,0.8559,17.0833,-42.6709,32.4588,-36.3194,85,1.5789,0.9529,0,0,2,0
2016+,B,30,4,2016-07-01,True,20.5008,-41.7865,0.8296,13.9227,-41.7865,34.3149,-36.0256,85,1.6,0.9412,0,0,35,0
2016+,B,30,5,2016-07-11,True,22.1551,-41.8853,0.8649,20.0609,-39.333,27.5028,-41.8853,85,1.6,0.9647,0,0,2,0
2016+,B,60,0,2016-06-03,True,19.9901,-44.1169,0.8275,19.1363,-44.1169,24.314,-34.6253,43,1.8957,0.9535,0,0,4,0
2016+,B,60,1,2016-06-10,False,21.8656,-44.7484,0.8885,19.9181,-44.7484,26.9395,-37.6857,43,1.8065,0.9302,0,0,3,0
2016+,B,60,2,2016-06-17,True,11.1934,-51.6279,0.5221,9.1948,-49.8876,16.5021,-51.6279,43,2.0,0.9767,0,0,3,0
2016+,B,60,3,2016-06-24,False,25.5303,-40.3877,0.9676,18.5108,-40.3877,40.8547,-36.4292,43,2.0,0.9535,0,0,2,0
2016+,B,60,4,2016-07-01,True,21.2374,-42.6045,0.8398,15.0435,-42.6045,34.2177,-38.5381,43,2.0,0.9302,0,0,37,0
2016+,B,60,5,2016-07-11,False,24.6977,-40.8965,0.9412,25.3997,-40.8965,25.0208,-40.4076,43,2.0,0.9535,0,0,0,0
2016+,B,60,6,2016-07-18,False,32.4095,-41.3546,1.1201,38.438,-40.5804,23.9709,-41.3546,42,1.9333,0.9524,0,0,4,0
2016+,B,60,7,2016-07-25,True,18.395,-49.2684,0.7382,21.538,-49.2684,14.0843,-44.589,42,2.0,0.9762,0,0,3,0
2016+,B,60,8,2016-08-01,False,24.1468,-44.657,0.9579,26.4895,-30.617,21.0395,-44.657,42,2.0,0.9048,0,0,3,0
2016+,B,60,9,2016-08-08,True,13.8186,-67.7183,0.6061,10.2376,-67.7183,21.5303,-38.2082,42,1.8926,0.9524,0,0,3,0
2016+,B,60,10,2016-08-16,False,16.0925,-53.2406,0.6895,11.3401,-53.2406,26.0564,-32.4717,42,2.0,0.9524,0,0,4,0
2016+,B,60,11,2016-08-23,True,20.9241,-43.8884,0.8313,14.4354,-43.8884,34.5251,-35.9637,42,1.95,0.9762,0,0,3,0
2016+,B,90,0,2016-06-03,True,27.917,-50.1212,1.0418,20.4508,-50.1212,45.4285,-28.8641,29,2.0,0.8966,0,0,2,0
2016+,B,90,1,2016-06-10,False,23.2928,-56.9134,0.9253,19.5706,-56.9134,31.7214,-30.4153,29,2.0,0.931,0,0,2,0
2016+,B,90,2,2016-06-17,False,16.5905,-55.3662,0.7046,14.1065,-55.3662,22.3042,-48.6218,29,2.0,0.8966,0,0,3,0
2016+,B,90,3,2016-06-24,True,25.9231,-36.7749,1.0212,22.7767,-36.7749,33.2477,-30.8806,29,2.0,0.8966,0,0,3,0
2016+,B,90,4,2016-07-01,False,8.3711,-47.303,0.4357,4.8559,-47.303,16.4075,-40.6131,29,2.0,0.931,0,0,1,0
2016+,B,90,5,2016-07-11,False,17.1551,-43.7275,0.7169,19.4913,-43.7275,14.891,-43.6208,29,2.0,0.9655,0,0,1,0
2016+,B,90,6,2016-07-18,False,25.0416,-38.8753,0.9603,29.7494,-33.099,19.245,-38.8753,28,2.0,0.9643,0,0,2,0
2016+,B,90,7,2016-07-25,True,18.1948,-44.4937,0.7728,24.5773,-34.4713,9.3395,-44.4937,28,2.0,0.9286,0,0,2,0
2016+,B,90,8,2016-08-01,False,13.5104,-56.6771,0.5995,14.0492,-56.6771,14.284,-39.8778,28,2.0,1.0,0,0,2,0
2016+,B,90,9,2016-08-08,False,10.838,-56.7446,0.5099,2.1522,-56.7446,29.3888,-36.444,28,2.0,1.0,0,0,2,0
2016+,B,90,10,2016-08-16,True,20.4362,-40.4894,0.8357,12.0906,-40.4894,37.5607,-35.7507,28,2.0,1.0,0,0,3,0
2016+,B,90,11,2016-08-23,False,23.2443,-40.0768,0.927,18.8985,-37.5084,32.6108,-40.0768,28,2.0,0.9643,0,0,2,0
2016+,B,90,12,2016-08-30,False,27.11,-43.9893,1.0192,29.8952,-43.9893,23.8881,-39.2474,28,2.0,1.0,0,0,5,0
2016+,B,90,13,2016-09-07,False,15.4141,-50.373,0.6567,11.5614,-50.373,23.1966,-44.2461,28,2.0,1.0,0,0,4,0
2016+,B,90,14,2016-09-15,True,24.1911,-38.0473,0.9863,19.8795,-32.8643,32.6711,-38.0473,28,1.9382,0.9286,0,0,6,0
2016+,B,90,15,2016-09-22,False,9.4851,-79.2147,0.4658,0.3863,-79.2147,28.0217,-33.9455,28,2.0,0.9643,0,0,5,0
2016+,B,90,16,2016-09-29,False,25.367,-56.7679,0.9359,23.5723,-56.7679,29.8387,-30.1041,28,2.0,0.8929,0,0,36,0
2016+,B,90,17,2016-10-06,True,23.4125,-53.6222,0.9017,19.0735,-53.6222,32.6946,-32.2471,28,2.0,0.9643,0,0,3,0
2016+,B,100,0,2016-06-03,True,18.3352,-53.9989,0.7425,10.9001,-53.9989,33.5288,-32.6587,26,2.0,0.9231,0,0,0,0
2016+,B,100,1,2016-06-10,False,13.7729,-58.3691,0.6159,14.6824,-58.3691,13.4331,-43.3376,26,2.0,1.0,0,0,0,0
2016+,B,100,2,2016-06-17,False,15.1331,-51.345,0.654,12.5753,-51.345,21.0899,-45.1655,26,2.0,0.9231,0,0,0,0
2016+,B,100,3,2016-06-24,False,19.7078,-54.9799,0.7871,20.6299,-54.9799,19.6664,-46.5016,26,2.0,0.9615,0,0,0,0
2016+,B,100,4,2016-07-01,True,14.4222,-48.8309,0.6436,13.379,-48.8309,18.9606,-39.9297,26,2.0,0.9231,0,0,0,0
2016+,B,100,5,2016-07-11,False,14.8148,-57.2152,0.6479,14.283,-57.2152,16.9863,-41.7212,26,2.0,0.9231,0,0,0,0
2016+,B,100,6,2016-07-18,False,19.5832,-46.5752,0.7925,19.1153,-46.5752,21.2261,-39.7712,26,2.0,0.9231,0,0,3,0
2016+,B,100,7,2016-07-25,False,7.954,-49.9942,0.4232,2.2214,-49.9942,19.7478,-37.8511,26,2.0,0.9231,0,0,4,0
2016+,B,100,8,2016-08-01,True,19.6503,-32.1863,0.8592,15.8614,-31.5387,27.7233,-28.9942,26,1.8833,0.8462,0,0,35,0
2016+,B,100,9,2016-08-08,False,20.182,-35.7181,0.8753,17.1868,-35.3072,27.0699,-30.6036,26,2.0,0.8846,0,0,4,0
2016+,B,100,10,2016-08-16,False,16.0458,-56.5163,0.676,11.1578,-56.5163,26.6383,-36.9045,25,2.0,0.96,0,0,6,0
2016+,B,100,11,2016-08-23,True,17.1429,-56.7446,0.6978,10.6241,-56.7446,30.9984,-32.996,25,2.0,1.0,0,0,4,0
2016+,B,100,12,2016-08-30,False,28.8493,-40.4894,1.0807,28.0543,-40.4894,32.3247,-29.6453,25,2.0,1.0,0,0,5,0
2016+,B,100,13,2016-09-07,False,23.5863,-37.5084,0.9328,21.1585,-37.5084,29.3806,-36.7516,25,2.0,0.96,0,0,5,0
2016+,B,100,14,2016-09-15,False,22.7195,-46.8333,0.9064,18.194,-46.8333,32.6502,-40.1225,25,2.0,1.0,0,0,5,0
2016+,B,100,15,2016-09-22,True,26.7279,-40.758,1.0094,23.9976,-40.758,33.4192,-32.1832,25,2.0,1.0,0,0,5,0
2016+,B,100,16,2016-09-29,False,24.9803,-46.1451,0.9914,26.4575,-34.5344,23.8568,-46.1451,25,2.0,0.96,0,0,4,0
2016+,B,100,17,2016-10-06,False,18.1825,-70.2285,0.7364,15.4624,-70.2285,24.3932,-48.3755,25,2.0,0.96,0,0,4,0
2016+,B,100,18,2016-10-17,False,24.1879,-62.4826,0.9026,19.6489,-62.4826,33.561,-32.5122,25,2.0,1.0,0,0,2,0
2016+,B,100,19,2016-10-24,True,18.5084,-64.9325,0.7654,7.7171,-64.9325,39.8569,-32.5419,25,2.0,0.96,0,0,2,0
2016+,B,180,0,2016-06-03,True,16.0418,-59.7316,0.6969,7.9257,-59.7316,34.863,-30.8162,15,2.0,0.9333,0,0,2,0
2016+,B,180,1,2016-06-10,False,17.9971,-61.0095,0.7777,15.5883,-61.0095,24.388,-35.9902,15,2.0,0.9333,0,0,2,0
2016+,B,180,2,2016-06-17,False,13.4307,-60.4018,0.593,12.8382,-60.4018,16.36,-45.1613,15,1.8346,0.9333,0,0,2,0
2016+,B,180,3,2016-06-24,False,26.9638,-44.8163,0.9983,24.0264,-44.8163,34.4776,-33.2201,15,2.0,0.9333,0,0,2,0
2016+,B,180,4,2016-07-01,False,18.6949,-57.7195,0.7329,20.5777,-57.7195,17.5539,-33.9316,15,1.8939,0.9333,0,0,2,0
2016+,B,180,5,2016-07-11,False,17.2188,-57.4176,0.7145,19.761,-57.4176,15.3228,-34.3402,15,2.0,0.9333,0,0,2,0
2016+,B,180,6,2016-07-18,False,26.3392,-56.5093,0.9448,33.5409,-56.5093,16.6214,-35.671,14,2.0,1.0,0,0,2,0
2016+,B,180,7,2016-07-25,True,15.0021,-57.3292,0.6419,19.4478,-57.3292,9.063,-38.2034,14,2.0,1.0,0,0,1,0
2016+,B,180,8,2016-08-01,False,16.7155,-57.2854,0.6967,18.6038,-57.2854,14.9319,-34.0237,14,2.0,1.0,0,0,2,0
2016+,B,180,9,2016-08-08,False,18.7315,-41.2316,0.7527,18.6231,-41.2316,20.2342,-31.8597,14,2.0,1.0,0,0,3,0
2016+,B,180,10,2016-08-16,False,23.3716,-41.2316,0.9227,18.8842,-41.2316,32.4008,-32.6154,14,2.0,1.0,0,0,3,0
2016+,B,180,11,2016-08-23,False,27.1391,-44.2782,1.0147,21.4625,-44.2782,38.6271,-30.7058,14,2.0,1.0,0,0,2,0
2016+,B,180,12,2016-08-30,False,29.0123,-41.2316,1.0935,27.2206,-41.2316,32.7094,-32.3192,14,2.0,1.0,0,0,3,0
2016+,B,180,13,2016-09-07,False,13.7673,-64.176,0.6025,7.4063,-64.176,26.0559,-36.3723,14,2.0,1.0,0,0,2,0
2016+,B,180,14,2016-09-15,True,23.3549,-45.4627,0.9253,18.5485,-45.4627,33.2775,-33.6011,14,2.0,1.0,0,0,3,0
2016+,B,180,15,2016-09-22,False,25.1131,-35.1231,1.0348,22.1466,-35.1231,31.3304,-30.2836,14,1.8947,0.9286,0,0,2,0
2016+,B,180,16,2016-09-29,False,30.9966,-32.6446,1.2284,26.965,-32.6446,38.4721,-30.9305,14,2.0,0.8571,0,0,10,0
2016+,B,180,17,2016-10-06,False,28.7824,-44.744,1.0257,30.0831,-44.744,27.595,-30.0511,14,2.0,1.0,0,0,2,0
2016+,B,180,18,2016-10-17,False,28.1395,-34.6546,1.0932,24.4659,-34.6546,35.3686,-32.0571,14,1.8502,0.8571,0,0,1,0
2016+,B,180,19,2016-10-24,False,21.8462,-46.9383,0.8688,18.4932,-46.9383,28.8202,-33.1331,14,1.9149,0.9286,0,0,0,0
2016+,B,180,20,2016-11-01,False,22.8322,-34.2411,0.9869,21.2107,-30.0266,26.8212,-34.2411,14,1.8693,0.8571,0,0,1,0
2016+,B,180,21,2016-11-08,True,23.6832,-34.8267,1.0766,20.0115,-25.6537,31.5921,-34.8267,14,1.7937,0.8571,0,0,1,0
2016+,B,180,22,2016-11-16,False,17.1377,-53.4173,0.7729,12.1419,-53.4173,27.5715,-35.0605,14,1.9665,0.9286,0,0,2,0
2016+,B,180,23,2016-11-23,False,20.4236,-44.4671,0.8196,21.8276,-44.4671,19.9001,-39.1022,14,2.0,1.0,0,0,2,0
2016+,B,180,24,2016-11-30,False,17.11,-49.9931,0.7789,12.1713,-49.9931,27.6816,-37.8874,14,2.0,0.9286,0,0,3,0
2016+,B,180,25,2016-12-07,False,17.4382,-43.4892,0.8123,12.5506,-43.4892,27.3928,-40.8469,14,1.8755,0.8571,0,0,3,0
2016+,B,180,26,2016-12-14,False,19.4275,-58.4667,0.7783,17.3707,-58.4667,24.6503,-40.5403,14,2.0,1.0,0,0,3,0
2016+,B,180,27,2016-12-21,False,16.7792,-53.4344,0.6908,2.828,-53.4344,45.5105,-36.3931,14,2.0,1.0,0,0,3,0
2016+,B,180,28,2016-12-28,True,25.9854,-40.8914,0.9898,18.0194,-40.8914,41.3895,-35.3562,14,1.96,1.0,0,0,3,0
2016+,B,180,29,2017-01-04,False,19.4283,-49.808,0.8392,14.3716,-49.808,29.5825,-40.4631,14,1.9144,0.9286,0,0,3,0
2016+,B,180,30,2017-01-11,False,27.366,-44.1718,1.028,25.5188,-44.1718,31.8082,-37.0593,14,2.0,1.0,0,0,4,0
2016+,B,180,31,2017-01-18,False,17.7191,-52.1555,0.7262,16.2066,-52.1555,21.122,-46.2856,14,2.0,1.0,0,0,4,0
2016+,B,180,32,2017-01-25,False,19.0363,-44.9187,0.8563,13.465,-41.3569,29.3015,-44.9187,14,1.9036,0.8571,0,0,4,0
2016+,B,180,33,2017-02-02,False,10.7561,-81.6318,0.5008,1.8932,-81.6318,27.7365,-38.6848,14,2.0,1.0,0,0,4,0
2016+,B,180,34,2017-02-09,False,19.7495,-69.1571,0.7704,16.7279,-69.1571,26.0524,-38.2963,14,2.0,0.9286,0,0,3,0
2016+,B,180,35,2017-02-16,True,11.3315,-65.1033,0.5473,2.5443,-65.1033,28.3331,-37.5718,14,1.9231,0.9286,0,0,2,0
2016+,B,250,0,2016-06-03,True,19.354,-53.3699,0.7726,8.4403,-53.3699,41.9308,-33.9316,11,1.9301,1.0,0,0,1,0
2016+,B,250,1,2016-06-10,False,16.1788,-46.7801,0.695,8.0208,-46.7801,32.7051,-34.3402,11,2.0,1.0,0,0,0,0
2016+,B,250,2,2016-06-17,False,17.3201,-55.2572,0.7136,9.7355,-55.2572,33.265,-37.153,11,2.0,1.0,0,0,4,0
2016+,B,250,3,2016-06-24,False,24.7601,-52.1915,0.9207,23.0675,-52.1915,28.8287,-37.9952,11,2.0,1.0,0,0,3,0
2016+,B,250,4,2016-07-01,False,14.8753,-64.5142,0.6552,3.5889,-64.5142,37.9709,-32.7848,11,2.0,1.0,0,0,3,0
2016+,B,250,5,2016-07-11,False,20.1838,-57.2524,0.8156,17.644,-57.2524,25.6645,-39.606,11,2.0,1.0,0,0,3,0
2016+,B,250,6,2016-07-18,False,18.2431,-67.1413,0.7361,13.6321,-67.1413,27.5131,-42.0161,11,2.0,1.0,0,0,3,0
2016+,B,250,7,2016-07-25,False,3.0918,-77.8654,0.2572,-4.5255,-77.8654,18.8163,-40.7915,11,2.0,1.0,0,0,2,0
2016+,B,250,8,2016-08-01,False,11.5687,-64.1344,0.5455,10.0602,-64.1344,15.3915,-33.142,11,2.0,1.0,0,0,2,0
2016+,B,250,9,2016-08-08,False,26.1189,-43.602,1.0466,16.2389,-43.602,46.7965,-31.633,11,2.0,0.9091,0,0,1,0
2016+,B,250,10,2016-08-16,True,29.6001,-50.7176,1.1459,18.7666,-50.7176,52.4476,-31.1087,10,1.9412,0.9,0,0,1,0
2016+,B,250,11,2016-08-23,False,9.5063,-66.6655,0.4594,7.8354,-66.6655,14.079,-43.1641,10,2.0,1.0,0,0,1,0
2016+,B,250,12,2016-08-30,False,13.5094,-43.1432,0.6464,14.9781,-43.1432,12.9162,-38.5037,10,1.9431,0.9,0,0,0,0
2016+,B,250,13,2016-09-07,False,16.8685,-64.7479,0.695,9.5554,-64.7479,31.9649,-39.3631,10,2.0,1.0,0,0,0,0
2016+,B,250,14,2016-09-15,False,15.7315,-42.7631,0.7501,14.1879,-42.7631,20.1431,-40.0639,10,1.9643,0.9,0,0,1,0
2016+,B,250,15,2016-09-22,False,14.6147,-46.9732,0.682,11.8503,-46.9732,21.2358,-41.5904,10,1.9071,0.9,0,0,0,0
2016+,B,250,16,2016-09-29,False,16.4992,-56.2761,0.7172,11.3641,-56.2761,26.9723,-36.1459,10,2.0,1.0,0,0,1,0
2016+,B,250,17,2016-10-06,False,25.8944,-42.6257,1.0043,22.8695,-42.6257,32.7145,-32.2028,10,1.9125,1.0,0,0,1,0
2016+,B,250,18,2016-10-17,False,20.8796,-46.5764,0.9659,16.3705,-46.5764,30.182,-32.9632,10,1.375,0.8,0,0,7,0
2016+,B,250,19,2016-10-24,False,14.7184,-47.8393,0.7105,10.488,-47.8393,23.0474,-37.4604,10,1.9069,0.9,0,0,1,0
2016+,B,250,20,2016-11-01,True,24.0328,-58.1836,0.8318,25.6553,-58.1836,22.2219,-39.2268,10,2.0,1.0,0,0,1,0
2016+,B,250,21,2016-11-08,False,26.1299,-63.2397,0.963,23.6272,-63.2397,31.7427,-33.7542,10,2.0,1.0,0,0,0,0
2016+,B,250,22,2016-11-16,False,28.7254,-54.1404,1.059,37.1071,-54.1404,17.3823,-43.8082,10,2.0,1.0,0,0,0,0
2016+,B,250,23,2016-11-23,False,27.03,-49.3118,1.0048,35.3741,-49.3118,15.9984,-37.8758,10,2.0,1.0,0,0,0,0
2016+,B,250,24,2016-11-30,False,21.7676,-55.5205,0.8441,23.985,-55.5205,20.9781,-40.9275,10,2.0,1.0,0,0,0,0
2016+,B,250,25,2016-12-07,False,23.9902,-46.7859,0.915,30.19,-46.7859,15.7913,-45.1018,10,2.0,1.0,0,0,0,0
2016+,B,250,26,2016-12-14,False,14.1176,-48.1257,0.7148,14.8455,-36.0036,13.7898,-48.1257,10,1.7048,0.8,0,0,1,0
2016+,B,250,27,2016-12-21,False,8.0597,-76.7542,0.4222,4.0387,-76.7542,15.4494,-50.9331,10,2.0,0.9,0,0,1,0
2016+,B,250,28,2016-12-28,False,27.1573,-66.1978,0.9759,27.2514,-66.1978,27.685,-34.7224,10,2.0,0.9,0,0,1,0
2016+,B,250,29,2017-01-04,True,10.94,-64.0737,0.5442,4.4438,-64.0737,22.7801,-36.8151,10,2.0,0.9,0,0,1,0
2016+,B,250,30,2017-01-11,False,8.6792,-70.6684,0.4477,4.8157,-70.6684,16.2841,-30.7223,10,2.0,0.9,0,0,2,0
2016+,B,250,31,2017-01-18,False,14.168,-46.6363,0.6329,11.6853,-46.6363,19.0182,-33.5513,10,2.0,1.0,0,0,4,0
2016+,B,250,32,2017-01-25,False,21.7308,-45.5058,0.8671,22.9285,-45.5058,21.667,-26.8034,10,2.0,1.0,0,0,5,0
2016+,B,250,33,2017-02-02,False,17.8799,-52.8708,0.7893,20.4114,-52.8708,16.1318,-28.0638,10,2.0,0.9,0,0,5,0
2016+,B,250,34,2017-02-09,False,17.5061,-44.7533,0.7346,16.3012,-44.7533,21.4284,-25.4892,10,2.0,1.0,0,0,6,0
2016+,B,250,35,2017-02-16,False,27.2773,-40.6924,1.0412,29.911,-40.6924,25.2532,-29.3622,10,2.0,1.0,0,0,5,0
2016+,B,250,36,2017-02-23,False,30.6783,-38.9643,1.1013,36.7466,-38.9643,23.4759,-28.1636,10,2.0,1.0,0,0,5,0
2016+,B,250,37,2017-03-03,False,18.5203,-35.3588,0.8516,16.2332,-35.3588,23.9694,-28.6928,10,2.0,0.9,0,0,5,0
2016+,B,250,38,2017-03-10,False,23.6093,-52.1835,0.934,19.7757,-52.1835,31.7485,-27.0817,10,2.0,1.0,0,0,3,0
2016+,B,250,39,2017-03-20,True,18.4083,-64.9584,0.7277,12.106,-64.9584,30.8039,-27.0552,10,2.0,1.0,0,0,3,0
2016+,B,250,40,2017-03-27,False,26.9554,-33.7937,1.0952,28.7259,-33.7937,26.2851,-28.8371,10,1.9524,0.9,0,0,3,0
2016+,B,250,41,2017-04-03,False,18.5812,-65.8624,0.7337,15.8997,-65.8624,24.9143,-29.2547,10,2.0,1.0,0,0,3,0
2016+,B,250,42,2017-04-11,False,36.5215,-32.591,1.3866,35.9388,-32.591,39.8077,-32.0652,10,1.8504,0.9,0,0,3,0
2016+,B,250,43,2017-04-19,False,33.1519,-32.6673,1.3158,31.5683,-32.6673,38.395,-32.0124,10,1.8338,0.9,0,0,3,0
2016+,B,250,44,2017-04-26,False,31.3843,-34.3351,1.3127,24.6208,-28.5495,44.5615,-34.3351,10,1.7679,0.9,0,0,2,0
2016+,B,250,45,2017-05-04,False,26.818,-39.3595,1.1081,17.6402,-39.3595,43.7614,-33.2292,10,1.9,0.9,0,0,2,0
2016+,B,250,46,2017-05-11,False,23.7598,-40.1118,1.0318,13.6953,-40.1118,42.3127,-31.4527,10,1.8089,0.9,0,0,2,0
2016+,B,250,47,2017-05-18,False,17.7378,-35.9902,0.8258,8.5196,-35.2027,34.543,-35.9902,10,1.8205,0.9,0,0,2,0
2016+,B,250,48,2017-05-25,False,22.3163,-38.1912,0.9589,11.259,-38.1912,42.016,-35.0904,10,1.8212,0.9,0,0,2,0
2016+,B,250,49,2017-06-01,True,24.0982,-33.2201,1.0583,11.7994,-32.9315,46.3099,-33.2201,10,1.7784,0.9,0,0,2,0
2016+,H,30,0,2016-06-03,True,14.9094,-59.7549,0.612,17.7762,-59.7549,13.237,-54.8696,85,1.611,0.9529,0,0,1,0
2016+,H,30,1,2016-06-10,True,31.7256,-56.817,1.0589,41.4324,-52.2378,18.0667,-50.1391,85,1.6,0.9647,0,0,1,0
2016+,H,30,2,2016-06-17,True,11.4061,-71.1503,0.508,12.1266,-71.1503,11.2053,-59.5959,85,1.6364,0.9647,0,0,1,0
2016+,H,30,3,2016-06-24,True,4.1276,-63.7701,0.2896,3.6475,-62.9296,6.0036,-63.7701,85,1.6364,0.9647,0,0,0,0
2016+,H,30,4,2016-07-01,True,21.2299,-50.4773,0.7764,18.9076,-50.0712,26.3382,-50.4773,85,1.6069,0.9294,0,0,11,0
2016+,H,30,5,2016-07-11,True,11.4744,-52.3553,0.5105,9.5498,-48.8077,16.442,-52.3553,85,1.6866,0.9647,0,0,0,0
2016+,H,60,0,2016-06-03,True,26.3807,-60.8764,0.9268,25.8722,-58.7121,30.9375,-34.823,43,2.0,0.9535,0,0,1,0
2016+,H,60,1,2016-06-10,False,33.6121,-52.095,1.0914,40.5826,-52.095,24.7669,-31.9336,43,2.0,0.9767,0,0,1,0
2016+,H,60,2,2016-06-17,True,12.4321,-68.7094,0.5362,15.1681,-68.7094,9.3705,-54.1962,43,2.0,0.9767,0,0,1,0
2016+,H,60,3,2016-06-24,False,7.4938,-78.1521,0.3896,5.7743,-78.1521,12.8648,-50.5488,43,2.0,1.0,0,0,0,0
2016+,H,60,4,2016-07-01,True,24.3138,-50.5688,0.8565,24.4987,-49.6084,25.5267,-50.5688,43,2.0,0.9302,0,0,4,0
2016+,H,60,5,2016-07-11,False,15.6672,-51.9752,0.6367,15.6163,-51.9752,16.8609,-48.5014,43,2.0,0.9535,0,0,0,0
2016+,H,60,6,2016-07-18,False,21.9139,-66.4764,0.8225,20.7707,-66.4764,25.7461,-48.5235,42,2.0,0.9524,0,0,1,0
2016+,H,60,7,2016-07-25,True,36.3088,-43.3382,1.1953,38.7934,-42.8173,33.2017,-43.3382,42,2.0,0.9524,0,0,1,0
2016+,H,60,8,2016-08-01,False,18.6399,-63.7634,0.717,20.4144,-63.7634,16.737,-55.9849,42,2.0,0.9524,0,0,1,0
2016+,H,60,9,2016-08-08,True,13.3126,-65.3377,0.5709,17.7959,-53.0056,7.0647,-65.3377,42,1.9524,0.9286,0,0,1,0
2016+,H,60,10,2016-08-16,False,19.8819,-53.3118,0.769,19.3044,-53.3118,21.8093,-45.3858,42,2.0,0.9286,0,0,1,0
2016+,H,60,11,2016-08-23,True,16.265,-55.7934,0.6458,13.5408,-55.7934,22.6679,-37.3772,42,2.0,0.9762,0,0,0,0
2016+,H,90,0,2016-06-03,True,28.9998,-64.9125,0.9577,28.2877,-64.9125,33.9967,-44.0591,29,2.0,0.9655,0,0,0,0
2016+,H,90,1,2016-06-10,False,41.2784,-48.1382,1.31,55.888,-36.0976,21.4129,-48.1382,29,2.0,0.9655,0,0,0,0
2016+,H,90,2,2016-06-17,False,34.2557,-59.5581,1.1524,54.0468,-54.6783,6.6422,-59.5581,29,2.0,0.8966,0,0,0,0
2016+,H,90,3,2016-06-24,True,27.8544,-56.4112,0.9551,38.189,-56.4112,13.9472,-48.9816,29,2.0,0.9655,0,0,0,0
2016+,H,90,4,2016-07-01,False,22.3315,-54.6559,0.8563,29.7612,-54.6559,12.6654,-48.8444,29,2.0,0.931,0,0,0,0
2016+,H,90,5,2016-07-11,False,17.3375,-57.0885,0.702,24.744,-57.0885,7.4521,-54.1582,29,2.0,0.931,0,0,0,0
2016+,H,90,6,2016-07-18,False,26.0394,-60.2279,0.9537,30.5184,-60.2279,20.6221,-42.7974,28,2.0,0.9286,0,0,1,0
2016+,H,90,7,2016-07-25,True,34.5724,-54.8237,1.1135,40.5558,-54.8237,27.0995,-36.5408,28,2.0,0.9286,0,0,1,0
2016+,H,90,8,2016-08-01,False,15.4415,-76.5424,0.6265,13.9119,-76.5424,19.8109,-43.2355,28,2.0,1.0,0,0,2,0
2016+,H,90,9,2016-08-08,False,15.2667,-61.1934,0.6142,18.555,-58.5469,12.1322,-61.1934,28,2.0,0.9643,0,0,2,0
2016+,H,90,10,2016-08-16,True,21.8889,-60.4232,0.829,12.9033,-60.4232,40.5852,-37.5608,28,2.0,0.9286,0,0,2,0
2016+,H,90,11,2016-08-23,False,16.4466,-58.9133,0.6574,9.3633,-58.9133,30.7684,-33.8925,28,2.0,0.9643,0,0,1,0
2016+,H,90,12,2016-08-30,False,13.2694,-74.6428,0.5767,3.3485,-74.6428,34.2619,-39.6253,28,2.0,0.9643,0,0,2,0
2016+,H,90,13,2016-09-07,False,22.2585,-58.6589,0.8096,17.1061,-58.6589,32.5605,-39.0987,28,2.0,1.0,0,0,2,0
2016+,H,90,14,2016-09-15,True,11.1687,-70.2737,0.4983,3.2944,-70.2737,26.9701,-42.8066,28,2.0,1.0,0,0,2,0
2016+,H,90,15,2016-09-22,False,17.4453,-55.9992,0.6874,11.8237,-55.9992,28.7147,-41.4561,28,2.0,0.9643,0,0,1,0
2016+,H,90,16,2016-09-29,False,25.0791,-54.4158,0.8768,24.3092,-48.9856,27.3403,-54.4158,28,2.0,0.9286,0,0,10,0
2016+,H,90,17,2016-10-06,True,19.5811,-47.9527,0.7262,13.0985,-47.3204,32.9643,-41.7035,28,2.0,1.0,0,0,0,0
2016+,H,100,0,2016-06-03,True,25.4613,-70.3603,0.8779,24.9118,-70.3603,27.5885,-36.4928,26,2.0,1.0,0,0,0,0
2016+,H,100,1,2016-06-10,False,20.751,-69.3424,0.7684,26.4306,-69.3424,12.4619,-53.7242,26,2.0,0.9615,0,0,0,0
2016+,H,100,2,2016-06-17,False,17.3906,-78.077,0.6935,19.0939,-78.077,15.3701,-42.3759,26,2.0,0.9615,0,0,0,0
2016+,H,100,3,2016-06-24,False,17.6181,-76.161,0.6785,19.9267,-76.161,15.2308,-48.7961,26,2.0,1.0,0,0,0,0
2016+,H,100,4,2016-07-01,True,20.2473,-72.0309,0.7437,22.8016,-72.0309,19.2889,-47.8551,26,1.9545,0.9615,0,0,0,0
2016+,H,100,5,2016-07-11,False,25.4299,-48.0422,0.8562,36.0432,-48.0422,10.8389,-42.905,26,2.0,1.0,0,0,1,0
2016+,H,100,6,2016-07-18,False,17.1202,-67.3749,0.687,15.9799,-67.3749,20.1845,-48.0466,26,2.0,0.9615,0,0,3,0
2016+,H,100,7,2016-07-25,False,18.1269,-51.2024,0.7011,17.117,-51.2024,21.1891,-39.3267,26,2.0,0.9615,0,0,3,0
2016+,H,100,8,2016-08-01,True,18.2497,-40.9262,0.7858,19.7491,-36.9277,16.913,-40.9262,26,1.8546,0.8462,0,0,17,0
2016+,H,100,9,2016-08-08,False,21.7934,-46.585,0.8269,23.3897,-46.585,21.5592,-37.8437,26,2.0,0.9231,0,0,2,0
2016+,H,100,10,2016-08-16,False,23.3899,-48.6897,0.8737,26.2371,-48.6897,21.0895,-42.409,25,2.0,0.92,0,0,2,0
2016+,H,100,11,2016-08-23,True,16.0042,-47.7446,0.6639,13.3084,-47.7446,22.8989,-42.3847,25,2.0,0.92,0,0,1,0
2016+,H,100,12,2016-08-30,False,17.271,-50.1511,0.6914,11.588,-50.1511,29.6709,-47.0381,25,2.0,0.96,0,0,1,0
2016+,H,100,13,2016-09-07,False,22.9957,-59.2099,0.8761,24.4055,-46.9829,22.8317,-59.2099,25,2.0,0.92,0,0,1,0
2016+,H,100,14,2016-09-15,False,25.6868,-58.9051,0.9291,22.0075,-58.9051,33.9901,-47.1542,25,2.0,0.96,0,0,2,0
2016+,H,100,15,2016-09-22,True,32.6464,-53.2415,1.0731,28.509,-53.2415,42.7131,-35.1104,25,2.0,1.0,0,0,2,0
2016+,H,100,16,2016-09-29,False,27.6229,-66.3082,0.9266,26.5496,-66.3082,31.0264,-51.5899,25,2.0,0.96,0,0,1,0
2016+,H,100,17,2016-10-06,False,22.2852,-59.8796,0.8188,18.3944,-59.8796,30.2604,-50.0928,25,2.0,0.96,0,0,1,0
2016+,H,100,18,2016-10-17,False,21.1747,-64.7852,0.7747,11.7912,-64.7852,40.5427,-33.8441,25,2.0,0.96,0,0,0,0
2016+,H,100,19,2016-10-24,True,28.0891,-62.6596,0.9637,23.2717,-62.6596,37.5808,-33.0873,25,2.0,1.0,0,0,0,0
2016+,H,180,0,2016-06-03,True,32.0161,-52.6158,1.0159,30.6935,-52.6158,38.2167,-32.2595,15,2.0,1.0,0,0,0,0
2016+,H,180,1,2016-06-10,False,24.1736,-49.1115,0.8722,25.7005,-49.1115,24.4953,-39.5823,15,2.0,1.0,0,0,0,0
2016+,H,180,2,2016-06-17,False,19.0875,-62.4751,0.7474,24.6057,-62.4751,11.5992,-43.4027,15,2.0,0.9333,0,0,0,0
2016+,H,180,3,2016-06-24,False,25.2928,-63.8914,0.8764,22.9681,-63.8914,31.1872,-39.5895,15,2.0,1.0,0,0,1,0
2016+,H,180,4,2016-07-01,False,17.5728,-64.4016,0.7187,16.0579,-64.4016,21.9816,-38.5629,15,2.0,0.9333,0,0,2,0
2016+,H,180,5,2016-07-11,False,19.7427,-56.2098,0.7807,19.5435,-56.2098,21.5608,-51.6399,15,2.0,0.9333,0,0,1,0
2016+,H,180,6,2016-07-18,False,22.7299,-60.6032,0.861,23.3974,-60.6032,23.193,-31.8764,14,2.0,0.9286,0,0,1,0
2016+,H,180,7,2016-07-25,True,24.5875,-46.6028,0.884,25.0948,-46.6028,25.0244,-45.429,14,2.0,0.9286,0,0,1,0
2016+,H,180,8,2016-08-01,False,12.5902,-80.827,0.5449,11.7194,-80.827,15.2786,-51.9098,14,2.0,1.0,0,0,1,0
2016+,H,180,9,2016-08-08,False,21.7653,-63.4044,0.7966,31.2789,-37.3102,8.3991,-63.4044,14,2.0,0.9286,0,0,2,0
2016+,H,180,10,2016-08-16,False,16.1698,-41.7173,0.6864,13.57,-38.0948,22.3451,-28.0899,14,2.0,0.9286,0,0,0,0
2016+,H,180,11,2016-08-23,False,12.0651,-70.7918,0.5239,3.3826,-70.7918,29.7685,-30.0399,14,2.0,1.0,0,0,2,0
2016+,H,180,12,2016-08-30,False,6.0475,-78.9676,0.3534,-6.3717,-78.9676,31.9785,-31.664,14,2.0,0.9286,0,0,2,0
2016+,H,180,13,2016-09-07,False,14.9473,-80.6514,0.6019,4.1949,-80.6514,36.1465,-34.2792,14,2.0,1.0,0,0,2,0
2016+,H,180,14,2016-09-15,True,-1.2216,-91.761,0.1419,-13.4312,-91.761,24.2776,-38.1692,14,2.0,1.0,0,0,2,0
2016+,H,180,15,2016-09-22,False,9.6789,-81.2736,0.4517,1.7763,-81.2736,24.8683,-40.0525,14,2.0,1.0,0,0,1,0
2016+,H,180,16,2016-09-29,False,3.1559,-91.3666,0.2738,-8.595,-91.3666,26.7431,-39.3157,14,2.0,0.9286,0,0,8,0
2016+,H,180,17,2016-10-06,False,24.8934,-64.176,0.827,22.2924,-64.176,29.8502,-32.5643,14,2.0,1.0,0,0,2,0
2016+,H,180,18,2016-10-17,False,11.2081,-90.8452,0.4848,-3.2952,-90.8452,41.466,-32.227,14,1.9231,0.9286,0,0,2,0
2016+,H,180,19,2016-10-24,False,37.3703,-55.836,1.2262,35.0495,-55.836,42.7682,-30.9084,14,2.0,0.9286,0,0,0,0
2016+,H,180,20,2016-11-01,False,42.5699,-34.1849,1.3963,49.229,-33.6585,33.5357,-34.1849,14,1.8516,0.8571,0,0,0,0
2016+,H,180,21,2016-11-08,True,35.9585,-41.2529,1.1948,37.7043,-41.2529,35.8306,-32.6884,14,1.8424,0.9286,0,0,0,0
2016+,H,180,22,2016-11-16,False,33.8556,-42.9679,1.1699,36.178,-42.9679,32.743,-35.6591,14,1.9565,0.9286,0,0,0,0
2016+,H,180,23,2016-11-23,False,18.9163,-52.8868,0.7574,19.8242,-52.8868,19.5556,-35.6913,14,1.9474,0.9286,0,0,0,0
2016+,H,180,24,2016-11-30,False,20.1756,-54.3742,0.8101,17.3771,-53.6171,26.9289,-43.4509,14,2.0,0.9286,0,0,0,0
2016+,H,180,25,2016-12-07,False,31.4337,-58.2847,1.0525,34.4165,-58.2847,29.0045,-38.3619,14,1.9333,0.9286,0,0,1,0
2016+,H,180,26,2016-12-14,False,25.2167,-60.8667,0.9131,17.6715,-60.8667,40.3929,-33.9637,14,2.0,1.0,0,0,1,0
2016+,H,180,27,2016-12-21,False,29.0326,-51.4485,1.0172,19.9375,-51.4485,48.094,-31.5804,14,2.0,1.0,0,0,2,0
2016+,H,180,28,2016-12-28,True,36.1864,-50.3882,1.2414,24.4354,-50.3882,59.3036,-36.0473,14,1.9545,0.9286,0,0,2,0
2016+,H,180,29,2017-01-04,False,28.7283,-44.081,1.0466,16.8142,-44.081,51.745,-32.1642,14,2.0,0.9286,0,0,1,0
2016+,H,180,30,2017-01-11,False,28.9388,-62.3641,1.0184,14.9294,-62.3641,57.1543,-31.7707,14,2.0,1.0,0,0,1,0
2016+,H,180,31,2017-01-18,False,31.2345,-42.6554,1.0995,27.5733,-42.6554,38.3844,-35.1315,14,2.0,1.0,0,0,1,0
2016+,H,180,32,2017-01-25,False,23.1891,-53.91,0.882,14.9359,-53.91,38.7542,-35.7434,14,2.0,1.0,0,0,1,0
2016+,H,180,33,2017-02-02,False,27.2108,-56.7877,1.0311,19.4785,-56.7877,41.7434,-32.5135,14,2.0,0.9286,0,0,0,0
2016+,H,180,34,2017-02-09,False,30.3176,-55.8852,1.1162,25.2521,-55.8852,39.7446,-39.6661,14,1.8012,0.9286,0,0,1,0
2016+,H,180,35,2017-02-16,True,28.2824,-48.0969,0.9649,16.6464,-48.0969,50.8643,-31.0863,14,2.0,1.0,0,0,0,0
2016+,H,250,0,2016-06-03,True,20.6365,-39.0423,0.8265,14.8999,-36.0314,32.42,-35.1475,11,2.0,0.9091,0,0,1,0
2016+,H,250,1,2016-06-10,False,16.9091,-42.1453,0.7468,8.7875,-42.1453,33.0994,-37.0696,11,2.0,0.9091,0,0,0,0
2016+,H,250,2,2016-06-17,False,19.8448,-63.9829,0.7899,9.2377,-63.9829,41.9381,-31.7306,11,2.0,1.0,0,0,2,0
2016+,H,250,3,2016-06-24,False,31.4866,-45.6382,1.1737,35.632,-32.2697,25.0562,-45.6382,11,2.0,0.9091,0,0,1,0
2016+,H,250,4,2016-07-01,False,26.991,-48.182,1.0467,24.4262,-48.182,32.0084,-45.0981,11,2.0,0.9091,0,0,1,0
2016+,H,250,5,2016-07-11,False,22.5149,-76.143,0.796,23.661,-76.143,21.034,-40.6772,11,2.0,1.0,0,0,1,0
2016+,H,250,6,2016-07-18,False,27.6358,-72.7282,0.911,28.7516,-72.7282,26.8358,-42.9996,11,2.0,1.0,0,0,1,0
2016+,H,250,7,2016-07-25,False,23.9581,-71.3873,0.8215,25.2733,-71.3873,23.0396,-47.9521,11,2.0,1.0,0,0,2,0
2016+,H,250,8,2016-08-01,False,26.6259,-70.5949,0.9141,17.1941,-70.5949,46.0389,-31.664,11,2.0,1.0,0,0,2,0
2016+,H,250,9,2016-08-08,False,35.8223,-69.426,1.092,29.8124,-69.426,49.7024,-34.2792,11,2.0,1.0,0,0,2,0
2016+,H,250,10,2016-08-16,True,43.3476,-73.461,1.2501,38.7461,-73.461,54.5298,-34.2816,10,2.0,1.0,0,0,1,0
2016+,H,250,11,2016-08-23,False,38.0079,-74.6725,1.115,31.1682,-74.6725,53.0707,-31.5118,10,2.0,1.0,0,0,0,0
2016+,H,250,12,2016-08-30,False,20.3098,-75.1734,0.7461,17.3461,-75.1734,27.5695,-46.1957,10,2.0,1.0,0,0,0,0
2016+,H,250,13,2016-09-07,False,23.8345,-70.2025,0.8881,18.762,-70.2025,35.2783,-41.1282,10,2.0,1.0,0,0,0,0
2016+,H,250,14,2016-09-15,False,19.128,-61.8548,0.7875,15.1837,-61.8548,27.866,-35.0915,10,1.8611,0.9,0,0,2,0
2016+,H,250,15,2016-09-22,False,28.0239,-58.221,0.9778,21.0908,-58.221,43.4025,-30.4341,10,2.0,1.0,0,0,0,0
2016+,H,250,16,2016-09-29,False,18.0208,-77.0885,0.7294,8.4365,-77.0885,37.6552,-39.6661,10,2.0,1.0,0,0,1,0
2016+,H,250,17,2016-10-06,False,31.4472,-59.2385,1.1166,15.8033,-59.2385,63.8102,-31.8666,10,2.0,1.0,0,0,2,0
2016+,H,250,18,2016-10-17,False,21.005,-58.0128,0.8278,15.5038,-58.0128,32.6429,-31.2547,10,1.8091,0.9,0,0,3,0
2016+,H,250,19,2016-10-24,False,19.1181,-62.7751,0.7397,16.711,-62.7751,24.2398,-32.4687,10,2.0,1.0,0,0,0,0
2016+,H,250,20,2016-11-01,True,11.8329,-74.8432,0.5353,11.5025,-74.8432,13.4447,-30.463,10,2.0,1.0,0,0,0,0
2016+,H,250,21,2016-11-08,False,25.1983,-69.4578,0.8794,16.8063,-69.4578,41.601,-30.3439,10,2.0,1.0,0,0,0,0
2016+,H,250,22,2016-11-16,False,33.4524,-85.1514,1.0169,34.94,-85.1514,32.0311,-33.9637,10,2.0,1.0,0,0,0,0
2016+,H,250,23,2016-11-23,False,18.4506,-70.1865,0.6913,2.8099,-70.1865,51.2027,-39.7601,10,2.0,1.0,0,0,0,0
2016+,H,250,24,2016-11-30,False,4.4098,-85.1005,0.306,-5.1841,-85.1005,25.6909,-44.7581,10,2.0,1.0,0,0,1,0
2016+,H,250,25,2016-12-07,False,44.3831,-48.216,1.2566,48.5505,-48.216,41.2056,-33.9606,10,2.0,1.0,0,0,2,0
2016+,H,250,26,2016-12-14,False,-1.204,-86.1453,0.1446,-9.2946,-86.1453,13.5443,-46.2257,10,2.0,1.0,0,0,2,0
2016+,H,250,27,2016-12-21,False,13.7829,-64.9124,0.58,10.2195,-60.262,21.7242,-38.2663,10,2.0,0.9,0,0,1,0
2016+,H,250,28,2016-12-28,False,13.0586,-68.8601,0.5913,6.1755,-63.3811,26.5662,-32.1947,10,1.5,0.8,0,0,1,0
2016+,H,250,29,2017-01-04,True,22.1999,-53.0413,0.8322,20.2995,-53.0413,26.3943,-35.292,10,2.0,0.9,0,0,0,0
2016+,H,250,30,2017-01-11,False,8.7967,-63.8045,0.4339,2.3529,-57.2178,20.4295,-36.0479,10,2.0,0.9,0,0,0,0
2016+,H,250,31,2017-01-18,False,14.7162,-66.9194,0.6221,7.5977,-66.9194,28.4507,-30.1493,10,2.0,0.9,0,0,0,0
2016+,H,250,32,2017-01-25,False,12.2064,-68.7289,0.5351,7.7933,-68.7289,20.9155,-38.6025,10,2.0,0.9,0,0,1,0
2016+,H,250,33,2017-02-02,False,15.3062,-63.5969,0.6606,14.2429,-63.5969,19.1798,-33.4978,10,1.8571,0.9,0,0,1,0
2016+,H,250,34,2017-02-09,False,23.5887,-57.3983,0.8859,20.2699,-57.3983,31.469,-37.4983,10,2.0,1.0,0,0,2,0
2016+,H,250,35,2017-02-16,False,22.4286,-45.0265,0.8995,21.7244,-45.0265,25.9232,-37.0319,10,2.0,1.0,0,0,1,0
2016+,H,250,36,2017-02-23,False,34.242,-45.29,1.2593,34.4648,-45.29,35.9227,-34.555,10,2.0,0.9,0,0,1,0
2016+,H,250,37,2017-03-03,False,25.9791,-38.7566,0.992,27.7748,-31.9158,25.1998,-38.7566,10,2.0,0.9,0,0,1,0
2016+,H,250,38,2017-03-10,False,18.162,-77.5521,0.711,11.927,-77.5521,30.3044,-25.9155,10,2.0,1.0,0,0,1,0
2016+,H,250,39,2017-03-20,True,16.7297,-63.262,0.6876,12.0873,-63.262,26.1529,-37.6198,10,2.0,1.0,0,0,1,0
2016+,H,250,40,2017-03-27,False,13.5344,-73.4744,0.5967,9.4505,-73.4744,21.8486,-40.0735,10,2.0,1.0,0,0,0,0
2016+,H,250,41,2017-04-03,False,23.71,-54.0964,0.9816,36.0463,-27.5057,8.3672,-54.0964,10,2.0,0.9,0,0,1,0
2016+,H,250,42,2017-04-11,False,34.8967,-34.2012,1.3638,30.4729,-31.2292,43.935,-34.2012,10,2.0,0.9,0,0,0,0
2016+,H,250,43,2017-04-19,False,30.4842,-62.6176,1.0737,24.725,-62.6176,41.4448,-28.6402,10,2.0,1.0,0,0,3,0
2016+,H,250,44,2017-04-26,False,20.036,-62.2959,0.7495,6.9169,-62.2959,44.9761,-30.2444,10,2.0,1.0,0,0,2,0
2016+,H,250,45,2017-05-04,False,19.9614,-69.0435,0.7245,2.6955,-69.0435,53.3356,-32.2584,10,2.0,1.0,0,0,3,0
2016+,H,250,46,2017-05-11,False,23.7986,-35.0794,0.8909,11.4781,-35.0794,46.4332,-30.4985,10,2.0,0.9,0,0,3,0
2016+,H,250,47,2017-05-18,False,5.5712,-72.7167,0.3344,-8.8276,-72.7167,33.2383,-37.6879,10,2.0,1.0,0,0,3,0
2016+,H,250,48,2017-05-25,False,10.3869,-53.7364,0.5416,-3.5588,-50.8609,36.9273,-32.8756,10,1.6884,0.8,0,0,2,0
2016+,H,250,49,2017-06-01,True,19.6056,-39.3648,0.8515,7.89,-36.7158,40.8231,-32.5658,10,1.8708,0.9,0,0,1,0
2016+,G+B,30,0,2016-06-03,True,15.8072,-41.7036,0.7969,13.1679,-41.7036,23.3938,-15.4614,85,1.0,0.5882,0,0,4,0
2016+,G+B,30,1,2016-06-10,True,5.8018,-49.3207,0.3679,1.6688,-49.3207,14.1146,-30.7283,85,1.0,0.6118,0,0,3,0
2016+,G+B,30,2,2016-06-17,True,12.9067,-54.3311,0.635,10.2914,-54.3311,17.5811,-32.5968,85,1.0,0.6588,0,0,3,0
2016+,G+B,30,3,2016-06-24,True,16.1472,-46.5204,0.7567,6.2189,-46.5204,37.1843,-15.3774,85,1.0,0.6706,0,0,2,0
2016+,G+B,30,4,2016-07-01,True,15.4416,-36.6301,0.781,5.1113,-36.6301,37.3739,-13.5691,85,1.0,0.6353,0,0,34,0
2016+,G+B,30,5,2016-07-11,True,18.8004,-37.2381,0.9052,10.7542,-37.2381,35.8717,-16.2322,85,1.0,0.6471,0,0,2,0
2016+,G+B,60,0,2016-06-03,True,8.4404,-54.2687,0.4842,-0.6797,-54.2687,29.4968,-20.3124,43,1.0,0.5814,0,0,3,0
2016+,G+B,60,1,2016-06-10,False,6.9945,-54.9394,0.4271,2.9847,-54.9394,14.374,-35.8214,43,1.0,0.5581,0,0,2,0
2016+,G+B,60,2,2016-06-17,True,8.6881,-47.0555,0.4601,8.8577,-47.0555,10.0341,-38.4315,43,1.4776,0.6977,0,0,3,0
2016+,G+B,60,3,2016-06-24,False,19.6077,-58.9133,0.8662,10.1039,-58.9133,38.0807,-13.5209,43,1.1429,0.6977,0,0,2,0
2016+,G+B,60,4,2016-07-01,True,15.5937,-42.8957,0.7581,8.14,-42.8957,29.7183,-17.9036,43,1.0,0.6512,0,0,37,0
2016+,G+B,60,5,2016-07-11,False,24.7468,-41.9,1.113,22.305,-41.9,30.6794,-16.0044,43,1.0,0.6744,0,0,0,0
2016+,G+B,60,6,2016-07-18,False,20.5588,-30.726,0.9727,24.9212,-30.726,14.6671,-27.503,42,1.0,0.5952,0,0,4,0
2016+,G+B,60,7,2016-07-25,True,13.1882,-45.6334,0.6589,11.0289,-45.6334,17.9445,-25.29,42,1.0,0.6667,0,0,3,0
2016+,G+B,60,8,2016-08-01,False,21.6088,-28.2998,1.083,19.7514,-28.2998,24.7868,-24.9998,42,1.0,0.619,0,0,3,0
2016+,G+B,60,9,2016-08-08,True,9.3246,-67.0545,0.511,2.3764,-67.0545,23.6624,-32.0107,42,1.0,0.6429,0,0,3,0
2016+,G+B,60,10,2016-08-16,False,10.3478,-49.8405,0.5629,3.7134,-49.8405,24.0305,-22.2423,42,1.0,0.619,0,0,2,0
2016+,G+B,60,11,2016-08-23,True,10.8411,-55.431,0.5736,0.5766,-55.431,32.4576,-17.8562,42,1.0,0.619,0,0,2,0
2016+,G+B,90,0,2016-06-03,True,18.9957,-58.6572,0.8327,16.1908,-58.6572,26.9592,-26.609,29,1.6,0.7241,0,0,2,0
2016+,G+B,90,1,2016-06-10,False,21.4171,-60.4246,0.9457,14.2103,-60.4246,36.0251,-18.4145,29,1.0,0.7241,0,0,2,0
2016+,G+B,90,2,2016-06-17,False,19.3986,-55.3662,0.8384,12.157,-55.3662,34.544,-18.0563,29,1.6654,0.7586,0,0,3,0
2016+,G+B,90,3,2016-06-24,True,22.1101,-35.9188,0.9929,19.656,-35.9188,28.1039,-17.8645,29,1.0,0.6897,0,0,3,0
2016+,G+B,90,4,2016-07-01,False,5.4807,-54.914,0.3566,-3.7701,-54.914,25.4912,-15.9841,29,1.0,0.5862,0,0,0,0
2016+,G+B,90,5,2016-07-11,False,10.9837,-39.0022,0.6028,4.6426,-39.0022,24.6932,-17.8202,29,1.0,0.5862,0,0,0,0
2016+,G+B,90,6,2016-07-18,False,5.6567,-33.0128,0.401,2.7015,-33.0128,12.8222,-18.1274,28,1.0,0.4286,0,0,1,0
2016+,G+B,90,7,2016-07-25,True,8.5677,-38.8159,0.532,9.619,-31.7156,6.7589,-38.8159,28,1.0,0.4643,0,0,1,0
2016+,G+B,90,8,2016-08-01,False,6.8222,-47.6002,0.4083,5.0959,-47.6002,11.5155,-40.6873,28,1.0,0.6071,0,0,1,0
2016+,G+B,90,9,2016-08-08,False,3.3335,-63.3192,0.2638,-8.628,-63.3192,27.4854,-16.8599,28,1.0,0.5714,0,0,1,0
2016+,G+B,90,10,2016-08-16,True,9.2942,-46.3212,0.5304,0.7987,-46.3212,25.4023,-19.5805,28,1.0,0.6071,0,0,1,0
2016+,G+B,90,11,2016-08-23,False,15.8784,-37.5084,0.7756,8.7788,-37.5084,30.6273,-22.0471,28,1.0,0.6429,0,0,2,0
2016+,G+B,90,12,2016-08-30,False,17.0286,-42.9477,0.8317,19.1774,-42.9477,14.7638,-25.6064,28,1.0,0.6071,0,0,5,0
2016+,G+B,90,13,2016-09-07,False,5.5878,-50.4354,0.3567,2.9285,-50.4354,11.1437,-32.8983,28,1.0,0.6429,0,0,4,0
2016+,G+B,90,14,2016-09-15,True,18.3654,-40.7661,0.9472,22.0376,-28.1063,12.3867,-40.7661,28,1.0,0.6071,0,0,5,0
2016+,G+B,90,15,2016-09-22,False,6.7292,-75.7123,0.3887,-0.9013,-75.7123,22.2048,-33.5946,28,1.3571,0.75,0,0,5,0
2016+,G+B,90,16,2016-09-29,False,24.16,-49.3237,0.9794,29.1043,-49.3237,17.607,-36.4114,28,1.378,0.7143,0,0,36,0
2016+,G+B,90,17,2016-10-06,True,21.8661,-55.2653,0.9708,18.7416,-55.2653,28.9119,-15.3852,28,1.286,0.7143,0,0,3,0
2016+,G+B,100,0,2016-06-03,True,13.5538,-54.7063,0.6354,2.7644,-54.7063,35.2682,-19.2539,26,1.0,0.6538,0,0,0,0
2016+,G+B,100,1,2016-06-10,False,9.0858,-57.1388,0.499,4.7032,-57.1388,18.513,-33.7542,26,1.0,0.6923,0,0,0,0
2016+,G+B,100,2,2016-06-17,False,9.7828,-53.3161,0.5081,6.9324,-53.3161,16.2558,-39.8311,26,1.6181,0.7308,0,0,0,0
2016+,G+B,100,3,2016-06-24,False,15.2115,-51.3065,0.7106,14.3844,-51.3065,18.2074,-32.8587,26,1.0,0.7308,0,0,0,0
2016+,G+B,100,4,2016-07-01,True,9.0582,-33.2855,0.537,9.5811,-27.2013,10.6882,-33.2855,26,1.0,0.6154,0,0,0,0
2016+,G+B,100,5,2016-07-11,False,8.4405,-34.1965,0.5022,8.2774,-32.6232,9.2501,-34.1965,26,1.0,0.5769,0,0,0,0
2016+,G+B,100,6,2016-07-18,False,7.8385,-33.0128,0.4776,12.1678,-33.0128,1.4929,-32.5725,26,1.0,0.5769,0,0,2,0
2016+,G+B,100,7,2016-07-25,False,1.7499,-64.2081,0.19,-5.1101,-64.2081,15.8798,-18.4075,26,1.0,0.5769,0,0,2,0
2016+,G+B,100,8,2016-08-01,True,9.1467,-35.6726,0.554,2.1131,-35.6726,23.6243,-21.4506,26,1.0,0.5385,0,0,34,0
2016+,G+B,100,9,2016-08-08,False,13.1468,-35.3072,0.6853,7.8938,-35.3072,24.2984,-20.8109,26,1.0,0.6538,0,0,4,0
2016+,G+B,100,10,2016-08-16,False,8.1586,-62.2114,0.4508,2.3765,-62.2114,20.4728,-25.9576,25,1.0,0.68,0,0,6,0
2016+,G+B,100,11,2016-08-23,True,3.945,-57.4354,0.2844,-3.3574,-57.4354,19.3968,-30.677,25,1.0,0.68,0,0,4,0
2016+,G+B,100,12,2016-08-30,False,14.0011,-40.8271,0.6902,11.8301,-40.8271,19.7304,-31.6254,25,1.0,0.72,0,0,5,0
2016+,G+B,100,13,2016-09-07,False,14.4535,-37.5084,0.7754,10.0279,-37.5084,22.2745,-18.0815,25,1.0,0.56,0,0,5,0
2016+,G+B,100,14,2016-09-15,False,18.9035,-42.9477,0.8859,19.0338,-42.9477,20.4509,-32.6705,25,1.0,0.64,0,0,3,0
2016+,G+B,100,15,2016-09-22,True,24.843,-41.4752,1.1594,23.5039,-41.4752,27.0365,-13.5209,25,1.0,0.56,0,0,3,0
2016+,G+B,100,16,2016-09-29,False,22.1084,-31.2562,1.091,19.3446,-31.2562,26.7935,-15.5472,25,1.0,0.56,0,0,3,0
2016+,G+B,100,17,2016-10-06,False,15.6281,-73.0262,0.7368,12.1676,-73.0262,23.1596,-16.909,25,1.0,0.64,0,0,3,0
2016+,G+B,100,18,2016-10-17,False,13.9945,-56.597,0.6676,11.6211,-56.597,19.3826,-13.5293,25,1.0,0.56,0,0,2,0
2016+,G+B,100,19,2016-10-24,True,16.3692,-66.2857,0.7317,2.2059,-66.2857,45.3462,-20.184,25,1.617,0.76,0,0,2,0
2016+,G+B,180,0,2016-06-03,True,11.8283,-59.7316,0.5733,7.9257,-59.7316,21.8047,-29.8089,15,1.7778,0.8,0,0,2,0
2016+,G+B,180,1,2016-06-10,False,12.733,-61.0095,0.6312,15.1902,-61.0095,9.7248,-35.9902,15,1.0,0.7333,0,0,2,0
2016+,G+B,180,2,2016-06-17,False,13.7065,-60.4018,0.6178,12.8382,-60.4018,17.1377,-35.0904,15,1.4615,0.8,0,0,2,0
2016+,G+B,180,3,2016-06-24,False,18.3683,-44.8163,0.7846,24.0264,-44.8163,10.9914,-33.2201,15,1.0,0.7333,0,0,2,0
2016+,G+B,180,4,2016-07-01,False,11.9103,-49.3971,0.572,14.3321,-49.3971,9.7676,-33.9316,15,1.0,0.6,0,0,2,0
2016+,G+B,180,5,2016-07-11,False,9.2717,-42.2478,0.508,10.6029,-42.2478,6.9804,-34.3402,15,1.0,0.6,0,0,2,0
2016+,G+B,180,6,2016-07-18,False,9.719,-43.0943,0.6111,19.9802,-33.0128,-5.9747,-35.671,14,1.0,0.3571,0,0,2,0
2016+,G+B,180,7,2016-07-25,True,6.2069,-54.9831,0.4007,14.4874,-38.5328,-6.6641,-37.8898,14,1.0,0.5,0,0,1,0
2016+,G+B,180,8,2016-08-01,False,7.5728,-48.6031,0.4634,7.6919,-48.6031,7.346,-31.598,14,1.0,0.5714,0,0,2,0
2016+,G+B,180,9,2016-08-08,False,11.056,-31.8597,0.6175,14.1572,-26.6495,5.92,-31.8597,14,1.0,0.5714,0,0,3,0
2016+,G+B,180,10,2016-08-16,False,9.6839,-32.6154,0.5699,10.4294,-28.4867,8.3972,-32.6154,14,1.0,0.5714,0,0,2,0
2016+,G+B,180,11,2016-08-23,False,13.108,-30.7058,0.6877,10.937,-28.3031,16.8479,-30.7058,14,1.0,0.5714,0,0,1,0
2016+,G+B,180,12,2016-08-30,False,10.7419,-32.3192,0.6577,9.842,-28.1014,12.248,-32.3192,14,1.0,0.4286,0,0,2,0
2016+,G+B,180,13,2016-09-07,False,6.3421,-31.633,0.4193,7.0429,-27.3877,5.1519,-31.633,14,1.0,0.5,0,0,1,0
2016+,G+B,180,14,2016-09-15,True,16.268,-31.1087,0.8297,21.1936,-28.1063,9.6111,-31.1087,14,1.0,0.6429,0,0,2,0
2016+,G+B,180,15,2016-09-22,False,22.5883,-32.1636,0.9991,22.6919,-32.1636,23.4427,-30.2836,14,1.7014,0.7857,0,0,1,0
2016+,G+B,180,16,2016-09-29,False,28.6526,-30.9305,1.2397,30.2521,-29.462,26.447,-30.9305,14,1.0,0.7143,0,0,10,0
2016+,G+B,180,17,2016-10-06,False,24.02,-26.4353,1.0609,27.6924,-26.4353,19.0374,-24.4993,14,1.0,0.7143,0,0,2,0
2016+,G+B,180,18,2016-10-17,False,20.6832,-34.6546,0.9516,20.0813,-34.6546,22.525,-32.0571,14,1.0,0.6429,0,0,1,0
2016+,G+B,180,19,2016-10-24,False,21.0645,-46.0275,0.9222,16.2145,-46.0275,30.7707,-24.2671,14,1.0,0.7143,0,0,0,0
2016+,G+B,180,20,2016-11-01,False,22.0281,-30.0266,1.0527,18.1718,-30.0266,29.9578,-21.3686,14,1.0,0.7143,0,0,1,0
2016+,G+B,180,21,2016-11-08,True,19.2225,-28.0343,1.0409,11.3981,-25.6537,34.9649,-28.0343,14,1.0,0.6429,0,0,1,0
2016+,G+B,180,22,2016-11-16,False,8.9396,-53.4173,0.5435,-2.0068,-53.4173,31.3951,-14.933,14,1.0,0.5714,0,0,1,0
2016+,G+B,180,23,2016-11-23,False,16.3218,-41.614,0.8426,10.5511,-41.614,28.243,-14.0557,14,1.0,0.5714,0,0,1,0
2016+,G+B,180,24,2016-11-30,False,5.8891,-61.7892,0.4316,-7.7242,-61.7892,34.6515,-12.9152,14,1.0,0.5,0,0,0,0
2016+,G+B,180,25,2016-12-07,False,7.3778,-40.028,0.5112,2.0867,-36.3012,16.5111,-40.028,14,1.0,0.4286,0,0,0,0
2016+,G+B,180,26,2016-12-14,False,16.423,-55.6939,0.749,14.2901,-55.6939,21.7432,-41.3285,14,1.0,0.6429,0,0,1,0
2016+,G+B,180,27,2016-12-21,False,9.6762,-63.9167,0.5203,-5.3353,-63.9167,38.9543,-22.8722,14,1.0,0.5714,0,0,1,0
2016+,G+B,180,28,2016-12-28,True,17.8345,-48.3649,0.856,8.5136,-48.3649,34.4239,-24.8545,14,1.0,0.6429,0,0,2,0
2016+,G+B,180,29,2017-01-04,False,23.613,-45.8262,1.1093,15.8398,-45.8262,38.8412,-14.1203,14,1.25,0.7143,0,0,3,0
2016+,G+B,180,30,2017-01-11,False,29.8593,-42.9477,1.2016,28.2087,-42.9477,33.9923,-33.0664,14,1.2769,0.7857,0,0,4,0
2016+,G+B,180,31,2017-01-18,False,18.9747,-52.0976,0.8235,14.5525,-52.0976,27.3594,-35.1798,14,1.3462,0.7857,0,0,4,0
2016+,G+B,180,32,2017-01-25,False,15.3164,-44.8397,0.8476,14.1312,-34.5189,17.1699,-44.8397,14,1.0,0.5714,0,0,4,0
2016+,G+B,180,33,2017-02-02,False,5.9969,-79.0004,0.3586,-4.1514,-79.0004,25.6338,-42.3777,14,1.0,0.7143,0,0,4,0
2016+,G+B,180,34,2017-02-09,False,20.8321,-65.4724,0.8559,20.0409,-65.4724,23.4464,-42.9368,14,1.0,0.7143,0,0,3,0
2016+,G+B,180,35,2017-02-16,True,9.7502,-65.1033,0.5274,4.9093,-65.1033,19.3661,-30.9164,14,1.0,0.7143,0,0,2,0
2016+,G+B,250,0,2016-06-03,True,16.7696,-35.0788,0.7789,9.1442,-35.0788,31.4155,-33.9316,11,1.0,0.7273,0,0,1,0
2016+,G+B,250,1,2016-06-10,False,13.7013,-34.3402,0.6946,8.5098,-33.3522,23.3524,-34.3402,11,1.0,0.7273,0,0,0,0
2016+,G+B,250,2,2016-06-17,False,19.1224,-37.153,0.8526,12.3956,-31.9687,33.265,-37.153,11,1.9375,0.8182,0,0,4,0
2016+,G+B,250,3,2016-06-24,False,25.0846,-37.9952,1.0305,23.5712,-34.3626,28.8287,-37.9952,11,1.7158,0.8182,0,0,3,0
2016+,G+B,250,4,2016-07-01,False,16.3759,-42.4953,0.8157,6.9291,-42.4953,35.2903,-32.442,11,1.0,0.7273,0,0,2,0
2016+,G+B,250,5,2016-07-11,False,21.6417,-35.1716,1.0017,21.3524,-35.1716,23.0799,-31.8597,11,1.0,0.7273,0,0,2,0
2016+,G+B,250,6,2016-07-18,False,20.2877,-45.5647,0.909,16.7058,-45.5647,27.5946,-32.6154,11,1.0,0.7273,0,0,2,0
2016+,G+B,250,7,2016-07-25,False,7.6071,-57.4111,0.433,2.823,-57.4111,17.5147,-30.7058,11,1.8261,0.8182,0,0,1,0
2016+,G+B,250,8,2016-08-01,False,10.8876,-49.3411,0.6,9.8814,-49.3411,13.8088,-32.3192,11,1.0,0.6364,0,0,2,0
2016+,G+B,250,9,2016-08-08,False,28.048,-36.0441,1.1574,19.2949,-34.4654,46.3186,-31.633,11,1.0,0.7273,0,0,1,0
2016+,G+B,250,10,2016-08-16,True,29.6001,-50.7176,1.1459,18.7666,-50.7176,52.4476,-31.1087,10,1.9412,0.9,0,0,1,0
2016+,G+B,250,11,2016-08-23,False,12.7317,-52.235,0.615,9.6222,-52.235,19.9663,-30.2836,10,1.7466,0.8,0,0,1,0
2016+,G+B,250,12,2016-08-30,False,13.5094,-43.1432,0.6464,14.9781,-43.1432,12.9162,-38.5037,10,1.9431,0.9,0,0,0,0
2016+,G+B,250,13,2016-09-07,False,4.2866,-64.7479,0.2954,-2.6565,-64.7479,17.1191,-30.0474,10,1.0,0.7,0,0,0,0
2016+,G+B,250,14,2016-09-15,False,17.2563,-40.0639,0.8235,16.5945,-39.893,20.1431,-40.0639,10,1.8506,0.8,0,0,1,0
2016+,G+B,250,15,2016-09-22,False,12.148,-39.975,0.6378,13.9446,-39.975,9.165,-37.6776,10,1.0,0.6,0,0,0,0
2016+,G+B,250,16,2016-09-29,False,6.8777,-59.0184,0.418,10.4679,-59.0184,1.1202,-24.8939,10,1.0,0.6,0,0,1,0
2016+,G+B,250,17,2016-10-06,False,16.1261,-48.4747,0.824,17.7003,-48.4747,14.9801,-11.3156,10,1.0,0.6,0,0,1,0
2016+,G+B,250,18,2016-10-17,False,17.954,-46.5764,0.9828,11.1874,-46.5764,31.5519,-15.1375,10,1.0,0.5,0,0,7,0
2016+,G+B,250,19,2016-10-24,False,14.3233,-47.8393,0.7522,9.1759,-47.8393,24.358,-16.8599,10,1.0,0.6,0,0,1,0
2016+,G+B,250,20,2016-11-01,True,18.8637,-65.5169,0.758,22.5925,-65.5169,12.9144,-18.0232,10,1.0,0.5,0,0,0,0
2016+,G+B,250,21,2016-11-08,False,13.9511,-67.2279,0.6736,8.5803,-67.2279,24.7033,-33.7542,10,1.0,0.6,0,0,0,0
2016+,G+B,250,22,2016-11-16,False,14.9508,-59.6931,0.7419,12.4681,-59.6931,20.4726,-38.8309,10,1.0,0.6,0,0,0,0
2016+,G+B,250,23,2016-11-23,False,15.7911,-49.3118,0.7707,11.9921,-49.3118,23.8747,-17.2587,10,1.0,0.6,0,0,0,0
2016+,G+B,250,24,2016-11-30,False,15.1382,-55.5205,0.714,11.1134,-55.5205,24.8264,-22.8985,10,1.0,0.6,0,0,0,0
2016+,G+B,250,25,2016-12-07,False,15.1267,-46.7859,0.746,16.4027,-46.7859,13.0432,-14.5222,10,1.0,0.5,0,0,0,0
2016+,G+B,250,26,2016-12-14,False,9.7944,-36.0036,0.5998,5.0103,-36.0036,18.8709,-22.1966,10,1.0,0.5,0,0,0,0
2016+,G+B,250,27,2016-12-21,False,1.1889,-76.7542,0.1718,-0.2987,-76.7542,4.1816,-21.7687,10,1.0,0.5,0,0,0,0
2016+,G+B,250,28,2016-12-28,False,11.9708,-66.1978,0.5916,17.3148,-66.1978,4.4955,-24.4409,10,1.0,0.5,0,0,0,0
2016+,G+B,250,29,2017-01-04,True,4.8857,-64.0737,0.3276,4.4438,-64.0737,6.1338,-33.2732,10,1.0,0.7,0,0,1,0
2016+,G+B,250,30,2017-01-11,False,2.0872,-70.6684,0.2084,4.8157,-70.6684,-1.1203,-22.2083,10,1.0,0.6,0,0,2,0
2016+,G+B,250,31,2017-01-18,False,-0.0442,-67.3448,0.1072,1.8533,-67.3448,-2.2993,-26.4673,10,1.0,0.6,0,0,4,0
2016+,G+B,250,32,2017-01-25,False,5.9815,-62.0864,0.3957,11.0085,-62.0864,-1.5351,-25.508,10,1.0,0.5,0,0,5,0
2016+,G+B,250,33,2017-02-02,False,12.0537,-41.1935,0.7073,21.3521,-41.1935,-1.2236,-28.0638,10,1.0,0.4,0,0,3,0
2016+,G+B,250,34,2017-02-09,False,0.6106,-32.6197,0.1141,0.9996,-32.6197,0.0,0.0,10,0.0,0.2,0,0,2,0
2016+,G+B,250,35,2017-02-16,False,5.561,-19.1914,0.553,9.2577,-19.1914,0.0,0.0,10,0.0,0.2,0,0,2,0
2016+,G+B,250,36,2017-02-23,False,6.7594,-20.3435,0.633,11.3096,-20.3435,0.0,0.0,10,0.0,0.2,0,0,2,0
2016+,G+B,250,37,2017-03-03,False,7.501,-26.1486,0.5706,7.2254,-24.3234,7.9085,-24.7383,10,1.0,0.4,0,0,2,0
2016+,G+B,250,38,2017-03-10,False,0.5076,-54.5977,0.1242,-2.6037,-54.4973,7.1804,-23.3794,10,1.0,0.5,0,0,3,0
2016+,G+B,250,39,2017-03-20,True,10.8741,-64.9829,0.5265,0.6101,-64.9829,30.8039,-27.0552,10,1.4268,0.8,0,0,3,0
2016+,G+B,250,40,2017-03-27,False,7.912,-55.0956,0.4848,-1.5172,-55.0956,26.2851,-28.8371,10,1.0,0.6,0,0,2,0
2016+,G+B,250,41,2017-04-03,False,3.172,-69.1921,0.2559,-7.8841,-69.1921,24.9143,-29.2547,10,1.0,0.7,0,0,2,0
2016+,G+B,250,42,2017-04-11,False,24.8084,-32.591,1.0885,17.2109,-32.591,39.8077,-32.0652,10,1.7425,0.8,0,0,3,0
2016+,G+B,250,43,2017-04-19,False,20.8628,-32.0124,1.0464,11.3104,-22.484,36.9258,-32.0124,10,1.0,0.7,0,0,3,0
2016+,G+B,250,44,2017-04-26,False,28.3888,-34.3351,1.27,21.5149,-25.444,39.4657,-34.3351,10,1.2609,0.8,0,0,2,0
2016+,G+B,250,45,2017-05-04,False,25.7351,-39.3595,1.1208,16.7233,-39.3595,40.5982,-33.2292,10,1.3718,0.8,0,0,2,0
2016+,G+B,250,46,2017-05-11,False,21.7635,-40.1118,1.0048,12.924,-40.1118,36.3222,-31.4527,10,1.3889,0.8,0,0,2,0
2016+,G+B,250,47,2017-05-18,False,18.6694,-35.9902,0.9419,11.7767,-23.1483,29.7571,-35.9902,10,1.0,0.7,0,0,2,0
2016+,G+B,250,48,2017-05-25,False,21.656,-35.0904,1.0527,14.0485,-26.4143,33.9176,-35.0904,10,1.0,0.6,0,0,2,0
2016+,G+B,250,49,2017-06-01,True,18.2012,-33.2201,0.8941,7.913,-32.9315,35.3226,-33.2201,10,1.0,0.7,0,0,2,0
2016+,G+H,30,0,2016-06-03,True,13.5147,-54.5988,0.6609,11.2138,-54.5988,21.0924,-21.6233,85,1.0,0.6118,0,0,1,0
2016+,G+H,30,1,2016-06-10,True,19.1776,-61.9838,0.8454,20.4686,-61.9838,17.1357,-36.2723,85,1.0,0.6235,0,0,1,0
2016+,G+H,30,2,2016-06-17,True,12.1364,-61.1668,0.577,12.1388,-59.8794,12.0947,-47.2126,85,1.0,0.6824,0,0,1,0
2016+,G+H,30,3,2016-06-24,True,8.9252,-65.9138,0.463,2.9507,-65.9138,21.335,-32.7961,85,1.0,0.6824,0,0,0,0
2016+,G+H,30,4,2016-07-01,True,21.9714,-41.4442,0.9201,18.5631,-41.4442,29.1101,-28.5403,85,1.0,0.6353,0,0,11,0
2016+,G+H,30,5,2016-07-11,True,12.0742,-47.3312,0.5939,2.5543,-47.3312,32.4341,-18.535,85,1.0,0.6588,0,0,0,0
2016+,G+H,60,0,2016-06-03,True,21.464,-58.9742,0.9225,19.0513,-57.6558,29.4527,-21.5175,43,1.0,0.6047,0,0,1,0
2016+,G+H,60,1,2016-06-10,False,24.7256,-52.095,1.0088,28.2109,-52.095,18.7717,-24.2946,43,1.0,0.5814,0,0,1,0
2016+,G+H,60,2,2016-06-17,True,15.5763,-57.1239,0.6722,22.594,-54.0966,5.773,-42.6714,43,1.3041,0.6977,0,0,1,0
2016+,G+H,60,3,2016-06-24,False,10.6698,-82.2409,0.5037,2.2103,-82.2409,27.0651,-22.6007,43,1.1111,0.7209,0,0,0,0
2016+,G+H,60,4,2016-07-01,True,23.05,-45.5362,0.9275,21.5609,-45.5362,25.6023,-26.1493,43,1.0,0.6512,0,0,4,0
2016+,G+H,60,5,2016-07-11,False,15.942,-54.6977,0.7215,11.4929,-54.6977,25.2395,-25.8536,43,1.0,0.6744,0,0,0,0
2016+,G+H,60,6,2016-07-18,False,17.3684,-53.9483,0.8196,18.7539,-53.9483,16.7359,-36.9322,42,1.0,0.619,0,0,1,0
2016+,G+H,60,7,2016-07-25,True,29.1703,-35.106,1.2123,34.7318,-32.5225,21.1265,-35.106,42,1.0,0.6667,0,0,1,0
2016+,G+H,60,8,2016-08-01,False,26.1895,-39.4758,1.086,27.0355,-39.4758,24.6681,-27.796,42,1.0,0.6667,0,0,1,0
2016+,G+H,60,9,2016-08-08,True,17.9564,-46.3433,0.802,23.3593,-39.371,10.3062,-46.3433,42,1.0,0.6429,0,0,1,0
2016+,G+H,60,10,2016-08-16,False,17.6726,-39.7291,0.8186,17.2468,-39.7291,19.3264,-26.8837,42,1.0,0.619,0,0,1,0
2016+,G+H,60,11,2016-08-23,True,11.5582,-40.3597,0.5656,3.83,-40.3597,27.7249,-18.9884,42,1.0,0.6429,0,0,0,0
2016+,G+H,90,0,2016-06-03,True,21.6205,-70.3906,0.8297,20.4714,-70.3906,27.2348,-30.4436,29,1.8333,0.7931,0,0,0,0
2016+,G+H,90,1,2016-06-10,False,40.0482,-48.1452,1.4866,42.73,-48.1452,36.4606,-19.6624,29,1.0,0.7241,0,0,0,0
2016+,G+H,90,2,2016-06-17,False,39.8708,-54.6783,1.3712,51.8215,-54.6783,22.3991,-22.5627,29,1.7823,0.7586,0,0,0,0
2016+,G+H,90,3,2016-06-24,True,32.4185,-56.4112,1.1646,39.168,-56.4112,23.9012,-24.1112,29,1.5298,0.7586,0,0,0,0
2016+,G+H,90,4,2016-07-01,False,22.0775,-32.7865,1.0241,23.6572,-32.7865,21.8003,-21.9294,29,1.0,0.5862,0,0,0,0
2016+,G+H,90,5,2016-07-11,False,11.6169,-44.2107,0.6184,10.0277,-44.2107,16.4899,-22.1793,29,1.0,0.5862,0,0,0,0
2016+,G+H,90,6,2016-07-18,False,19.7213,-48.6456,1.0137,25.3917,-48.6456,12.3716,-22.0634,28,1.0,0.4643,0,0,1,0
2016+,G+H,90,7,2016-07-25,True,19.9894,-55.9439,0.8799,29.7358,-52.0569,4.8648,-34.4423,28,1.0,0.5,0,0,1,0
2016+,G+H,90,8,2016-08-01,False,16.5793,-53.442,0.751,20.5236,-53.442,11.7022,-45.6894,28,1.0,0.6071,0,0,1,0
2016+,G+H,90,9,2016-08-08,False,14.659,-48.9132,0.671,20.4898,-48.9132,5.3023,-42.3461,28,1.0,0.5714,0,0,1,0
2016+,G+H,90,10,2016-08-16,True,17.0905,-46.9134,0.7846,13.9815,-46.9134,22.5225,-23.2718,28,1.0,0.6071,0,0,1,0
2016+,G+H,90,11,2016-08-23,False,16.7128,-47.3009,0.7481,12.6163,-47.3009,25.1903,-24.7107,28,1.0,0.6429,0,0,1,0
2016+,G+H,90,12,2016-08-30,False,10.4911,-57.5338,0.5592,8.1805,-57.5338,16.2444,-34.0032,28,1.0,0.5714,0,0,2,0
2016+,G+H,90,13,2016-09-07,False,18.7522,-41.3585,0.8353,19.8275,-41.3585,17.9458,-35.4062,28,1.0,0.6429,0,0,2,0
2016+,G+H,90,14,2016-09-15,True,14.5694,-51.3677,0.6696,15.2259,-51.3677,13.4296,-42.6789,28,1.0,0.6786,0,0,2,0
2016+,G+H,90,15,2016-09-22,False,15.0769,-60.1427,0.6685,8.4462,-60.1427,28.3209,-35.6981,28,1.0,0.7143,0,0,1,0
2016+,G+H,90,16,2016-09-29,False,18.4,-57.0352,0.7535,21.2024,-57.0352,14.7512,-55.9556,28,1.3333,0.7143,0,0,10,0
2016+,G+H,90,17,2016-10-06,True,18.7617,-50.8832,0.7623,10.1989,-50.8832,36.3219,-18.9298,28,1.7708,0.75,0,0,0,0
2016+,G+H,100,0,2016-06-03,True,28.2028,-62.0456,1.0458,26.4153,-62.0456,31.3082,-20.4267,26,1.0,0.6923,0,0,0,0
2016+,G+H,100,1,2016-06-10,False,21.5931,-51.8444,0.9037,26.8996,-51.8444,13.8896,-43.7135,26,1.0,0.6538,0,0,0,0
2016+,G+H,100,2,2016-06-17,False,24.4252,-58.1371,0.9834,30.4642,-58.1371,15.419,-37.6128,26,1.7679,0.7692,0,0,0,0
2016+,G+H,100,3,2016-06-24,False,20.419,-71.5104,0.8169,24.8189,-71.5104,14.6364,-40.222,26,1.6532,0.7692,0,0,0,0
2016+,G+H,100,4,2016-07-01,True,18.4245,-56.7487,0.795,27.7215,-56.7487,6.87,-39.1372,26,1.0,0.6538,0,0,0,0
2016+,G+H,100,5,2016-07-11,False,19.3304,-44.5851,0.8231,31.005,-44.5851,1.8884,-43.2308,26,1.0,0.6154,0,0,0,0
2016+,G+H,100,6,2016-07-18,False,2.9345,-60.7813,0.2436,8.5174,-60.7813,-5.1395,-47.3154,26,1.0,0.6154,0,0,2,0
2016+,G+H,100,7,2016-07-25,False,11.7059,-55.1492,0.5807,8.3256,-55.1492,19.0653,-16.6117,26,1.0,0.6154,0,0,2,0
2016+,G+H,100,8,2016-08-01,True,6.8015,-43.8625,0.4265,-0.0062,-43.8625,20.8237,-28.0409,26,1.0,0.5385,0,0,16,0
2016+,G+H,100,9,2016-08-08,False,16.1963,-48.6294,0.7065,13.1393,-48.6294,24.1235,-24.3096,26,1.0,0.6923,0,0,2,0
2016+,G+H,100,10,2016-08-16,False,14.3377,-56.3265,0.652,14.1198,-56.3265,17.0547,-33.3132,25,1.0,0.68,0,0,2,0
2016+,G+H,100,11,2016-08-23,True,5.6544,-51.7417,0.348,3.1925,-51.7417,11.9766,-34.488,25,1.0,0.68,0,0,1,0
2016+,G+H,100,12,2016-08-30,False,11.7762,-40.8892,0.5859,9.0774,-37.0367,18.4459,-40.8892,25,1.0,0.72,0,0,1,0
2016+,G+H,100,13,2016-09-07,False,13.9254,-46.9829,0.7159,10.0789,-46.9829,20.672,-20.7043,25,1.0,0.56,0,0,1,0
2016+,G+H,100,14,2016-09-15,False,30.8034,-39.4321,1.2308,36.9693,-39.4321,22.7598,-32.8405,25,1.0,0.64,0,0,2,0
2016+,G+H,100,15,2016-09-22,True,36.9721,-39.2776,1.4294,40.4718,-39.2776,31.1828,-15.0929,25,1.0,0.56,0,0,1,0
2016+,G+H,100,16,2016-09-29,False,31.7046,-51.6836,1.1698,34.3544,-51.6836,27.2926,-15.1077,25,1.0,0.6,0,0,1,0
2016+,G+H,100,17,2016-10-06,False,23.9212,-54.5605,0.984,23.6582,-54.5605,25.5228,-24.125,25,1.0,0.64,0,0,1,0
2016+,G+H,100,18,2016-10-17,False,13.0854,-61.6439,0.6262,10.7027,-59.9212,18.9092,-18.9033,25,1.0,0.52,0,0,0,0
2016+,G+H,100,19,2016-10-24,True,19.8467,-57.6458,0.8225,9.3658,-57.6458,40.5742,-23.9962,25,1.75,0.76,0,0,0,0
2016+,G+H,180,0,2016-06-03,True,27.0191,-52.6158,0.9693,30.6935,-52.6158,24.2849,-29.3128,15,2.0,0.8667,0,0,0,0
2016+,G+H,180,1,2016-06-10,False,17.9268,-55.6573,0.7956,22.1383,-55.6573,12.0783,-37.6879,15,1.0,0.7333,0,0,0,0
2016+,G+H,180,2,2016-06-17,False,20.1094,-62.4751,0.8081,24.6057,-62.4751,14.246,-32.8756,15,1.7647,0.8,0,0,0,0
2016+,G+H,180,3,2016-06-24,False,17.7945,-63.8914,0.7135,22.9681,-63.8914,10.7917,-32.5658,15,1.8723,0.8,0,0,1,0
2016+,G+H,180,4,2016-07-01,False,8.6504,-41.0448,0.4793,11.7757,-41.0448,4.9451,-35.1475,15,1.0,0.6,0,0,2,0
2016+,G+H,180,5,2016-07-11,False,8.4269,-44.1676,0.47,13.7785,-44.1676,-0.2607,-37.9696,15,1.0,0.6,0,0,1,0
2016+,G+H,180,6,2016-07-18,False,12.4614,-36.9379,0.7699,23.7901,-25.3712,-4.717,-30.9384,14,1.0,0.3571,0,0,1,0
2016+,G+H,180,7,2016-07-25,True,4.9299,-53.9412,0.3348,17.1102,-33.5963,-13.128,-40.9684,14,1.0,0.5,0,0,1,0
2016+,G+H,180,8,2016-08-01,False,11.6795,-41.8953,0.6081,19.291,-41.8953,-0.2815,-37.9686,14,1.0,0.5714,0,0,1,0
2016+,G+H,180,9,2016-08-08,False,13.2265,-55.4788,0.623,29.4761,-37.3102,-9.9867,-55.4788,14,1.0,0.5714,0,0,1,0
2016+,G+H,180,10,2016-08-16,False,6.5611,-38.1087,0.4018,11.1509,-38.1087,-0.8388,-27.4105,14,1.0,0.5714,0,0,0,0
2016+,G+H,180,11,2016-08-23,False,10.6426,-30.2586,0.5575,9.5598,-29.3266,12.4715,-30.0399,14,1.0,0.5714,0,0,1,0
2016+,G+H,180,12,2016-08-30,False,3.1287,-31.664,0.2669,1.7787,-30.2324,5.4443,-31.664,14,1.0,0.3571,0,0,2,0
2016+,G+H,180,13,2016-09-07,False,13.4995,-34.2792,0.7001,14.1255,-25.8837,12.4101,-34.2792,14,1.0,0.5,0,0,2,0
2016+,G+H,180,14,2016-09-15,True,13.7097,-38.1692,0.6417,20.044,-27.6982,4.5939,-38.1692,14,1.0,0.6429,0,0,2,0
2016+,G+H,180,15,2016-09-22,False,12.3186,-60.717,0.5684,7.969,-60.717,20.5257,-34.7834,14,1.6235,0.7857,0,0,1,0
2016+,G+H,180,16,2016-09-29,False,-0.2224,-81.2296,0.1505,-5.6179,-81.2296,9.9279,-36.949,14,1.0,0.7143,0,0,8,0
2016+,G+H,180,17,2016-10-06,False,24.7035,-38.9867,0.9613,27.242,-38.9867,21.0581,-23.0678,14,1.0,0.7143,0,0,2,0
2016+,G+H,180,18,2016-10-17,False,3.7966,-90.8174,0.2845,-6.1686,-90.8174,23.84,-32.227,14,1.0,0.7143,0,0,2,0
2016+,G+H,180,19,2016-10-24,False,35.5703,-53.1087,1.2938,32.1683,-53.1087,42.8658,-25.9154,14,1.0,0.7143,0,0,0,0
2016+,G+H,180,20,2016-11-01,False,43.5986,-32.4405,1.5268,50.9324,-32.4405,33.5785,-26.1067,14,1.0,0.7143,0,0,0,0
2016+,G+H,180,21,2016-11-08,True,35.7781,-35.9163,1.32,37.6872,-35.9163,35.3834,-31.0798,14,1.0,0.7143,0,0,0,0
2016+,G+H,180,22,2016-11-16,False,26.3725,-36.1105,1.1405,23.8651,-36.1105,33.2125,-19.0422,14,1.0,0.5714,0,0,0,0
2016+,G+H,180,23,2016-11-23,False,10.8798,-46.2225,0.5981,6.0138,-46.2225,21.4562,-19.4554,14,1.0,0.5714,0,0,0,0
2016+,G+H,180,24,2016-11-30,False,20.9647,-55.7936,0.9743,13.6941,-55.06,35.99,-18.7098,14,1.0,0.5714,0,0,0,0
2016+,G+H,180,25,2016-12-07,False,23.6196,-61.8697,0.9726,26.3098,-61.8697,19.3096,-30.7547,14,1.0,0.5,0,0,0,0
2016+,G+H,180,26,2016-12-14,False,18.9236,-60.8667,0.8156,15.63,-60.8667,26.2215,-38.8796,14,1.0,0.6429,0,0,0,0
2016+,G+H,180,27,2016-12-21,False,22.3474,-51.4485,0.9619,19.5799,-51.4485,26.8614,-20.4645,14,1.0,0.5714,0,0,1,0
2016+,G+H,180,28,2016-12-28,True,28.7587,-50.3882,1.1474,21.8111,-50.3882,40.6375,-25.8733,14,1.0,0.6429,0,0,1,0
2016+,G+H,180,29,2017-01-04,False,24.9183,-44.081,1.0528,18.6954,-44.081,36.8186,-18.1017,14,1.4444,0.7143,0,0,1,0
2016+,G+H,180,30,2017-01-11,False,27.0882,-63.1814,1.0494,14.844,-63.1814,51.5557,-37.9358,14,1.3874,0.7857,0,0,1,0
2016+,G+H,180,31,2017-01-18,False,29.9973,-39.5298,1.1833,28.9754,-39.5298,32.7109,-38.2792,14,1.45,0.7857,0,0,1,0
2016+,G+H,180,32,2017-01-25,False,23.0533,-46.4324,1.0094,23.6395,-40.2256,22.0565,-46.4324,14,1.0,0.7143,0,0,1,0
2016+,G+H,180,33,2017-02-02,False,21.8075,-45.1535,0.973,13.1326,-45.1535,38.1544,-38.6902,14,1.0,0.6429,0,0,0,0
2016+,G+H,180,34,2017-02-09,False,30.0847,-49.8309,1.2232,28.9299,-49.4782,32.9139,-49.8309,14,1.0,0.7143,0,0,1,0
2016+,G+H,180,35,2017-02-16,True,21.4985,-48.0969,0.8457,17.65,-48.0969,29.49,-29.03,14,1.4395,0.7857,0,0,0,0
2016+,G+H,250,0,2016-06-03,True,20.3204,-35.1475,0.8462,18.1422,-33.3479,24.1766,-35.1475,11,1.0,0.7273,0,0,1,0
2016+,G+H,250,1,2016-06-10,False,14.3347,-42.1453,0.6996,9.0725,-42.1453,24.1206,-37.0696,11,1.0,0.7273,0,0,0,0
2016+,G+H,250,2,2016-06-17,False,25.8387,-33.1741,1.0816,17.9423,-33.1741,41.9381,-31.7306,11,2.0,0.8182,0,0,2,0
2016+,G+H,250,3,2016-06-24,False,31.7229,-45.6382,1.1982,36.0156,-32.2697,25.0562,-45.6382,11,2.0,0.8182,0,0,1,0
2016+,G+H,250,4,2016-07-01,False,32.653,-48.182,1.3108,34.2318,-48.182,30.3733,-38.4548,11,1.0,0.7273,0,0,1,0
2016+,G+H,250,5,2016-07-11,False,35.4565,-37.9789,1.326,45.2259,-35.4706,20.5316,-33.2807,11,1.0,0.7273,0,0,1,0
2016+,G+H,250,6,2016-07-18,False,39.586,-33.2608,1.4425,47.2843,-33.2608,28.3307,-25.3844,11,1.0,0.7273,0,0,1,0
2016+,G+H,250,7,2016-07-25,False,32.8814,-38.0594,1.1967,34.9153,-38.0594,30.8234,-30.0399,11,1.2,0.8182,0,0,2,0
2016+,G+H,250,8,2016-08-01,False,23.5182,-40.0803,1.0492,23.4037,-40.0803,24.9697,-31.664,11,1.0,0.6364,0,0,2,0
2016+,G+H,250,9,2016-08-08,False,26.746,-36.9775,1.0614,16.3905,-36.9775,49.6014,-34.2792,11,1.0,0.7273,0,0,2,0
2016+,G+H,250,10,2016-08-16,True,49.5389,-43.5538,1.5651,48.3683,-43.5538,54.5298,-34.2816,10,1.8333,0.9,0,0,1,0
2016+,G+H,250,11,2016-08-23,False,34.806,-46.1554,1.2327,40.7938,-46.1554,27.4178,-31.5118,10,1.7348,0.8,0,0,0,0
2016+,G+H,250,12,2016-08-30,False,20.3098,-75.1734,0.7461,17.3461,-75.1734,27.5695,-46.1957,10,2.0,1.0,0,0,0,0
2016+,G+H,250,13,2016-09-07,False,7.3486,-70.2025,0.4132,2.9981,-70.2025,15.0805,-33.3592,10,1.0,0.7,0,0,0,0
2016+,G+H,250,14,2016-09-15,False,27.5182,-35.0915,1.095,28.3774,-29.2667,27.866,-35.0915,10,1.8611,0.8,0,0,2,0
2016+,G+H,250,15,2016-09-22,False,22.6364,-42.3214,0.9399,27.8599,-42.3214,14.2914,-30.6526,10,1.0,0.7,0,0,0,0
2016+,G+H,250,16,2016-09-29,False,11.7896,-50.592,0.6299,22.5243,-50.592,-4.1138,-39.6661,10,1.0,0.6,0,0,1,0
2016+,G+H,250,17,2016-10-06,False,21.0696,-39.1981,1.0059,23.4783,-39.1981,18.2662,-18.1017,10,1.0,0.6,0,0,2,0
2016+,G+H,250,18,2016-10-17,False,25.8858,-39.8557,1.1153,22.3954,-39.8557,33.8316,-18.9033,10,1.0,0.6,0,0,3,0
2016+,G+H,250,19,2016-10-24,False,25.183,-45.6584,1.0023,25.7124,-45.6584,25.341,-18.4353,10,1.4167,0.7,0,0,0,0
2016+,G+H,250,20,2016-11-01,True,17.5145,-53.0352,0.8562,25.346,-53.0352,5.6254,-23.2718,10,1.0,0.5,0,0,0,0
2016+,G+H,250,21,2016-11-08,False,19.2102,-45.1374,0.8919,13.3637,-45.1374,30.6882,-25.9475,10,1.0,0.6,0,0,0,0
2016+,G+H,250,22,2016-11-16,False,37.4453,-37.0367,1.4178,48.2434,-37.0367,22.3522,-33.9637,10,1.0,0.6,0,0,0,0
2016+,G+H,250,23,2016-11-23,False,12.503,-70.1865,0.5818,-0.417,-70.1865,39.1104,-18.9298,10,1.0,0.6,0,0,0,0
2016+,G+H,250,24,2016-11-30,False,3.8991,-85.1005,0.2849,-3.853,-85.1005,21.3062,-26.0983,10,1.0,0.6,0,0,0,0
2016+,G+H,250,25,2016-12-07,False,32.0954,-48.216,1.1302,44.4838,-48.216,14.1511,-15.0929,10,1.0,0.5,0,0,1,0
2016+,G+H,250,26,2016-12-14,False,-4.4291,-86.1453,0.0283,-13.7629,-86.1453,12.965,-26.1688,10,2.0,0.7,0,0,1,0
2016+,G+H,250,27,2016-12-21,False,6.6973,-60.262,0.3816,7.8919,-60.262,6.5402,-20.0776,10,1.0,0.5,0,0,0,0
2016+,G+H,250,28,2016-12-28,False,0.6865,-63.3811,0.1439,-0.5214,-63.3811,3.9391,-23.4992,10,1.0,0.4,0,0,0,0
2016+,G+H,250,29,2017-01-04,True,16.2899,-53.0413,0.6932,20.2995,-53.0413,11.1308,-30.1132,10,1.0,0.7,0,0,0,0
2016+,G+H,250,30,2017-01-11,False,0.0953,-60.9669,0.1402,2.3529,-57.2178,-2.9646,-31.0344,10,1.0,0.6,0,0,0,0
2016+,G+H,250,31,2017-01-18,False,3.9033,-66.9194,0.2806,7.5977,-66.9194,-0.5619,-27.7673,10,1.0,0.6,0,0,0,0
2016+,G+H,250,32,2017-01-25,False,1.6677,-68.7289,0.1875,6.9562,-68.7289,-6.1828,-28.702,10,1.0,0.5,0,0,1,0
2016+,G+H,250,33,2017-02-02,False,9.0042,-53.3951,0.5387,18.9118,-53.3951,-5.0013,-31.8347,10,1.0,0.4,0,0,0,0
2016+,G+H,250,34,2017-02-09,False,6.8905,-23.4101,0.6025,11.5027,-23.4101,0.0,0.0,10,0.0,0.2,0,0,1,0
2016+,G+H,250,35,2017-02-16,False,5.3041,-23.8332,0.4794,8.823,-23.8332,0.0,0.0,10,0.0,0.2,0,0,0,0
2016+,G+H,250,36,2017-02-23,False,8.536,-22.9195,0.7451,14.3599,-22.9195,0.0,0.0,10,0.0,0.2,0,0,0,0
2016+,G+H,250,37,2017-03-03,False,8.5493,-33.024,0.6045,11.0665,-27.3867,4.7187,-31.7263,10,1.0,0.4,0,0,0,0
2016+,G+H,250,38,2017-03-10,False,-7.0138,-79.0218,-0.197,-13.6524,-79.0218,5.8247,-25.9155,10,1.0,0.5,0,0,1,0
2016+,G+H,250,39,2017-03-20,True,9.571,-60.6257,0.4972,1.0006,-60.6257,26.1529,-37.6198,10,1.375,0.8,0,0,1,0
2016+,G+H,250,40,2017-03-27,False,2.0707,-75.9868,0.2103,-8.1573,-75.9868,21.8486,-40.0735,10,1.0,0.7,0,0,0,0
2016+,G+H,250,41,2017-04-03,False,8.5431,-54.0964,0.5132,9.6388,-31.0119,8.3672,-54.0964,10,1.0,0.6,0,0,1,0
2016+,G+H,250,42,2017-04-11,False,24.5398,-34.2012,1.0847,14.3381,-31.2292,43.935,-34.2012,10,1.9219,0.8,0,0,0,0
2016+,G+H,250,43,2017-04-19,False,17.903,-62.6176,0.7714,6.1737,-62.6176,38.2271,-28.6402,10,1.3571,0.8,0,0,2,0
2016+,G+H,250,44,2017-04-26,False,21.402,-62.2959,0.8057,9.7448,-62.2959,41.4152,-30.2444,10,1.9128,0.9,0,0,2,0
2016+,G+H,250,45,2017-05-04,False,26.166,-44.5535,1.0468,13.253,-44.5535,48.4287,-32.2584,10,1.3333,0.8,0,0,2,0
2016+,G+H,250,46,2017-05-11,False,22.8484,-35.0794,0.8846,12.4801,-35.0794,40.2126,-30.4985,10,1.4333,0.8,0,0,2,0
2016+,G+H,250,47,2017-05-18,False,7.2286,-70.8927,0.3918,-5.3974,-70.8927,29.3877,-37.6879,10,1.3924,0.8,0,0,2,0
2016+,G+H,250,48,2017-05-25,False,10.4144,-32.8756,0.6357,-0.5605,-20.8334,29.0973,-32.8756,10,1.0,0.5,0,0,2,0
2016+,G+H,250,49,2017-06-01,True,21.3613,-32.5658,0.9608,13.1699,-31.0542,34.6109,-32.5658,10,1.0,0.7,0,0,0,0
2016+,B+H,30,0,2016-06-03,True,18.7213,-62.8782,0.7584,16.7158,-62.8782,25.2075,-43.476,85,1.5,0.9882,0,0,4,0
2016+,B+H,30,1,2016-06-10,True,25.7424,-46.5639,1.0033,28.868,-46.5639,21.8566,-39.5025,85,1.5,0.9647,0,0,6,0
2016+,B+H,30,2,2016-06-17,True,13.4308,-64.3054,0.6096,10.9345,-64.3054,18.8818,-48.0564,85,1.5023,0.9647,0,0,4,0
2016+,B+H,30,3,2016-06-24,True,10.8285,-58.3392,0.5219,5.3699,-58.3392,22.0422,-48.7796,85,1.5152,0.9765,0,0,4,0
2016+,B+H,30,4,2016-07-01,True,22.8148,-44.9778,0.8785,15.5098,-44.9778,37.5993,-40.3413,85,1.5,0.9529,0,0,27,0
2016+,B+H,30,5,2016-07-11,True,19.6996,-45.4109,0.8072,16.3222,-39.7323,26.628,-45.4109,85,1.5343,0.9765,0,0,2,0
2016+,B+H,60,0,2016-06-03,True,20.4362,-60.464,0.8058,17.423,-60.464,28.8761,-32.8875,43,1.8502,0.9767,0,0,6,0
2016+,B+H,60,1,2016-06-10,False,20.6568,-44.9013,0.8434,23.5822,-44.9013,17.4627,-44.4037,43,1.7895,0.9767,0,0,6,0
2016+,B+H,60,2,2016-06-17,True,7.3934,-71.602,0.4022,2.9984,-71.602,17.2094,-48.5156,43,1.8824,0.9767,0,0,4,0
2016+,B+H,60,3,2016-06-24,False,5.0128,-78.247,0.3188,-2.4538,-78.247,21.22,-44.8376,43,2.0,1.0,0,0,4,0
2016+,B+H,60,4,2016-07-01,True,25.9147,-47.7818,0.9931,22.8317,-47.7818,32.9498,-43.2119,43,1.8425,0.9302,0,0,20,0
2016+,B+H,60,5,2016-07-11,False,22.4764,-50.7693,0.878,25.1419,-50.7693,19.3705,-44.4538,43,1.8722,0.9535,0,0,1,0
2016+,B+H,60,6,2016-07-18,False,23.4142,-68.1636,0.9004,21.5341,-68.1636,28.194,-39.329,42,1.8356,1.0,0,0,2,0
2016+,B+H,60,7,2016-07-25,True,31.9876,-41.6332,1.1999,31.3138,-41.6332,34.2292,-38.2559,42,1.8225,0.9524,0,0,2,0
2016+,B+H,60,8,2016-08-01,False,18.7666,-51.3429,0.7917,18.8716,-51.3429,19.533,-48.9282,42,1.7392,0.9524,0,0,2,0
2016+,B+H,60,9,2016-08-08,True,21.9703,-43.5018,0.8993,18.9898,-43.5018,28.2784,-43.3186,42,1.7836,0.9524,0,0,2,0
2016+,B+H,60,10,2016-08-16,False,19.1658,-51.6203,0.7697,10.4722,-51.6203,36.561,-38.7111,42,1.8175,0.9762,0,0,4,0
2016+,B+H,60,11,2016-08-23,True,23.0321,-40.4219,0.9004,17.2827,-40.4219,34.3411,-33.9071,42,1.8482,1.0,0,0,4,0
2016+,B+H,90,0,2016-06-03,True,23.1634,-71.716,0.8331,21.0167,-71.716,30.0032,-43.2434,29,1.9259,1.0,0,0,2,0
2016+,B+H,90,1,2016-06-10,False,31.2467,-42.5809,1.1591,35.4322,-41.2722,26.0083,-42.5809,29,1.8333,0.9655,0,0,2,0
2016+,B+H,90,2,2016-06-17,False,21.0146,-53.917,0.9029,25.0281,-53.917,15.1864,-52.4145,29,1.8921,0.8966,0,0,2,0
2016+,B+H,90,3,2016-06-24,True,20.5698,-53.3425,0.8367,23.4674,-53.3425,17.031,-45.7096,29,1.8899,0.9655,0,0,3,0
2016+,B+H,90,4,2016-07-01,False,16.987,-45.9772,0.7536,18.7208,-45.9772,15.5153,-45.1195,29,1.9369,0.931,0,0,1,0
2016+,B+H,90,5,2016-07-11,False,21.449,-41.9094,0.8791,24.8505,-41.5349,17.0716,-41.9094,29,1.8667,0.9655,0,0,1,0
2016+,B+H,90,6,2016-07-18,False,22.8026,-64.0095,0.9357,20.1958,-64.0095,29.074,-34.6421,28,1.8977,0.9643,0,0,2,0
2016+,B+H,90,7,2016-07-25,True,29.5834,-48.1858,1.1547,30.7104,-48.1858,29.1837,-36.3817,28,1.8516,0.9286,0,0,2,0
2016+,B+H,90,8,2016-08-01,False,21.3605,-61.5361,0.8622,20.9545,-61.5361,23.7976,-43.1668,28,1.8761,1.0,0,0,2,0
2016+,B+H,90,9,2016-08-08,False,19.2002,-48.9421,0.7916,15.6732,-48.9421,27.3388,-42.0889,28,1.9041,0.9643,0,0,2,0
2016+,B+H,90,10,2016-08-16,True,24.441,-50.0723,0.9275,16.4914,-50.0723,40.8329,-37.5528,28,1.9062,0.9643,0,0,3,0
2016+,B+H,90,11,2016-08-23,False,22.3276,-38.1156,0.9147,16.4325,-38.1156,34.5668,-36.0531,28,1.8977,0.9643,0,0,3,0
2016+,B+H,90,12,2016-08-30,False,20.3862,-62.7852,0.8236,15.6716,-62.7852,30.3101,-32.4864,28,1.8672,1.0,0,0,6,0
2016+,B+H,90,13,2016-09-07,False,19.3326,-58.6714,0.7866,14.1527,-58.6714,29.6816,-36.2361,28,1.8667,1.0,0,0,7,0
2016+,B+H,90,14,2016-09-15,True,10.1821,-71.3049,0.4906,0.7687,-71.3049,29.0713,-40.6008,28,1.7948,1.0,0,0,6,0
2016+,B+H,90,15,2016-09-22,False,16.7312,-66.9232,0.7072,5.5061,-66.9232,39.4268,-33.6754,28,1.8676,1.0,0,0,5,0
2016+,B+H,90,16,2016-09-29,False,24.4466,-65.3861,0.9243,12.6965,-65.3861,47.9231,-34.2551,28,1.8857,0.9643,0,0,26,0
2016+,B+H,90,17,2016-10-06,True,25.873,-53.8511,0.9345,21.0034,-53.8511,35.3158,-32.8379,28,1.85,1.0,0,0,4,0
2016+,B+H,100,0,2016-06-03,True,24.53,-68.8456,0.9325,23.1978,-68.8456,27.8995,-36.6954,26,1.8455,1.0,0,0,0,0
2016+,B+H,100,1,2016-06-10,False,26.2103,-66.4917,0.9919,24.857,-66.4917,29.6575,-34.836,26,1.9322,1.0,0,0,0,0
2016+,B+H,100,2,2016-06-17,False,15.2114,-77.5381,0.6394,12.2847,-77.5381,21.4015,-37.8107,26,1.9107,1.0,0,0,0,0
2016+,B+H,100,3,2016-06-24,False,15.7773,-75.3004,0.6639,13.3698,-75.3004,20.922,-41.1367,26,1.9081,1.0,0,0,1,0
2016+,B+H,100,4,2016-07-01,True,18.3406,-70.2246,0.7285,16.6505,-70.2246,24.1907,-43.2758,26,1.7865,0.9615,0,0,1,0
2016+,B+H,100,5,2016-07-11,False,17.6721,-54.5561,0.6999,20.5379,-54.5561,14.32,-43.1323,26,1.875,1.0,0,0,4,0
2016+,B+H,100,6,2016-07-18,False,12.8014,-66.0922,0.5879,8.0734,-66.0922,22.1436,-39.4134,26,1.8682,0.9615,0,0,4,0
2016+,B+H,100,7,2016-07-25,False,14.7501,-45.9904,0.6499,9.1836,-45.9904,25.8938,-34.8171,26,1.8945,0.9615,0,0,6,0
2016+,B+H,100,8,2016-08-01,True,20.7202,-38.6383,0.9112,20.2408,-38.6383,22.4757,-37.0233,26,1.8799,0.8846,0,0,37,0
2016+,B+H,100,9,2016-08-08,False,19.2547,-35.5744,0.8278,16.5448,-35.5744,25.4758,-32.2204,26,1.9796,0.9231,0,0,6,0
2016+,B+H,100,10,2016-08-16,False,21.7406,-56.6055,0.9062,15.6807,-56.6055,34.5005,-38.8337,25,1.9259,0.96,0,0,5,0
2016+,B+H,100,11,2016-08-23,True,26.2587,-36.899,1.0398,22.495,-33.4114,34.373,-36.899,25,1.9394,0.96,0,0,5,0
2016+,B+H,100,12,2016-08-30,False,21.2356,-45.9502,0.8407,18.6357,-41.7868,27.3937,-45.9502,25,1.9,0.96,0,0,4,0
2016+,B+H,100,13,2016-09-07,False,24.9535,-48.7299,1.0239,22.9875,-42.7556,29.8758,-48.7299,25,1.8125,0.92,0,0,4,0
2016+,B+H,100,14,2016-09-15,False,21.9682,-56.4042,0.862,13.9185,-56.4042,38.7415,-36.8843,25,2.0,1.0,0,0,6,0
2016+,B+H,100,15,2016-09-22,True,30.3366,-45.7284,1.1356,25.6137,-45.7284,40.6721,-34.8853,25,1.8981,1.0,0,0,5,0
2016+,B+H,100,16,2016-09-29,False,26.1969,-51.3105,1.0522,22.9301,-51.3105,33.3497,-41.1106,25,1.8182,0.96,0,0,4,0
2016+,B+H,100,17,2016-10-06,False,28.3724,-45.9665,1.0897,26.4277,-45.9665,33.1856,-38.8518,25,1.8974,0.96,0,0,3,0
2016+,B+H,100,18,2016-10-17,False,21.077,-70.0165,0.8148,12.9288,-70.0165,37.4775,-34.9732,25,1.9194,1.0,0,0,1,0
2016+,B+H,100,19,2016-10-24,True,23.9902,-63.9876,0.9463,15.4103,-63.9876,40.7352,-34.7307,25,1.8571,1.0,0,0,2,0
2016+,B+H,180,0,2016-06-03,True,22.8789,-58.7772,0.8398,18.446,-58.7772,34.1425,-31.736,15,2.0,1.0,0,0,3,0
2016+,B+H,180,1,2016-06-10,False,21.2897,-52.5941,0.8482,21.084,-52.5941,24.0805,-33.5757,15,2.0,1.0,0,0,2,0
2016+,B+H,180,2,2016-06-17,False,17.038,-57.529,0.7578,18.5641,-57.529,16.0865,-38.851,15,1.8,0.9333,0,0,2,0
2016+,B+H,180,3,2016-06-24,False,16.2135,-63.1682,0.6758,13.3534,-63.1682,23.1585,-41.3175,15,2.0,1.0,0,0,3,0
2016+,B+H,180,4,2016-07-01,False,20.7023,-55.9018,0.8585,18.8324,-55.9018,25.8889,-36.9839,15,1.8571,0.9333,0,0,3,0
2016+,B+H,180,5,2016-07-11,False,20.7936,-54.1461,0.8721,20.863,-54.1461,22.5938,-39.1272,15,1.9512,0.9333,0,0,2,0
2016+,B+H,180,6,2016-07-18,False,16.3441,-70.6527,0.7207,11.666,-70.6527,27.2309,-29.6502,14,2.0,1.0,0,0,3,0
2016+,B+H,180,7,2016-07-25,True,19.2928,-47.9956,0.8353,15.4277,-47.9956,27.7252,-35.4637,14,2.0,0.9286,0,0,2,0
2016+,B+H,180,8,2016-08-01,False,15.1068,-74.1619,0.6647,12.0447,-74.1619,21.7979,-36.5788,14,2.0,1.0,0,0,2,0
2016+,B+H,180,9,2016-08-08,False,26.4023,-39.6675,1.0247,29.6459,-31.3939,22.4049,-39.6675,14,2.0,0.9286,0,0,3,0
2016+,B+H,180,10,2016-08-16,False,14.9962,-70.0755,0.6213,6.8683,-70.0755,31.6393,-29.3097,14,2.0,1.0,0,0,3,0
2016+,B+H,180,11,2016-08-23,False,15.704,-64.176,0.671,7.3737,-64.176,32.4783,-29.6227,14,2.0,1.0,0,0,5,0
2016+,B+H,180,12,2016-08-30,False,11.4732,-78.2154,0.5311,-0.0905,-78.2154,35.0636,-31.5257,14,2.0,1.0,0,0,5,0
2016+,B+H,180,13,2016-09-07,False,9.5705,-77.4751,0.4676,-0.7801,-77.4751,30.0421,-31.3556,14,1.9272,1.0,0,0,6,0
2016+,B+H,180,14,2016-09-15,True,-0.4102,-91.2806,0.1456,-14.9096,-91.2806,30.8214,-31.5807,14,1.9615,1.0,0,0,5,0
2016+,B+H,180,15,2016-09-22,False,8.9429,-84.2634,0.4422,-3.9798,-84.2634,35.1997,-33.3289,14,1.913,1.0,0,0,4,0
2016+,B+H,180,16,2016-09-29,False,4.5148,-92.1521,0.3055,-12.9233,-92.1521,42.54,-33.3355,14,2.0,0.9286,0,0,15,0
2016+,B+H,180,17,2016-10-06,False,26.3998,-64.176,0.8852,22.7418,-64.176,33.2347,-32.9866,14,1.8875,1.0,0,0,4,0
2016+,B+H,180,18,2016-10-17,False,11.0064,-91.1781,0.4793,-2.1261,-91.1781,37.5551,-31.318,14,1.9306,1.0,0,0,2,0
2016+,B+H,180,19,2016-10-24,False,28.7705,-57.5372,1.0928,24.4223,-57.5372,37.2314,-30.1636,14,1.8339,0.9286,0,0,1,0
2016+,B+H,180,20,2016-11-01,False,28.9136,-33.5714,1.2331,30.8101,-26.4014,26.79,-33.5714,14,1.8036,0.8571,0,0,1,0
2016+,B+H,180,21,2016-11-08,True,26.2464,-35.9163,1.0813,22.4778,-35.9163,34.207,-33.7665,14,1.8258,0.9286,0,0,1,0
2016+,B+H,180,22,2016-11-16,False,24.6238,-38.7981,1.0376,20.4948,-38.7981,33.3635,-36.2955,14,1.8049,0.9286,0,0,2,0
2016+,B+H,180,23,2016-11-23,False,24.4133,-37.0781,0.9626,21.2001,-37.0781,31.2659,-30.4791,14,1.8516,1.0,0,0,3,0
2016+,B+H,180,24,2016-11-30,False,22.6884,-52.113,0.9647,17.1068,-52.113,34.0387,-33.003,14,1.6625,0.9286,0,0,3,0
2016+,B+H,180,25,2016-12-07,False,26.77,-48.1965,1.0955,24.4617,-48.1965,32.1571,-36.721,14,1.7506,0.9286,0,0,4,0
2016+,B+H,180,26,2016-12-14,False,26.271,-43.4243,1.042,20.0,-43.4243,39.0304,-36.8309,14,1.8191,1.0,0,0,3,0
2016+,B+H,180,27,2016-12-21,False,26.2741,-41.4578,1.049,15.2931,-41.4578,48.3308,-33.6036,14,1.838,1.0,0,0,3,0
2016+,B+H,180,28,2016-12-28,True,36.7389,-38.5259,1.3744,30.6538,-37.218,48.7394,-38.5259,14,1.8093,0.9286,0,0,3,0
2016+,B+H,180,29,2017-01-04,False,25.2399,-43.0819,1.0549,15.1561,-43.0819,44.8836,-35.8646,14,1.8876,0.9286,0,0,2,0
2016+,B+H,180,30,2017-01-11,False,27.4346,-54.1999,1.0641,20.9617,-54.1999,40.0704,-30.4647,14,1.8787,1.0,0,0,3,0
2016+,B+H,180,31,2017-01-18,False,29.2189,-46.3684,1.1228,25.4526,-46.3684,36.5395,-31.292,14,1.9415,1.0,0,0,3,0
2016+,B+H,180,32,2017-01-25,False,26.1138,-53.1872,1.0233,19.9823,-53.1872,37.5365,-31.5447,14,1.8342,1.0,0,0,3,0
2016+,B+H,180,33,2017-02-02,False,28.2582,-60.4922,1.093,21.1947,-60.4922,41.3798,-32.6533,14,1.8987,1.0,0,0,2,0
2016+,B+H,180,34,2017-02-09,False,32.1845,-55.5572,1.1539,24.2686,-55.5572,46.6907,-29.8485,14,1.8891,1.0,0,0,3,0
2016+,B+H,180,35,2017-02-16,True,26.9299,-53.2112,1.0095,15.1725,-53.2112,48.8056,-31.7012,14,1.8864,1.0,0,0,3,0
2016+,B+H,250,0,2016-06-03,True,16.4257,-58.7671,0.725,5.259,-58.7671,39.8927,-36.7531,11,1.9155,1.0,0,0,2,0
2016+,B+H,250,1,2016-06-10,False,18.9663,-35.0405,0.8755,7.5833,-31.7196,42.4095,-35.0405,11,1.913,0.9091,0,0,2,0
2016+,B+H,250,2,2016-06-17,False,16.0692,-63.2845,0.7022,4.3057,-63.2845,40.9935,-31.2422,11,2.0,1.0,0,0,4,0
2016+,B+H,250,3,2016-06-24,False,24.8775,-37.9687,1.0748,21.0165,-31.7609,32.4258,-37.9687,11,1.9167,0.9091,0,0,3,0
2016+,B+H,250,4,2016-07-01,False,17.9494,-74.0355,0.7111,9.9348,-74.0355,33.9535,-38.6773,11,2.0,1.0,0,0,3,0
2016+,B+H,250,5,2016-07-11,False,20.0529,-75.4227,0.7719,15.6482,-75.4227,28.5689,-39.4982,11,2.0,1.0,0,0,3,0
2016+,B+H,250,6,2016-07-18,False,18.7707,-76.2691,0.7395,10.9322,-76.2691,34.3554,-35.0333,11,2.0,1.0,0,0,3,0
2016+,B+H,250,7,2016-07-25,False,13.1528,-73.206,0.5757,2.469,-73.206,35.1572,-40.5376,11,2.0,1.0,0,0,3,0
2016+,B+H,250,8,2016-08-01,False,20.0783,-71.7821,0.7786,8.186,-71.7821,44.6703,-31.5257,11,2.0,1.0,0,0,2,0
2016+,B+H,250,9,2016-08-08,False,27.743,-70.571,0.9743,15.2341,-70.571,54.0748,-31.3556,11,1.8947,1.0,0,0,2,0
2016+,B+H,250,10,2016-08-16,True,31.9392,-70.6295,1.0814,26.128,-70.6295,44.2494,-31.5807,10,1.8669,1.0,0,0,1,0
2016+,B+H,250,11,2016-08-23,False,27.6079,-75.308,0.9637,19.9593,-75.308,43.2738,-33.3289,10,1.8563,1.0,0,0,0,0
2016+,B+H,250,12,2016-08-30,False,20.5526,-74.727,0.7825,15.4141,-74.727,31.456,-38.1178,10,2.0,1.0,0,0,0,0
2016+,B+H,250,13,2016-09-07,False,19.2169,-69.4717,0.8171,14.2066,-69.4717,29.7196,-38.8199,10,1.95,1.0,0,0,1,0
2016+,B+H,250,14,2016-09-15,False,17.3167,-59.2042,0.8013,13.1122,-59.2042,26.5256,-35.4761,10,1.7012,0.9,0,0,3,0
2016+,B+H,250,15,2016-09-22,False,23.2552,-57.8761,0.9564,18.9419,-57.8761,32.7644,-29.1448,10,1.8881,1.0,0,0,1,0
2016+,B+H,250,16,2016-09-29,False,20.5431,-60.0041,0.9084,13.436,-60.0041,34.9575,-31.0917,10,1.8874,1.0,0,0,2,0
2016+,B+H,250,17,2016-10-06,False,27.328,-41.5943,1.107,16.0463,-41.5943,50.3031,-33.2701,10,1.9714,1.0,0,0,3,0
2016+,B+H,250,18,2016-10-17,False,15.4775,-61.7322,0.7274,8.0468,-61.7322,30.4532,-33.1988,10,1.8776,0.9,0,0,11,0
2016+,B+H,250,19,2016-10-24,False,21.7592,-40.9826,0.9389,19.3945,-40.9826,26.8141,-32.692,10,1.965,1.0,0,0,1,0
2016+,B+H,250,20,2016-11-01,True,15.4577,-71.7701,0.6886,11.1546,-71.7701,23.8968,-35.0609,10,1.9037,1.0,0,0,1,0
2016+,B+H,250,21,2016-11-08,False,23.3107,-64.1695,0.9284,17.2632,-64.1695,35.0105,-35.153,10,1.9722,1.0,0,0,1,0
2016+,B+H,250,22,2016-11-16,False,32.6573,-82.707,1.0603,31.6762,-82.707,35.2193,-37.3902,10,1.9615,1.0,0,0,1,0
2016+,B+H,250,23,2016-11-23,False,18.1901,-67.6604,0.7362,6.6699,-67.6604,40.6502,-32.7848,10,2.0,1.0,0,0,1,0
2016+,B+H,250,24,2016-11-30,False,12.2783,-83.7894,0.5123,3.1809,-83.7894,31.8545,-35.0301,10,2.0,1.0,0,0,2,0
2016+,B+H,250,25,2016-12-07,False,37.7007,-47.37,1.2174,41.1723,-47.37,34.4008,-35.2307,10,2.0,1.0,0,0,2,0
2016+,B+H,250,26,2016-12-14,False,7.7347,-84.8159,0.3928,1.3419,-84.8159,20.2517,-39.9665,10,2.0,1.0,0,0,2,0
2016+,B+H,250,27,2016-12-21,False,22.9881,-49.4642,0.9398,24.6934,-49.4642,21.7836,-37.1316,10,1.8452,0.9,0,0,1,0
2016+,B+H,250,28,2016-12-28,False,26.0441,-51.5831,1.0506,27.7689,-51.5831,24.7376,-33.8541,10,1.9444,0.9,0,0,1,0
2016+,B+H,250,29,2017-01-04,True,17.0796,-59.1793,0.7519,14.1372,-59.1793,23.1112,-33.7262,10,2.0,0.9,0,0,0,0
2016+,B+H,250,30,2017-01-11,False,19.5931,-63.6644,0.8354,12.955,-63.6644,32.5422,-29.097,10,1.95,0.9,0,0,1,0
2016+,B+H,250,31,2017-01-18,False,24.3729,-44.8356,0.9514,19.8289,-44.8356,33.6613,-28.9489,10,2.0,1.0,0,0,1,0
2016+,B+H,250,32,2017-01-25,False,17.5319,-58.1688,0.7273,14.983,-58.1688,23.2234,-40.2267,10,1.886,0.9,0,0,4,0
2016+,B+H,250,33,2017-02-02,False,16.084,-60.7728,0.7371,15.7906,-60.7728,18.3,-29.3418,10,1.9077,0.9,0,0,4,0
2016+,B+H,250,34,2017-02-09,False,22.9846,-46.5905,0.9464,16.1162,-46.5905,36.7906,-27.4419,10,2.0,1.0,0,0,6,0
2016+,B+H,250,35,2017-02-16,False,21.4018,-41.7518,0.9196,20.6765,-41.7518,24.4513,-33.4306,10,2.0,1.0,0,0,4,0
2016+,B+H,250,36,2017-02-23,False,25.4452,-40.7412,1.121,22.5923,-40.7412,31.9608,-28.1482,10,1.9574,0.9,0,0,4,0
2016+,B+H,250,37,2017-03-03,False,21.8209,-34.0961,0.9692,18.0279,-34.0961,29.9523,-30.532,10,1.96,0.9,0,0,4,0
2016+,B+H,250,38,2017-03-10,False,16.0133,-71.8376,0.6865,9.5482,-71.8376,28.7415,-29.5267,10,2.0,1.0,0,0,4,0
2016+,B+H,250,39,2017-03-20,True,17.4133,-67.2215,0.7328,10.8849,-67.2215,30.2276,-27.9288,10,2.0,1.0,0,0,6,0
2016+,B+H,250,40,2017-03-27,False,17.3514,-67.8632,0.7558,13.5415,-67.8632,25.2639,-27.0623,10,2.0,1.0,0,0,4,0
2016+,B+H,250,41,2017-04-03,False,18.5617,-67.0646,0.7576,16.0839,-67.0646,24.2671,-28.6567,10,2.0,1.0,0,0,4,0
2016+,B+H,250,42,2017-04-11,False,21.7392,-65.9789,0.8375,14.8235,-65.9789,35.125,-29.2904,10,1.9302,1.0,0,0,4,0
2016+,B+H,250,43,2017-04-19,False,23.8768,-67.6158,0.9336,17.8613,-67.6158,35.7452,-30.305,10,1.9474,1.0,0,0,4,0
2016+,B+H,250,44,2017-04-26,False,14.8218,-67.5627,0.6293,1.8567,-67.5627,40.3193,-30.3747,10,1.9183,1.0,0,0,3,0
2016+,B+H,250,45,2017-05-04,False,21.4008,-71.7797,0.8068,6.7891,-71.7797,49.0924,-32.1076,10,1.9574,1.0,0,0,5,0
2016+,B+H,250,46,2017-05-11,False,23.0331,-38.9748,1.0423,7.9348,-38.9748,51.3767,-29.3088,10,1.8318,0.9,0,0,4,0
2016+,B+H,250,47,2017-05-18,False,14.1534,-71.6782,0.6026,-1.1201,-71.6782,43.2511,-33.5757,10,2.0,1.0,0,0,4,0
2016+,B+H,250,48,2017-05-25,False,18.7483,-45.3065,0.8279,5.3833,-43.9694,43.4407,-33.3321,10,1.8152,0.9,0,0,3,0
2016+,B+H,250,49,2017-06-01,True,17.6726,-38.6282,0.8383,4.2075,-38.6282,42.252,-35.2391,10,1.7838,0.9,0,0,3,0
2016+,G+B+H,30,0,2016-06-03,True,14.9917,-49.0769,0.7591,11.3695,-49.0769,24.5167,-15.8649,85,1.0,0.6353,0,0,3,0
2016+,G+B+H,30,1,2016-06-10,True,16.0208,-45.2287,0.8217,13.3847,-45.2287,21.1259,-22.9748,85,1.0,0.6235,0,0,6,0
2016+,G+B+H,30,2,2016-06-17,True,12.3897,-47.6846,0.6459,9.5054,-47.6846,17.5691,-36.9526,85,1.0,0.6824,0,0,4,0
2016+,G+B+H,30,3,2016-06-24,True,13.1859,-63.3735,0.6705,2.3505,-63.3735,35.9948,-15.2615,85,1.0,0.6941,0,0,4,0
2016+,G+B+H,30,4,2016-07-01,True,22.1656,-33.8671,1.0644,14.9361,-33.8671,36.7978,-20.3788,85,1.0,0.6471,0,0,26,0
2016+,G+B+H,30,5,2016-07-11,True,19.583,-41.3345,0.9709,9.2143,-41.3345,40.8352,-17.8573,85,1.0,0.6588,0,0,2,0
2016+,G+B+H,60,0,2016-06-03,True,15.8614,-53.898,0.7748,10.5999,-53.898,28.6849,-16.9037,43,1.0,0.6279,0,0,4,0
2016+,G+B+H,60,1,2016-06-10,False,15.011,-40.2187,0.781,16.6173,-40.2187,12.2051,-36.0132,43,1.0,0.5814,0,0,5,0
2016+,G+B+H,60,2,2016-06-17,True,10.5251,-52.5409,0.5543,11.2086,-52.5409,10.9292,-38.6303,43,1.2865,0.6977,0,0,4,0
2016+,G+B+H,60,3,2016-06-24,False,7.9142,-80.722,0.4383,-4.5495,-80.722,33.5918,-19.3202,43,1.3846,0.7209,0,0,4,0
2016+,G+B+H,60,4,2016-07-01,True,23.5469,-38.5623,1.089,19.1624,-38.5623,31.4632,-21.6372,43,1.0,0.6512,0,0,20,0
2016+,G+B+H,60,5,2016-07-11,False,23.7749,-53.7813,1.0597,20.4082,-53.7813,31.3196,-14.3956,43,1.0,0.6744,0,0,1,0
2016+,G+B+H,60,6,2016-07-18,False,17.4333,-52.3427,0.8414,20.4055,-52.3427,13.8042,-27.8741,42,1.0,0.6429,0,0,2,0
2016+,G+B+H,60,7,2016-07-25,True,23.9425,-36.3391,1.1427,24.6434,-36.3391,23.7617,-19.6485,42,1.0,0.6667,0,0,2,0
2016+,G+B+H,60,8,2016-08-01,False,22.7522,-36.0757,1.1192,21.4307,-36.0757,24.9748,-25.5084,42,1.0,0.6667,0,0,2,0
2016+,G+B+H,60,9,2016-08-08,True,22.7648,-35.9515,1.0914,18.5736,-35.9515,31.3353,-24.3164,42,1.0,0.6667,0,0,2,0
2016+,G+B+H,60,10,2016-08-16,False,17.4247,-40.4251,0.8709,10.9393,-40.4251,30.3025,-21.4676,42,1.0,0.6429,0,0,2,0
2016+,G+B+H,60,11,2016-08-23,True,15.3813,-45.9597,0.773,4.4914,-45.9597,37.4684,-17.8919,42,1.0,0.6429,0,0,3,0
2016+,G+B+H,90,0,2016-06-03,True,17.423,-74.2893,0.7249,15.7025,-74.2893,23.3484,-29.9157,29,1.8,0.8276,0,0,2,0
2016+,G+B+H,90,1,2016-06-10,False,29.5841,-47.419,1.3007,26.0046,-47.419,36.8742,-17.7763,29,1.0,0.7241,0,0,2,0
2016+,G+B+H,90,2,2016-06-17,False,23.3836,-53.917,1.0525,22.912,-53.917,25.1536,-22.2669,29,1.5217,0.7586,0,0,2,0
2016+,G+B+H,90,3,2016-06-24,True,22.8706,-53.3425,0.9808,22.2601,-53.3425,25.3744,-22.6671,29,1.5344,0.7586,0,0,3,0
2016+,G+B+H,90,4,2016-07-01,False,15.0441,-30.8517,0.8314,12.5276,-30.8517,21.1021,-19.3301,29,1.0,0.5862,0,0,0,0
2016+,G+B+H,90,5,2016-07-11,False,13.8772,-39.2068,0.7824,7.5022,-39.2068,27.2217,-18.5736,29,1.0,0.5862,0,0,0,0
2016+,G+B+H,90,6,2016-07-18,False,13.4187,-33.855,0.8205,14.4768,-33.855,13.0854,-16.8168,28,1.0,0.4643,0,0,1,0
2016+,G+B+H,90,7,2016-07-25,True,16.8981,-37.0596,0.9315,21.5338,-35.9702,9.2917,-36.2567,28,1.0,0.5,0,0,1,0
2016+,G+B+H,90,8,2016-08-01,False,17.4982,-44.333,0.8726,19.6191,-44.333,15.5852,-43.9996,28,1.0,0.6071,0,0,1,0
2016+,G+B+H,90,9,2016-08-08,False,17.3771,-38.9087,0.8812,14.6956,-38.9087,22.0461,-17.8628,28,1.0,0.5714,0,0,1,0
2016+,G+B+H,90,10,2016-08-16,True,21.5761,-37.0367,1.0264,18.9027,-37.0367,26.1936,-16.7139,28,1.0,0.6071,0,0,1,0
2016+,G+B+H,90,11,2016-08-23,False,18.4043,-35.9676,0.9032,12.8066,-35.9676,30.0511,-20.5027,28,1.0,0.6429,0,0,3,0
2016+,G+B+H,90,12,2016-08-30,False,16.6008,-46.8588,0.8348,16.4826,-46.8588,18.1765,-24.0731,28,1.0,0.6071,0,0,5,0
2016+,G+B+H,90,13,2016-09-07,False,15.4413,-44.7026,0.7801,15.2725,-44.7026,16.7069,-32.3876,28,1.0,0.6429,0,0,7,0
2016+,G+B+H,90,14,2016-09-15,True,14.3383,-48.0025,0.7315,13.4886,-48.0025,15.735,-38.5398,28,1.0,0.6786,0,0,6,0
2016+,G+B+H,90,15,2016-09-22,False,15.1084,-68.7487,0.7243,4.0287,-68.7487,37.5177,-28.8669,28,1.2178,0.75,0,0,5,0
2016+,G+B+H,90,16,2016-09-29,False,16.2877,-66.7695,0.7513,10.9238,-66.7695,26.7622,-39.7342,28,1.563,0.75,0,0,26,0
2016+,G+B+H,90,17,2016-10-06,True,24.5081,-58.345,0.9948,18.7711,-58.345,35.5839,-13.9053,28,1.5165,0.75,0,0,4,0
2016+,G+B+H,100,0,2016-06-03,True,25.5898,-61.5094,1.1011,23.1317,-61.5094,29.9399,-19.2686,26,1.0,0.6923,0,0,0,0
2016+,G+B+H,100,1,2016-06-10,False,23.8141,-56.3313,1.0648,20.9581,-56.3313,30.0312,-34.836,26,1.0,0.6923,0,0,0,0
2016+,G+B+H,100,2,2016-06-17,False,20.1633,-52.7705,0.8527,19.9141,-52.7705,21.481,-37.8107,26,1.7133,0.8077,0,0,0,0
2016+,G+B+H,100,3,2016-06-24,False,15.0921,-75.0014,0.6971,12.18,-75.0014,21.1781,-27.8709,26,1.5944,0.7692,0,0,1,0
2016+,G+B+H,100,4,2016-07-01,True,14.6982,-60.4045,0.7161,18.9432,-60.4045,10.2324,-30.4452,26,1.0,0.6538,0,0,1,0
2016+,G+B+H,100,5,2016-07-11,False,12.1076,-44.1593,0.6308,17.2237,-44.1593,4.2247,-38.0567,26,1.0,0.6154,0,0,3,0
2016+,G+B+H,100,6,2016-07-18,False,1.2781,-59.6684,0.1672,3.045,-59.6684,-1.0959,-36.2577,26,1.0,0.6154,0,0,3,0
2016+,G+B+H,100,7,2016-07-25,False,8.6764,-53.2826,0.5035,2.7848,-53.2826,20.4875,-15.1622,26,1.0,0.6154,0,0,4,0
2016+,G+B+H,100,8,2016-08-01,True,10.6434,-44.445,0.6148,3.2538,-44.445,25.5382,-23.5855,26,1.0,0.5769,0,0,35,0
2016+,G+B+H,100,9,2016-08-08,False,14.2655,-43.0818,0.7125,7.7741,-43.0818,27.7585,-20.9936,26,1.0,0.6923,0,0,6,0
2016+,G+B+H,100,10,2016-08-16,False,13.2784,-53.0415,0.6844,9.4092,-53.0415,21.7512,-29.2813,25,1.0,0.68,0,0,5,0
2016+,G+B+H,100,11,2016-08-23,True,10.2209,-42.9939,0.5553,6.869,-42.9939,17.4746,-35.3212,25,1.0,0.68,0,0,5,0
2016+,G+B+H,100,12,2016-08-30,False,14.0573,-39.4981,0.7088,13.4486,-37.0367,16.6059,-39.4981,25,1.0,0.72,0,0,4,0
2016+,G+B+H,100,13,2016-09-07,False,15.3274,-42.7556,0.8445,11.6649,-42.7556,21.7262,-17.1042,25,1.0,0.56,0,0,4,0
2016+,G+B+H,100,14,2016-09-15,False,22.0291,-39.9149,1.0543,22.581,-39.9149,22.8302,-33.1418,25,1.0,0.64,0,0,4,0
2016+,G+B+H,100,15,2016-09-22,True,33.0961,-37.3399,1.5164,33.7116,-37.3399,31.9609,-13.4141,25,1.0,0.56,0,0,3,0
2016+,G+B+H,100,16,2016-09-29,False,25.335,-48.4057,1.2103,23.2658,-48.4057,28.7835,-14.6264,25,1.0,0.6,0,0,3,0
2016+,G+B+H,100,17,2016-10-06,False,29.3674,-44.3093,1.3271,27.4465,-44.3093,34.1467,-13.9053,25,1.0,0.64,0,0,2,0
2016+,G+B+H,100,18,2016-10-17,False,15.4374,-59.2129,0.7528,14.1009,-59.2129,19.0757,-19.0653,25,1.0,0.56,0,0,1,0
2016+,G+B+H,100,19,2016-10-24,True,18.3942,-64.0925,0.8534,5.5081,-64.0925,44.4196,-19.667,25,1.3555,0.76,0,0,2,0
2016+,G+B+H,180,0,2016-06-03,True,17.8294,-58.7772,0.7618,18.446,-58.7772,19.5057,-27.7355,15,1.9,0.8667,0,0,3,0
2016+,G+B+H,180,1,2016-06-10,False,16.0739,-54.7386,0.7889,19.6325,-54.7386,11.3297,-33.5757,15,1.0,0.7333,0,0,2,0
2016+,G+B+H,180,2,2016-06-17,False,16.4452,-57.529,0.7681,18.5641,-57.529,14.4806,-33.3321,15,1.6444,0.8,0,0,2,0
2016+,G+B+H,180,3,2016-06-24,False,10.7671,-63.1682,0.5221,13.3534,-63.1682,7.9907,-35.2391,15,1.8,0.8,0,0,3,0
2016+,G+B+H,180,4,2016-07-01,False,11.5844,-36.7531,0.6268,15.8468,-33.7719,6.1555,-36.7531,15,1.0,0.6,0,0,3,0
2016+,G+B+H,180,5,2016-07-11,False,10.0459,-39.9967,0.5698,12.1425,-39.9967,6.4839,-34.4898,15,1.0,0.6,0,0,2,0
2016+,G+B+H,180,6,2016-07-18,False,8.4256,-30.4856,0.62,16.6407,-26.0801,-4.4209,-29.6502,14,1.0,0.3571,0,0,2,0
2016+,G+B+H,180,7,2016-07-25,True,3.903,-52.9273,0.3054,10.0173,-39.4996,-5.831,-35.331,14,1.0,0.5,0,0,2,0
2016+,G+B+H,180,8,2016-08-01,False,11.2431,-43.6761,0.6519,13.8289,-43.6761,6.9154,-35.2838,14,1.0,0.5714,0,0,2,0
2016+,G+B+H,180,9,2016-08-08,False,15.1909,-34.7576,0.7926,21.4447,-31.3939,5.2009,-34.7576,14,1.0,0.5714,0,0,2,0
2016+,G+B+H,180,10,2016-08-16,False,12.4023,-29.3097,0.6882,14.2723,-25.8338,9.2519,-29.3097,14,1.0,0.5714,0,0,2,0
2016+,G+B+H,180,11,2016-08-23,False,11.3507,-29.6227,0.6511,9.5616,-26.1326,14.4182,-29.6227,14,1.0,0.5714,0,0,3,0
2016+,G+B+H,180,12,2016-08-30,False,10.5454,-31.5257,0.6649,9.7987,-26.7848,11.7876,-31.5257,14,1.0,0.4286,0,0,3,0
2016+,G+B+H,180,13,2016-09-07,False,9.823,-31.3556,0.5955,9.615,-25.3781,10.1444,-31.3556,14,1.0,0.5,0,0,5,0
2016+,G+B+H,180,14,2016-09-15,True,14.5842,-31.5807,0.7702,16.6595,-25.8557,12.0694,-31.5807,14,1.0,0.6429,0,0,4,0
2016+,G+B+H,180,15,2016-09-22,False,12.1304,-62.7461,0.6067,2.9703,-62.7461,29.898,-33.3289,14,1.7648,0.7857,0,0,3,0
2016+,G+B+H,180,16,2016-09-29,False,1.8277,-80.8751,0.2052,-8.8174,-80.8751,23.1253,-33.3355,14,1.0,0.7143,0,0,15,0
2016+,G+B+H,180,17,2016-10-06,False,27.7225,-39.0673,1.0967,29.0992,-39.0673,25.9326,-23.9584,14,1.0,0.7143,0,0,4,0
2016+,G+B+H,180,18,2016-10-17,False,4.2119,-90.7919,0.2972,-4.5951,-90.7919,21.3561,-31.318,14,1.8014,0.7857,0,0,2,0
2016+,G+B+H,180,19,2016-10-24,False,27.7143,-52.9671,1.1595,22.2401,-52.9671,38.2523,-30.1636,14,1.0,0.7143,0,0,1,0
2016+,G+B+H,180,20,2016-11-01,False,28.9226,-29.8216,1.3577,29.6638,-26.4014,28.664,-29.8216,14,1.0,0.7143,0,0,1,0
2016+,G+B+H,180,21,2016-11-08,True,25.5688,-35.9163,1.1802,20.4218,-35.9163,36.0422,-26.9837,14,1.0,0.7143,0,0,1,0
2016+,G+B+H,180,22,2016-11-16,False,19.0097,-38.7981,1.0149,10.0258,-38.7981,37.052,-14.0364,14,1.0,0.5714,0,0,1,0
2016+,G+B+H,180,23,2016-11-23,False,14.1127,-39.4047,0.8079,3.9009,-39.4047,34.4515,-12.7609,14,1.0,0.5714,0,0,2,0
2016+,G+B+H,180,24,2016-11-30,False,18.4168,-52.113,0.9678,10.1056,-52.113,35.0138,-9.4326,14,1.0,0.5714,0,0,0,0
2016+,G+B+H,180,25,2016-12-07,False,18.4396,-39.778,0.9867,19.4791,-37.4065,16.7173,-39.778,14,1.0,0.5,0,0,0,0
2016+,G+B+H,180,26,2016-12-14,False,20.7018,-43.5899,0.9967,18.4349,-43.5899,26.228,-41.5788,14,1.0,0.6429,0,0,1,0
2016+,G+B+H,180,27,2016-12-21,False,21.2979,-37.3533,1.0716,15.7155,-37.3533,30.7791,-18.706,14,1.0,0.5714,0,0,1,0
2016+,G+B+H,180,28,2016-12-28,True,30.1721,-37.0367,1.3084,28.4594,-37.0367,32.8649,-23.0704,14,1.0,0.6429,0,0,2,0
2016+,G+B+H,180,29,2017-01-04,False,23.744,-37.7148,1.136,16.903,-37.7148,37.0927,-14.1095,14,1.2812,0.7143,0,0,2,0
2016+,G+B+H,180,30,2017-01-11,False,26.4469,-51.9736,1.1183,19.6665,-51.9736,39.6507,-30.3978,14,1.3333,0.7857,0,0,3,0
2016+,G+B+H,180,31,2017-01-18,False,29.5695,-42.3373,1.2517,26.5781,-42.3373,35.5621,-32.2722,14,1.34,0.7857,0,0,3,0
2016+,G+B+H,180,32,2017-01-25,False,24.8952,-41.1988,1.1357,28.0662,-37.6137,19.955,-41.1988,14,1.0,0.7143,0,0,3,0
2016+,G+B+H,180,33,2017-02-02,False,23.9879,-50.9368,1.0776,16.2139,-50.9368,38.4451,-36.0185,14,1.0,0.7143,0,0,2,0
2016+,G+B+H,180,34,2017-02-09,False,30.9516,-46.2792,1.2301,29.8621,-46.2792,33.6197,-40.9813,14,1.2808,0.7857,0,0,3,0
2016+,G+B+H,180,35,2017-02-16,True,20.6162,-53.2112,0.8979,17.5824,-53.2112,26.3834,-29.9519,14,1.4481,0.7857,0,0,3,0
2016+,G+B+H,250,0,2016-06-03,True,19.8975,-36.7531,0.9326,14.2872,-31.3711,30.3571,-36.7531,11,1.0,0.7273,0,0,2,0
2016+,G+B+H,250,1,2016-06-10,False,17.4693,-35.0405,0.885,10.3102,-30.6605,31.0824,-35.0405,11,1.0,0.7273,0,0,2,0
2016+,G+B+H,250,2,2016-06-17,False,20.6499,-31.2422,0.982,10.8452,-30.1068,40.9935,-31.2422,11,1.8947,0.8182,0,0,4,0
2016+,G+B+H,250,3,2016-06-24,False,26.6717,-37.9687,1.1582,23.7621,-31.7609,32.4258,-37.9687,11,1.8182,0.8182,0,0,3,0
2016+,G+B+H,250,4,2016-07-01,False,25.6275,-36.1052,1.2103,22.7529,-34.5472,31.4205,-36.1052,11,1.0,0.7273,0,0,2,0
2016+,G+B+H,250,5,2016-07-11,False,31.4717,-34.8508,1.3424,34.7129,-33.4884,26.5131,-34.8508,11,1.0,0.7273,0,0,2,0
2016+,G+B+H,250,6,2016-07-18,False,30.4384,-32.5574,1.3555,28.8655,-32.5574,33.9086,-29.8092,11,1.0,0.7273,0,0,2,0
2016+,G+B+H,250,7,2016-07-25,False,18.9867,-40.4644,0.8919,10.3559,-40.4644,36.3924,-29.6227,11,1.3357,0.8182,0,0,2,0
2016+,G+B+H,250,8,2016-08-01,False,20.1064,-41.4431,1.0089,16.1299,-41.4431,28.2132,-31.5257,11,1.0,0.6364,0,0,2,0
2016+,G+B+H,250,9,2016-08-08,False,23.9453,-39.6984,1.0763,9.8023,-39.6984,54.203,-31.3556,11,1.0,0.7273,0,0,2,0
2016+,G+B+H,250,10,2016-08-16,True,37.6378,-36.7475,1.4484,34.8751,-36.7475,44.2494,-31.5807,10,1.7611,0.9,0,0,1,0
2016+,G+B+H,250,11,2016-08-23,False,27.5589,-47.492,1.175,28.7623,-47.492,26.9176,-33.3289,10,1.6956,0.8,0,0,0,0
2016+,G+B+H,250,12,2016-08-30,False,20.5526,-74.727,0.7825,15.4141,-74.727,31.456,-38.1178,10,2.0,1.0,0,0,0,0
2016+,G+B+H,250,13,2016-09-07,False,5.6033,-69.4717,0.3578,0.4462,-69.4717,14.8875,-28.1381,10,1.0,0.7,0,0,1,0
2016+,G+B+H,250,14,2016-09-15,False,24.2786,-35.4761,1.1099,23.9944,-28.0847,26.5256,-35.4761,10,1.7012,0.8,0,0,3,0
2016+,G+B+H,250,15,2016-09-22,False,20.1344,-45.8312,0.9563,24.0771,-45.8312,13.7472,-28.1897,10,1.0,0.7,0,0,1,0
2016+,G+B+H,250,16,2016-09-29,False,9.799,-51.5801,0.5975,16.6505,-51.5801,-0.7852,-26.7436,10,1.0,0.6,0,0,2,0
2016+,G+B+H,250,17,2016-10-06,False,16.0625,-42.7751,0.914,15.6666,-42.7751,18.0971,-9.1542,10,1.0,0.6,0,0,3,0
2016+,G+B+H,250,18,2016-10-17,False,20.6005,-44.0799,1.0876,14.8621,-44.0799,32.2732,-13.9442,10,1.0,0.6,0,0,11,0
2016+,G+B+H,250,19,2016-10-24,False,21.0808,-45.7399,1.0124,17.7823,-45.7399,27.7886,-14.198,10,1.3182,0.7,0,0,1,0
2016+,G+B+H,250,20,2016-11-01,True,18.1642,-49.6793,0.9856,20.8752,-49.6793,13.7783,-14.7284,10,1.0,0.5,0,0,1,0
2016+,G+B+H,250,21,2016-11-08,False,16.6451,-39.436,0.8726,11.9949,-39.436,25.7364,-35.153,10,1.0,0.6,0,0,1,0
2016+,G+B+H,250,22,2016-11-16,False,34.723,-37.3902,1.431,41.4275,-37.0367,25.3067,-37.3902,10,1.0,0.6,0,0,1,0
2016+,G+B+H,250,23,2016-11-23,False,12.5279,-67.6604,0.6344,1.6141,-67.6604,33.8142,-16.2707,10,1.0,0.6,0,0,1,0
2016+,G+B+H,250,24,2016-11-30,False,8.6225,-83.7894,0.4246,-1.4632,-83.7894,30.2865,-19.5103,10,1.0,0.6,0,0,1,0
2016+,G+B+H,250,25,2016-12-07,False,28.1353,-47.37,1.1034,35.61,-47.37,16.8085,-13.4141,10,1.0,0.5,0,0,1,0
2016+,G+B+H,250,26,2016-12-14,False,5.7152,-84.8159,0.3368,-3.6503,-84.8159,24.1791,-18.2299,10,1.7321,0.7,0,0,1,0
2016+,G+B+H,250,27,2016-12-21,False,16.1881,-49.4642,0.8112,19.8629,-49.4642,11.8975,-15.0603,10,1.0,0.5,0,0,0,0
2016+,G+B+H,250,28,2016-12-28,False,13.4102,-51.5831,0.716,19.71,-51.5831,5.212,-22.967,10,1.0,0.5,0,0,0,0
2016+,G+B+H,250,29,2017-01-04,True,11.4636,-59.1793,0.5857,14.1372,-59.1793,8.3612,-29.5211,10,1.0,0.7,0,0,0,0
2016+,G+B+H,250,30,2017-01-11,False,7.3419,-63.6644,0.4333,12.955,-63.6644,0.17,-20.8501,10,1.0,0.6,0,0,1,0
2016+,G+B+H,250,31,2017-01-18,False,4.6262,-63.9967,0.3215,9.2801,-63.9967,-1.0476,-27.1119,10,1.0,0.6,0,0,1,0
2016+,G+B+H,250,32,2017-01-25,False,6.1354,-58.1688,0.411,11.7141,-58.1688,-2.1526,-26.4096,10,1.0,0.5,0,0,4,0
2016+,G+B+H,250,33,2017-02-02,False,8.7442,-52.8506,0.5527,15.7205,-52.8506,-1.4425,-29.3418,10,1.0,0.4,0,0,2,0
2016+,G+B+H,250,34,2017-02-09,False,4.2123,-23.3735,0.4339,6.9741,-23.3735,0.0,0.0,10,0.0,0.2,0,0,2,0
2016+,G+B+H,250,35,2017-02-16,False,5.2022,-22.5532,0.5285,8.6509,-22.5532,0.0,0.0,10,0.0,0.2,0,0,1,0
2016+,G+B+H,250,36,2017-02-23,False,6.1543,-21.2545,0.6276,10.278,-21.2545,0.0,0.0,10,0.0,0.2,0,0,1,0
2016+,G+B+H,250,37,2017-03-03,False,10.0539,-24.644,0.7622,9.8736,-23.0149,10.3042,-24.644,10,1.0,0.4,0,0,1,0
2016+,G+B+H,250,38,2017-03-10,False,-6.3961,-74.5786,-0.1959,-11.6817,-73.4065,4.0652,-29.5267,10,1.0,0.5,0,0,3,0
2016+,G+B+H,250,39,2017-03-20,True,10.9053,-61.9983,0.5614,0.9526,-61.9983,30.2276,-27.9288,10,1.4184,0.8,0,0,6,0
2016+,G+B+H,250,40,2017-03-27,False,5.3264,-67.7458,0.3476,-4.986,-67.7458,25.2639,-27.0623,10,1.0,0.7,0,0,3,0
2016+,G+B+H,250,41,2017-04-03,False,6.3993,-63.9945,0.381,-2.9012,-63.9945,24.2671,-28.6567,10,1.0,0.7,0,0,3,0
2016+,G+B+H,250,42,2017-04-11,False,13.2225,-65.9789,0.5947,1.8548,-65.9789,35.125,-29.2904,10,1.912,0.9,0,0,4,0
2016+,G+B+H,250,43,2017-04-19,False,12.5743,-67.6158,0.6116,1.3501,-67.6158,32.0472,-30.305,10,1.1939,0.8,0,0,3,0
2016+,G+B+H,250,44,2017-04-26,False,15.1001,-67.5627,0.6554,2.142,-67.5627,37.91,-30.3747,10,1.8511,0.9,0,0,3,0
2016+,G+B+H,250,45,2017-05-04,False,28.5589,-37.2942,1.2544,18.667,-37.2942,44.9892,-32.1076,10,1.2509,0.8,0,0,4,0
2016+,G+B+H,250,46,2017-05-11,False,21.3575,-38.9748,1.024,8.2005,-38.9748,44.1739,-29.3088,10,1.3095,0.8,0,0,3,0
2016+,G+B+H,250,47,2017-05-18,False,14.4275,-68.2433,0.6329,1.5998,-68.2433,36.7327,-33.5757,10,1.325,0.8,0,0,3,0
2016+,G+B+H,250,48,2017-05-25,False,18.9005,-33.3321,0.9304,10.4707,-25.3178,32.6599,-33.3321,10,1.0,0.6,0,0,2,0
2016+,G+B+H,250,49,2017-06-01,True,20.533,-35.2391,1.0199,12.4867,-30.5783,33.5371,-35.2391,10,1.0,0.7,0,0,2,0
2016+,EW market,30,0,2016-06-03,True,15.4565,-54.4731,0.8565,13.5788,-54.4731,19.7847,-26.2432,85,0.3592,1.0,0,0,46,0
2016+,EW market,30,1,2016-06-10,True,15.2248,-54.0516,0.8466,13.4106,-54.0516,19.3402,-26.3688,85,0.3456,1.0,0,0,48,0
2016+,EW market,30,2,2016-06-17,True,14.8771,-54.3747,0.8301,12.9857,-54.3747,19.1414,-26.3564,85,0.3465,1.0,0,0,47,0
2016+,EW market,30,3,2016-06-24,True,15.4002,-54.2523,0.8545,13.6562,-54.2523,19.4149,-26.256,85,0.3595,1.0,0,0,46,0
2016+,EW market,30,4,2016-07-01,True,15.9535,-54.6059,0.8845,14.2419,-54.6059,19.9093,-26.1512,85,0.3574,0.9882,0,0,706,0
2016+,EW market,30,5,2016-07-11,True,14.4866,-55.3511,0.8098,12.2173,-55.3511,19.4547,-26.5014,85,0.3564,1.0,0,0,45,0
2016+,EW market,60,0,2016-06-03,True,15.456,-54.7669,0.8588,13.5423,-54.7669,19.851,-26.3747,43,0.4383,1.0,0,0,44,0
2016+,EW market,60,1,2016-06-10,False,15.0799,-54.363,0.842,13.1233,-54.363,19.4912,-26.6418,43,0.4229,1.0,0,0,45,0
2016+,EW market,60,2,2016-06-17,True,15.0818,-53.125,0.8415,13.2209,-53.125,19.2513,-26.7582,43,0.4284,1.0,0,0,47,0
2016+,EW market,60,3,2016-06-24,False,15.1559,-52.9919,0.8455,13.4602,-52.9919,19.0046,-26.9539,43,0.4413,1.0,0,0,44,0
2016+,EW market,60,4,2016-07-01,True,15.0116,-53.21,0.8475,13.0097,-53.21,19.4079,-26.8723,43,0.4561,0.9767,0,0,818,0
2016+,EW market,60,5,2016-07-11,False,14.5929,-54.2421,0.8176,12.2861,-54.2421,19.5417,-26.4772,43,0.4494,1.0,0,0,39,0
2016+,EW market,60,6,2016-07-18,False,14.7749,-54.2725,0.8267,12.3007,-54.2725,20.0311,-26.0727,42,0.4307,1.0,0,0,44,0
2016+,EW market,60,7,2016-07-25,True,14.3523,-54.5647,0.8062,11.9651,-54.5647,19.4219,-26.5424,42,0.4362,1.0,0,0,43,0
2016+,EW market,60,8,2016-08-01,False,14.196,-54.7486,0.7982,11.6123,-54.7486,19.6535,-26.1957,42,0.4341,1.0,0,0,46,0
2016+,EW market,60,9,2016-08-08,True,14.6009,-54.9509,0.8179,11.7409,-54.9509,20.582,-25.4724,42,0.4361,1.0,0,0,43,0
2016+,EW market,60,10,2016-08-16,False,14.7042,-55.3935,0.8212,12.2412,-55.3935,19.9493,-26.4571,42,0.4351,1.0,0,0,40,0
2016+,EW market,60,11,2016-08-23,True,14.5724,-55.6257,0.8144,12.1318,-55.6257,19.7756,-26.3815,42,0.4316,1.0,0,0,43,0
2016+,EW market,90,0,2016-06-03,True,15.49,-55.3596,0.8627,13.6059,-55.3596,19.8303,-26.7197,29,0.4619,1.0,0,0,40,0
2016+,EW market,90,1,2016-06-10,False,15.157,-54.5494,0.8476,13.1721,-54.5494,19.5995,-27.1249,29,0.4769,1.0,0,0,44,0
2016+,EW market,90,2,2016-06-17,False,15.126,-53.4858,0.8453,13.0032,-53.4858,19.8165,-26.5288,29,0.4806,1.0,0,0,48,0
2016+,EW market,90,3,2016-06-24,True,15.6471,-52.9371,0.8692,13.7398,-52.9371,19.9677,-26.4563,29,0.4956,1.0,0,0,43,0
2016+,EW market,90,4,2016-07-01,False,15.098,-53.4944,0.8427,12.6584,-53.4944,20.3877,-25.8819,29,0.5113,1.0,0,0,44,0
2016+,EW market,90,5,2016-07-11,False,14.8879,-54.5265,0.8323,12.3963,-54.5265,20.264,-25.7314,29,0.5095,1.0,0,0,40,0
2016+,EW market,90,6,2016-07-18,False,15.3641,-53.6745,0.8546,12.9288,-53.6745,20.6215,-25.4921,28,0.5028,1.0,0,0,40,0
2016+,EW market,90,7,2016-07-25,True,14.9513,-53.3489,0.8352,12.3042,-53.3489,20.5417,-25.988,28,0.5077,1.0,0,0,37,0
2016+,EW market,90,8,2016-08-01,False,14.476,-54.2683,0.8137,11.767,-54.2683,20.1248,-26.4687,28,0.4909,1.0,0,0,37,0
2016+,EW market,90,9,2016-08-08,False,14.3196,-54.4891,0.8079,11.3994,-54.4891,20.3335,-26.2559,28,0.491,1.0,0,0,36,0
2016+,EW market,90,10,2016-08-16,True,14.6354,-53.7388,0.8221,11.9026,-53.7388,20.2856,-27.1122,28,0.4794,1.0,0,0,37,0
2016+,EW market,90,11,2016-08-23,False,14.4908,-53.8433,0.8134,11.7908,-53.8433,20.0763,-27.0451,28,0.479,1.0,0,0,38,0
2016+,EW market,90,12,2016-08-30,False,14.2888,-53.7642,0.8042,11.494,-53.7642,20.0431,-26.4784,28,0.4892,1.0,0,0,43,0
2016+,EW market,90,13,2016-09-07,False,13.7752,-54.4852,0.7803,11.0043,-54.4852,19.455,-26.6389,28,0.4894,1.0,0,0,42,0
2016+,EW market,90,14,2016-09-15,True,14.0603,-54.021,0.7926,11.5173,-54.021,19.3543,-26.4507,28,0.4839,1.0,0,0,44,0
2016+,EW market,90,15,2016-09-22,False,14.211,-54.5161,0.7994,11.8093,-54.5161,19.2672,-26.2207,28,0.4849,1.0,0,0,46,0
2016+,EW market,90,16,2016-09-29,False,15.7791,-55.0885,0.8929,14.2342,-55.0885,19.3255,-26.3339,28,0.498,0.9643,0,0,800,0
2016+,EW market,90,17,2016-10-06,True,14.0905,-55.5779,0.795,11.617,-55.5779,19.2672,-26.6367,28,0.4612,1.0,0,0,41,0
2016+,EW market,100,0,2016-06-03,True,15.4539,-55.4465,0.8611,13.4256,-55.4465,19.9949,-26.2467,26,0.5069,1.0,0,0,41,0
2016+,EW market,100,1,2016-06-10,False,15.4231,-55.1521,0.8606,13.2688,-55.1521,20.2155,-26.07,26,0.4935,1.0,0,0,40,0
2016+,EW market,100,2,2016-06-17,False,15.7177,-54.4479,0.8728,13.5603,-54.4479,20.5124,-26.35,26,0.4888,1.0,0,0,43,0
2016+,EW market,100,3,2016-06-24,False,15.7252,-54.4987,0.8732,13.7846,-54.4987,20.1213,-26.8125,26,0.4912,1.0,0,0,41,0
2016+,EW market,100,4,2016-07-01,True,15.1263,-53.976,0.8458,12.9812,-53.976,19.9042,-27.1443,26,0.4916,1.0,0,0,41,0
2016+,EW market,100,5,2016-07-11,False,15.2085,-53.7589,0.8488,13.1442,-53.7589,19.6785,-26.6923,26,0.4918,1.0,0,0,41,0
2016+,EW market,100,6,2016-07-18,False,15.0332,-53.683,0.8412,12.8812,-53.683,19.6838,-26.3797,26,0.4974,1.0,0,0,43,0
2016+,EW market,100,7,2016-07-25,False,14.6646,-53.9487,0.8226,12.3704,-53.9487,19.5911,-26.2522,26,0.4812,1.0,0,0,40,0
2016+,EW market,100,8,2016-08-01,True,15.3049,-52.8654,0.8727,13.1809,-52.8654,19.9249,-26.2117,26,0.5099,0.9615,0,0,808,0
2016+,EW market,100,9,2016-08-08,False,14.4765,-53.9169,0.8139,11.7744,-53.9169,20.1723,-26.2624,26,0.4814,1.0,0,0,41,0
2016+,EW market,100,10,2016-08-16,False,14.5894,-54.5111,0.8199,11.9085,-54.5111,20.2308,-26.4817,25,0.4971,1.0,0,0,38,0
2016+,EW market,100,11,2016-08-23,True,14.0398,-54.4872,0.7941,11.3735,-54.4872,19.6477,-26.725,25,0.5091,1.0,0,0,39,0
2016+,EW market,100,12,2016-08-30,False,14.1481,-53.8533,0.7977,11.3348,-53.8533,20.0063,-26.5566,25,0.5237,1.0,0,0,39,0
2016+,EW market,100,13,2016-09-07,False,14.4017,-53.3397,0.8097,11.6362,-53.3397,20.1144,-26.5982,25,0.5234,1.0,0,0,40,0
2016+,EW market,100,14,2016-09-15,False,14.7709,-53.762,0.826,12.1001,-53.762,20.2571,-26.3482,25,0.5247,1.0,0,0,42,0
2016+,EW market,100,15,2016-09-22,True,14.4354,-54.066,0.8106,11.6694,-54.066,20.0687,-26.5948,25,0.5063,1.0,0,0,42,0
2016+,EW market,100,16,2016-09-29,False,15.0463,-54.0055,0.8383,12.5031,-54.0055,20.2648,-26.0965,25,0.4933,1.0,0,0,38,0
2016+,EW market,100,17,2016-10-06,False,14.1138,-54.4898,0.7959,11.0635,-54.4898,20.2349,-25.7353,25,0.5025,1.0,0,0,38,0
2016+,EW market,100,18,2016-10-17,False,14.3728,-54.2972,0.8063,11.7025,-54.2972,19.8011,-25.7865,25,0.5227,1.0,0,0,42,0
2016+,EW market,100,19,2016-10-24,True,14.0946,-54.9539,0.7932,11.3602,-54.9539,19.6092,-26.4086,25,0.5111,1.0,0,0,42,0
2016+,EW market,180,0,2016-06-03,True,15.7815,-55.6679,0.8771,13.6229,-55.6679,20.6334,-26.6858,15,0.6189,1.0,0,0,40,0
2016+,EW market,180,1,2016-06-10,False,15.658,-54.668,0.8727,13.4603,-54.668,20.4907,-26.2621,15,0.5967,1.0,0,0,44,0
2016+,EW market,180,2,2016-06-17,False,15.6352,-54.7397,0.8713,13.442,-54.7397,20.4567,-26.1737,15,0.5964,1.0,0,0,45,0
2016+,EW market,180,3,2016-06-24,False,15.7617,-54.2982,0.877,13.7702,-54.2982,20.2146,-26.6104,15,0.6101,1.0,0,0,45,0
2016+,EW market,180,4,2016-07-01,False,15.0492,-54.8892,0.8428,12.4155,-54.8892,20.6895,-26.3145,15,0.6146,1.0,0,0,46,0
2016+,EW market,180,5,2016-07-11,False,15.1353,-54.9439,0.8461,12.6186,-54.9439,20.5485,-26.0992,15,0.6253,1.0,0,0,46,0
2016+,EW market,180,6,2016-07-18,False,15.5469,-54.4749,0.8662,13.1064,-54.4749,20.7359,-26.1543,14,0.618,1.0,0,0,42,0
2016+,EW market,180,7,2016-07-25,True,14.6941,-54.9259,0.8266,11.9524,-54.9259,20.4038,-26.3884,14,0.6268,1.0,0,0,41,0
2016+,EW market,180,8,2016-08-01,False,15.1256,-54.4852,0.8461,12.373,-54.4852,20.8411,-26.5219,14,0.6102,1.0,0,0,38,0
2016+,EW market,180,9,2016-08-08,False,15.4608,-54.6474,0.861,12.5679,-54.6474,21.3706,-25.9089,14,0.6178,1.0,0,0,36,0
2016+,EW market,180,10,2016-08-16,False,15.1404,-54.0685,0.8465,12.5573,-54.0685,20.491,-25.9324,14,0.6099,1.0,0,0,36,0
2016+,EW market,180,11,2016-08-23,False,14.8687,-54.1814,0.8332,12.2517,-54.1814,20.2493,-25.8782,14,0.5927,1.0,0,0,41,0
2016+,EW market,180,12,2016-08-30,False,14.6049,-53.7918,0.8206,12.1083,-53.7918,19.7186,-26.2688,14,0.6127,1.0,0,0,39,0
2016+,EW market,180,13,2016-09-07,False,14.4895,-53.5974,0.8159,11.8685,-53.5974,19.8259,-26.5934,14,0.618,1.0,0,0,38,0
2016+,EW market,180,14,2016-09-15,True,15.0436,-52.7276,0.8417,12.9526,-52.7276,19.4034,-26.6153,14,0.6289,1.0,0,0,37,0
2016+,EW market,180,15,2016-09-22,False,14.793,-52.0115,0.8292,12.8013,-52.0115,18.9718,-26.9296,14,0.6174,1.0,0,0,33,0
2016+,EW market,180,16,2016-09-29,False,16.5535,-52.4303,0.9523,15.2973,-52.4303,19.4567,-26.2544,14,0.5925,0.9286,0,0,561,0
2016+,EW market,180,17,2016-10-06,False,15.1128,-52.3214,0.8454,12.8896,-52.3214,19.6903,-25.9029,14,0.5812,1.0,0,0,34,0
2016+,EW market,180,18,2016-10-17,False,15.0966,-52.5301,0.8439,12.6869,-52.5301,20.0508,-25.8217,14,0.5724,1.0,0,0,34,0
2016+,EW market,180,19,2016-10-24,False,14.9907,-52.8808,0.8369,12.5014,-52.8808,20.1006,-26.4658,14,0.5869,1.0,0,0,35,0
2016+,EW market,180,20,2016-11-01,False,14.9243,-51.9587,0.8332,12.5097,-51.9587,19.901,-26.4903,14,0.5839,1.0,0,0,35,0
2016+,EW market,180,21,2016-11-08,True,15.54,-52.3724,0.8613,13.4988,-52.3724,19.892,-26.7946,14,0.5836,1.0,0,0,36,0
2016+,EW market,180,22,2016-11-16,False,16.7156,-53.0082,0.9174,15.0134,-53.0082,20.4777,-26.4851,14,0.611,1.0,0,0,39,0
2016+,EW market,180,23,2016-11-23,False,16.5209,-54.095,0.9095,14.7628,-54.095,20.3783,-26.2961,14,0.6232,1.0,0,0,37,0
2016+,EW market,180,24,2016-11-30,False,16.1092,-52.8126,0.8916,14.0138,-52.8126,20.5293,-26.4194,14,0.6106,1.0,0,0,40,0
2016+,EW market,180,25,2016-12-07,False,16.4537,-52.6596,0.9089,14.2569,-52.6596,20.9955,-25.7946,14,0.5913,1.0,0,0,36,0
2016+,EW market,180,26,2016-12-14,False,16.2908,-51.7099,0.9029,14.2131,-51.7099,20.5774,-26.1943,14,0.5808,1.0,0,0,35,0
2016+,EW market,180,27,2016-12-21,False,16.1985,-52.9804,0.8992,14.1977,-52.9804,20.3343,-26.3611,14,0.6093,1.0,0,0,36,0
2016+,EW market,180,28,2016-12-28,True,16.42,-53.3684,0.9092,14.4535,-53.3684,20.4854,-26.8843,14,0.6026,1.0,0,0,38,0
2016+,EW market,180,29,2017-01-04,False,15.7016,-53.7832,0.874,13.1206,-53.7832,20.8064,-26.9052,14,0.59,1.0,0,0,38,0
2016+,EW market,180,30,2017-01-11,False,15.0542,-54.6179,0.8443,12.193,-54.6179,20.6333,-26.9466,14,0.5786,1.0,0,0,46,0
2016+,EW market,180,31,2017-01-18,False,14.7572,-54.6257,0.8301,12.1808,-54.6257,19.8225,-26.992,14,0.5861,1.0,0,0,44,0
2016+,EW market,180,32,2017-01-25,False,14.3141,-54.6248,0.8083,11.4439,-54.6248,19.9046,-26.4342,14,0.6039,1.0,0,0,44,0
2016+,EW market,180,33,2017-02-02,False,14.5717,-55.2081,0.8206,11.7745,-55.2081,20.0501,-26.3683,14,0.6141,1.0,0,0,47,0
2016+,EW market,180,34,2017-02-09,False,14.364,-56.4865,0.8095,11.1416,-56.4865,20.5556,-26.1892,14,0.6119,1.0,0,0,44,0
2016+,EW market,180,35,2017-02-16,True,14.5651,-56.5906,0.8188,11.3954,-56.5906,20.6627,-26.3553,14,0.6108,1.0,0,0,46,0
2016+,EW market,250,0,2016-06-03,True,16.165,-52.5342,0.8988,14.2517,-52.5342,20.3649,-25.9615,11,0.7221,1.0,0,0,40,0
2016+,EW market,250,1,2016-06-10,False,15.5025,-53.0586,0.8688,13.3871,-53.0586,20.0783,-26.6177,11,0.7297,1.0,0,0,38,0
2016+,EW market,250,2,2016-06-17,False,15.9352,-52.1,0.8864,14.0892,-52.1,19.9903,-26.9062,11,0.7052,1.0,0,0,45,0
2016+,EW market,250,3,2016-06-24,False,15.9473,-52.6706,0.8839,14.1774,-52.6706,19.8599,-27.1905,11,0.7216,1.0,0,0,44,0
2016+,EW market,250,4,2016-07-01,False,15.1649,-53.6956,0.8463,12.835,-53.6956,20.1074,-27.171,11,0.7382,1.0,0,0,43,0
2016+,EW market,250,5,2016-07-11,False,15.2251,-53.0767,0.8477,12.9094,-53.0767,20.1212,-26.6697,11,0.7197,1.0,0,0,41,0
2016+,EW market,250,6,2016-07-18,False,15.0786,-53.1469,0.8418,12.8197,-53.1469,19.9252,-26.7135,11,0.6896,1.0,0,0,44,0
2016+,EW market,250,7,2016-07-25,False,15.1766,-52.6012,0.8488,12.747,-52.6012,20.3526,-26.4991,11,0.6668,1.0,0,0,44,0
2016+,EW market,250,8,2016-08-01,False,15.5605,-51.8341,0.8668,13.3054,-51.8341,20.4198,-26.8034,11,0.6639,1.0,0,0,44,0
2016+,EW market,250,9,2016-08-08,False,15.3411,-51.7759,0.8558,13.341,-51.7759,19.7622,-27.507,11,0.6701,1.0,0,0,48,0
2016+,EW market,250,10,2016-08-16,True,15.1867,-52.6619,0.8486,13.0872,-52.6619,19.7745,-27.9058,10,0.6573,1.0,0,0,40,0
2016+,EW market,250,11,2016-08-23,False,14.9749,-53.0421,0.8371,12.7548,-53.0421,19.7773,-28.3253,10,0.6482,1.0,0,0,40,0
2016+,EW market,250,12,2016-08-30,False,15.0881,-51.5213,0.8437,12.6472,-51.5213,20.2737,-27.7561,10,0.6671,1.0,0,0,40,0
2016+,EW market,250,13,2016-09-07,False,14.9838,-53.0224,0.8406,12.6203,-53.0224,19.9728,-27.4824,10,0.6712,1.0,0,0,40,0
2016+,EW market,250,14,2016-09-15,False,15.2522,-53.1202,0.8531,13.1044,-53.1202,19.8032,-27.206,10,0.6844,1.0,0,0,39,0
2016+,EW market,250,15,2016-09-22,False,14.7328,-54.2994,0.8258,12.3773,-54.2994,19.6314,-26.8161,10,0.6906,1.0,0,0,41,0
2016+,EW market,250,16,2016-09-29,False,15.1526,-54.4315,0.8461,12.476,-54.4315,20.6101,-26.325,10,0.6712,1.0,0,0,36,0
2016+,EW market,250,17,2016-10-06,False,14.4197,-54.2863,0.8118,11.4306,-54.2863,20.4312,-26.8946,10,0.6553,1.0,0,0,37,0
2016+,EW market,250,18,2016-10-17,False,14.7263,-53.072,0.8695,11.9086,-53.072,20.4181,-26.5555,10,0.7067,0.9,0,0,420,0
2016+,EW market,250,19,2016-10-24,False,14.7864,-53.5842,0.8311,12.0339,-53.5842,20.335,-26.4848,10,0.6401,1.0,0,0,38,0
2016+,EW market,250,20,2016-11-01,True,15.1916,-53.7731,0.8505,12.7237,-53.7731,20.2647,-26.1765,10,0.6862,1.0,0,0,38,0
2016+,EW market,250,21,2016-11-08,False,15.2848,-54.2257,0.8556,13.035,-54.2257,19.9927,-25.7093,10,0.6822,1.0,0,0,39,0
2016+,EW market,250,22,2016-11-16,False,16.2695,-54.3123,0.9045,14.5555,-54.3123,20.0509,-25.6938,10,0.7019,1.0,0,0,39,0
2016+,EW market,250,23,2016-11-23,False,15.7694,-53.9988,0.8823,13.847,-53.9988,19.9089,-25.9551,10,0.7172,1.0,0,0,41,0
2016+,EW market,250,24,2016-11-30,False,15.1779,-54.3018,0.8521,12.8168,-54.3018,20.0778,-26.1415,10,0.7198,1.0,0,0,41,0
2016+,EW market,250,25,2016-12-07,False,15.8562,-54.1769,0.8857,13.6217,-54.1769,20.3947,-25.6278,10,0.7001,1.0,0,0,40,0
2016+,EW market,250,26,2016-12-14,False,15.1876,-55.4451,0.8516,12.4258,-55.4451,20.6283,-25.6667,10,0.7187,1.0,0,0,42,0
2016+,EW market,250,27,2016-12-21,False,15.7751,-55.7585,0.8768,12.8242,-55.7585,21.578,-25.0756,10,0.7478,1.0,0,0,39,0
2016+,EW market,250,28,2016-12-28,False,15.8943,-56.4074,0.8795,13.031,-56.4074,21.5555,-25.5167,10,0.7347,1.0,0,0,39,0
2016+,EW market,250,29,2017-01-04,True,14.7953,-56.5024,0.8298,11.4635,-56.5024,21.256,-25.4473,10,0.7462,1.0,0,0,37,0
2016+,EW market,250,30,2017-01-11,False,14.873,-56.0176,0.8335,11.753,-56.0176,20.9527,-25.3359,10,0.7716,1.0,0,0,40,0
2016+,EW market,250,31,2017-01-18,False,15.019,-55.4343,0.8404,11.8512,-55.4343,21.1687,-25.8629,10,0.7381,1.0,0,0,40,0
2016+,EW market,250,32,2017-01-25,False,14.8572,-54.9604,0.8337,11.6355,-54.9604,21.0621,-25.6482,10,0.7239,1.0,0,0,38,0
2016+,EW market,250,33,2017-02-02,False,15.0817,-54.8443,0.844,12.1803,-54.8443,20.7468,-25.3333,10,0.723,1.0,0,0,38,0
2016+,EW market,250,34,2017-02-09,False,14.7039,-54.4992,0.8295,11.6243,-54.4992,20.6015,-25.387,10,0.7398,1.0,0,0,36,0
2016+,EW market,250,35,2017-02-16,False,15.0896,-54.2871,0.8476,12.371,-54.2871,20.3668,-25.6831,10,0.7112,1.0,0,0,33,0
2016+,EW market,250,36,2017-02-23,False,15.0644,-53.7825,0.8479,12.5767,-53.7825,19.956,-25.1808,10,0.6982,1.0,0,0,33,0
2016+,EW market,250,37,2017-03-03,False,15.0473,-54.1779,0.847,12.3326,-54.1779,20.2763,-25.2213,10,0.6719,1.0,0,0,36,0
2016+,EW market,250,38,2017-03-10,False,15.0727,-53.9807,0.8494,12.477,-53.9807,20.0963,-25.5531,10,0.6679,1.0,0,0,42,0
2016+,EW market,250,39,2017-03-20,True,14.5894,-53.9309,0.8269,11.7475,-53.9309,19.9925,-25.629,10,0.6735,1.0,0,0,40,0
2016+,EW market,250,40,2017-03-27,False,14.3957,-53.571,0.8206,11.2834,-53.571,20.2488,-25.8552,10,0.6511,1.0,0,0,37,0
2016+,EW market,250,41,2017-04-03,False,14.2477,-53.7559,0.8119,10.743,-53.7559,20.7514,-26.1446,10,0.6509,1.0,0,0,37,0
2016+,EW market,250,42,2017-04-11,False,14.0279,-53.8525,0.7973,10.1203,-53.8525,21.1971,-26.1327,10,0.6584,1.0,0,0,40,0
2016+,EW market,250,43,2017-04-19,False,14.6278,-53.5328,0.8251,10.6103,-53.5328,21.9676,-25.7624,10,0.6541,1.0,0,0,37,0
2016+,EW market,250,44,2017-04-26,False,14.5237,-53.4574,0.8186,10.5628,-53.4574,21.6742,-26.1799,10,0.6563,1.0,0,0,33,0
2016+,EW market,250,45,2017-05-04,False,14.9577,-53.1283,0.8359,11.0868,-53.1283,21.916,-26.1452,10,0.6662,1.0,0,0,34,0
2016+,EW market,250,46,2017-05-11,False,14.6064,-52.7533,0.8188,10.6056,-52.7533,21.7575,-26.2515,10,0.6674,1.0,0,0,33,0
2016+,EW market,250,47,2017-05-18,False,15.0018,-52.5019,0.8344,11.5459,-52.5019,21.1873,-26.2066,10,0.6624,1.0,0,0,31,0
2016+,EW market,250,48,2017-05-25,False,15.4155,-51.892,0.8536,12.4684,-51.892,20.7867,-25.9627,10,0.6932,1.0,0,0,35,0
2016+,EW market,250,49,2017-06-01,True,14.8115,-52.4815,0.8255,11.5747,-52.4815,20.6137,-25.9484,10,0.7079,1.0,0,0,35,0
