window,approach,hold,phase,start,fixed6,cagr,maxdd,sharpe,cagr_disc,dd_disc,cagr_conf,dd_conf,n_rot,trade_frac,invested,uc_blocked,no_open,catchup,irregular
2019+,BASELINE,30,0,2019-01-04,True,16.3365,-46.6683,0.6503,20.2373,-46.4568,13.1122,-45.4177,64,1.6515,0.9017,3,0,1,0
2019+,BASELINE,30,1,2019-01-11,True,13.5236,-41.5191,0.5869,2.6514,-41.5191,28.0402,-37.0464,64,1.6856,0.8991,5,0,0,0
2019+,BASELINE,30,2,2019-01-18,True,15.862,-40.6524,0.6461,8.9508,-38.0916,24.8409,-39.2681,64,1.6429,0.8984,4,0,0,0
2019+,BASELINE,30,3,2019-01-25,True,31.8875,-46.8768,1.0554,49.2196,-37.0338,17.126,-46.8768,64,1.6907,0.9335,5,0,1,0
2019+,BASELINE,30,4,2019-02-01,True,33.589,-57.193,1.1059,60.9442,-32.9431,12.4804,-57.193,63,1.6667,0.95,2,0,2,0
2019+,BASELINE,30,5,2019-02-08,True,13.7783,-57.9002,0.5763,26.4281,-37.9022,3.381,-57.9002,63,1.6471,0.9504,4,0,1,0
2019+,BASELINE,60,0,2019-01-04,True,24.3857,-51.1725,0.9067,31.9001,-32.2586,17.6526,-51.1725,32,2.0,0.8698,2,0,1,0
2019+,BASELINE,60,1,2019-01-11,False,9.9527,-62.7023,0.4711,3.5966,-62.7023,18.7339,-42.6882,32,2.0,0.9048,1,0,1,0
2019+,BASELINE,60,2,2019-01-18,True,11.2968,-49.7903,0.5132,3.3438,-49.7903,21.5455,-40.8473,32,2.0,0.9359,1,0,1,0
2019+,BASELINE,60,3,2019-01-25,False,28.7206,-43.3972,0.9993,26.8135,-43.3972,32.1973,-37.8289,32,1.9698,0.9293,4,0,0,0
2019+,BASELINE,60,4,2019-02-01,True,30.5653,-37.2849,1.0768,23.3123,-37.2849,41.7774,-32.2427,32,2.0,0.9354,1,0,1,0
2019+,BASELINE,60,5,2019-02-08,False,27.1905,-43.8059,0.9716,21.2895,-37.3427,35.7267,-31.0681,32,2.0,0.9045,1,0,0,0
2019+,BASELINE,60,6,2019-02-15,False,9.0325,-53.6674,0.4444,7.9954,-47.3196,11.7842,-53.6674,32,2.0,0.931,2,0,1,0
2019+,BASELINE,60,7,2019-02-22,True,19.8784,-41.9947,0.7921,12.0779,-41.9947,31.2577,-38.9338,32,1.9696,0.8919,5,0,0,0
2019+,BASELINE,60,8,2019-03-01,False,15.7323,-37.7068,0.6443,9.1012,-37.7068,24.5924,-36.1286,32,2.0,0.8609,3,0,0,0
2019+,BASELINE,60,9,2019-03-11,True,38.486,-44.5951,1.2302,54.1337,-33.3148,26.0674,-44.5951,32,2.0,0.9361,1,0,0,0
2019+,BASELINE,60,10,2019-03-18,False,39.4555,-43.4286,1.2254,62.559,-33.281,21.352,-43.4286,31,2.0,0.9651,1,0,2,0
2019+,BASELINE,60,11,2019-03-26,True,21.6024,-49.0809,0.7768,43.4405,-40.4703,3.9771,-49.0809,31,2.0,0.9951,2,0,1,0
2019+,BASELINE,90,0,2019-01-04,True,11.5406,-54.4125,0.5348,9.6556,-44.1498,14.9726,-54.4125,22,1.9256,0.8568,2,0,1,0
2019+,BASELINE,90,1,2019-01-11,False,26.8539,-38.0725,1.0036,21.331,-38.0725,34.7309,-36.5398,22,1.9717,0.8523,4,0,1,0
2019+,BASELINE,90,2,2019-01-18,False,10.4723,-41.7959,0.4856,7.876,-41.7959,15.272,-40.8585,22,2.0,0.9067,1,0,1,0
2019+,BASELINE,90,3,2019-01-25,True,18.8985,-39.6347,0.7448,28.4573,-39.6347,11.8831,-38.7405,22,2.0,0.9012,3,0,0,0
2019+,BASELINE,90,4,2019-02-01,False,34.8214,-39.4658,1.1582,50.3145,-30.1976,22.7882,-39.4658,21,2.0,0.9524,0,0,1,0
2019+,BASELINE,90,5,2019-02-08,False,16.5726,-47.6802,0.6947,30.1531,-27.1067,6.0547,-47.6802,21,2.0,0.8951,2,0,1,0
2019+,BASELINE,90,6,2019-02-15,False,13.3961,-50.7715,0.5656,20.1194,-50.7715,8.4435,-44.0816,21,2.0,0.9456,1,0,1,0
2019+,BASELINE,90,7,2019-02-22,True,-0.9309,-68.0063,0.1235,-18.68,-64.4705,24.0904,-40.2416,21,2.0,0.9496,1,0,1,0
2019+,BASELINE,90,8,2019-03-01,False,14.7146,-37.264,0.6279,1.1971,-37.264,32.1867,-35.9075,21,2.0,0.95,1,0,1,0
2019+,BASELINE,90,9,2019-03-11,False,31.6968,-44.0306,1.111,40.3117,-37.4939,25.351,-44.0306,21,2.0,0.9492,1,0,2,0
2019+,BASELINE,90,10,2019-03-18,True,34.8442,-44.1013,1.1599,45.0129,-41.3256,27.32,-44.1013,21,2.0,0.9929,2,0,2,0
2019+,BASELINE,90,11,2019-03-26,False,25.9591,-46.7972,0.8892,31.2204,-37.7389,22.0267,-46.7972,21,2.0,0.997,1,0,2,0
2019+,BASELINE,90,12,2019-04-02,False,32.649,-45.7666,1.1859,35.5845,-34.9124,30.6392,-45.7666,21,2.0,0.9008,1,0,3,0
2019+,BASELINE,90,13,2019-04-09,False,12.5418,-62.7023,0.5509,6.3675,-62.7023,20.6809,-39.1983,21,2.0,0.8952,1,0,2,0
2019+,BASELINE,90,14,2019-04-16,True,15.3054,-49.3237,0.6208,12.116,-49.3237,19.7187,-43.2744,21,2.0,0.8381,2,0,1,0
2019+,BASELINE,90,15,2019-04-25,False,36.0328,-46.3229,1.1519,31.1443,-46.3229,42.5548,-32.7029,21,2.0,0.9492,1,0,1,0
2019+,BASELINE,90,16,2019-05-06,False,33.6734,-38.4777,1.115,23.7435,-38.4777,47.4274,-26.88,21,2.0,0.9048,0,0,0,0
2019+,BASELINE,90,17,2019-05-13,True,24.5174,-41.5076,0.8694,28.8755,-41.5076,22.5512,-38.1397,21,2.0,0.9497,1,0,0,0
2019+,BASELINE,100,0,2019-01-04,True,21.5219,-30.4328,0.8579,23.4612,-30.4328,20.9203,-28.1887,20,2.0,0.7958,1,0,3,0
2019+,BASELINE,100,1,2019-01-11,False,19.4633,-39.6779,0.8087,17.5407,-32.5359,23.1546,-30.7842,20,2.0,0.85,0,0,3,0
2019+,BASELINE,100,2,2019-01-18,False,21.2785,-54.5007,0.7995,21.7283,-54.5007,22.8977,-32.5427,19,2.0,0.9474,0,0,3,0
2019+,BASELINE,100,3,2019-01-25,False,15.6401,-56.9598,0.6395,8.1395,-56.9598,26.6363,-33.3158,19,2.0,0.9474,0,0,2,0
2019+,BASELINE,100,4,2019-02-01,True,32.9365,-38.3759,1.148,34.3429,-37.264,34.164,-29.4642,19,2.0,0.9746,3,0,2,0
2019+,BASELINE,100,5,2019-02-08,False,22.582,-41.9452,0.856,21.089,-37.4939,26.6416,-41.9452,19,2.0,0.9474,0,0,2,0
2019+,BASELINE,100,6,2019-02-15,False,22.8359,-42.11,0.8628,16.1826,-41.3256,32.0447,-42.11,19,2.0,0.9363,2,0,2,0
2019+,BASELINE,100,7,2019-02-22,False,23.0379,-41.8552,0.8719,24.9769,-36.6336,23.6871,-38.2471,19,2.0,0.9406,2,0,2,0
2019+,BASELINE,100,8,2019-03-01,True,20.5367,-50.0014,0.8166,19.1259,-28.8918,23.6225,-50.0014,19,2.0,0.8947,0,0,1,0
2019+,BASELINE,100,9,2019-03-11,False,23.344,-65.5699,0.8197,25.1486,-65.5699,23.4019,-52.8294,19,2.0,0.9386,2,0,1,0
2019+,BASELINE,100,10,2019-03-18,False,23.9378,-58.0894,0.8316,13.9319,-58.0894,37.1847,-35.4511,19,2.0,1.0,0,0,0,0
2019+,BASELINE,100,11,2019-03-26,True,30.474,-54.3934,1.0101,22.0696,-54.3934,40.8204,-31.1175,19,2.0,0.9415,2,0,0,0
2019+,BASELINE,100,12,2019-04-02,False,27.0466,-38.1819,0.9454,20.2235,-38.1819,35.1735,-32.0726,19,2.0,0.892,1,0,0,0
2019+,BASELINE,100,13,2019-04-09,False,10.1165,-54.2574,0.4812,9.6673,-42.7553,12.0921,-54.2574,19,2.0,0.9426,2,0,0,0
2019+,BASELINE,100,14,2019-04-16,False,10.9812,-52.4856,0.5082,10.1324,-44.1498,12.9398,-52.4856,19,2.0,0.8947,0,0,0,0
2019+,BASELINE,100,15,2019-04-25,True,17.3071,-47.4963,0.6798,21.1254,-42.2396,14.9543,-47.4963,19,1.9333,0.9333,2,0,0,0
2019+,BASELINE,100,16,2019-05-06,False,14.7178,-40.5448,0.614,12.7115,-34.9124,19.4324,-40.5448,19,2.0,0.8912,1,0,0,0
2019+,BASELINE,100,17,2019-05-13,False,19.7064,-46.3632,0.7749,27.1396,-35.7108,14.8083,-46.3632,19,2.0,0.8947,0,0,0,0
2019+,BASELINE,100,18,2019-05-20,False,27.8432,-50.0886,0.9734,39.6104,-38.1003,18.9413,-50.0886,19,2.0,0.9404,2,0,2,0
2019+,BASELINE,100,19,2019-05-27,True,14.8795,-40.8735,0.6203,16.5543,-40.8735,14.7525,-39.8957,19,1.9231,0.9279,5,0,2,0
2019+,BASELINE,180,0,2019-01-04,True,22.0445,-38.3886,0.9356,19.1426,-24.2938,26.7104,-38.3886,11,1.8947,0.8106,1,0,1,0
2019+,BASELINE,180,1,2019-01-11,False,21.612,-42.4481,0.9426,17.4709,-26.3491,27.8351,-42.4481,11,1.75,0.8139,1,0,1,0
2019+,BASELINE,180,2,2019-01-18,False,14.9916,-44.0712,0.6664,9.7685,-43.2435,22.8813,-44.0712,11,1.9048,0.9091,0,0,1,0
2019+,BASELINE,180,3,2019-01-25,False,21.5577,-45.0178,0.8156,30.7854,-41.614,14.8783,-45.0178,11,1.8457,0.8973,2,0,0,0
2019+,BASELINE,180,4,2019-02-01,False,21.1142,-43.7544,0.8752,17.9173,-32.3137,27.1203,-43.7544,11,1.9,0.9091,0,0,0,0
2019+,BASELINE,180,5,2019-02-08,False,20.0446,-44.2705,0.8577,17.3987,-30.3747,25.3281,-44.2705,11,1.8095,0.8081,1,0,0,0
2019+,BASELINE,180,6,2019-02-15,False,21.5571,-54.5007,0.795,27.4956,-54.5007,17.4211,-47.723,11,1.8571,0.8961,1,0,1,0
2019+,BASELINE,180,7,2019-02-22,True,10.2478,-53.4239,0.4838,-6.1499,-53.4239,32.9737,-44.5787,11,2.0,0.9037,1,0,1,0
2019+,BASELINE,180,8,2019-03-01,False,24.362,-37.264,0.9225,13.4148,-37.264,38.4756,-35.6281,11,1.8908,0.9091,0,0,1,0
2019+,BASELINE,180,9,2019-03-11,False,25.5857,-51.1195,0.9865,28.3969,-37.4939,24.6692,-51.1195,11,2.0,0.9091,0,0,1,0
2019+,BASELINE,180,10,2019-03-18,False,38.9952,-43.8418,1.266,43.7654,-41.2984,36.5035,-43.8418,11,1.9085,0.9924,1,0,1,0
2019+,BASELINE,180,11,2019-03-26,False,26.8212,-46.9011,0.924,34.3412,-37.7389,20.8149,-46.9011,11,2.0,0.9943,1,0,2,0
2019+,BASELINE,180,12,2019-04-02,False,28.3496,-48.1047,1.1455,28.8604,-34.9124,28.7042,-48.1047,11,1.8,0.8106,1,0,1,0
2019+,BASELINE,180,13,2019-04-09,False,21.3071,-62.7023,0.7937,14.547,-62.7023,30.1702,-40.4992,11,2.0,0.9091,0,0,1,0
2019+,BASELINE,180,14,2019-04-16,True,31.7398,-49.3237,1.0434,38.5681,-49.3237,26.4901,-45.333,11,2.0,0.9091,0,0,1,0
2019+,BASELINE,180,15,2019-04-25,False,15.9831,-43.3972,0.6678,4.1439,-43.3972,30.4082,-37.435,11,1.8333,0.903,1,0,0,0
2019+,BASELINE,180,16,2019-05-06,False,29.771,-37.2849,1.0491,20.6846,-37.2849,42.495,-31.5805,11,2.0,0.9091,0,0,0,0
2019+,BASELINE,180,17,2019-05-13,False,17.3375,-43.9797,0.7087,22.436,-35.4111,14.6036,-43.9797,11,2.0,0.904,1,0,0,0
2019+,BASELINE,180,18,2019-05-20,False,12.088,-47.7024,0.5499,8.5534,-44.1498,17.3336,-47.7024,11,1.9443,0.903,1,0,0,0
2019+,BASELINE,180,19,2019-05-27,False,31.9174,-40.0648,1.1189,29.6031,-40.0648,36.053,-28.4676,11,1.9412,0.8908,3,0,0,0
2019+,BASELINE,180,20,2019-06-03,False,27.3888,-35.8724,0.9049,41.9579,-34.2444,17.0467,-35.8724,11,2.0,0.9043,1,0,0,0
2019+,BASELINE,180,21,2019-06-11,True,23.7812,-36.123,0.8682,37.7237,-30.0382,14.4472,-32.0048,11,2.0,0.9051,1,0,0,0
2019+,BASELINE,180,22,2019-06-18,False,31.8474,-41.2596,1.0265,46.5218,-41.2596,21.3756,-38.2132,10,2.0,1.0,0,0,0,0
2019+,BASELINE,180,23,2019-06-25,False,14.2311,-46.2745,0.5868,30.1131,-41.9056,2.2301,-43.6164,10,2.0,0.9909,1,0,0,0
2019+,BASELINE,180,24,2019-07-02,False,21.9973,-41.2316,0.7821,35.5865,-41.2316,11.9716,-32.8758,10,2.0,1.0,0,0,1,0
2019+,BASELINE,180,25,2019-07-09,False,16.1169,-43.3655,0.6554,10.7769,-41.2316,22.6223,-35.8694,10,2.0,1.0,0,0,1,0
2019+,BASELINE,180,26,2019-07-16,False,20.9634,-41.2316,0.7868,16.1123,-41.2316,26.4595,-34.5691,10,1.975,0.995,1,0,1,0
2019+,BASELINE,180,27,2019-07-23,False,49.4457,-41.2316,1.4644,52.5234,-41.2316,47.9652,-33.4504,10,2.0,0.9933,1,0,1,0
2019+,BASELINE,180,28,2019-07-30,True,39.2725,-41.2316,1.2178,40.2415,-41.2316,39.1194,-34.7601,10,2.0,0.9933,1,0,2,0
2019+,BASELINE,180,29,2019-08-06,False,16.2313,-64.176,0.6145,1.3437,-64.176,32.4976,-39.2504,10,2.0,1.0,0,0,1,0
2019+,BASELINE,180,30,2019-08-14,False,32.4863,-41.2316,1.0925,37.791,-41.2316,29.5024,-36.7396,10,2.0,1.0,0,0,2,0
2019+,BASELINE,180,31,2019-08-22,False,30.9858,-33.7748,1.1726,35.2277,-22.0234,27.7987,-33.7748,10,1.7947,0.88,1,0,1,0
2019+,BASELINE,180,32,2019-08-29,False,22.1523,-32.799,0.9133,12.275,-28.4479,31.9243,-32.799,10,1.5778,0.76,2,0,1,0
2019+,BASELINE,180,33,2019-09-06,False,34.2421,-41.2316,1.0959,38.717,-41.2316,32.3075,-29.4422,10,2.0,1.0,0,0,1,0
2019+,BASELINE,180,34,2019-09-16,False,19.6477,-36.295,0.7739,13.1057,-36.295,27.3574,-28.8266,10,1.8565,0.9,0,0,0,0
2019+,BASELINE,180,35,2019-09-23,True,20.007,-45.9499,0.7391,20.1567,-39.9508,21.4047,-35.3528,10,2.0,1.0,0,0,0,0
2019+,BASELINE,250,0,2019-01-04,True,37.3708,-49.3237,1.1331,45.7657,-49.3237,29.8855,-32.8131,8,2.0,0.875,0,0,0,0
2019+,BASELINE,250,1,2019-01-11,False,18.4834,-43.3972,0.7157,13.7563,-43.3972,23.8524,-36.6361,8,2.0,0.875,0,0,0,0
2019+,BASELINE,250,2,2019-01-18,False,17.3695,-37.2849,0.7013,17.6991,-37.2849,18.3723,-27.553,8,2.0,0.875,0,0,0,0
2019+,BASELINE,250,3,2019-01-25,False,14.7075,-39.5434,0.645,12.9006,-35.4111,17.4501,-39.5434,8,1.9762,0.869,1,0,0,0
2019+,BASELINE,250,4,2019-02-01,False,20.2045,-44.1498,0.7713,39.1316,-44.1498,4.8303,-34.4232,8,2.0,0.95,2,0,0,0
2019+,BASELINE,250,5,2019-02-08,False,20.9824,-38.2731,0.8155,41.3144,-37.7389,5.1664,-38.2731,8,2.0,0.875,0,0,0,0
2019+,BASELINE,250,6,2019-02-15,False,24.0918,-34.9124,0.8719,34.4241,-34.9124,16.4196,-33.4991,8,2.0,0.875,0,0,0,0
2019+,BASELINE,250,7,2019-02-22,False,31.1792,-33.4147,1.1241,35.3983,-32.6897,29.2345,-31.8054,8,2.0,0.875,0,0,0,0
2019+,BASELINE,250,8,2019-03-01,False,39.5102,-34.183,1.3137,59.1535,-34.183,23.936,-31.7395,8,2.0,0.875,0,0,0,0
2019+,BASELINE,250,9,2019-03-11,False,29.2907,-39.6349,1.1251,34.3735,-39.6349,26.5005,-28.2834,8,1.9706,0.8676,1,0,0,0
2019+,BASELINE,250,10,2019-03-18,True,41.3927,-49.3046,1.264,50.9777,-49.3046,34.4753,-27.4022,8,2.0,1.0,0,0,0,0
2019+,BASELINE,250,11,2019-03-26,False,31.8451,-62.2959,1.0138,27.3087,-62.2959,38.8334,-28.9949,8,2.0,1.0,0,0,0,0
2019+,BASELINE,250,12,2019-04-02,False,30.5111,-34.7678,1.197,39.9047,-31.8976,23.5018,-34.7678,8,2.0,0.875,0,0,1,0
2019+,BASELINE,250,13,2019-04-09,False,35.3796,-35.9906,1.3175,40.8365,-35.9906,31.9643,-30.0057,8,2.0,0.875,0,0,2,0
2019+,BASELINE,250,14,2019-04-16,False,40.4416,-33.4925,1.434,42.3942,-33.4925,41.1206,-31.6409,8,2.0,0.875,0,0,2,0
2019+,BASELINE,250,15,2019-04-25,False,42.4332,-34.3473,1.494,41.6831,-28.0794,46.438,-34.3473,8,1.9474,0.875,0,0,2,0
2019+,BASELINE,250,16,2019-05-06,False,39.8934,-32.1691,1.4843,40.3398,-27.9781,41.8123,-32.1691,8,1.8389,0.8571,1,0,2,0
2019+,BASELINE,250,17,2019-05-13,False,34.6053,-32.69,1.2672,36.9873,-32.2577,33.7694,-32.69,8,1.9697,0.8667,1,0,2,0
2019+,BASELINE,250,18,2019-05-20,False,28.9682,-34.2689,1.0894,19.7353,-27.3726,40.3355,-34.2689,8,2.0,0.875,0,0,2,0
2019+,BASELINE,250,19,2019-05-27,False,23.4059,-43.4009,0.9244,16.3941,-40.8916,31.9284,-37.074,8,1.9137,0.8584,2,0,2,0
2019+,BASELINE,250,20,2019-06-03,True,31.3221,-33.7281,1.1723,18.1523,-33.4644,46.2026,-33.1627,8,1.8271,0.8646,1,0,2,0
2019+,BASELINE,250,21,2019-06-11,False,35.1522,-28.6519,1.2861,24.3625,-28.6519,47.5947,-28.4676,8,1.8649,0.8676,1,0,2,0
2019+,BASELINE,250,22,2019-06-18,False,27.693,-41.2316,0.971,10.8044,-41.2316,46.8033,-30.4121,8,2.0,0.9934,1,0,1,0
2019+,BASELINE,250,23,2019-06-25,False,21.2801,-41.2316,0.7907,8.8601,-41.2316,35.0856,-30.7186,8,2.0,0.9946,1,0,0,0
2019+,BASELINE,250,24,2019-07-02,False,23.2329,-41.2316,0.851,10.8742,-41.2316,37.7816,-37.2176,8,2.0,1.0,0,0,2,0
2019+,BASELINE,250,25,2019-07-09,False,28.8159,-41.2316,0.9288,28.0863,-41.2316,30.0164,-38.3715,8,1.9375,0.975,1,0,1,0
2019+,BASELINE,250,26,2019-07-16,False,19.9423,-41.2316,0.7852,1.4588,-41.2316,40.2548,-30.1075,8,1.9334,0.9917,1,0,1,0
2019+,BASELINE,250,27,2019-07-23,False,30.8181,-41.7004,1.0682,42.6634,-41.2316,22.5813,-41.7004,8,2.0,0.9922,1,0,0,0
2019+,BASELINE,250,28,2019-07-30,False,29.908,-48.0467,1.0094,38.238,-41.2316,24.3182,-48.0467,8,2.0,0.9938,1,0,0,0
2019+,BASELINE,250,29,2019-08-06,True,-4.4109,-64.176,0.0404,-14.8256,-64.176,7.5765,-49.0972,8,2.0,0.9821,2,0,0,0
2019+,BASELINE,250,30,2019-08-14,False,11.9947,-44.9047,0.5276,10.1763,-41.2316,15.0501,-37.1035,8,2.0,1.0,0,0,1,0
2019+,BASELINE,250,31,2019-08-22,False,29.3169,-46.3415,1.0943,21.6145,-37.638,38.4273,-35.8513,8,2.0,0.875,0,0,0,0
2019+,BASELINE,250,32,2019-08-29,False,43.7283,-34.9769,1.5107,43.6248,-30.6832,46.2385,-34.9769,7,2.0,0.8571,0,0,1,0
2019+,BASELINE,250,33,2019-09-06,False,17.8035,-51.485,0.7004,26.829,-41.2316,12.6184,-51.485,7,2.0,1.0,0,0,0,0
2019+,BASELINE,250,34,2019-09-16,False,22.0034,-42.6724,0.8944,33.4209,-27.6958,15.1099,-42.6724,7,2.0,0.8571,0,0,0,0
2019+,BASELINE,250,35,2019-09-23,False,36.9029,-39.9508,1.1763,34.9688,-39.9508,41.3472,-34.7738,7,1.9416,0.9905,1,0,0,0
2019+,BASELINE,250,36,2019-09-30,False,14.5512,-44.1602,0.6655,14.9902,-35.1404,15.8846,-39.9607,7,1.9253,0.8476,1,0,1,0
2019+,BASELINE,250,37,2019-10-09,False,14.6767,-43.7379,0.6493,11.1081,-37.3872,20.4121,-37.8889,7,2.0,0.8571,0,0,0,0
2019+,BASELINE,250,38,2019-10-16,False,15.9857,-49.3792,0.6553,14.7853,-43.2435,18.5946,-49.3792,7,2.0,1.0,0,0,0,0
2019+,BASELINE,250,39,2019-10-24,True,31.5222,-41.614,1.1142,33.8256,-41.614,31.5591,-38.9221,7,1.9091,0.987,1,0,0,0
2019+,BASELINE,250,40,2019-11-01,False,25.1835,-38.473,1.1359,13.2889,-19.1899,38.4476,-38.473,7,1.0,0.7143,0,0,0,0
2019+,BASELINE,250,41,2019-11-08,False,19.3966,-37.3918,0.8589,18.6443,-26.4168,21.1897,-37.3918,7,1.9474,0.8496,1,0,0,0
2019+,BASELINE,250,42,2019-11-18,False,25.0594,-54.5007,0.8038,31.3829,-54.5007,20.8481,-33.656,7,2.0,1.0,0,0,0,0
2019+,BASELINE,250,43,2019-11-25,False,27.6237,-53.4239,0.9503,25.4547,-53.4239,31.1772,-31.0681,7,2.0,1.0,0,0,0,0
2019+,BASELINE,250,44,2019-12-02,False,20.3474,-51.9009,0.8147,39.6177,-37.264,7.5452,-51.9009,7,2.0,0.9881,1,0,0,0
2019+,BASELINE,250,45,2019-12-09,False,24.3562,-43.5163,0.8995,34.5809,-37.4939,17.8802,-43.5163,7,2.0,1.0,0,0,0,0
2019+,BASELINE,250,46,2019-12-16,False,26.3982,-41.2984,0.9265,21.8002,-41.2984,33.2598,-34.3745,7,2.0,1.0,0,0,0,0
2019+,BASELINE,250,47,2019-12-23,False,18.8283,-54.6558,0.7473,31.7366,-36.6336,10.3206,-54.6558,7,2.0,1.0,0,0,0,0
2019+,BASELINE,250,48,2019-12-31,False,15.5562,-53.2543,0.7014,20.4909,-28.8481,12.2639,-53.2543,7,1.8933,0.8452,1,0,0,0
2019+,BASELINE,250,49,2020-01-07,True,14.4708,-62.7023,0.583,10.013,-62.7023,19.1586,-51.7051,7,2.0,0.9841,1,0,0,0
2019+,G,30,0,2019-01-04,True,9.6307,-49.2731,0.4959,7.1861,-46.4568,12.2657,-36.4218,64,1.0,0.636,3,0,1,0
2019+,G,30,1,2019-01-11,True,15.3979,-42.7074,0.7151,0.1995,-42.7074,35.8641,-17.488,64,1.0,0.6343,4,0,0,0
2019+,G,30,2,2019-01-18,True,15.6203,-34.4643,0.7439,3.8123,-34.4643,30.8065,-26.9861,64,1.0,0.6015,4,0,0,0
2019+,G,30,3,2019-01-25,True,37.0332,-23.3312,1.4551,38.4463,-23.3312,37.0374,-16.8494,64,1.0,0.6219,4,0,1,0
2019+,G,30,4,2019-02-01,True,18.0391,-37.4737,0.8459,18.0453,-37.4737,20.7758,-18.7832,63,1.0,0.5704,1,0,2,0
2019+,G,30,5,2019-02-08,True,5.7359,-48.8614,0.3576,1.6215,-48.8614,10.9518,-39.5482,63,1.0,0.5995,3,0,1,0
2019+,G,60,0,2019-01-04,True,24.7464,-23.6178,1.2046,23.4054,-18.1364,26.1092,-23.6178,32,1.0,0.5599,1,0,1,0
2019+,G,60,1,2019-01-11,False,12.252,-62.7023,0.6044,2.0283,-62.7023,25.9175,-28.874,32,1.0,0.5923,1,0,1,0
2019+,G,60,2,2019-01-18,True,8.3682,-49.3237,0.4574,-2.6971,-49.3237,22.6223,-27.1424,32,1.0,0.5922,1,0,0,0
2019+,G,60,3,2019-01-25,False,27.1511,-43.3972,1.0934,21.5215,-43.3972,34.8189,-20.9446,32,1.0,0.6184,3,0,0,0
2019+,G,60,4,2019-02-01,True,13.472,-42.6658,0.6574,-2.0069,-40.0201,35.3482,-22.561,32,1.0,0.5604,1,0,1,0
2019+,G,60,5,2019-02-08,False,11.365,-36.5606,0.5846,3.8586,-36.5606,19.7059,-31.752,32,1.0,0.5295,1,0,0,0
2019+,G,60,6,2019-02-15,False,8.2614,-53.2574,0.4332,10.8355,-46.7511,7.265,-37.3735,32,1.6584,0.7122,2,0,1,0
2019+,G,60,7,2019-02-22,True,22.0181,-37.451,0.9462,13.3948,-37.451,31.5026,-15.6983,32,1.3571,0.6749,4,0,0,0
2019+,G,60,8,2019-03-01,False,14.1797,-29.7163,0.6897,8.3094,-29.7163,20.4749,-18.9589,32,1.0,0.6109,3,0,0,0
2019+,G,60,9,2019-03-11,True,40.9493,-21.9028,1.6354,51.2738,-21.9028,33.1355,-15.9446,32,1.0,0.6236,1,0,0,0
2019+,G,60,10,2019-03-18,False,21.7948,-33.8766,0.9981,36.4094,-27.4675,10.4015,-33.8766,31,1.0,0.5806,0,0,2,0
2019+,G,60,11,2019-03-26,True,17.6143,-41.0006,0.789,23.8974,-41.0006,12.6973,-27.6645,31,1.0,0.6754,1,0,1,0
2019+,G,90,0,2019-01-04,True,19.8924,-44.1498,0.8618,9.4035,-44.1498,33.7598,-26.4329,22,1.3421,0.6788,1,0,1,0
2019+,G,90,1,2019-01-11,False,26.5021,-33.8012,1.1161,23.762,-33.8012,31.1758,-17.5286,22,1.0,0.625,4,0,1,0
2019+,G,90,2,2019-01-18,False,9.8007,-48.4144,0.5275,-4.0254,-48.4144,28.7784,-20.3878,22,1.0,0.4976,1,0,0,0
2019+,G,90,3,2019-01-25,True,23.2185,-24.8374,1.0619,23.7801,-24.8374,25.1408,-18.6097,22,1.0,0.54,2,0,0,0
2019+,G,90,4,2019-02-01,False,6.9356,-29.9165,0.5034,3.5944,-29.7998,12.8666,-23.3941,21,1.0,0.3333,0,0,1,0
2019+,G,90,5,2019-02-08,False,10.3977,-38.0408,0.6319,11.3112,-24.6697,9.4244,-38.0408,21,1.0,0.4233,1,0,1,0
2019+,G,90,6,2019-02-15,False,6.917,-49.7654,0.3966,7.2377,-49.7654,8.2075,-41.7534,21,1.0,0.6122,1,0,1,0
2019+,G,90,7,2019-02-22,True,1.1811,-65.4048,0.1733,-18.643,-65.4048,26.6369,-18.8979,21,1.0,0.5714,0,0,1,0
2019+,G,90,8,2019-03-01,False,7.8388,-42.0073,0.4444,-3.0744,-42.0073,20.2637,-25.2032,21,1.0,0.6167,1,0,1,0
2019+,G,90,9,2019-03-11,False,22.6854,-37.4939,0.9992,17.8177,-37.4939,29.8062,-23.126,21,1.0,0.6635,1,0,1,0
2019+,G,90,10,2019-03-18,True,18.3227,-41.2984,0.8175,25.9945,-41.2984,12.8858,-36.8817,21,1.0,0.6635,1,0,2,0
2019+,G,90,11,2019-03-26,False,10.3324,-37.7091,0.5173,15.4651,-36.6336,6.4409,-37.7091,21,1.0,0.6637,1,0,2,0
2019+,G,90,12,2019-04-02,False,25.0467,-45.9901,1.1519,39.6081,-23.0469,11.9218,-45.9901,21,1.0,0.6151,1,0,2,0
2019+,G,90,13,2019-04-09,False,7.7317,-62.7023,0.418,1.2367,-62.7023,16.202,-41.1393,21,1.0,0.7048,1,0,2,0
2019+,G,90,14,2019-04-16,True,10.5483,-51.068,0.5046,14.453,-49.3237,7.8748,-51.068,21,1.6,0.6952,2,0,1,0
2019+,G,90,15,2019-04-25,False,34.0518,-43.3972,1.2666,36.0709,-43.3972,33.5373,-20.6916,21,1.0,0.6635,1,0,1,0
2019+,G,90,16,2019-05-06,False,24.2448,-37.2849,0.9414,24.9426,-37.2849,26.4204,-28.2146,21,1.7895,0.7143,0,0,0,0
2019+,G,90,17,2019-05-13,True,27.614,-41.5076,1.0514,22.8212,-41.5076,33.8205,-18.4276,21,1.0,0.7116,1,0,0,0
2019+,G,100,0,2019-01-04,True,10.1276,-30.4328,0.5599,2.5131,-30.4328,20.3185,-24.7362,20,1.0,0.5458,1,0,3,0
2019+,G,100,1,2019-01-11,False,15.9228,-32.5359,0.764,9.3308,-32.5359,24.999,-21.933,20,1.0,0.6,0,0,3,0
2019+,G,100,2,2019-01-18,False,15.7629,-54.5007,0.717,15.4561,-54.5007,18.1137,-31.5225,19,1.0,0.6316,0,0,3,0
2019+,G,100,3,2019-01-25,False,3.7794,-53.4239,0.279,-4.0874,-53.4239,15.0969,-32.1815,19,1.0,0.6316,0,0,2,0
2019+,G,100,4,2019-02-01,True,15.2188,-37.264,0.7427,11.3186,-37.264,21.9253,-30.3717,19,1.0,0.6105,2,0,2,0
2019+,G,100,5,2019-02-08,False,14.1972,-37.4939,0.8422,5.1433,-37.4939,24.3879,-16.9134,19,1.0,0.4211,0,0,2,0
2019+,G,100,6,2019-02-15,False,17.5925,-41.333,0.813,16.5525,-41.2984,20.4495,-30.6904,19,1.0,0.5679,2,0,1,0
2019+,G,100,7,2019-02-22,False,26.2144,-36.6336,1.2475,31.6133,-36.6336,20.8064,-14.032,19,0.9375,0.4669,2,0,1,0
2019+,G,100,8,2019-03-01,True,23.421,-24.0842,1.1144,19.8158,-24.0842,27.1473,-14.7813,19,1.0,0.4737,0,0,1,0
2019+,G,100,9,2019-03-11,False,26.9646,-62.7023,1.0062,29.2221,-62.7023,26.6137,-23.0102,19,1.0,0.6228,2,0,1,0
2019+,G,100,10,2019-03-18,False,7.5677,-55.0088,0.4095,-1.7753,-55.0088,19.9224,-18.8123,19,1.0,0.5263,0,0,0,0
2019+,G,100,11,2019-03-26,True,29.3474,-54.3934,1.0056,15.6119,-54.3934,46.1723,-23.1411,19,1.9412,0.839,1,0,0,0
2019+,G,100,12,2019-04-02,False,20.2557,-38.1819,0.8243,8.062,-38.1819,33.7635,-19.2545,19,1.0,0.6288,1,0,0,0
2019+,G,100,13,2019-04-09,False,11.2004,-38.264,0.5556,4.4227,-38.08,20.0164,-31.0681,19,1.0,0.6794,2,0,0,0
2019+,G,100,14,2019-04-16,False,9.9312,-47.1978,0.4917,10.5617,-44.1498,10.3996,-47.1978,19,1.875,0.7895,0,0,0,0
2019+,G,100,15,2019-04-25,True,16.8233,-42.2396,0.714,20.3113,-42.2396,14.7762,-35.4193,19,1.8038,0.7754,2,0,0,0
2019+,G,100,16,2019-05-06,False,6.7854,-39.8855,0.4136,5.9333,-26.5624,10.1572,-39.8855,19,1.0,0.6281,1,0,0,0
2019+,G,100,17,2019-05-13,False,11.9579,-37.8195,0.6522,19.4911,-25.7957,6.1369,-37.8195,19,1.0,0.5789,0,0,0,0
2019+,G,100,18,2019-05-20,False,7.0012,-44.4753,0.4201,17.7929,-38.8057,-1.1676,-44.4753,19,1.0,0.6289,1,0,2,0
2019+,G,100,19,2019-05-27,True,9.0609,-56.8666,0.5027,2.8278,-56.8666,16.9072,-17.5398,19,1.0,0.5674,3,0,2,0
2019+,G,180,0,2019-01-04,True,22.4414,-30.8568,1.0807,16.6109,-24.2938,30.5137,-24.3224,11,1.0,0.6364,0,0,1,0
2019+,G,180,1,2019-01-11,False,23.5097,-32.5421,1.1357,16.9809,-23.0628,32.5585,-30.7323,11,1.0,0.632,1,0,1,0
2019+,G,180,2,2019-01-18,False,9.315,-43.2435,0.5324,-2.748,-43.2435,25.8449,-23.7579,11,1.0,0.5455,0,0,0,0
2019+,G,180,3,2019-01-25,False,29.4963,-41.614,1.1243,39.1643,-41.614,22.5079,-20.7679,11,1.0,0.6294,1,0,0,0
2019+,G,180,4,2019-02-01,False,11.2011,-44.3051,0.7208,-7.1497,-38.918,37.0637,-21.1652,11,1.0,0.4545,0,0,0,0
2019+,G,180,5,2019-02-08,False,13.855,-37.6416,0.8018,7.2748,-34.3787,21.0773,-37.6416,11,1.0,0.4444,1,0,0,0
2019+,G,180,6,2019-02-15,False,21.7932,-54.5007,0.8392,27.4956,-54.5007,17.8849,-43.9204,11,1.0,0.7143,1,0,1,0
2019+,G,180,7,2019-02-22,True,13.0769,-53.4239,0.6111,-5.047,-53.4239,35.3015,-26.5289,11,1.0,0.6364,0,0,1,0
2019+,G,180,8,2019-03-01,False,21.2923,-37.264,0.8881,14.3242,-37.264,28.7963,-24.8423,11,1.0,0.7273,0,0,1,0
2019+,G,180,9,2019-03-11,False,31.7477,-37.4939,1.328,28.3969,-37.4939,37.2948,-18.7595,11,1.8947,0.7273,0,0,1,0
2019+,G,180,10,2019-03-18,False,40.6799,-41.2984,1.4166,43.49,-41.2984,40.1188,-38.0699,11,1.7615,0.8182,0,0,1,0
2019+,G,180,11,2019-03-26,False,28.2052,-36.6336,1.0469,30.6124,-36.6336,27.0159,-35.9614,11,1.6245,0.8125,1,0,2,0
2019+,G,180,12,2019-04-02,False,19.887,-49.2192,1.0544,25.5074,-17.1159,14.4537,-49.2192,11,1.0,0.5379,1,0,1,0
2019+,G,180,13,2019-04-09,False,12.897,-62.7023,0.5932,0.6908,-62.7023,28.2568,-43.7071,11,1.0,0.6364,0,0,1,0
2019+,G,180,14,2019-04-16,True,28.3791,-51.695,1.0192,36.031,-49.3237,22.377,-51.695,11,1.0,0.7273,0,0,1,0
2019+,G,180,15,2019-04-25,False,12.2711,-43.3972,0.6004,6.1297,-43.3972,20.0187,-31.7504,11,1.0,0.6303,1,0,0,0
2019+,G,180,16,2019-05-06,False,21.7355,-37.2849,0.8721,20.6846,-37.2849,25.6117,-31.5805,11,1.875,0.7273,0,0,0,0
2019+,G,180,17,2019-05-13,False,13.7628,-37.074,0.6574,21.5467,-35.4111,7.8344,-37.074,11,1.0,0.6313,1,0,0,0
2019+,G,180,18,2019-05-20,False,14.8186,-44.1498,0.6663,8.5534,-44.1498,23.0095,-33.1627,11,1.875,0.7212,1,0,0,0
2019+,G,180,19,2019-05-27,False,20.4683,-40.0648,0.8792,29.6031,-40.0648,13.8997,-28.4676,11,1.0,0.618,3,0,0,0
2019+,G,180,20,2019-06-03,False,17.4547,-32.0722,0.7531,21.7822,-32.0722,15.643,-30.4121,11,1.0,0.4498,1,0,0,0
2019+,G,180,21,2019-06-11,True,9.8704,-32.0048,0.5623,15.3547,-23.2395,4.8756,-32.0048,11,1.0,0.4506,1,0,0,0
2019+,G,180,22,2019-06-18,False,3.3992,-39.2328,0.3297,14.9344,-9.3415,-6.4389,-36.3907,10,0.0,0.2,0,0,0,0
2019+,G,180,23,2019-06-25,False,3.6606,-54.7507,0.2882,15.2867,-29.5437,-6.1995,-38.3512,10,1.0,0.4,0,0,0,0
2019+,G,180,24,2019-07-02,False,11.3108,-26.5084,0.6147,14.9811,-24.254,7.9542,-26.5084,10,1.0,0.5,0,0,1,0
2019+,G,180,25,2019-07-09,False,10.5419,-35.8694,0.6009,15.7668,-21.507,5.8681,-35.8694,10,1.0,0.5,0,0,1,0
2019+,G,180,26,2019-07-16,False,6.4141,-34.5691,0.4047,9.9654,-25.5814,3.2161,-34.5691,10,1.0,0.495,1,0,1,0
2019+,G,180,27,2019-07-23,False,20.4069,-33.4504,0.9551,18.2094,-24.119,22.3955,-33.4504,10,1.0,0.5933,1,0,1,0
2019+,G,180,28,2019-07-30,True,11.6255,-34.7601,0.5984,11.8554,-28.812,11.38,-34.7601,10,1.0,0.4933,1,0,2,0
2019+,G,180,29,2019-08-06,False,3.6391,-35.8513,0.2706,2.6807,-32.3102,4.5067,-35.8513,10,1.0,0.5,0,0,1,0
2019+,G,180,30,2019-08-14,False,22.3899,-34.9769,0.9494,42.3859,-25.4856,8.1477,-34.9769,10,1.5,0.7,0,0,2,0
2019+,G,180,31,2019-08-22,False,27.4586,-29.9429,1.0979,35.2277,-22.0234,21.3594,-29.9429,10,1.7519,0.78,1,0,1,0
2019+,G,180,32,2019-08-29,False,16.4843,-32.799,0.7603,12.275,-28.4479,20.6009,-32.799,10,1.2778,0.66,2,0,1,0
2019+,G,180,33,2019-09-06,False,27.663,-31.4652,1.1199,41.0846,-31.4652,18.5715,-21.6158,10,1.2857,0.7,0,0,1,0
2019+,G,180,34,2019-09-16,False,15.7526,-28.8266,0.7059,16.3824,-28.0708,16.7259,-28.8266,10,1.3153,0.7,0,0,0,0
2019+,G,180,35,2019-09-23,True,21.0786,-39.9508,0.8169,21.854,-39.9508,21.9372,-28.0737,10,1.5,0.8,0,0,0,0
2019+,G,250,0,2019-01-04,True,22.697,-49.3237,0.8661,45.7657,-49.3237,2.8937,-22.7427,8,1.0,0.5,0,0,0,0
2019+,G,250,1,2019-01-11,False,9.9431,-43.3972,0.4891,13.7563,-43.3972,6.1871,-33.1214,8,1.0,0.625,0,0,0,0
2019+,G,250,2,2019-01-18,False,8.4001,-37.2849,0.453,17.6991,-37.2849,0.5556,-20.8021,8,1.0,0.5,0,0,0,0
2019+,G,250,3,2019-01-25,False,2.9291,-35.4111,0.2446,12.9006,-35.4111,-5.91,-32.4264,8,0.9762,0.494,1,0,0,0
2019+,G,250,4,2019-02-01,False,4.4521,-44.1498,0.3222,16.4964,-44.1498,-6.8138,-31.2267,8,0.8467,0.325,2,0,0,0
2019+,G,250,5,2019-02-08,False,12.5139,-37.696,0.6939,33.8605,-33.8012,-6.1078,-33.2183,8,1.0,0.375,0,0,0,0
2019+,G,250,6,2019-02-15,False,1.3831,-26.5668,0.1709,2.7345,-26.5668,0.0,0.0,8,0.0,0.125,0,0,0,0
2019+,G,250,7,2019-02-22,False,3.8621,-23.9193,0.4189,7.7456,-23.9193,0.0,0.0,8,0.0,0.125,0,0,0,0
2019+,G,250,8,2019-03-01,False,5.8262,-22.0362,0.588,11.8243,-22.0362,0.0,0.0,8,0.0,0.125,0,0,0,0
2019+,G,250,9,2019-03-11,False,10.1723,-27.2867,0.6916,9.6906,-25.3702,10.633,-27.2867,8,0.5,0.375,0,0,0,0
2019+,G,250,10,2019-03-18,True,0.4056,-53.399,0.1331,-3.8858,-53.399,6.7629,-25.2223,8,1.0,0.5,0,0,0,0
2019+,G,250,11,2019-03-26,False,23.9682,-62.2959,0.8554,12.6119,-62.2959,38.8334,-28.9949,8,2.0,0.875,0,0,0,0
2019+,G,250,12,2019-04-02,False,7.9264,-34.7678,0.4832,-4.2598,-31.8976,23.5018,-34.7678,8,1.5,0.625,0,0,1,0
2019+,G,250,13,2019-04-09,False,13.6899,-30.2824,0.7419,-0.7019,-30.2824,31.9643,-30.0057,8,1.5,0.625,0,0,2,0
2019+,G,250,14,2019-04-16,False,24.1434,-33.4925,1.0457,11.171,-33.4925,41.1206,-31.6409,8,2.0,0.75,0,0,2,0
2019+,G,250,15,2019-04-25,False,24.7888,-34.3473,1.2142,7.011,-17.3064,45.0665,-34.3473,8,1.0,0.625,0,0,2,0
2019+,G,250,16,2019-05-06,False,36.5729,-32.1691,1.4814,36.1545,-22.5872,36.8575,-32.1691,8,1.3421,0.7321,1,0,2,0
2019+,G,250,17,2019-05-13,False,32.3099,-32.69,1.274,35.7375,-23.5391,28.9597,-32.69,8,1.4667,0.7417,1,0,2,0
2019+,G,250,18,2019-05-20,False,27.1502,-34.2689,1.0934,20.7687,-20.7843,33.5383,-34.2689,8,1.5,0.75,0,0,2,0
2019+,G,250,19,2019-05-27,False,24.9023,-37.074,1.0153,24.0878,-29.137,25.6078,-37.074,8,1.381,0.7334,2,0,2,0
2019+,G,250,20,2019-06-03,True,27.2384,-33.1627,1.0945,19.255,-24.2105,35.2688,-33.1627,8,1.3688,0.7396,1,0,2,0
2019+,G,250,21,2019-06-11,False,28.0046,-28.6519,1.1158,20.0314,-28.6519,35.9668,-28.4676,8,1.3943,0.7426,1,0,2,0
2019+,G,250,22,2019-06-18,False,21.1816,-33.2056,0.9176,9.3986,-33.2056,33.3975,-30.4121,8,1.4019,0.7434,1,0,1,0
2019+,G,250,23,2019-06-25,False,15.3863,-32.5601,0.7117,10.2109,-32.5601,20.4181,-30.7186,8,1.4775,0.7446,1,0,0,0
2019+,G,250,24,2019-07-02,False,24.3501,-37.2176,0.9867,12.9623,-33.749,37.7816,-37.2176,8,2.0,0.875,0,0,2,0
2019+,G,250,25,2019-07-09,False,30.2742,-38.3715,1.0481,31.1109,-29.4692,30.0164,-38.3715,8,1.8375,0.85,1,0,1,0
2019+,G,250,26,2019-07-16,False,20.6369,-27.3197,0.9582,4.4331,-24.9445,38.0834,-27.3197,8,1.4444,0.7417,1,0,0,0
2019+,G,250,27,2019-07-23,False,28.5983,-35.8694,1.2062,42.6151,-32.6271,18.6641,-35.8694,8,1.4688,0.7422,1,0,0,0
2019+,G,250,28,2019-07-30,False,30.5084,-36.5962,1.2117,37.1149,-35.3633,26.3566,-34.5691,8,1.475,0.7438,1,0,0,0
2019+,G,250,29,2019-08-06,True,5.1689,-45.2066,0.3379,-1.9691,-35.2198,13.5768,-33.4504,8,1.5,0.7321,2,0,0,0
2019+,G,250,30,2019-08-14,False,10.804,-43.515,0.5802,8.7057,-32.5846,14.1133,-34.7601,8,1.0,0.5,0,0,1,0
2019+,G,250,31,2019-08-22,False,29.2471,-46.3415,1.0928,21.6145,-37.638,38.2857,-35.8513,8,2.0,0.75,0,0,0,0
2019+,G,250,32,2019-08-29,False,43.7283,-34.9769,1.5107,43.6248,-30.6832,46.2385,-34.9769,7,2.0,0.8571,0,0,1,0
2019+,G,250,33,2019-09-06,False,23.4313,-29.9429,1.0575,30.4378,-23.8591,19.9436,-29.9429,7,2.0,0.7143,0,0,0,0
2019+,G,250,34,2019-09-16,False,22.0034,-42.6724,0.8944,33.4209,-27.6958,15.1099,-42.6724,7,2.0,0.8571,0,0,0,0
2019+,G,250,35,2019-09-23,False,13.3381,-39.9508,0.6235,7.8603,-39.9508,18.3065,-32.3302,7,1.0,0.5619,1,0,0,0
2019+,G,250,36,2019-09-30,False,14.5512,-44.1602,0.6655,14.9902,-35.1404,15.8846,-39.9607,7,1.9253,0.8476,1,0,1,0
2019+,G,250,37,2019-10-09,False,7.6998,-38.8016,0.4482,12.6692,-32.3102,3.5711,-38.8016,7,1.0,0.5714,0,0,0,0
2019+,G,250,38,2019-10-16,False,3.5384,-43.2435,0.2698,15.8864,-43.2435,-5.9969,-37.8327,7,1.0,0.5714,0,0,0,0
2019+,G,250,39,2019-10-24,True,22.369,-41.614,1.0228,33.8256,-41.614,15.1416,-18.7595,7,1.0,0.5714,0,0,0,0
2019+,G,250,40,2019-11-01,False,25.4241,-19.1899,1.3218,13.2889,-19.1899,38.9381,-18.8123,7,1.0,0.4286,0,0,0,0
2019+,G,250,41,2019-11-08,False,21.9303,-26.4168,1.0405,18.6443,-26.4168,25.9556,-18.8979,7,1.0,0.5714,0,0,0,0
2019+,G,250,42,2019-11-18,False,20.8915,-54.5007,0.7781,37.0553,-54.5007,8.839,-20.5829,7,1.0,0.4286,0,0,0,0
2019+,G,250,43,2019-11-25,False,25.8983,-53.4239,0.9863,27.5931,-53.4239,26.1827,-31.0681,7,1.0,0.7143,0,0,0,0
2019+,G,250,44,2019-12-02,False,23.7117,-38.3831,1.0106,35.0604,-37.264,16.2054,-38.3831,7,1.0,0.7143,0,0,0,0
2019+,G,250,45,2019-12-09,False,28.9083,-37.4939,1.1984,34.399,-37.4939,25.9641,-20.6916,7,1.0,0.5714,0,0,0,0
2019+,G,250,46,2019-12-16,False,22.4506,-41.2984,0.9313,23.6938,-41.2984,24.2596,-24.807,7,1.0,0.5714,0,0,0,0
2019+,G,250,47,2019-12-23,False,22.0899,-36.6336,1.0474,40.4062,-36.6336,9.0042,-14.5744,7,1.0,0.4286,0,0,0,0
2019+,G,250,48,2019-12-31,False,17.6973,-28.8481,0.8471,20.4909,-28.8481,16.0318,-26.2204,7,1.0,0.5714,0,0,0,0
2019+,G,250,49,2020-01-07,True,6.2072,-62.7023,0.3597,10.013,-62.7023,4.1791,-20.6864,7,1.0,0.5556,1,0,0,0
2019+,B,30,0,2019-01-04,True,24.147,-47.8894,0.9207,27.0506,-47.8894,21.9382,-39.6731,64,1.4694,0.9197,4,0,1,0
2019+,B,30,1,2019-01-11,True,23.6362,-41.7463,0.9152,17.5822,-41.7463,31.7928,-36.2354,64,1.5811,0.9341,6,0,0,0
2019+,B,30,2,2019-01-18,True,24.1081,-41.8146,0.9404,16.9081,-41.8146,33.6482,-36.9547,64,1.5687,0.9188,4,0,1,0
2019+,B,30,3,2019-01-25,True,27.4199,-41.4733,1.0305,30.0425,-39.6888,26.3363,-41.4733,64,1.5277,0.9512,5,0,1,0
2019+,B,30,4,2019-02-01,True,35.8375,-57.2343,1.2233,64.7998,-40.152,13.5223,-57.2343,63,1.5253,0.9513,2,0,2,0
2019+,B,30,5,2019-02-08,True,18.1135,-55.681,0.7406,32.142,-43.8163,6.2901,-55.681,63,1.6129,0.9517,1,0,1,0
2019+,B,60,0,2019-01-04,True,28.0775,-45.1654,1.088,36.6841,-28.5366,20.2948,-45.1654,32,1.968,0.8727,2,0,1,0
2019+,B,60,1,2019-01-11,False,17.7696,-67.0614,0.7188,14.9446,-67.0614,22.1537,-36.4387,32,1.9344,0.9369,1,0,1,0
2019+,B,60,2,2019-01-18,True,13.8969,-49.7903,0.6129,5.1601,-49.7903,25.3047,-33.6521,32,2.0,0.9369,1,0,2,0
2019+,B,60,3,2019-01-25,False,25.888,-43.8981,0.9853,19.9618,-43.8981,34.141,-35.818,32,1.8849,0.9656,3,0,1,0
2019+,B,60,4,2019-02-01,True,23.5412,-44.6732,0.9313,25.8868,-44.6732,23.9205,-35.1231,32,1.8635,0.9367,1,0,2,0
2019+,B,60,5,2019-02-08,False,25.0944,-45.178,0.9826,25.1915,-45.178,26.5431,-37.1486,32,1.7911,0.9056,1,0,1,0
2019+,B,60,6,2019-02-15,False,12.9589,-51.5432,0.5825,11.5932,-48.729,16.1064,-51.5432,32,1.9589,0.9655,3,0,1,0
2019+,B,60,7,2019-02-22,True,30.4674,-40.6833,1.1337,24.2542,-40.6833,39.2424,-36.5353,32,1.8899,0.9302,6,0,0,0
2019+,B,60,8,2019-03-01,False,26.3612,-42.388,1.0031,20.8224,-42.388,33.6949,-38.8879,32,1.884,0.8978,3,0,0,0
2019+,B,60,9,2019-03-11,True,26.2906,-39.3751,1.0087,29.172,-38.0499,24.9476,-39.3751,32,2.0,0.9369,1,0,0,0
2019+,B,60,10,2019-03-18,False,42.8103,-41.4492,1.3687,64.9163,-37.9283,24.7861,-41.4492,31,1.95,0.9665,1,0,2,0
2019+,B,60,11,2019-03-26,True,22.0093,-44.3297,0.838,34.3461,-42.8372,11.6139,-44.3297,31,2.0,0.9971,2,0,1,0
2019+,B,90,0,2019-01-04,True,15.0634,-48.1729,0.6688,9.7804,-45.6258,22.2151,-48.1729,22,1.9709,0.8599,3,0,1,0
2019+,B,90,1,2019-01-11,False,23.7993,-36.7374,0.9649,17.3524,-36.7374,32.6695,-30.9103,22,1.9454,0.8578,4,0,1,0
2019+,B,90,2,2019-01-18,False,6.4186,-45.2962,0.3681,-0.5103,-45.2962,15.901,-40.5648,22,1.9881,0.9081,1,0,1,0
2019+,B,90,3,2019-01-25,True,21.331,-43.9209,0.8589,29.136,-43.9209,15.3044,-41.8796,22,1.9578,0.9503,3,0,1,0
2019+,B,90,4,2019-02-01,False,34.3631,-38.8183,1.2092,53.0235,-31.439,19.1796,-38.8183,21,2.0,0.9524,0,0,2,0
2019+,B,90,5,2019-02-08,False,21.4741,-44.1648,0.8952,37.2509,-25.3709,8.3335,-44.1648,21,1.95,0.9007,2,0,2,0
2019+,B,90,6,2019-02-15,False,18.0913,-47.7372,0.734,23.821,-47.7372,14.1166,-40.6746,21,2.0,0.997,1,0,1,0
2019+,B,90,7,2019-02-22,True,16.0178,-56.9598,0.6692,5.9028,-56.9598,29.3923,-36.5478,21,2.0,0.998,2,0,1,0
2019+,B,90,8,2019-03-01,False,27.8358,-40.7616,1.0473,21.094,-40.7616,36.553,-35.8351,21,2.0,0.999,1,0,2,0
2019+,B,90,9,2019-03-11,False,30.6698,-40.0368,1.1607,31.8432,-37.4939,31.0699,-40.0368,21,2.0,0.9511,1,0,2,0
2019+,B,90,10,2019-03-18,True,33.759,-44.0555,1.1934,45.6531,-44.0555,24.0563,-38.6347,21,2.0,0.9969,2,0,3,0
2019+,B,90,11,2019-03-26,False,24.018,-44.1563,0.9052,29.2375,-42.4112,19.9106,-44.1563,21,2.0,0.9981,1,0,2,0
2019+,B,90,12,2019-04-02,False,32.3532,-37.619,1.2528,32.9975,-32.8365,32.5686,-37.619,21,1.8796,0.9032,1,0,4,0
2019+,B,90,13,2019-04-09,False,13.0322,-71.4353,0.5778,0.4928,-71.4353,28.4677,-32.3769,21,1.9167,0.9484,1,0,3,0
2019+,B,90,14,2019-04-16,True,25.058,-49.3237,0.9293,21.5817,-49.3237,30.0204,-30.7264,21,1.8428,0.8452,2,0,1,0
2019+,B,90,15,2019-04-25,False,22.2463,-48.4031,0.8677,13.4731,-48.4031,33.2566,-32.2239,21,2.0,0.9512,1,0,1,0
2019+,B,90,16,2019-05-06,False,32.6648,-42.6626,1.1471,23.9107,-42.6626,45.0311,-28.8833,21,2.0,0.9048,0,0,0,0
2019+,B,90,17,2019-05-13,True,21.3891,-48.822,0.8366,14.0856,-48.822,30.5106,-30.2337,21,2.0,0.9513,1,0,0,0
2019+,B,100,0,2019-01-04,True,26.8215,-32.3164,1.12,27.2703,-31.5527,27.609,-28.2167,20,1.8667,0.7983,1,0,4,0
2019+,B,100,1,2019-01-11,False,22.999,-36.8226,0.9953,21.6315,-35.9326,26.0347,-30.4993,20,2.0,0.85,0,0,4,0
2019+,B,100,2,2019-01-18,False,22.2617,-54.5007,0.861,20.1165,-54.5007,26.3135,-36.8414,19,2.0,0.9474,0,0,4,0
2019+,B,100,3,2019-01-25,False,19.5281,-56.9598,0.7756,11.5537,-56.9598,30.3956,-32.9871,19,2.0,1.0,0,0,2,0
2019+,B,100,4,2019-02-01,True,30.4625,-40.6736,1.1346,30.7277,-40.6736,32.2884,-29.9328,19,2.0,0.9847,3,0,3,0
2019+,B,100,5,2019-02-08,False,24.4273,-37.4939,0.9751,21.2267,-37.4939,29.4361,-36.1544,19,2.0,0.9474,0,0,3,0
2019+,B,100,6,2019-02-15,False,23.3227,-44.0555,0.9216,15.7139,-44.0555,33.663,-38.4408,19,2.0,0.9955,2,0,3,0
2019+,B,100,7,2019-02-22,False,27.5685,-41.0363,1.0369,27.0481,-41.0363,30.0341,-32.5732,19,2.0,0.9979,1,0,3,0
2019+,B,100,8,2019-03-01,True,27.7458,-46.6562,1.0821,34.2047,-30.0504,22.7326,-46.6562,19,2.0,0.9474,0,0,2,0
2019+,B,100,9,2019-03-11,False,20.1256,-69.9485,0.7838,17.338,-69.9485,24.5622,-47.2216,19,2.0,0.9444,2,0,2,0
2019+,B,100,10,2019-03-18,False,24.3155,-58.3834,0.8854,18.1573,-58.3834,32.3326,-32.5888,19,1.9167,0.9989,1,0,0,0
2019+,B,100,11,2019-03-26,True,24.1195,-60.3485,0.9145,10.8636,-60.3485,40.1389,-32.3262,19,1.9725,0.9449,2,0,0,0
2019+,B,100,12,2019-04-02,False,22.8509,-42.6626,0.8637,14.0731,-42.6626,33.2012,-32.6219,19,2.0,0.8936,1,0,0,0
2019+,B,100,13,2019-04-09,False,7.3636,-57.0082,0.3979,2.9322,-57.0082,13.2131,-43.1476,19,2.0,0.998,2,0,0,0
2019+,B,100,14,2019-04-16,False,15.4964,-45.6258,0.6688,10.9702,-45.6258,21.5179,-44.7958,19,2.0,0.8947,0,0,0,0
2019+,B,100,15,2019-04-25,True,18.5246,-46.423,0.7537,18.9353,-41.9716,19.6742,-46.423,19,1.9251,0.9416,2,0,0,0
2019+,B,100,16,2019-05-06,False,16.9169,-39.7396,0.7273,17.4725,-38.1988,19.07,-39.7396,19,2.0,0.8934,1,0,0,0
2019+,B,100,17,2019-05-13,False,27.9745,-40.75,1.0607,41.4746,-33.1123,17.3674,-40.75,19,2.0,0.8947,0,0,0,0
2019+,B,100,18,2019-05-20,False,29.3485,-39.4701,1.0542,39.7249,-38.1003,20.8586,-39.4701,19,2.0,0.9442,2,0,2,0
2019+,B,100,19,2019-05-27,True,16.0763,-39.166,0.6895,15.7071,-39.166,17.5712,-38.0495,19,1.95,0.9353,6,0,2,0
2019+,B,180,0,2019-01-04,True,21.1667,-34.3521,0.9623,17.0668,-24.1333,26.9657,-34.3521,11,1.8519,0.8145,1,0,1,0
2019+,B,180,1,2019-01-11,False,22.3301,-34.8733,1.0518,15.3132,-21.4892,31.8787,-34.8733,11,1.7692,0.8182,0,0,1,0
2019+,B,180,2,2019-01-18,False,14.2096,-43.2435,0.6724,4.2261,-43.2435,27.5688,-35.1425,11,1.9326,0.9091,0,0,2,0
2019+,B,180,3,2019-01-25,False,24.4043,-41.614,0.9354,31.6776,-41.614,18.9038,-39.7918,11,1.9762,0.9933,2,0,2,0
2019+,B,180,4,2019-02-01,False,23.5561,-38.5431,1.0093,22.0694,-29.5803,27.1696,-38.5431,11,1.7551,0.9091,0,0,3,0
2019+,B,180,5,2019-02-08,False,22.785,-41.0662,1.0286,19.8741,-22.7031,27.4586,-41.0662,11,1.8276,0.815,1,0,3,0
2019+,B,180,6,2019-02-15,False,27.6861,-54.5007,0.9946,32.7444,-54.5007,24.4534,-40.6376,11,1.9375,0.9943,1,0,2,0
2019+,B,180,7,2019-02-22,True,25.4103,-53.4239,0.9215,10.2195,-53.4239,45.3977,-36.4994,11,1.9616,0.9962,2,0,2,0
2019+,B,180,8,2019-03-01,False,36.5907,-40.4881,1.2693,33.2055,-40.4881,41.5955,-35.5073,11,1.8715,1.0,0,0,2,0
2019+,B,180,9,2019-03-11,False,29.134,-40.0573,1.1425,29.9474,-37.4939,29.8847,-40.0573,11,1.8368,0.9091,0,0,2,0
2019+,B,180,10,2019-03-18,False,34.8287,-42.9665,1.2161,40.4619,-42.9665,30.7717,-38.9689,11,1.7492,0.9964,1,0,2,0
2019+,B,180,11,2019-03-26,False,25.2916,-45.9886,0.9291,34.0604,-40.0685,17.9614,-45.9886,11,2.0,0.9964,1,0,2,0
2019+,B,180,12,2019-04-02,False,27.8554,-42.9851,1.1733,26.1892,-32.8365,30.4009,-42.9851,11,1.8068,0.8152,1,0,2,0
2019+,B,180,13,2019-04-09,False,17.1897,-69.0325,0.6786,8.3423,-69.0325,28.0954,-37.2585,11,2.0,1.0,0,0,2,0
2019+,B,180,14,2019-04-16,True,29.186,-49.3237,1.005,34.3706,-49.3237,25.6092,-38.7578,11,2.0,0.9091,0,0,1,0
2019+,B,180,15,2019-04-25,False,15.892,-43.8981,0.695,5.2542,-43.8981,29.0903,-36.457,11,1.8462,0.9068,1,0,0,0
2019+,B,180,16,2019-05-06,False,22.9807,-42.6626,0.9142,14.7495,-42.6626,34.6068,-31.4512,11,2.0,0.9091,0,0,0,0
2019+,B,180,17,2019-05-13,False,21.9254,-44.1622,0.8974,22.6709,-44.1622,23.1526,-36.0032,11,2.0,0.9071,1,0,0,0
2019+,B,180,18,2019-05-20,False,12.434,-45.6258,0.5745,10.735,-45.6258,15.9829,-43.7162,11,1.8347,0.9052,2,0,0,0
2019+,B,180,19,2019-05-27,False,29.3676,-41.6509,1.0854,27.4128,-41.6509,33.4809,-32.3784,11,1.95,0.8991,3,0,0,0
2019+,B,180,20,2019-06-03,False,22.7509,-38.1988,0.8346,30.9676,-38.1988,17.4269,-32.6235,11,1.9459,0.9072,1,0,0,0
2019+,B,180,21,2019-06-11,True,22.5648,-33.2623,0.8882,33.1666,-33.1123,15.6427,-33.2623,11,2.0,0.9074,1,0,0,0
2019+,B,180,22,2019-06-18,False,31.545,-41.2596,1.0689,50.6797,-41.2596,17.5054,-35.7139,10,2.0,1.0,0,0,0,0
2019+,B,180,23,2019-06-25,False,14.8958,-42.3886,0.6435,23.3879,-40.2279,8.767,-37.7944,10,2.0,0.995,1,0,0,0
2019+,B,180,24,2019-07-02,False,20.1786,-41.2316,0.7867,28.0008,-41.2316,14.6771,-33.8875,10,2.0,1.0,0,0,1,0
2019+,B,180,25,2019-07-09,False,21.0713,-41.2316,0.8256,23.4414,-41.2316,20.2195,-31.8729,10,2.0,1.0,0,0,1,0
2019+,B,180,26,2019-07-16,False,26.0982,-41.2316,0.9769,20.7944,-41.2316,32.1892,-31.1963,10,1.9882,0.998,1,0,2,0
2019+,B,180,27,2019-07-23,False,37.1695,-41.2316,1.2833,37.1023,-41.2316,38.4378,-30.7549,10,2.0,0.9973,1,0,1,0
2019+,B,180,28,2019-07-30,True,35.0801,-41.2316,1.2283,38.6788,-41.2316,32.4616,-32.2599,10,2.0,0.9975,1,0,2,0
2019+,B,180,29,2019-08-06,False,16.278,-64.176,0.6631,7.2854,-64.176,25.792,-36.5903,10,2.0,1.0,0,0,1,0
2019+,B,180,30,2019-08-14,False,28.8949,-41.2316,1.0659,26.0672,-41.2316,32.8792,-33.9276,10,1.9574,1.0,0,0,2,0
2019+,B,180,31,2019-08-22,False,31.116,-30.2655,1.3029,29.1123,-22.595,33.5518,-30.2655,10,1.7466,0.8917,1,0,1,0
2019+,B,180,32,2019-08-29,False,32.3079,-30.948,1.3843,26.0061,-19.7354,38.6462,-30.948,10,1.6114,0.775,2,0,1,0
2019+,B,180,33,2019-09-06,False,23.8152,-41.2316,0.8982,20.6883,-41.2316,27.6176,-30.0022,10,2.0,1.0,0,0,1,0
2019+,B,180,34,2019-09-16,False,28.2976,-33.4579,1.0782,21.5552,-33.4579,35.4262,-31.9758,10,1.8509,0.9,0,0,0,0
2019+,B,180,35,2019-09-23,True,18.8115,-39.9508,0.7457,10.043,-39.9508,28.2743,-32.9216,10,1.9149,1.0,0,0,0,0
2019+,B,250,0,2019-01-04,True,33.076,-49.3237,1.1126,37.875,-49.3237,28.813,-34.2369,8,2.0,0.875,0,0,0,0
2019+,B,250,1,2019-01-11,False,16.53,-43.8981,0.736,11.6606,-43.8981,22.5034,-36.519,8,2.0,0.875,0,0,0,0
2019+,B,250,2,2019-01-18,False,16.3812,-42.6626,0.7042,18.0162,-42.6626,15.8013,-30.9472,8,2.0,0.875,0,0,0,0
2019+,B,250,3,2019-01-25,False,23.5486,-44.1622,0.9129,28.7728,-44.1622,19.0589,-32.8471,8,1.9907,0.9977,1,0,0,0
2019+,B,250,4,2019-02-01,False,28.0655,-45.5262,1.0375,36.8134,-45.5262,21.3117,-26.8973,8,2.0,0.9688,2,0,1,0
2019+,B,250,5,2019-02-08,False,24.2434,-35.6486,0.9775,34.6283,-35.6486,16.424,-28.032,8,2.0,0.875,0,0,1,0
2019+,B,250,6,2019-02-15,False,27.4045,-42.4423,1.0073,35.095,-42.4423,21.8875,-25.4791,8,2.0,1.0,0,0,2,0
2019+,B,250,7,2019-02-22,False,35.2529,-41.0785,1.2345,47.7983,-41.0785,25.4282,-29.3658,8,2.0,1.0,0,0,1,0
2019+,B,250,8,2019-03-01,False,40.3371,-35.3262,1.3038,61.7456,-35.3262,23.0584,-28.1088,8,2.0,1.0,0,0,1,0
2019+,B,250,9,2019-03-11,False,24.2098,-35.4627,1.0575,24.2287,-35.4627,25.9998,-24.7781,8,1.9792,0.8698,2,0,1,0
2019+,B,250,10,2019-03-18,True,32.309,-45.8503,1.1767,34.7793,-45.8503,31.7779,-26.492,8,2.0,1.0,0,0,1,0
2019+,B,250,11,2019-03-26,False,20.7325,-64.951,0.7767,13.1411,-64.951,30.8352,-27.5345,8,2.0,1.0,0,0,1,0
2019+,B,250,12,2019-04-02,False,30.055,-33.1157,1.2416,35.8965,-33.1157,26.4614,-28.882,8,1.9524,0.875,0,0,3,0
2019+,B,250,13,2019-04-09,False,17.3945,-63.1563,0.6869,12.5646,-63.1563,24.5028,-29.2262,8,2.0,1.0,0,0,3,0
2019+,B,250,14,2019-04-16,False,38.6017,-32.3969,1.4349,39.5735,-32.3969,40.0342,-32.0415,8,1.8504,0.875,0,0,3,0
2019+,B,250,15,2019-04-25,False,36.973,-32.4565,1.4198,38.5093,-32.4565,38.2583,-32.011,8,1.834,0.875,0,0,3,0
2019+,B,250,16,2019-05-06,False,41.0839,-34.3471,1.5799,39.7928,-29.0324,44.5339,-34.3471,8,1.7674,0.8672,1,0,2,0
2019+,B,250,17,2019-05-13,False,37.6911,-33.2572,1.4565,33.2652,-32.857,43.7907,-33.2572,8,1.9,0.875,0,0,2,0
2019+,B,250,18,2019-05-20,False,33.9829,-31.4443,1.3516,28.0597,-27.8391,41.6137,-31.4443,8,1.8089,0.875,0,0,2,0
2019+,B,250,19,2019-05-27,False,23.8936,-36.0032,1.0393,15.9483,-35.5981,33.4821,-36.0032,8,1.8092,0.866,2,0,2,0
2019+,B,250,20,2019-06-03,True,32.3062,-35.5465,1.2682,24.2225,-35.5465,41.5539,-33.7148,8,1.8061,0.8682,2,0,2,0
2019+,B,250,21,2019-06-11,False,31.3215,-32.8849,1.28,18.2989,-32.8849,46.3049,-32.3784,8,1.777,0.8722,1,0,2,0
2019+,B,250,22,2019-06-18,False,25.95,-41.2316,0.9514,11.4075,-41.2316,42.0823,-32.6235,8,1.8768,0.9973,1,0,1,0
2019+,B,250,23,2019-06-25,False,19.1091,-41.2316,0.7635,6.4896,-41.2316,33.0437,-33.2623,8,1.9906,0.9976,1,0,0,0
2019+,B,250,24,2019-07-02,False,18.3698,-41.2316,0.7567,5.5133,-41.2316,33.2049,-37.3458,8,2.0,1.0,0,0,2,0
2019+,B,250,25,2019-07-09,False,23.7228,-41.2316,0.8975,17.2062,-41.2316,30.7227,-37.9125,8,1.8644,0.9896,1,0,1,0
2019+,B,250,26,2019-07-16,False,18.9547,-41.2316,0.7906,1.8292,-41.2316,37.82,-33.277,8,1.9774,0.9972,1,0,1,0
2019+,B,250,27,2019-07-23,False,24.5767,-41.2316,0.9513,27.9191,-41.2316,22.5066,-39.6685,8,2.0,0.995,1,0,1,0
2019+,B,250,28,2019-07-30,False,28.8448,-41.6045,1.0587,32.1537,-41.2316,26.7319,-41.6045,8,2.0,0.9974,1,0,1,0
2019+,B,250,29,2019-08-06,True,3.0981,-64.176,0.2598,-9.8808,-64.176,17.6848,-40.8554,8,2.0,0.9891,2,0,1,0
2019+,B,250,30,2019-08-14,False,13.3496,-41.2316,0.5999,12.7546,-41.2316,15.0663,-33.1867,8,2.0,1.0,0,0,1,0
2019+,B,250,31,2019-08-22,False,36.402,-36.3769,1.3966,27.8009,-34.4748,46.3862,-31.5959,8,2.0,0.875,0,0,0,0
2019+,B,250,32,2019-08-29,False,45.5406,-33.0971,1.6468,40.1913,-33.0971,52.5159,-31.0821,7,1.8824,0.8571,0,0,1,0
2019+,B,250,33,2019-09-06,False,20.8894,-42.5493,0.8148,30.6529,-41.2316,14.5005,-42.5493,7,1.907,1.0,0,0,0,0
2019+,B,250,34,2019-09-16,False,20.8981,-38.2563,0.9161,32.4548,-29.5738,13.4071,-38.2563,7,1.9375,0.8571,0,0,0,0
2019+,B,250,35,2019-09-23,False,31.7902,-39.9508,1.102,33.4205,-39.9508,31.984,-39.2254,7,1.9189,0.9961,1,0,0,0
2019+,B,250,36,2019-09-30,False,22.2912,-39.8649,1.006,27.1058,-26.1055,20.0063,-39.8649,7,1.9286,0.8536,1,0,1,0
2019+,B,250,37,2019-10-09,False,17.5178,-40.3278,0.7943,14.6331,-27.5163,21.8977,-40.3278,7,1.9355,0.8571,0,0,0,0
2019+,B,250,38,2019-10-16,False,19.3702,-43.2435,0.794,12.2108,-43.2435,27.2165,-36.2422,7,1.9459,1.0,0,0,0,0
2019+,B,250,39,2019-10-24,True,33.6304,-41.614,1.2335,37.8157,-41.614,31.752,-32.3959,7,1.85,0.9929,1,0,0,0
2019+,B,250,40,2019-11-01,False,21.5848,-33.3618,1.0636,13.8002,-19.1899,30.0187,-33.3618,7,1.0,0.7143,0,0,0,0
2019+,B,250,41,2019-11-08,False,19.9179,-37.3003,0.9021,19.2906,-24.8674,21.4007,-37.3003,7,1.9091,0.8537,1,0,1,0
2019+,B,250,42,2019-11-18,False,27.5869,-54.5007,0.8761,35.6116,-54.5007,22.0721,-39.345,7,2.0,1.0,0,0,1,0
2019+,B,250,43,2019-11-25,False,27.9599,-53.4239,0.996,25.1537,-53.4239,31.7142,-33.8124,7,2.0,1.0,0,0,0,0
2019+,B,250,44,2019-12-02,False,29.5599,-43.7048,1.0981,48.1314,-40.4881,17.3178,-43.7048,7,2.0,0.9943,1,0,1,0
2019+,B,250,45,2019-12-09,False,25.2427,-38.2204,0.9833,40.1671,-37.4939,15.718,-38.2204,7,2.0,1.0,0,0,1,0
2019+,B,250,46,2019-12-16,False,23.628,-42.9665,0.8937,28.8228,-42.9665,22.3108,-40.0604,7,2.0,1.0,0,0,0,0
2019+,B,250,47,2019-12-23,False,33.0505,-45.5995,1.1737,60.6929,-40.0685,15.4016,-45.5995,7,2.0,1.0,0,0,0,0
2019+,B,250,48,2019-12-31,False,15.7907,-49.2305,0.7573,20.5029,-29.5803,12.9744,-49.2305,7,1.8095,0.8514,1,0,0,0
2019+,B,250,49,2020-01-07,True,13.8079,-67.0614,0.5806,12.1639,-67.0614,15.6986,-50.6685,7,2.0,0.9951,1,0,0,0
2019+,H,30,0,2019-01-04,True,11.339,-59.9627,0.5118,12.3194,-54.6183,11.3466,-59.6226,64,1.6542,0.9464,4,0,1,0
2019+,H,30,1,2019-01-11,True,0.6315,-62.9983,0.1754,-2.1971,-50.6505,4.7542,-62.9983,64,1.7001,0.951,2,0,0,0
2019+,H,30,2,2019-01-18,True,16.6114,-51.2343,0.6559,10.9868,-50.8556,23.8183,-49.9774,64,1.6139,0.8949,6,0,0,0
2019+,H,30,3,2019-01-25,True,6.2133,-52.6003,0.3552,0.6764,-49.0843,13.8971,-52.6003,64,1.6699,0.9442,5,1,0,0
2019+,H,30,4,2019-02-01,True,11.5132,-60.4515,0.516,12.676,-51.1302,13.4997,-53.1187,63,1.6576,0.9365,0,0,1,0
2019+,H,30,5,2019-02-08,True,23.2831,-60.8302,0.8432,33.6599,-56.2781,15.0446,-49.6959,63,1.6,0.9664,3,0,1,0
2019+,H,60,0,2019-01-04,True,21.3306,-56.4038,0.8139,27.1415,-38.5416,16.4947,-56.4038,32,2.0,0.9316,2,0,1,0
2019+,H,60,1,2019-01-11,False,10.1024,-63.408,0.4838,13.0316,-51.9421,8.1202,-63.408,32,2.0,0.9046,1,0,1,0
2019+,H,60,2,2019-01-18,True,11.9926,-52.4014,0.5455,7.0516,-52.4014,18.3881,-44.7125,32,1.9065,0.8969,3,0,0,0
2019+,H,60,3,2019-01-25,False,12.3637,-54.8904,0.5444,4.2727,-54.8904,23.1827,-32.0544,32,1.9161,0.9555,3,1,0,0
2019+,H,60,4,2019-02-01,True,20.5418,-60.1649,0.7786,14.3914,-58.1199,30.9702,-35.2498,32,2.0,0.9375,0,0,1,0
2019+,H,60,5,2019-02-08,False,30.7211,-54.0214,1.0224,42.0378,-54.0214,22.418,-32.531,32,2.0,0.9635,2,0,1,0
2019+,H,60,6,2019-02-15,False,13.1616,-58.3956,0.5597,17.7227,-52.1545,10.1976,-53.2048,32,2.0,0.9611,2,0,1,0
2019+,H,60,7,2019-02-22,True,5.3243,-64.1063,0.3263,2.4106,-64.1063,10.6748,-50.5753,32,2.0,0.9974,1,0,0,0
2019+,H,60,8,2019-03-01,False,17.8569,-50.2417,0.6862,18.0425,-50.2417,19.1378,-50.0427,32,1.8787,0.875,5,0,0,0
2019+,H,60,9,2019-03-11,True,15.1257,-47.1361,0.6422,13.5154,-37.8456,17.8211,-47.1361,32,1.9722,0.9313,2,0,0,0
2019+,H,60,10,2019-03-18,False,24.4117,-46.0875,0.8951,24.4265,-36.1788,26.2444,-45.5,31,1.875,0.9355,0,0,1,0
2019+,H,60,11,2019-03-26,True,32.1981,-43.0596,1.0984,35.8609,-38.8948,29.6472,-43.0596,31,2.0,0.9636,2,0,1,0
2019+,H,90,0,2019-01-04,True,18.3743,-59.3583,0.742,30.9511,-42.7628,7.3959,-59.3583,22,1.9477,0.851,2,0,0,0
2019+,H,90,1,2019-01-11,False,15.625,-49.305,0.6353,22.182,-48.5215,11.3125,-49.305,22,2.0,0.9484,2,0,0,0
2019+,H,90,2,2019-01-18,False,14.3407,-48.3277,0.6291,22.7237,-46.4187,8.2854,-48.3277,22,1.9541,0.8705,4,0,0,0
2019+,H,90,3,2019-01-25,True,15.6329,-53.8332,0.6726,25.9848,-36.1562,7.5829,-53.8332,22,1.9643,0.8933,3,0,0,0
2019+,H,90,4,2019-02-01,False,26.324,-59.8495,0.9875,33.873,-52.0028,20.8384,-41.5163,21,2.0,0.9048,0,0,1,0
2019+,H,90,5,2019-02-08,False,29.1064,-55.9962,0.9972,37.3288,-55.9962,23.2543,-36.8637,21,2.0,0.8963,2,0,1,0
2019+,H,90,6,2019-02-15,False,22.4734,-53.8478,0.8275,26.851,-53.505,19.7812,-44.057,21,2.0,0.9963,1,0,1,0
2019+,H,90,7,2019-02-22,True,17.7188,-60.3124,0.6924,25.4324,-55.0449,12.5417,-60.3124,21,2.0,0.9524,0,0,1,0
2019+,H,90,8,2019-03-01,False,14.106,-60.7789,0.6179,-1.1642,-60.7789,33.858,-37.3093,21,1.9006,0.8881,3,0,1,0
2019+,H,90,9,2019-03-11,False,23.2749,-48.0555,0.8614,16.692,-48.0555,31.4779,-33.9297,21,2.0,0.9419,1,1,2,0
2019+,H,90,10,2019-03-18,True,19.0505,-53.5302,0.7451,7.6479,-53.5302,33.7912,-39.2168,21,2.0,0.9524,0,0,2,0
2019+,H,90,11,2019-03-26,False,30.6406,-40.8939,1.0252,33.8803,-40.8939,28.49,-39.0732,21,2.0,0.9976,1,0,2,0
2019+,H,90,12,2019-04-02,False,23.3714,-42.1231,0.8368,19.6085,-42.1231,28.4196,-40.5742,21,2.0,0.9963,1,0,2,0
2019+,H,90,13,2019-04-09,False,28.562,-40.396,0.9916,29.3124,-39.7307,29.0021,-40.396,21,2.0,0.9524,0,0,1,0
2019+,H,90,14,2019-04-16,True,30.8648,-53.925,1.0155,35.4351,-37.7995,27.44,-53.925,21,2.0,0.9048,0,0,1,0
2019+,H,90,15,2019-04-25,False,13.7292,-47.8766,0.5769,-1.6052,-47.251,32.9222,-41.7708,21,2.0,0.9974,1,0,0,0
2019+,H,90,16,2019-05-06,False,25.2136,-43.4621,0.8574,20.1202,-40.0243,34.1156,-43.4621,21,2.0,0.9524,0,0,0,0
2019+,H,90,17,2019-05-13,True,31.4321,-48.499,1.0598,49.2786,-36.4658,18.6557,-48.499,21,2.0,0.9968,1,0,0,0
2019+,H,100,0,2019-01-04,True,11.5576,-40.2912,0.5727,7.819,-32.7802,16.8906,-40.2912,20,1.8345,0.7862,2,0,3,0
2019+,H,100,1,2019-01-11,False,20.303,-46.1325,0.7887,22.8602,-46.1325,20.0681,-38.0148,20,2.0,0.9,0,0,2,0
2019+,H,100,2,2019-01-18,False,21.103,-43.1108,0.8065,27.7255,-43.1108,16.8082,-41.7063,19,2.0,0.8895,1,0,2,0
2019+,H,100,3,2019-01-25,False,19.2586,-41.9296,0.7645,18.1905,-41.9296,22.5471,-41.8566,19,2.0,0.8947,0,0,1,0
2019+,H,100,4,2019-02-01,True,23.4803,-46.8517,0.8629,25.4439,-37.0058,23.4583,-46.8517,19,1.9622,0.9389,2,0,1,0
2019+,H,100,5,2019-02-08,False,22.6856,-59.394,0.8798,26.5723,-35.9663,20.9221,-59.394,19,2.0,0.8895,1,0,1,0
2019+,H,100,6,2019-02-15,False,19.5673,-51.3982,0.7736,6.7221,-51.3982,36.4022,-44.7506,19,2.0,0.9345,2,0,1,0
2019+,H,100,7,2019-02-22,False,31.9852,-42.5852,1.0933,28.5393,-42.5852,38.3706,-34.8152,19,2.0,0.9839,3,0,2,0
2019+,H,100,8,2019-03-01,True,23.6013,-52.1209,0.8375,18.9973,-48.5099,30.0892,-52.1209,19,2.0,0.9211,2,0,1,0
2019+,H,100,9,2019-03-11,False,16.318,-61.0855,0.6703,5.8715,-61.0855,29.1277,-51.2103,19,2.0,0.9363,2,0,1,0
2019+,H,100,10,2019-03-18,False,18.5742,-63.385,0.7057,1.8464,-61.806,40.3693,-33.7898,19,2.0,0.9474,0,0,0,0
2019+,H,100,11,2019-03-26,True,28.5353,-57.9372,0.9946,19.2505,-57.9372,39.7294,-33.1653,19,2.0,0.996,0,1,0,0
2019+,H,100,12,2019-04-02,False,17.4049,-59.0713,0.6874,8.6864,-55.3865,28.0086,-36.735,19,1.8667,0.9868,1,0,0,0
2019+,H,100,13,2019-04-09,False,14.6565,-53.7176,0.6246,18.7397,-45.0888,11.7928,-53.7176,19,2.0,0.9417,2,0,0,0
2019+,H,100,14,2019-04-16,False,18.8343,-51.2833,0.7491,24.5809,-51.2833,14.2876,-42.5393,19,1.9,0.9263,3,0,0,0
2019+,H,100,15,2019-04-25,True,15.9992,-52.5059,0.6392,19.0592,-52.5059,14.5889,-49.5234,19,2.0,1.0,0,0,0,0
2019+,H,100,16,2019-05-06,False,28.4588,-47.4404,0.945,42.0083,-47.0243,19.801,-47.4404,19,1.9091,0.9474,0,0,0,0
2019+,H,100,17,2019-05-13,False,33.4397,-44.3375,1.0578,63.8861,-38.1951,11.1076,-42.646,19,2.0,1.0,0,0,0,0
2019+,H,100,18,2019-05-20,False,30.4131,-47.4017,1.0672,43.1806,-34.6764,20.1981,-47.4017,19,2.0,0.9474,0,0,2,0
2019+,H,100,19,2019-05-27,True,22.3297,-43.0791,0.7887,28.8703,-43.0791,17.6156,-39.2044,19,2.0,0.9868,3,0,2,0
2019+,H,180,0,2019-01-04,True,32.1403,-34.5603,1.2099,32.1081,-26.5945,33.4891,-34.5603,11,1.8571,0.8081,1,0,0,0
2019+,H,180,1,2019-01-11,False,22.6463,-40.9745,0.8835,14.301,-40.9745,34.8667,-33.6946,11,1.822,0.9043,1,0,0,0
2019+,H,180,2,2019-01-18,False,24.0999,-43.0858,0.9154,23.0674,-43.0858,27.7255,-35.8603,11,1.9,0.9,1,0,0,0
2019+,H,180,3,2019-01-25,False,15.8877,-37.4538,0.6987,15.5546,-37.4538,18.3308,-36.3232,11,1.8,0.8826,2,0,0,0
2019+,H,180,4,2019-02-01,False,15.5894,-54.1158,0.6882,8.0795,-53.345,26.0546,-44.2459,11,2.0,0.9091,0,0,0,0
2019+,H,180,5,2019-02-08,False,25.9862,-60.1802,0.9213,27.0391,-60.1802,27.1524,-38.6005,11,1.8667,0.9,1,0,0,0
2019+,H,180,6,2019-02-15,False,27.7432,-60.3633,0.9715,17.8275,-60.3633,40.8331,-33.9465,11,2.0,0.993,1,0,0,0
2019+,H,180,7,2019-02-22,True,32.2016,-50.9437,1.083,20.8785,-50.9437,47.895,-31.3248,11,2.0,1.0,0,0,1,0
2019+,H,180,8,2019-03-01,False,27.8036,-50.7835,1.0274,11.7983,-50.7835,48.3698,-35.5342,11,1.8113,0.8864,2,0,1,0
2019+,H,180,9,2019-03-11,False,32.8345,-44.6688,1.1746,17.2164,-44.6688,52.1233,-31.6521,11,1.9091,0.8961,1,0,1,0
2019+,H,180,10,2019-03-18,False,33.8438,-52.625,1.1171,15.86,-52.625,57.1471,-31.5577,11,1.9091,1.0,0,0,1,0
2019+,H,180,11,2019-03-26,False,34.556,-42.9827,1.1747,36.4447,-42.9827,33.7422,-35.4411,11,2.0,0.9955,1,0,1,0
2019+,H,180,12,2019-04-02,False,35.0668,-44.7574,1.2163,32.8135,-39.7838,38.5797,-35.653,11,1.9318,0.993,1,0,1,0
2019+,H,180,13,2019-04-09,False,36.8317,-41.8603,1.2928,33.3577,-41.8603,41.6537,-32.3008,11,2.0,0.9091,0,0,0,0
2019+,H,180,14,2019-04-16,True,39.3476,-39.8651,1.3592,41.7783,-36.6282,37.9844,-39.8651,11,1.8121,0.9,1,0,0,0
2019+,H,180,15,2019-04-25,False,37.5406,-46.9571,1.1672,26.5806,-46.3204,51.1858,-29.9992,11,2.0,0.9949,1,0,0,0
2019+,H,180,16,2019-05-06,False,38.2299,-41.5307,1.118,41.8943,-41.5307,38.5528,-31.8642,11,2.0,1.0,0,0,0,0
2019+,H,180,17,2019-05-13,False,26.5339,-45.892,0.9135,35.0172,-45.892,21.5915,-38.5888,11,2.0,0.9939,1,0,0,0
2019+,H,180,18,2019-05-20,False,15.4094,-42.868,0.6413,21.7107,-42.7628,11.2074,-42.868,11,1.8395,0.8939,1,0,0,0
2019+,H,180,19,2019-05-27,False,27.2892,-50.0779,0.9042,27.6517,-50.0779,28.639,-39.3395,11,2.0,0.9848,2,0,0,0
2019+,H,180,20,2019-06-03,False,18.0378,-41.911,0.7495,16.3036,-41.911,21.4402,-38.2863,11,2.0,0.8409,3,0,0,0
2019+,H,180,21,2019-06-11,True,21.2582,-51.9076,0.8259,23.0036,-31.2957,21.0918,-51.9076,11,2.0,0.904,1,0,0,0
2019+,H,180,22,2019-06-18,False,33.4315,-57.3086,1.137,44.9973,-42.9104,24.9423,-32.6224,10,1.9496,0.88,1,0,0,0
2019+,H,180,23,2019-06-25,False,28.9752,-45.5453,1.004,36.4008,-35.9342,23.6488,-45.3612,10,1.9768,0.8923,1,0,0,0
2019+,H,180,24,2019-07-02,False,17.5862,-55.5052,0.6932,21.703,-55.5052,15.033,-52.5567,10,2.0,1.0,0,0,1,0
2019+,H,180,25,2019-07-09,False,21.4284,-62.6484,0.8154,38.6949,-37.2474,8.6378,-62.6484,10,2.0,0.9,0,0,1,0
2019+,H,180,26,2019-07-16,False,14.1883,-42.0711,0.6451,7.6679,-38.4186,22.1801,-28.8765,10,2.0,0.89,1,0,0,0
2019+,H,180,27,2019-07-23,False,12.7611,-64.176,0.5426,-3.9133,-64.176,31.9085,-30.0673,10,2.0,0.9923,0,1,2,0
2019+,H,180,28,2019-07-30,True,9.4756,-64.176,0.4614,-9.7765,-64.176,31.6754,-31.6302,10,1.9231,0.9,0,0,2,0
2019+,H,180,29,2019-08-06,False,23.8817,-64.176,0.8272,12.1716,-64.176,36.0569,-34.2614,10,2.0,1.0,0,0,2,0
2019+,H,180,30,2019-08-14,False,14.0537,-64.176,0.5629,4.1233,-64.176,24.762,-38.1169,10,2.0,1.0,0,0,2,0
2019+,H,180,31,2019-08-22,False,20.2917,-64.176,0.7261,16.4866,-64.176,24.3273,-40.119,10,2.0,1.0,0,0,1,0
2019+,H,180,32,2019-08-29,False,22.3253,-64.176,0.7566,17.9675,-64.176,26.7825,-38.9432,10,2.0,0.9,0,0,1,0
2019+,H,180,33,2019-09-06,False,14.7728,-64.176,0.5987,0.3781,-64.176,29.7738,-32.5244,10,2.0,1.0,0,0,0,0
2019+,H,180,34,2019-09-16,False,17.408,-64.176,0.6743,-3.8808,-64.176,41.2253,-32.1673,10,1.9231,0.9,0,0,1,0
2019+,H,180,35,2019-09-23,True,26.6603,-51.9549,0.9651,12.8211,-51.9549,41.6275,-30.2956,10,2.0,1.0,0,0,0,0
2019+,H,250,0,2019-01-04,True,13.5369,-68.9143,0.6052,3.6883,-63.1759,26.6042,-31.6159,8,1.5,0.75,0,0,0,0
2019+,H,250,1,2019-01-11,False,26.757,-52.3397,0.9623,27.0804,-52.3397,27.5327,-34.553,8,1.9615,0.8654,0,1,0,0
2019+,H,250,2,2019-01-18,False,13.243,-65.3835,0.5687,7.7661,-55.3065,19.8121,-37.768,8,2.0,0.875,0,0,0,0
2019+,H,250,3,2019-01-25,False,25.4948,-42.9412,0.9585,23.9783,-42.9412,28.5219,-27.9698,8,1.9737,0.8684,1,0,0,0
2019+,H,250,4,2019-02-01,False,24.6496,-42.7628,0.871,30.0677,-42.7628,20.5344,-38.7005,8,2.0,0.875,0,0,0,0
2019+,H,250,5,2019-02-08,False,21.3358,-43.3827,0.8411,26.2029,-43.3827,18.624,-33.8107,8,1.8571,0.875,0,0,0,0
2019+,H,250,6,2019-02-15,False,33.096,-48.1145,1.1204,37.2951,-48.1145,31.3303,-37.3617,8,2.0,1.0,0,0,0,0
2019+,H,250,7,2019-02-22,False,27.5227,-41.6844,1.0578,31.1363,-41.6844,26.2743,-37.0543,8,2.0,1.0,0,0,0,0
2019+,H,250,8,2019-03-01,False,41.6679,-35.1737,1.427,49.9787,-35.1737,35.6346,-34.5861,8,2.0,0.875,0,0,0,0
2019+,H,250,9,2019-03-11,False,29.8664,-39.1276,1.0989,37.1991,-31.014,24.7575,-39.1276,8,2.0,0.875,0,0,0,0
2019+,H,250,10,2019-03-18,True,17.5947,-71.4514,0.6898,6.9554,-71.4514,31.2239,-25.871,8,2.0,1.0,0,0,1,0
2019+,H,250,11,2019-03-26,False,18.3145,-55.3488,0.7319,12.4886,-55.3488,26.351,-36.8125,8,2.0,1.0,0,0,1,0
2019+,H,250,12,2019-04-02,False,6.5646,-67.2871,0.3722,-2.243,-67.2871,17.8672,-40.7085,8,2.0,0.9875,1,0,0,0
2019+,H,250,13,2019-04-09,False,18.3807,-53.4821,0.8281,30.8124,-25.9179,8.6332,-53.4821,8,2.0,0.875,0,0,1,0
2019+,H,250,14,2019-04-16,False,34.747,-33.7472,1.351,27.8335,-31.4608,43.9488,-33.7472,8,2.0,0.875,0,0,0,0
2019+,H,250,15,2019-04-25,False,25.9154,-62.6175,0.9283,15.1205,-62.6175,39.1964,-28.5451,8,1.95,0.9875,1,0,3,0
2019+,H,250,16,2019-05-06,False,17.4782,-62.2959,0.6633,-4.2869,-62.2959,45.3791,-30.2446,8,1.875,0.9904,1,0,2,0
2019+,H,250,17,2019-05-13,False,26.3682,-62.2959,0.8648,5.1482,-62.2959,52.6448,-30.0525,8,2.0,0.9931,1,0,3,0
2019+,H,250,18,2019-05-20,False,30.2951,-31.9481,1.033,17.4299,-31.9481,45.4863,-30.499,8,2.0,0.875,0,0,3,0
2019+,H,250,19,2019-05-27,False,7.3901,-67.2486,0.3878,-11.2245,-67.2486,30.566,-35.5553,8,1.9545,0.9803,2,0,3,0
2019+,H,250,20,2019-06-03,True,13.4578,-45.4578,0.6679,-5.6613,-42.0189,37.1503,-32.8833,8,1.6541,0.7404,1,0,2,0
2019+,H,250,21,2019-06-11,False,25.761,-38.8661,1.0426,13.1525,-36.2406,40.3569,-32.5645,8,2.0,0.875,0,0,1,0
2019+,H,250,22,2019-06-18,False,24.7575,-39.374,0.9317,17.7213,-36.3718,32.7854,-34.992,8,1.9286,0.875,0,0,0,0
2019+,H,250,23,2019-06-25,False,21.234,-42.0116,0.8978,9.633,-42.0116,33.7259,-34.5436,8,1.9411,0.8681,1,0,0,0
2019+,H,250,24,2019-07-02,False,19.8509,-55.5052,0.7569,8.0987,-55.5052,32.9564,-31.8114,8,1.9854,0.9812,2,0,1,0
2019+,H,250,25,2019-07-09,False,23.6726,-46.1716,0.9685,23.5008,-32.2732,24.3399,-46.1716,8,2.0,0.875,0,0,0,0
2019+,H,250,26,2019-07-16,False,26.9817,-45.2436,1.1126,22.3719,-25.7486,31.8336,-45.2436,8,1.9167,0.8542,1,0,0,0
2019+,H,250,27,2019-07-23,False,16.6992,-64.176,0.6442,16.1901,-64.176,17.647,-40.6708,8,2.0,0.9938,1,0,0,0
2019+,H,250,28,2019-07-30,False,20.6589,-64.176,0.7635,16.5727,-64.176,25.6245,-43.9214,8,1.9524,0.9375,2,0,0,0
2019+,H,250,29,2019-08-06,True,14.1843,-64.176,0.5717,8.6481,-64.176,20.7717,-48.1251,8,2.0,0.9792,2,0,0,0
2019+,H,250,30,2019-08-14,False,16.3343,-64.176,0.6416,-8.1363,-64.176,45.4629,-31.6302,8,1.9474,0.975,1,0,1,0
2019+,H,250,31,2019-08-22,False,32.4949,-64.176,1.0033,18.9031,-64.176,48.9594,-34.2614,8,2.0,1.0,0,0,1,0
2019+,H,250,32,2019-08-29,False,41.9238,-64.176,1.2001,31.8296,-64.176,54.574,-34.2693,7,2.0,1.0,0,0,1,0
2019+,H,250,33,2019-09-06,False,36.4767,-64.176,1.079,22.3878,-64.176,52.9394,-31.4736,7,2.0,1.0,0,0,0,0
2019+,H,250,34,2019-09-16,False,17.8267,-64.176,0.6711,9.6827,-64.176,27.5592,-46.0688,7,2.0,0.9857,1,0,0,0
2019+,H,250,35,2019-09-23,False,23.5943,-51.9549,0.8778,13.2607,-51.9549,35.8007,-41.1259,7,2.0,1.0,0,0,0,0
2019+,H,250,36,2019-09-30,False,25.7319,-34.7568,1.0252,25.488,-25.7519,27.7226,-34.7568,7,2.0,0.8571,0,0,2,0
2019+,H,250,37,2019-10-09,False,36.5861,-35.9358,1.2225,30.6261,-35.9358,44.7949,-30.2956,7,2.0,1.0,0,0,0,0
2019+,H,250,38,2019-10-16,False,36.6087,-39.8651,1.2699,37.5562,-35.1637,37.4401,-39.8651,7,2.0,1.0,0,0,0,0
2019+,H,250,39,2019-10-24,True,50.8214,-31.594,1.6717,40.2414,-31.4497,61.7421,-31.594,7,1.8571,0.9686,2,0,0,0
2019+,H,250,40,2019-11-01,False,30.4352,-32.7802,1.1412,29.1023,-32.7802,33.5078,-31.0981,7,1.8,0.8571,0,0,0,0
2019+,H,250,41,2019-11-08,False,26.6706,-45.6412,0.9641,30.2845,-45.6412,24.7232,-32.6786,7,2.0,1.0,0,0,0,0
2019+,H,250,42,2019-11-18,False,13.8872,-40.9321,0.6253,16.0601,-37.6925,13.1613,-30.7868,7,2.0,0.9643,1,0,0,0
2019+,H,250,43,2019-11-25,False,33.7383,-34.9944,1.166,26.7783,-34.9944,41.0619,-30.3657,7,2.0,1.0,0,0,0,0
2019+,H,250,44,2019-12-02,False,63.5826,-37.0058,1.7748,114.0058,-37.0058,32.0557,-33.9465,7,1.8884,0.9556,2,0,0,0
2019+,H,250,45,2019-12-09,False,33.9768,-44.5373,1.1089,17.2969,-43.8716,51.3014,-40.2074,7,2.0,1.0,0,0,0,0
2019+,H,250,46,2019-12-16,False,27.9118,-53.0107,0.9589,31.5565,-48.488,28.5889,-44.7787,7,2.0,1.0,0,0,1,0
2019+,H,250,47,2019-12-23,False,61.3959,-37.2474,1.6933,97.1268,-37.2474,40.0299,-33.6247,7,2.0,0.9714,1,0,0,0
2019+,H,250,48,2019-12-31,False,14.7137,-62.5136,0.6327,16.7163,-53.1502,13.1902,-46.4941,7,2.0,1.0,0,0,0,0
2019+,H,250,49,2020-01-07,True,19.7898,-66.6177,0.7103,19.8849,-62.1304,21.6567,-38.2092,7,2.0,1.0,0,0,0,0
2019+,G+B,30,0,2019-01-04,True,13.06,-47.8894,0.6567,9.8751,-47.8894,16.512,-32.3238,64,1.0,0.6385,4,0,1,0
2019+,G+B,30,1,2019-01-11,True,21.2731,-41.7463,0.9628,9.364,-41.7463,36.7748,-15.7734,64,1.0,0.6532,4,0,0,0
2019+,G+B,30,2,2019-01-18,True,22.613,-24.0427,1.0945,11.9563,-24.0427,36.4551,-13.5674,64,1.0,0.6063,4,0,0,0
2019+,G+B,30,3,2019-01-25,True,31.3685,-23.4325,1.4541,25.7077,-23.4325,39.3516,-16.4103,64,1.0,0.6235,4,0,1,0
2019+,G+B,30,4,2019-02-01,True,21.692,-34.9372,1.0487,22.8699,-34.9372,23.2468,-15.4085,63,1.0,0.571,1,0,2,0
2019+,G+B,30,5,2019-02-08,True,7.2305,-40.2412,0.4363,3.3986,-40.2412,11.9396,-30.8761,63,1.0,0.602,2,0,1,0
2019+,G+B,60,0,2019-01-04,True,24.6524,-24.6566,1.322,24.8868,-13.9873,24.323,-24.6566,32,1.0,0.5615,1,0,1,0
2019+,G+B,60,1,2019-01-11,False,15.3234,-67.0614,0.7402,7.9814,-67.0614,25.0037,-30.2067,32,1.0,0.6244,1,0,1,0
2019+,G+B,60,2,2019-01-18,True,9.953,-49.3237,0.542,-0.0394,-49.3237,22.9683,-21.6872,32,1.0,0.5931,1,0,0,0
2019+,G+B,60,3,2019-01-25,False,19.9824,-43.8981,0.9454,10.8516,-43.8981,32.0864,-18.2025,32,1.0,0.6226,2,0,0,0
2019+,G+B,60,4,2019-02-01,True,10.8593,-42.6626,0.5876,-1.8809,-42.6626,28.872,-21.1032,32,1.0,0.5617,1,0,1,0
2019+,G+B,60,5,2019-02-08,False,8.546,-44.1622,0.4985,3.6272,-44.1622,13.8794,-37.3388,32,1.0,0.5306,1,0,0,0
2019+,G+B,60,6,2019-02-15,False,11.5239,-48.1758,0.5648,14.6293,-48.1758,10.0317,-37.3523,32,1.6296,0.7155,3,0,1,0
2019+,G+B,60,7,2019-02-22,True,25.787,-40.6833,1.1265,16.7772,-40.6833,35.6958,-13.5258,32,1.3221,0.6815,4,0,0,0
2019+,G+B,60,8,2019-03-01,False,22.7265,-31.3025,1.0761,16.5835,-31.3025,29.2761,-17.9659,32,1.0,0.6165,3,0,0,0
2019+,G+B,60,9,2019-03-11,True,32.8603,-23.9478,1.5432,31.9485,-23.9478,35.4225,-15.7626,32,1.0,0.6244,1,0,0,0
2019+,G+B,60,10,2019-03-18,False,25.7393,-32.5197,1.2156,38.2171,-32.5197,15.5324,-26.47,31,1.0,0.5806,0,0,2,0
2019+,G+B,60,11,2019-03-26,True,15.8435,-44.7768,0.7821,16.7745,-44.7768,15.8361,-24.2978,31,1.0,0.6761,1,0,1,0
2019+,G+B,90,0,2019-01-04,True,18.9668,-45.6258,0.8652,7.0126,-45.6258,34.5287,-18.1043,22,1.2547,0.6799,2,0,1,0
2019+,G+B,90,1,2019-01-11,False,21.2559,-35.2233,0.9862,17.5521,-35.2233,26.8946,-17.4873,22,1.0,0.6305,4,0,1,0
2019+,G+B,90,2,2019-01-18,False,6.4479,-53.4179,0.4052,-7.284,-53.4179,24.9212,-15.8135,22,1.0,0.499,1,0,0,0
2019+,G+B,90,3,2019-01-25,True,21.998,-21.1546,1.1299,17.2146,-21.1546,29.0853,-17.429,22,1.0,0.5423,2,0,0,0
2019+,G+B,90,4,2019-02-01,False,7.0091,-28.8071,0.5535,3.7684,-28.8071,12.3522,-18.1313,21,1.0,0.3333,0,0,1,0
2019+,G+B,90,5,2019-02-08,False,11.2578,-39.1366,0.7258,15.5294,-21.1511,6.9514,-39.1366,21,1.0,0.4269,1,0,1,0
2019+,G+B,90,6,2019-02-15,False,9.5761,-47.6002,0.5174,10.0541,-47.6002,10.7313,-41.5092,21,1.0,0.6161,1,0,1,0
2019+,G+B,90,7,2019-02-22,True,10.1233,-58.5878,0.5578,-4.6916,-58.5878,27.744,-16.8714,21,1.0,0.5714,0,0,1,0
2019+,G+B,90,8,2019-03-01,False,15.1281,-40.4881,0.7697,6.7688,-40.4881,24.3167,-19.7436,21,1.0,0.6181,1,0,1,0
2019+,G+B,90,9,2019-03-11,False,20.8324,-37.4939,0.9791,14.0856,-37.4939,29.6973,-22.531,21,1.0,0.6654,1,0,1,0
2019+,G+B,90,10,2019-03-18,True,20.3475,-42.9665,0.9398,27.4466,-42.9665,14.8456,-25.1484,21,1.0,0.6655,1,0,3,0
2019+,G+B,90,11,2019-03-26,False,10.069,-43.5398,0.54,12.5916,-43.5398,8.4676,-32.1747,21,1.0,0.6648,1,0,2,0
2019+,G+B,90,12,2019-04-02,False,24.0661,-39.6599,1.2078,36.1397,-18.3255,12.9843,-39.6599,21,1.0,0.6175,1,0,3,0
2019+,G+B,90,13,2019-04-09,False,7.0975,-71.4353,0.4024,-5.112,-71.4353,22.1613,-32.903,21,1.0,0.7579,1,0,3,0
2019+,G+B,90,14,2019-04-16,True,20.1984,-49.3237,0.8524,25.5281,-49.3237,16.4286,-37.1943,21,1.75,0.7024,2,0,1,0
2019+,G+B,90,15,2019-04-25,False,22.6674,-43.8981,1.0354,18.2618,-43.8981,28.8205,-15.4018,21,1.0,0.6654,1,0,1,0
2019+,G+B,90,16,2019-05-06,False,24.1266,-42.6626,0.9889,24.2771,-42.6626,26.8264,-26.4052,21,1.6,0.7143,0,0,0,0
2019+,G+B,90,17,2019-05-13,True,22.1565,-48.822,0.9431,11.4773,-48.822,34.3049,-18.4316,21,1.0,0.7133,1,0,0,0
2019+,G+B,100,0,2019-01-04,True,15.4763,-31.5527,0.8617,10.0502,-31.5527,22.7997,-21.7918,20,1.0,0.5483,1,0,4,0
2019+,G+B,100,1,2019-01-11,False,17.4256,-35.9326,0.8956,13.1358,-35.9326,23.7074,-20.7921,20,1.0,0.6,0,0,4,0
2019+,G+B,100,2,2019-01-18,False,15.925,-54.5007,0.7535,13.5246,-54.5007,20.1933,-26.6916,19,1.0,0.6316,0,0,4,0
2019+,G+B,100,3,2019-01-25,False,5.419,-53.4239,0.3504,-4.0393,-53.4239,18.1,-32.2436,19,1.0,0.6316,0,0,2,0
2019+,G+B,100,4,2019-02-01,True,11.0125,-40.4881,0.6008,5.4398,-40.4881,19.0968,-31.4577,19,1.0,0.6184,2,0,3,0
2019+,G+B,100,5,2019-02-08,False,12.1737,-37.4939,0.7784,3.5417,-37.4939,21.8694,-18.047,19,1.0,0.4211,0,0,3,0
2019+,G+B,100,6,2019-02-15,False,16.1865,-42.9665,0.8006,13.9905,-42.9665,20.2716,-32.7539,19,1.0,0.5745,2,0,1,0
2019+,G+B,100,7,2019-02-22,False,23.8618,-40.0685,1.2144,24.2578,-40.0685,23.3783,-13.5258,19,1.0,0.4716,1,0,1,0
2019+,G+B,100,8,2019-03-01,True,26.0245,-25.1971,1.3481,25.2749,-25.1971,26.7111,-15.5322,19,1.0,0.4737,0,0,1,0
2019+,G+B,100,9,2019-03-11,False,21.5544,-67.0614,0.9166,17.7847,-67.0614,27.072,-16.6678,19,1.0,0.6286,2,0,1,0
2019+,G+B,100,10,2019-03-18,False,10.3485,-55.3243,0.5235,3.7288,-55.3243,18.8277,-13.5251,19,1.0,0.5252,1,0,0,0
2019+,G+B,100,11,2019-03-26,True,23.2635,-60.3485,0.9143,5.0959,-60.3485,45.8406,-20.3343,19,1.7576,0.8409,1,0,0,0
2019+,G+B,100,12,2019-04-02,False,16.2967,-42.6626,0.722,-0.1223,-42.6626,35.3702,-19.2545,19,1.0,0.6305,1,0,0,0
2019+,G+B,100,13,2019-04-09,False,4.8499,-53.4683,0.3207,-5.6138,-53.4683,17.7258,-34.116,19,1.0,0.7349,2,0,0,0
2019+,G+B,100,14,2019-04-16,False,13.9262,-45.6258,0.65,12.3601,-45.6258,16.8073,-40.0904,19,1.8118,0.7895,0,0,0,0
2019+,G+B,100,15,2019-04-25,True,16.8562,-41.9716,0.7658,17.562,-41.9716,17.6975,-32.8004,19,1.7843,0.7837,2,0,0,0
2019+,G+B,100,16,2019-05-06,False,10.7036,-32.8369,0.637,14.2439,-20.403,9.8562,-32.8369,19,1.0,0.6303,1,0,0,0
2019+,G+B,100,17,2019-05-13,False,20.0797,-33.8038,1.0687,33.6244,-19.0391,8.7695,-33.8038,19,1.0,0.5789,0,0,0,0
2019+,G+B,100,18,2019-05-20,False,10.201,-33.4225,0.589,20.8785,-33.4225,1.5039,-30.6139,19,1.0,0.6305,1,0,2,0
2019+,G+B,100,19,2019-05-27,True,9.3747,-50.0316,0.5536,5.7528,-50.0316,14.0955,-18.3408,19,1.0,0.5717,3,0,2,0
2019+,G+B,180,0,2019-01-04,True,20.2712,-25.6954,1.0651,12.3796,-24.1333,30.6003,-20.4955,11,1.0,0.6364,0,0,1,0
2019+,G+B,180,1,2019-01-11,False,21.7587,-28.0517,1.1776,11.4626,-18.9131,35.4025,-28.0517,11,1.0,0.6364,0,0,1,0
2019+,G+B,180,2,2019-01-18,False,11.0676,-43.2435,0.6458,-4.0144,-43.2435,31.4068,-14.7135,11,1.0,0.5455,0,0,1,0
2019+,G+B,180,3,2019-01-25,False,24.6232,-41.614,1.1279,23.7801,-41.614,27.3373,-14.0394,11,1.0,0.6318,1,0,1,0
2019+,G+B,180,4,2019-02-01,False,12.492,-31.7924,0.88,-3.5745,-31.7924,34.3334,-12.7304,11,1.0,0.4545,0,0,0,0
2019+,G+B,180,5,2019-02-08,False,12.53,-40.4496,0.8027,9.1089,-27.2102,16.1598,-40.4496,11,1.0,0.4514,1,0,0,0
2019+,G+B,180,6,2019-02-15,False,23.2512,-54.5007,0.9377,26.7953,-54.5007,21.4553,-41.3593,11,1.0,0.7216,1,0,1,0
2019+,G+B,180,7,2019-02-22,True,16.858,-53.4239,0.7644,-1.1053,-53.4239,38.697,-22.8683,11,1.0,0.6364,0,0,1,0
2019+,G+B,180,8,2019-03-01,False,27.3934,-40.4881,1.1548,20.8328,-40.4881,34.3864,-24.8423,11,1.0,0.7273,0,0,2,0
2019+,G+B,180,9,2019-03-11,False,33.5136,-37.4939,1.4611,29.9474,-37.4939,38.9087,-14.1077,11,1.5,0.7273,0,0,2,0
2019+,G+B,180,10,2019-03-18,False,37.2066,-42.9665,1.3971,41.862,-42.9665,34.0933,-32.9618,11,1.5577,0.8182,0,0,2,0
2019+,G+B,180,11,2019-03-26,False,27.2697,-40.0685,1.0697,31.5604,-40.0685,24.048,-34.798,11,1.7002,0.8145,1,0,2,0
2019+,G+B,180,12,2019-04-02,False,20.8195,-45.0001,1.1408,24.8292,-16.3122,16.8711,-45.0001,11,1.0,0.5424,1,0,2,0
2019+,G+B,180,13,2019-04-09,False,9.4801,-69.0325,0.4739,-3.8912,-69.0325,26.0224,-40.9751,11,1.0,0.7273,0,0,2,0
2019+,G+B,180,14,2019-04-16,True,28.9784,-49.3237,1.0672,36.7271,-49.3237,23.0707,-43.2632,11,1.0,0.7273,0,0,1,0
2019+,G+B,180,15,2019-04-25,False,13.3737,-43.8981,0.6824,9.2924,-43.8981,19.0983,-30.7368,11,1.0,0.634,1,0,0,0
2019+,G+B,180,16,2019-05-06,False,16.8887,-42.6626,0.7588,14.7495,-42.6626,21.7686,-29.8097,11,1.2979,0.7273,0,0,0,0
2019+,G+B,180,17,2019-05-13,False,14.4878,-44.1622,0.7075,21.8908,-44.1622,8.8061,-36.0032,11,1.0,0.6344,1,0,0,0
2019+,G+B,180,18,2019-05-20,False,12.9333,-45.6258,0.6169,10.735,-45.6258,16.9961,-33.7148,11,1.4615,0.7234,2,0,0,0
2019+,G+B,180,19,2019-05-27,False,17.3149,-41.6509,0.7837,27.4128,-41.6509,10.224,-32.3784,11,1.0,0.6264,3,0,0,0
2019+,G+B,180,20,2019-06-03,False,13.2321,-32.6235,0.632,18.8717,-31.0157,10.0351,-32.6235,11,1.0,0.4526,1,0,0,0
2019+,G+B,180,21,2019-06-11,True,11.3356,-33.2623,0.6542,15.3711,-21.2679,7.6007,-33.2623,11,1.0,0.4528,1,0,0,0
2019+,G+B,180,22,2019-06-18,False,5.541,-42.7315,0.501,19.2792,-15.6762,-5.9922,-35.7139,10,0.0,0.2,0,0,0,0
2019+,G+B,180,23,2019-06-25,False,2.9694,-55.1171,0.2617,13.934,-28.8624,-6.3745,-37.9928,10,1.0,0.4,0,0,0,0
2019+,G+B,180,24,2019-07-02,False,9.5922,-31.4268,0.5847,12.7286,-27.7178,6.7125,-31.4268,10,1.0,0.5,0,0,1,0
2019+,G+B,180,25,2019-07-09,False,14.4173,-31.8729,0.8242,24.4282,-22.2959,5.7982,-31.8729,10,1.0,0.5,0,0,1,0
2019+,G+B,180,26,2019-07-16,False,10.7502,-31.1963,0.6365,13.8254,-26.1923,7.9506,-31.1963,10,1.0,0.498,1,0,1,0
2019+,G+B,180,27,2019-07-23,False,14.6574,-30.7549,0.7767,12.689,-24.9909,16.4497,-30.7549,10,1.0,0.5973,1,0,1,0
2019+,G+B,180,28,2019-07-30,True,11.4098,-32.2599,0.6603,10.8014,-26.1055,11.9333,-32.2599,10,1.0,0.4975,1,0,2,0
2019+,G+B,180,29,2019-08-06,False,6.573,-31.5959,0.429,8.3984,-27.5163,4.9217,-31.5959,10,1.0,0.5,0,0,1,0
2019+,G+B,180,30,2019-08-14,False,18.2619,-31.0821,0.8811,30.2712,-24.9109,9.5374,-31.0821,10,1.4199,0.7,0,0,2,0
2019+,G+B,180,31,2019-08-22,False,26.7236,-30.2655,1.1961,29.1123,-22.595,25.2053,-30.2655,10,1.7016,0.7917,1,0,1,0
2019+,G+B,180,32,2019-08-29,False,25.7327,-30.948,1.2198,26.0061,-19.7354,25.92,-30.948,10,1.2364,0.675,2,0,1,0
2019+,G+B,180,33,2019-09-06,False,20.1772,-25.3318,0.9828,22.7482,-25.3318,18.8535,-24.4621,10,1.3333,0.7,0,0,1,0
2019+,G+B,180,34,2019-09-16,False,22.0932,-33.4579,0.9748,22.4705,-33.4579,22.5924,-31.9758,10,1.2917,0.7,0,0,0,0
2019+,G+B,180,35,2019-09-23,True,21.2,-39.9508,0.8748,12.9946,-39.9508,30.0974,-24.3695,10,1.4091,0.8,0,0,0,0
2019+,G+B,250,0,2019-01-04,True,20.0127,-49.3237,0.8508,37.875,-49.3237,4.0937,-24.833,8,1.0,0.5,0,0,0,0
2019+,G+B,250,1,2019-01-11,False,8.548,-43.8981,0.484,11.6606,-43.8981,5.8663,-33.069,8,1.0,0.625,0,0,0,0
2019+,G+B,250,2,2019-01-18,False,7.6564,-42.6626,0.4427,18.0162,-42.6626,-1.3108,-22.5624,8,1.0,0.5,0,0,0,0
2019+,G+B,250,3,2019-01-25,False,4.2872,-44.1622,0.3109,12.1491,-44.1622,-2.6991,-26.5145,8,0.9907,0.4977,1,0,0,0
2019+,G+B,250,4,2019-02-01,False,7.5749,-45.6258,0.4926,17.1404,-45.6258,-1.6053,-25.5211,8,0.9079,0.3438,2,0,1,0
2019+,G+B,250,5,2019-02-08,False,13.334,-33.3674,0.7482,29.1876,-33.3674,-1.1232,-28.032,8,1.0,0.375,0,0,1,0
2019+,G+B,250,6,2019-02-15,False,1.0167,-24.7404,0.1452,2.0066,-24.7404,0.0,0.0,8,0.0,0.125,0,0,0,0
2019+,G+B,250,7,2019-02-22,False,3.5934,-19.1557,0.4296,7.1976,-19.1557,0.0,0.0,8,0.0,0.125,0,0,0,0
2019+,G+B,250,8,2019-03-01,False,4.9006,-20.3712,0.5423,9.9023,-20.3712,0.0,0.0,8,0.0,0.125,0,0,0,0
2019+,G+B,250,9,2019-03-11,False,9.992,-24.7781,0.7414,8.4749,-19.124,11.5254,-24.7781,8,0.5,0.375,0,0,0,0
2019+,G+B,250,10,2019-03-18,True,-0.1416,-52.6552,0.0924,-5.5464,-52.6349,7.2931,-23.4048,8,1.0,0.5,0,0,1,0
2019+,G+B,250,11,2019-03-26,False,13.5196,-64.951,0.5932,0.08,-64.951,30.8352,-27.5345,8,1.9268,0.875,0,0,1,0
2019+,G+B,250,12,2019-04-02,False,9.317,-33.1875,0.5642,-3.9262,-33.1875,26.4614,-28.882,8,1.4524,0.625,0,0,2,0
2019+,G+B,250,13,2019-04-09,False,1.2067,-64.5583,0.1858,-16.3569,-64.5583,24.5028,-29.2262,8,1.4545,0.75,0,0,2,0
2019+,G+B,250,14,2019-04-16,False,23.9116,-32.3969,1.0659,11.4723,-32.3969,40.0342,-32.0415,8,1.7425,0.75,0,0,3,0
2019+,G+B,250,15,2019-04-25,False,21.1234,-32.011,1.095,6.9706,-19.1543,36.798,-32.011,8,1.0,0.625,0,0,3,0
2019+,G+B,250,16,2019-05-06,False,37.1398,-34.3471,1.5479,34.8002,-22.5689,39.3333,-34.3471,8,1.2609,0.7422,1,0,2,0
2019+,G+B,250,17,2019-05-13,False,35.9946,-33.2572,1.494,31.4721,-23.0226,40.4072,-33.2572,8,1.3718,0.75,0,0,2,0
2019+,G+B,250,18,2019-05-20,False,31.2842,-31.4443,1.3411,26.9458,-22.6608,35.5061,-31.4443,8,1.3889,0.75,0,0,2,0
2019+,G+B,250,19,2019-05-27,False,24.0287,-36.0032,1.1133,19.371,-23.1036,28.5924,-36.0032,8,1.3242,0.741,2,0,2,0
2019+,G+B,250,20,2019-06-03,True,28.7671,-33.7148,1.2125,24.1078,-25.7152,33.283,-33.7148,8,1.3229,0.7432,2,0,2,0
2019+,G+B,250,21,2019-06-11,False,24.3008,-32.8849,1.0776,13.5234,-32.8849,35.3935,-32.3784,8,1.3301,0.7472,1,0,2,0
2019+,G+B,250,22,2019-06-18,False,19.8323,-35.0657,0.8972,8.5951,-35.0657,31.4409,-32.6235,8,1.3404,0.7473,1,0,1,0
2019+,G+B,250,23,2019-06-25,False,14.6001,-33.3673,0.7183,5.8431,-33.3673,23.4349,-33.2623,8,1.49,0.7476,1,0,0,0
2019+,G+B,250,24,2019-07-02,False,19.4428,-37.3458,0.9097,7.5004,-30.1328,33.2049,-37.3458,8,1.9687,0.875,0,0,2,0
2019+,G+B,250,25,2019-07-09,False,25.1235,-37.9125,1.0729,19.9739,-32.0979,30.7227,-37.9125,8,1.7639,0.8646,1,0,1,0
2019+,G+B,250,26,2019-07-16,False,19.3382,-32.7215,0.9959,4.8143,-32.0586,35.022,-32.7215,8,1.4048,0.7472,1,0,0,0
2019+,G+B,250,27,2019-07-23,False,23.3838,-35.2033,1.127,27.8758,-35.2033,20.3066,-31.8729,8,1.4502,0.745,1,0,0,0
2019+,G+B,250,28,2019-07-30,False,28.6318,-31.9939,1.2945,31.08,-31.9939,27.277,-31.1963,8,1.4082,0.7474,1,0,0,0
2019+,G+B,250,29,2019-08-06,True,9.6307,-33.6199,0.5521,3.722,-33.4949,16.438,-30.7549,8,1.413,0.7391,2,0,0,0
2019+,G+B,250,30,2019-08-14,False,12.3344,-36.1246,0.7237,12.1713,-27.0782,13.6473,-32.2599,8,1.0,0.5,0,0,1,0
2019+,G+B,250,31,2019-08-22,False,36.3049,-36.3769,1.3938,27.8009,-34.4748,46.1888,-31.5959,8,2.0,0.75,0,0,0,0
2019+,G+B,250,32,2019-08-29,False,45.5406,-33.0971,1.6468,40.1913,-33.0971,52.5159,-31.0821,7,1.8824,0.8571,0,0,1,0
2019+,G+B,250,33,2019-09-06,False,25.6605,-30.2655,1.2128,34.3705,-25.7628,20.1342,-30.2655,7,1.7,0.7143,0,0,0,0
2019+,G+B,250,34,2019-09-16,False,20.8981,-38.2563,0.9161,32.4548,-29.5738,13.4071,-38.2563,7,1.9375,0.8571,0,0,0,0
2019+,G+B,250,35,2019-09-23,False,11.8664,-39.9508,0.5801,6.414,-39.9508,16.8185,-30.0959,7,1.0,0.5676,1,0,0,0
2019+,G+B,250,36,2019-09-30,False,22.2912,-39.8649,1.006,27.1058,-26.1055,20.0063,-39.8649,7,1.9286,0.8536,1,0,1,0
2019+,G+B,250,37,2019-10-09,False,12.3616,-36.53,0.6639,15.6722,-27.5163,9.5474,-36.53,7,1.0,0.5714,0,0,0,0
2019+,G+B,250,38,2019-10-16,False,6.4007,-43.2435,0.3977,12.7739,-43.2435,1.2101,-25.028,7,1.0,0.5714,0,0,0,0
2019+,G+B,250,39,2019-10-24,True,24.2432,-41.614,1.1461,37.8157,-41.614,15.1609,-11.3648,7,1.0,0.5714,0,0,0,0
2019+,G+B,250,40,2019-11-01,False,22.4185,-19.1899,1.3003,13.8002,-19.1899,31.6657,-15.0814,7,1.0,0.4286,0,0,0,0
2019+,G+B,250,41,2019-11-08,False,21.49,-24.8674,1.0626,19.2906,-24.8674,24.3403,-16.8714,7,1.0,0.5714,0,0,1,0
2019+,G+B,250,42,2019-11-18,False,23.3217,-54.5007,0.8492,37.0553,-54.5007,12.8752,-18.0362,7,1.0,0.4286,0,0,0,0
2019+,G+B,250,43,2019-11-25,False,26.131,-53.4239,1.029,29.5255,-53.4239,24.7063,-33.8124,7,1.0,0.7143,0,0,0,0
2019+,G+B,250,44,2019-12-02,False,29.0338,-40.4881,1.1877,42.3056,-40.4881,20.3586,-38.9042,7,1.0,0.7143,0,0,1,0
2019+,G+B,250,45,2019-12-09,False,27.5454,-37.4939,1.2451,34.3827,-37.4939,23.7972,-17.2501,7,1.0,0.5714,0,0,1,0
2019+,G+B,250,46,2019-12-16,False,27.2221,-42.9665,1.1364,34.0777,-42.9665,24.7043,-22.8816,7,1.0,0.5714,0,0,0,0
2019+,G+B,250,47,2019-12-23,False,34.4409,-40.0685,1.5033,66.8284,-40.0685,12.8548,-14.5267,7,1.0,0.4286,0,0,0,0
2019+,G+B,250,48,2019-12-31,False,19.1708,-29.5803,0.9864,20.5029,-29.5803,18.9732,-22.1351,7,1.0,0.5714,0,0,0,0
2019+,G+B,250,49,2020-01-07,True,7.518,-67.0614,0.41,12.1639,-67.0614,4.4857,-21.7625,7,1.0,0.5665,1,0,0,0
2019+,G+H,30,0,2019-01-04,True,10.0134,-61.2735,0.5123,8.2357,-59.3328,11.9077,-47.0756,64,1.0,0.6669,3,0,1,0
2019+,G+H,30,1,2019-01-11,True,5.8068,-49.9137,0.353,-4.7784,-49.9137,19.4774,-30.5208,64,1.0,0.6698,2,0,0,0
2019+,G+H,30,2,2019-01-18,True,20.0688,-40.486,0.877,18.1569,-40.486,23.0674,-30.1261,64,1.0,0.5965,7,0,0,0
2019+,G+H,30,3,2019-01-25,True,17.5076,-46.9024,0.7987,4.0811,-46.9024,35.2628,-14.0165,64,1.0,0.6348,4,1,0,0
2019+,G+H,30,4,2019-02-01,True,7.8808,-56.3463,0.4502,-0.4334,-56.3463,20.7106,-21.8871,63,1.0,0.5873,0,0,1,0
2019+,G+H,30,5,2019-02-08,True,8.6468,-66.1781,0.4697,4.4761,-66.1781,13.2644,-38.8154,63,1.0,0.6172,2,0,1,0
2019+,G+H,60,0,2019-01-04,True,25.9235,-35.143,1.1726,27.1437,-35.143,24.5527,-28.3591,32,1.0,0.6226,1,0,1,0
2019+,G+H,60,1,2019-01-11,False,14.4398,-42.7779,0.6996,18.1218,-36.088,11.7243,-42.7779,32,1.0,0.6234,1,0,1,0
2019+,G+H,60,2,2019-01-18,True,11.6051,-35.6001,0.603,8.9113,-35.6001,15.4328,-28.1151,32,1.0,0.5844,3,0,0,0
2019+,G+H,60,3,2019-01-25,False,17.0321,-40.2035,0.7528,9.0422,-40.2035,27.7454,-19.1641,32,1.0,0.6493,2,1,0,0
2019+,G+H,60,4,2019-02-01,True,11.9742,-58.6817,0.5976,0.4616,-56.9129,29.0351,-22.251,32,1.0,0.5938,0,0,1,0
2019+,G+H,60,5,2019-02-08,False,17.1497,-54.0214,0.7696,17.6221,-54.0214,16.6067,-28.3152,32,1.0,0.5573,2,0,1,0
2019+,G+H,60,6,2019-02-15,False,10.1952,-58.3956,0.4929,15.2107,-51.8783,6.7642,-41.1736,32,1.5971,0.7111,2,0,1,0
2019+,G+H,60,7,2019-02-22,True,11.1612,-65.9505,0.5239,0.108,-65.9505,23.7754,-22.8483,32,1.5417,0.7161,1,0,0,0
2019+,G+H,60,8,2019-03-01,False,20.8223,-44.2608,0.8831,22.6192,-44.2608,18.9435,-26.5234,32,1.0,0.5938,5,0,0,0
2019+,G+H,60,9,2019-03-11,True,18.6438,-37.0687,0.9079,10.3834,-37.0687,28.797,-23.0551,32,1.0,0.6188,2,0,0,0
2019+,G+H,60,10,2019-03-18,False,16.9093,-36.2293,0.8306,18.8717,-27.2369,16.6856,-36.2293,31,1.0,0.5806,0,0,1,0
2019+,G+H,60,11,2019-03-26,True,22.4136,-34.6171,1.0149,27.4656,-31.2231,18.5053,-34.6171,31,1.0,0.6758,1,0,1,0
2019+,G+H,90,0,2019-01-04,True,25.7319,-42.7628,1.0311,29.1275,-42.7628,23.4468,-22.5505,22,1.3914,0.6742,1,0,0,0
2019+,G+H,90,1,2019-01-11,False,22.6258,-48.5215,0.8986,26.4901,-48.5215,21.0901,-24.59,22,1.3284,0.7211,2,0,0,0
2019+,G+H,90,2,2019-01-18,False,16.8695,-30.7864,0.9101,19.2266,-30.7864,16.7637,-21.8847,22,1.0,0.4614,4,0,0,0
2019+,G+H,90,3,2019-01-25,True,22.2415,-19.575,1.0828,26.7981,-17.9576,19.733,-19.575,22,1.0,0.5388,2,0,0,0
2019+,G+H,90,4,2019-02-01,False,10.1665,-49.5219,0.6429,10.3917,-49.5219,11.7757,-22.2777,21,1.0,0.381,0,0,1,0
2019+,G+H,90,5,2019-02-08,False,10.8292,-57.2353,0.5612,18.3585,-53.8042,3.4786,-34.9674,21,1.0,0.4714,1,0,1,0
2019+,G+H,90,6,2019-02-15,False,13.8537,-53.732,0.655,18.048,-53.732,11.2529,-46.5539,21,1.0,0.6154,1,0,1,0
2019+,G+H,90,7,2019-02-22,True,14.0083,-41.6231,0.6584,22.2525,-40.1559,6.0624,-40.1371,21,1.0,0.5714,0,0,1,0
2019+,G+H,90,8,2019-03-01,False,7.2082,-47.3474,0.4213,-0.9848,-46.6011,16.2785,-23.2751,21,1.0,0.6024,3,0,1,0
2019+,G+H,90,9,2019-03-11,False,18.0465,-45.5983,0.7885,11.2058,-45.5983,26.5359,-20.8662,21,1.0,0.6562,1,1,1,0
2019+,G+H,90,10,2019-03-18,True,11.1537,-53.6785,0.5694,8.1134,-53.6785,16.0527,-33.3829,21,1.0,0.619,0,0,2,0
2019+,G+H,90,11,2019-03-26,False,20.1281,-35.3581,0.8727,27.0655,-35.3581,14.4768,-34.528,21,1.0,0.6643,1,0,2,0
2019+,G+H,90,12,2019-04-02,False,19.7819,-44.8439,0.8412,24.936,-44.8439,14.7763,-39.5342,21,1.0,0.7106,1,0,2,0
2019+,G+H,90,13,2019-04-09,False,25.8418,-36.088,1.0224,24.6322,-36.088,28.2416,-35.3042,21,1.0,0.7143,0,0,1,0
2019+,G+H,90,14,2019-04-16,True,23.8272,-56.4405,0.9061,38.1503,-35.6001,11.9572,-56.4405,21,1.6667,0.7095,1,0,1,0
2019+,G+H,90,15,2019-04-25,False,15.2748,-46.9837,0.685,-0.9699,-46.9837,35.663,-18.9172,21,1.0,0.7116,1,0,0,0
2019+,G+H,90,16,2019-05-06,False,20.4922,-40.0243,0.8031,17.7439,-40.0243,26.7692,-30.4309,21,1.7778,0.7619,0,0,0,0
2019+,G+H,90,17,2019-05-13,True,33.8392,-37.6379,1.3521,35.7087,-37.6379,33.0022,-19.7214,21,1.0,0.7111,1,0,0,0
2019+,G+H,100,0,2019-01-04,True,5.7413,-34.3671,0.3847,-5.3224,-34.3671,20.2121,-28.1983,20,1.0,0.5362,2,0,3,0
2019+,G+H,100,1,2019-01-11,False,18.0418,-46.7873,0.7743,15.9387,-46.7873,22.7921,-24.6,20,1.0,0.65,0,0,2,0
2019+,G+H,100,2,2019-01-18,False,15.149,-44.5379,0.6829,19.447,-44.5379,13.0434,-34.3259,19,1.0,0.6263,1,0,2,0
2019+,G+H,100,3,2019-01-25,False,8.4008,-46.8205,0.4571,8.312,-46.8205,10.4688,-35.8616,19,1.0,0.6316,0,0,1,0
2019+,G+H,100,4,2019-02-01,True,15.9713,-41.0916,0.7703,21.733,-37.0058,12.076,-41.0916,19,1.0,0.6289,1,0,1,0
2019+,G+H,100,5,2019-02-08,False,10.8507,-35.9663,0.6625,4.3138,-35.9663,18.045,-22.126,19,1.0,0.4158,1,0,1,0
2019+,G+H,100,6,2019-02-15,False,17.7597,-38.2615,0.8275,14.3876,-38.2615,23.0897,-32.4649,19,1.0,0.5661,2,0,1,0
2019+,G+H,100,7,2019-02-22,False,35.012,-35.3581,1.4746,43.3462,-35.3581,26.8282,-15.1261,19,0.95,0.4681,2,0,1,0
2019+,G+H,100,8,2019-03-01,True,22.9109,-41.4424,0.9393,19.0314,-41.4424,26.9385,-15.0671,19,1.0,0.5,2,0,1,0
2019+,G+H,100,9,2019-03-11,False,17.7738,-55.1735,0.7964,9.1644,-55.1735,28.343,-24.0701,19,1.0,0.6206,2,0,1,0
2019+,G+H,100,10,2019-03-18,False,5.2593,-61.2889,0.3338,-5.1213,-59.6196,18.7123,-18.8248,19,1.0,0.4737,0,0,0,0
2019+,G+H,100,11,2019-03-26,True,28.9301,-56.2006,1.0622,17.5828,-56.2006,42.5961,-22.8094,19,1.7778,0.8381,0,1,0,0
2019+,G+H,100,12,2019-04-02,False,15.3301,-53.6515,0.6857,0.7281,-53.6515,32.0068,-20.8827,19,1.0,0.6711,1,0,0,0
2019+,G+H,100,13,2019-04-09,False,10.0829,-46.5645,0.5151,8.3681,-46.5645,12.9031,-44.3071,19,1.0,0.6785,2,0,0,0
2019+,G+H,100,14,2019-04-16,False,22.4518,-51.2833,0.9027,32.24,-51.2833,14.3454,-38.1026,19,1.8824,0.8211,3,0,0,0
2019+,G+H,100,15,2019-04-25,True,18.8577,-52.5059,0.7666,25.7383,-52.5059,13.9627,-41.7508,19,2.0,0.8421,0,0,0,0
2019+,G+H,100,16,2019-05-06,False,21.4973,-39.1475,0.8948,43.8088,-32.5482,6.0184,-39.1475,19,1.0,0.6842,0,0,0,0
2019+,G+H,100,17,2019-05-13,False,26.8968,-43.2832,1.1521,60.1799,-21.7163,1.4619,-43.2832,19,1.0,0.6316,0,0,0,0
2019+,G+H,100,18,2019-05-20,False,9.0765,-45.4781,0.5172,26.5979,-26.9909,-4.6694,-45.4781,19,1.0,0.6316,0,0,2,0
2019+,G+H,100,19,2019-05-27,True,15.9762,-39.8521,0.72,16.7292,-39.8521,16.5191,-16.6726,19,1.0,0.6224,2,0,2,0
2019+,G+H,180,0,2019-01-04,True,32.9208,-25.6316,1.3635,33.1162,-14.6627,34.0305,-25.6316,11,1.0,0.6364,0,0,0,0
2019+,G+H,180,1,2019-01-11,False,26.8731,-35.9358,1.1005,22.1564,-35.9358,34.7648,-31.1165,11,1.0,0.7225,1,0,0,0
2019+,G+H,180,2,2019-01-18,False,21.01,-35.1637,0.9778,16.9784,-35.1637,27.9541,-19.3992,11,1.0,0.5364,1,0,0,0
2019+,G+H,180,3,2019-01-25,False,19.1715,-31.4497,0.8968,20.3189,-31.4497,20.0927,-19.4405,11,1.0,0.6281,1,0,0,0
2019+,G+H,180,4,2019-02-01,False,15.3022,-56.8669,0.8015,0.5026,-56.1423,35.3091,-18.7452,11,1.0,0.5455,0,0,0,0
2019+,G+H,180,5,2019-02-08,False,14.9171,-63.7562,0.6835,13.0513,-63.7562,16.8417,-31.0471,11,1.0,0.5364,1,0,0,0
2019+,G+H,180,6,2019-02-15,False,16.533,-60.3633,0.7147,9.2444,-60.3633,26.3717,-39.2101,11,1.0,0.7203,1,0,0,0
2019+,G+H,180,7,2019-02-22,True,20.5538,-50.9437,0.8786,14.8429,-50.9437,26.6591,-20.4964,11,1.0,0.6364,0,0,1,0
2019+,G+H,180,8,2019-03-01,False,20.7487,-50.7835,0.8864,11.6827,-50.7835,30.7247,-25.8701,11,1.0,0.7045,2,0,1,0
2019+,G+H,180,9,2019-03-11,False,26.1055,-44.6688,1.1018,17.2164,-44.6688,37.0025,-15.8532,11,1.7898,0.7143,1,0,1,0
2019+,G+H,180,10,2019-03-18,False,32.119,-52.625,1.1651,16.7785,-52.625,51.8874,-37.9906,11,1.7743,0.8182,0,0,1,0
2019+,G+H,180,11,2019-03-26,False,33.7248,-38.0766,1.2995,40.5797,-35.3581,28.1848,-38.0766,11,1.8678,0.8136,1,0,1,0
2019+,G+H,180,12,2019-04-02,False,30.2004,-46.9101,1.2798,39.4656,-35.143,21.4509,-46.9101,11,1.0,0.7203,1,0,1,0
2019+,G+H,180,13,2019-04-09,False,26.107,-38.0294,1.1255,15.978,-36.088,38.3465,-38.0294,11,1.0,0.6364,0,0,0,0
2019+,G+H,180,14,2019-04-16,True,36.2936,-50.2817,1.3944,43.3601,-35.6001,30.5958,-50.2817,11,1.0,0.7182,1,0,0,0
2019+,G+H,180,15,2019-04-25,False,27.7481,-43.8634,1.0282,28.5443,-43.1896,28.6443,-28.496,11,1.0,0.7222,1,0,0,0
2019+,G+H,180,16,2019-05-06,False,30.9104,-41.5307,1.063,41.8943,-41.5307,24.4512,-29.3181,11,1.7001,0.8182,0,0,0,0
2019+,G+H,180,17,2019-05-13,False,17.8591,-36.3938,0.8202,27.9278,-36.3938,9.8572,-35.5553,11,1.0,0.6303,1,0,0,0
2019+,G+H,180,18,2019-05-20,False,16.9752,-42.7628,0.7257,21.7107,-42.7628,14.188,-32.8833,11,1.7647,0.7121,1,0,0,0
2019+,G+H,180,19,2019-05-27,False,16.7684,-50.0779,0.6794,27.6517,-50.0779,8.6499,-32.5645,11,1.0,0.7121,2,0,0,0
2019+,G+H,180,20,2019-06-03,False,5.87,-34.992,0.3976,8.5571,-32.9867,4.8847,-34.992,11,1.0,0.3864,3,0,0,0
2019+,G+H,180,21,2019-06-11,True,5.8396,-35.6719,0.3834,12.5593,-23.5842,-0.1859,-35.6719,11,1.0,0.4495,1,0,0,0
2019+,G+H,180,22,2019-06-18,False,6.9162,-37.0302,0.559,21.2119,-19.4592,-5.0518,-31.3666,10,0.0,0.18,1,0,0,0
2019+,G+H,180,23,2019-06-25,False,0.3701,-54.0015,0.1201,16.9254,-28.316,-13.0397,-41.0266,10,1.0,0.4,0,0,0,0
2019+,G+H,180,24,2019-07-02,False,9.8468,-37.5721,0.5622,22.2517,-23.1968,-0.6289,-37.5721,10,1.0,0.5,0,0,0,0
2019+,G+H,180,25,2019-07-09,False,8.0662,-54.4218,0.4527,30.9687,-37.2474,-9.6273,-54.4218,10,1.0,0.5,0,0,0,0
2019+,G+H,180,26,2019-07-16,False,0.9903,-28.0225,0.1535,3.5573,-20.6966,-1.3278,-28.0225,10,1.0,0.49,1,0,0,0
2019+,G+H,180,27,2019-07-23,False,7.5619,-31.6276,0.4306,1.0907,-29.3903,13.848,-30.0673,10,1.0,0.5923,0,1,1,0
2019+,G+H,180,28,2019-07-30,True,-0.2341,-31.6302,0.083,-5.7989,-25.7519,5.1378,-31.6302,10,1.0,0.4,0,0,2,0
2019+,G+H,180,29,2019-08-06,False,12.6063,-34.2614,0.6443,12.8531,-25.9675,12.3436,-34.2614,10,1.0,0.5,0,0,2,0
2019+,G+H,180,30,2019-08-14,False,12.8531,-38.1169,0.586,23.2662,-24.3189,4.9994,-38.1169,10,1.4018,0.7,0,0,2,0
2019+,G+H,180,31,2019-08-22,False,27.2591,-34.7841,1.0491,36.6764,-27.2533,19.8455,-34.7841,10,1.7737,0.8,0,0,1,0
2019+,G+H,180,32,2019-08-29,False,19.2707,-37.1281,0.7787,31.7847,-27.833,9.5017,-37.1281,10,1.2785,0.7,0,0,1,0
2019+,G+H,180,33,2019-09-06,False,16.9928,-29.7781,0.8355,13.4903,-29.7781,20.6754,-23.5832,10,1.25,0.7,0,0,0,0
2019+,G+H,180,34,2019-09-16,False,10.7706,-64.176,0.5028,-1.1251,-64.176,23.5162,-32.1673,10,1.0,0.7,0,0,1,0
2019+,G+H,180,35,2019-09-23,True,27.264,-51.9549,1.064,14.064,-51.9549,41.532,-25.8892,10,1.4333,0.8,0,0,0,0
2019+,G+H,250,0,2019-01-04,True,2.7331,-63.1759,0.2353,3.6883,-63.1759,3.0135,-23.5655,8,1.0,0.375,0,0,0,0
2019+,G+H,250,1,2019-01-11,False,19.0063,-52.3397,0.7948,27.0804,-52.3397,12.0093,-25.1563,8,1.0,0.6154,0,1,0,0
2019+,G+H,250,2,2019-01-18,False,1.9523,-61.6196,0.2067,7.7661,-55.3065,-3.4164,-31.0014,8,1.0,0.5,0,0,0,0
2019+,G+H,250,3,2019-01-25,False,10.3459,-42.9412,0.5492,23.9783,-42.9412,-1.2307,-28.0908,8,0.9737,0.4934,1,0,0,0
2019+,G+H,250,4,2019-02-01,False,10.2912,-42.7628,0.609,29.053,-42.7628,-6.4284,-28.6772,8,1.0,0.375,0,0,0,0
2019+,G+H,250,5,2019-02-08,False,9.9432,-43.3827,0.5803,26.3927,-43.3827,-4.9172,-31.7863,8,1.0,0.375,0,0,0,0
2019+,G+H,250,6,2019-02-15,False,4.4328,-23.4223,0.4674,8.8916,-23.4223,0.0,0.0,8,0.0,0.125,0,0,0,0
2019+,G+H,250,7,2019-02-22,False,3.2104,-23.8011,0.3719,6.4187,-23.8011,0.0,0.0,8,0.0,0.125,0,0,0,0
2019+,G+H,250,8,2019-03-01,False,4.5119,-22.9308,0.5017,9.1001,-22.9308,0.0,0.0,8,0.0,0.125,0,0,0,0
2019+,G+H,250,9,2019-03-11,False,9.3612,-32.4278,0.6771,11.5637,-17.1084,7.1381,-32.4278,8,0.5,0.375,0,0,0,0
2019+,G+H,250,10,2019-03-18,True,-11.3028,-72.6739,-0.3678,-24.6991,-72.6739,6.2108,-25.871,8,1.0,0.5,0,0,1,0
2019+,G+H,250,11,2019-03-26,False,9.7583,-55.3488,0.49,-3.1294,-55.3488,26.351,-36.8125,8,1.875,0.875,0,0,1,0
2019+,G+H,250,12,2019-04-02,False,-4.7855,-70.1092,-0.0607,-21.926,-70.1092,17.8672,-40.7085,8,1.45,0.7375,1,0,0,0
2019+,G+H,250,13,2019-04-09,False,2.4887,-53.4821,0.2253,-1.9726,-23.7294,8.6332,-53.4821,8,1.5,0.625,0,0,1,0
2019+,G+H,250,14,2019-04-16,False,21.9853,-33.7472,1.0009,4.6969,-31.4608,43.9488,-33.7472,8,2.0,0.75,0,0,0,0
2019+,G+H,250,15,2019-04-25,False,10.6972,-62.6175,0.5244,-10.2719,-62.6175,36.0653,-28.5451,8,1.0,0.7375,1,0,2,0
2019+,G+H,250,16,2019-05-06,False,19.4677,-62.2959,0.7338,0.2704,-62.2959,41.666,-30.2446,8,1.7029,0.8654,1,0,2,0
2019+,G+H,250,17,2019-05-13,False,33.556,-30.0525,1.3044,20.5575,-22.613,47.3884,-30.0525,8,1.3056,0.7431,1,0,2,0
2019+,G+H,250,18,2019-05-20,False,29.041,-30.499,1.0299,19.2581,-27.6123,39.1447,-30.499,8,1.4333,0.75,0,0,2,0
2019+,G+H,250,19,2019-05-27,False,8.588,-67.2486,0.4272,-7.5441,-67.2486,26.6966,-35.5553,8,1.7981,0.8553,2,0,2,0
2019+,G+H,250,20,2019-06-03,True,14.6199,-32.8833,0.7796,1.0511,-19.2421,29.2302,-32.8833,8,0.9631,0.6154,1,0,2,0
2019+,G+H,250,21,2019-06-11,False,24.6031,-32.5645,1.0349,15.0823,-31.0128,34.2848,-32.5645,8,1.3072,0.75,0,0,0,0
2019+,G+H,250,22,2019-06-18,False,21.9393,-34.992,0.8721,19.2587,-33.3643,24.4538,-34.992,8,1.3971,0.75,0,0,0,0
2019+,G+H,250,23,2019-06-25,False,16.2783,-42.0116,0.758,8.1835,-42.0116,24.3775,-34.5436,8,1.375,0.7431,1,0,0,0
2019+,G+H,250,24,2019-07-02,False,27.6268,-32.0563,1.0884,23.1008,-32.0563,32.9564,-31.8114,8,1.9604,0.8562,2,0,1,0
2019+,G+H,250,25,2019-07-09,False,23.6726,-46.1716,0.9685,23.5008,-32.2732,24.3399,-46.1716,8,2.0,0.875,0,0,0,0
2019+,G+H,250,26,2019-07-16,False,26.0282,-38.5834,1.159,22.3719,-25.7486,29.9385,-38.5834,8,1.4037,0.7292,1,0,0,0
2019+,G+H,250,27,2019-07-23,False,26.6265,-36.3496,1.1327,37.9992,-33.8511,17.4547,-33.3264,8,1.475,0.7438,1,0,0,0
2019+,G+H,250,28,2019-07-30,False,30.6551,-25.7375,1.3876,35.2386,-20.1544,27.6991,-25.7375,8,1.1248,0.6875,2,0,0,0
2019+,G+H,250,29,2019-08-06,True,26.1535,-30.0673,1.087,25.0478,-29.9562,28.527,-30.0673,8,1.5,0.7292,2,0,0,0
2019+,G+H,250,30,2019-08-14,False,12.0295,-31.6302,0.7167,0.7222,-16.8363,24.6095,-31.6302,8,0.9052,0.475,1,0,1,0
2019+,G+H,250,31,2019-08-22,False,39.7555,-34.2614,1.3878,32.8293,-33.0924,49.2144,-34.2614,8,1.8016,0.75,0,0,1,0
2019+,G+H,250,32,2019-08-29,False,50.6879,-34.2693,1.6619,49.6695,-22.7927,54.574,-34.2693,7,1.8667,0.8571,0,0,1,0
2019+,G+H,250,33,2019-09-06,False,31.8607,-31.4736,1.2768,39.9054,-21.578,27.3255,-31.4736,7,1.8333,0.7143,0,0,0,0
2019+,G+H,250,34,2019-09-16,False,17.8267,-64.176,0.6711,9.6827,-64.176,27.5592,-46.0688,7,2.0,0.9857,1,0,0,0
2019+,G+H,250,35,2019-09-23,False,0.5478,-51.9549,0.1427,-13.5003,-51.9549,14.6706,-33.664,7,1.0,0.5714,0,0,0,0
2019+,G+H,250,36,2019-09-30,False,25.7319,-34.7568,1.0252,25.488,-25.7519,27.7226,-34.7568,7,2.0,0.8571,0,0,2,0
2019+,G+H,250,37,2019-10-09,False,22.4087,-35.9358,0.9306,31.4318,-35.9358,15.0636,-29.8433,7,1.0,0.7143,0,0,0,0
2019+,G+H,250,38,2019-10-16,False,13.3113,-40.5379,0.7052,37.3858,-35.1637,-3.9622,-39.8651,7,1.0,0.5714,0,0,0,0
2019+,G+H,250,39,2019-10-24,True,27.0828,-31.4497,1.2748,40.2414,-31.4497,17.8657,-14.4925,7,1.0,0.551,1,0,0,0
2019+,G+H,250,40,2019-11-01,False,31.1542,-32.7802,1.2848,29.1023,-32.7802,34.8666,-18.8248,7,1.0,0.5714,0,0,0,0
2019+,G+H,250,41,2019-11-08,False,27.3904,-45.6412,1.0483,30.2845,-45.6412,26.0282,-18.4161,7,1.8333,0.7143,0,0,0,0
2019+,G+H,250,42,2019-11-18,False,11.7869,-37.3799,0.689,19.7482,-37.3799,5.5301,-23.2751,7,1.0,0.3929,1,0,0,0
2019+,G+H,250,43,2019-11-25,False,28.374,-34.9944,1.1488,27.379,-34.9944,30.3993,-26.3214,7,1.0,0.7143,0,0,0,0
2019+,G+H,250,44,2019-12-02,False,57.1094,-37.0058,1.8153,114.6365,-37.0058,22.4067,-33.9465,7,1.0,0.6857,1,0,0,0
2019+,G+H,250,45,2019-12-09,False,32.4634,-35.9663,1.2783,26.231,-35.9663,39.5864,-18.9172,7,1.0,0.5714,0,0,0,0
2019+,G+H,250,46,2019-12-16,False,29.0427,-38.2615,1.1268,44.4579,-38.2615,21.0956,-26.0411,7,1.0,0.5714,0,0,0,0
2019+,G+H,250,47,2019-12-23,False,46.1887,-37.2474,1.6844,98.8285,-37.2474,13.936,-15.1261,7,1.0,0.4286,0,0,0,0
2019+,G+H,250,48,2019-12-31,False,14.6804,-62.5136,0.6753,16.7163,-53.1502,13.1312,-26.1563,7,2.0,0.7143,0,0,0,0
2019+,G+H,250,49,2020-01-07,True,11.3447,-62.1304,0.5205,19.8849,-62.1304,6.7108,-20.1054,7,1.0,0.5714,0,0,0,0
2019+,B+H,30,0,2019-01-04,True,12.9026,-47.5334,0.5926,8.309,-45.9881,18.9646,-47.5334,64,1.5018,0.9507,4,0,2,0
2019+,B+H,30,1,2019-01-11,True,8.4828,-48.3287,0.443,-1.5275,-46.841,21.2345,-48.3287,64,1.5247,0.9668,3,0,1,0
2019+,B+H,30,2,2019-01-18,True,20.7939,-45.5922,0.8215,8.2516,-45.5922,36.5911,-40.1883,64,1.5387,0.9329,6,0,1,0
2019+,B+H,30,3,2019-01-25,True,19.0641,-45.1599,0.7925,13.9047,-39.9328,25.584,-45.1599,64,1.4744,0.9651,5,1,1,0
2019+,B+H,30,4,2019-02-01,True,17.6402,-44.6107,0.7292,12.9934,-41.3501,25.5799,-42.1058,63,1.5294,0.9829,1,1,2,0
2019+,B+H,30,5,2019-02-08,True,22.1541,-40.9994,0.8915,25.3942,-39.3369,20.3016,-39.7676,63,1.5141,0.9667,3,0,4,0
2019+,B+H,60,0,2019-01-04,True,19.3308,-48.6298,0.8063,20.095,-36.0664,19.462,-48.6298,32,1.7522,0.9352,2,0,1,0
2019+,B+H,60,1,2019-01-11,False,19.8421,-42.8069,0.8333,13.1214,-42.8069,28.454,-42.3982,32,1.84,0.9375,0,0,1,0
2019+,B+H,60,2,2019-01-18,True,15.2208,-43.1891,0.6481,-0.0873,-43.1891,34.9125,-38.4573,32,1.8453,0.9644,3,0,2,0
2019+,B+H,60,3,2019-01-25,False,19.9793,-39.3881,0.8124,7.5555,-39.3881,35.4844,-30.4712,32,1.8325,0.9948,2,1,2,0
2019+,B+H,60,4,2019-02-01,True,15.341,-45.5781,0.6544,5.6811,-45.5781,29.3514,-32.7652,32,1.8711,0.9678,0,1,4,0
2019+,B+H,60,5,2019-02-08,False,17.9499,-44.9603,0.7617,21.1935,-40.1705,16.479,-44.9603,32,1.7947,0.9644,3,0,4,0
2019+,B+H,60,6,2019-02-15,False,13.5364,-52.1545,0.6149,11.2438,-52.1545,17.6295,-47.6,32,1.9509,0.9662,2,0,2,0
2019+,B+H,60,7,2019-02-22,True,7.549,-59.3061,0.4051,-1.7067,-59.3061,19.7729,-44.7015,32,2.0,0.9956,4,0,1,0
2019+,B+H,60,8,2019-03-01,False,25.1623,-48.5903,0.989,22.0671,-48.5903,29.8717,-43.3996,32,1.7986,0.8947,6,0,0,0
2019+,B+H,60,9,2019-03-11,True,26.1443,-43.3573,1.04,33.9748,-37.307,19.9841,-43.3573,32,1.8499,0.9342,2,1,0,0
2019+,B+H,60,10,2019-03-18,False,27.9044,-47.1414,1.032,27.9097,-47.1414,29.3731,-39.5581,31,1.8378,0.998,1,0,1,0
2019+,B+H,60,11,2019-03-26,True,29.7473,-37.8644,1.1274,28.4532,-36.0203,32.1213,-37.8644,31,1.871,0.966,2,0,1,0
2019+,B+H,90,0,2019-01-04,True,13.4416,-52.1327,0.6436,12.3613,-42.7628,15.4991,-52.1327,22,1.9269,0.8601,2,0,1,0
2019+,B+H,90,1,2019-01-11,False,12.6715,-46.508,0.5784,11.3704,-46.508,15.414,-45.5485,22,1.9499,0.9492,3,0,1,0
2019+,B+H,90,2,2019-01-18,False,13.4274,-44.794,0.6361,14.314,-44.6404,13.966,-44.794,22,1.9477,0.8992,4,0,1,0
2019+,B+H,90,3,2019-01-25,True,25.5415,-41.6002,1.0337,35.7678,-35.576,16.9048,-41.6002,22,1.8679,0.9487,3,0,1,0
2019+,B+H,90,4,2019-02-01,False,25.7792,-38.6843,1.062,23.3014,-38.6843,30.0686,-34.2658,21,1.8824,0.9509,0,1,2,0
2019+,B+H,90,5,2019-02-08,False,32.1328,-37.8678,1.269,38.2472,-37.8678,27.5546,-36.6197,21,1.8571,0.898,3,0,2,0
2019+,B+H,90,6,2019-02-15,False,26.1465,-44.3416,0.9984,30.5403,-44.3416,23.4747,-43.4217,21,1.875,0.998,1,0,1,0
2019+,B+H,90,7,2019-02-22,True,23.068,-41.9826,0.9318,20.7283,-41.2665,27.3738,-41.9826,21,1.9259,0.9514,1,0,1,0
2019+,B+H,90,8,2019-03-01,False,22.154,-41.8306,0.8715,10.3037,-41.8306,37.1605,-37.5049,21,1.9091,0.9449,3,0,2,0
2019+,B+H,90,9,2019-03-11,False,24.6052,-36.0447,0.9909,15.9218,-35.9663,35.6132,-36.0447,21,1.8333,0.9469,1,1,3,0
2019+,B+H,90,10,2019-03-18,True,23.5643,-45.1545,0.9194,18.7309,-45.1545,30.1505,-32.6062,21,1.8324,0.997,1,0,4,0
2019+,B+H,90,11,2019-03-26,False,25.3765,-37.4672,0.9641,24.2608,-37.4672,27.544,-35.8881,21,1.8667,0.9987,1,0,5,0
2019+,B+H,90,12,2019-04-02,False,20.4483,-42.485,0.8153,12.5562,-42.485,29.9185,-39.0488,21,1.8421,0.9985,1,0,4,0
2019+,B+H,90,13,2019-04-09,False,29.2349,-39.1636,1.087,20.4609,-39.1636,39.7187,-32.9676,21,1.8261,0.9988,1,0,3,0
2019+,B+H,90,14,2019-04-16,True,31.5761,-48.031,1.1232,17.2119,-48.031,48.5766,-33.6415,21,1.8,0.9524,0,0,2,0
2019+,B+H,90,15,2019-04-25,False,22.6281,-50.9046,0.8658,11.7848,-50.9046,35.2291,-32.6694,21,1.8333,0.9987,0,1,2,0
2019+,B+H,90,16,2019-05-06,False,22.7318,-48.8027,0.8075,18.3001,-48.8027,30.1877,-42.7074,21,1.9259,1.0,0,0,1,0
2019+,B+H,90,17,2019-05-13,True,21.8575,-43.297,0.8594,21.1223,-41.577,24.4051,-43.297,21,1.871,0.9988,1,0,1,0
2019+,B+H,100,0,2019-01-04,True,19.473,-36.2145,0.8752,17.5923,-32.7802,22.4401,-36.2145,20,1.8717,0.8438,2,0,4,0
2019+,B+H,100,1,2019-01-11,False,19.7147,-35.565,0.8475,16.5955,-35.565,24.5437,-32.4832,20,1.9866,0.8986,0,1,4,0
2019+,B+H,100,2,2019-01-18,False,20.1923,-45.705,0.8526,11.1754,-45.705,32.1761,-38.797,19,1.9583,0.9452,1,0,3,0
2019+,B+H,100,3,2019-01-25,False,30.785,-36.6359,1.1646,28.6564,-33.4754,34.5035,-36.6359,19,1.913,0.9461,1,0,3,0
2019+,B+H,100,4,2019-02-01,True,22.6897,-45.2459,0.8686,22.3611,-37.0058,24.6217,-45.2459,19,1.9,0.9434,3,0,3,0
2019+,B+H,100,5,2019-02-08,False,22.5019,-48.9282,0.9501,18.0321,-35.9663,28.8625,-48.9282,19,1.8333,0.8925,1,0,3,0
2019+,B+H,100,6,2019-02-15,False,22.7669,-39.9249,0.8811,9.5319,-39.9249,40.1017,-34.7894,19,2.0,0.9958,2,0,4,0
2019+,B+H,100,7,2019-02-22,False,29.2361,-37.2769,1.1236,22.639,-37.2769,38.3877,-34.8135,19,1.7917,0.9931,3,0,4,0
2019+,B+H,100,8,2019-03-01,True,25.4589,-41.6162,1.028,20.0499,-38.0938,32.7406,-41.6162,19,1.8095,0.9421,2,0,3,0
2019+,B+H,100,9,2019-03-11,False,32.0179,-39.1636,1.2103,32.3573,-39.1636,33.1349,-38.175,19,1.8974,0.9394,3,0,2,0
2019+,B+H,100,10,2019-03-18,False,25.001,-51.628,0.9257,15.0869,-51.628,37.476,-35.0955,19,1.9204,1.0,0,0,0,0
2019+,B+H,100,11,2019-03-26,True,25.8224,-48.3383,0.9983,12.069,-48.3383,42.5146,-34.7269,19,1.8571,0.9969,0,1,0,0
2019+,B+H,100,12,2019-04-02,False,19.3403,-51.757,0.7999,11.7498,-51.757,28.4629,-35.9791,19,1.8445,0.9944,1,1,0,0
2019+,B+H,100,13,2019-04-09,False,21.6357,-48.9767,0.878,15.3323,-48.9767,29.3069,-35.3625,19,1.9213,0.9977,2,0,0,0
2019+,B+H,100,14,2019-04-16,False,17.2008,-52.788,0.7023,14.6483,-52.788,20.6688,-38.3085,19,1.9048,0.9885,4,0,0,0
2019+,B+H,100,15,2019-04-25,True,15.7467,-53.9279,0.6728,12.1586,-53.9279,20.2148,-41.6122,19,1.913,1.0,0,0,1,0
2019+,B+H,100,16,2019-05-06,False,24.4679,-44.7979,0.9015,27.492,-44.7979,24.4204,-43.3813,19,1.75,0.9474,0,0,1,0
2019+,B+H,100,17,2019-05-13,False,26.7393,-43.1812,0.9806,42.5326,-37.6595,14.5382,-43.1812,19,1.8537,1.0,0,0,3,0
2019+,B+H,100,18,2019-05-20,False,26.7695,-39.2668,1.0613,32.44,-32.3701,22.1847,-39.2668,19,1.8626,0.9474,0,0,3,0
2019+,B+H,100,19,2019-05-27,True,19.4104,-36.6567,0.7753,15.9468,-36.6567,23.7086,-34.651,19,1.8809,0.9922,4,0,3,0
2019+,B+H,180,0,2019-01-04,True,22.9914,-33.7834,1.0654,20.5378,-23.5905,26.6114,-33.7834,11,1.8095,0.8145,1,0,1,0
2019+,B+H,180,1,2019-01-11,False,20.4463,-35.9358,0.8873,10.4515,-35.9358,33.5625,-34.1941,11,1.8182,0.9072,1,0,1,0
2019+,B+H,180,2,2019-01-18,False,20.1573,-36.306,0.8919,11.5869,-35.1637,31.5833,-36.306,11,1.7938,0.9053,1,0,2,0
2019+,B+H,180,3,2019-01-25,False,25.7814,-31.4497,1.0205,22.5949,-31.4497,30.6347,-30.7535,11,1.7667,0.9904,2,0,3,0
2019+,B+H,180,4,2019-02-01,False,21.1749,-37.2469,0.944,11.8507,-37.2469,33.4513,-33.5678,11,1.6244,0.9063,0,1,3,0
2019+,B+H,180,5,2019-02-08,False,28.9864,-36.9519,1.2012,28.169,-35.565,31.3868,-36.9519,11,1.6924,0.8988,2,0,3,0
2019+,B+H,180,6,2019-02-15,False,32.2936,-38.168,1.2161,27.8129,-38.168,39.0081,-36.8361,11,1.7608,0.9962,1,0,2,0
2019+,B+H,180,7,2019-02-22,True,32.7391,-33.956,1.2415,21.098,-33.956,48.0082,-33.6108,11,1.8182,0.9982,1,0,2,0
2019+,B+H,180,8,2019-03-01,False,36.9413,-38.3667,1.3802,31.9807,-37.0058,43.7919,-38.3667,11,1.762,0.8987,2,0,2,0
2019+,B+H,180,9,2019-03-11,False,31.5062,-35.9663,1.2853,20.934,-35.9663,44.7954,-35.7989,11,1.8333,0.904,1,0,2,0
2019+,B+H,180,10,2019-03-18,False,32.1131,-42.1296,1.174,26.3211,-42.1296,39.8234,-31.0318,11,1.8175,0.9943,1,0,2,0
2019+,B+H,180,11,2019-03-26,False,36.4111,-37.2769,1.3024,39.319,-37.2769,34.6071,-30.9145,11,1.875,0.9976,1,0,2,0
2019+,B+H,180,12,2019-04-02,False,36.9382,-38.1054,1.3175,37.2648,-38.1054,37.6399,-31.3501,11,1.8222,0.9971,1,0,2,0
2019+,B+H,180,13,2019-04-09,False,39.0372,-37.3093,1.369,37.8515,-37.3093,41.3241,-32.3723,11,1.9,1.0,0,0,1,0
2019+,B+H,180,14,2019-04-16,True,43.2982,-40.344,1.4032,41.8193,-40.344,45.7607,-29.9039,11,1.9,0.9949,1,0,1,0
2019+,B+H,180,15,2019-04-25,False,35.7193,-38.641,1.2205,24.4938,-38.641,48.7043,-31.209,11,1.8667,1.0,0,0,1,0
2019+,B+H,180,16,2019-05-06,False,26.6882,-48.6128,0.9101,22.205,-48.6128,34.274,-31.8684,11,1.9375,1.0,0,0,1,0
2019+,B+H,180,17,2019-05-13,False,22.1607,-50.373,0.846,23.9054,-50.373,22.8921,-34.143,11,1.8462,0.9977,1,0,0,0
2019+,B+H,180,18,2019-05-20,False,16.4436,-42.7628,0.73,18.964,-42.7628,15.7232,-38.2781,11,1.7959,0.9056,1,0,0,0
2019+,B+H,180,19,2019-05-27,False,16.3368,-51.8682,0.6689,12.7813,-51.8682,21.6256,-41.0615,11,1.8889,0.9861,3,0,0,0
2019+,B+H,180,20,2019-06-03,False,23.1947,-39.9832,0.9403,22.5569,-39.9832,25.6649,-36.679,11,1.8554,0.893,3,0,0,0
2019+,B+H,180,21,2019-06-11,True,25.4787,-38.5221,1.0331,30.7003,-32.905,22.6191,-38.5221,11,1.9679,0.9071,1,0,0,0
2019+,B+H,180,22,2019-06-18,False,25.6107,-40.4865,1.016,24.5675,-38.9065,28.962,-30.0937,10,1.9287,0.9941,1,0,1,0
2019+,B+H,180,23,2019-06-25,False,26.1799,-40.8988,1.0786,27.2074,-36.0544,26.6759,-35.4371,10,1.9231,0.8971,1,0,1,0
2019+,B+H,180,24,2019-07-02,False,19.3884,-57.19,0.7856,18.5649,-57.19,21.3972,-37.1877,10,2.0,1.0,0,0,2,0
2019+,B+H,180,25,2019-07-09,False,25.4081,-39.1063,1.0351,30.1899,-27.4212,22.4816,-39.1063,10,2.0,0.9,0,0,2,0
2019+,B+H,180,26,2019-07-16,False,13.8531,-62.2959,0.5818,-1.578,-62.2959,31.6147,-29.2906,10,2.0,0.9958,1,0,2,0
2019+,B+H,180,27,2019-07-23,False,13.423,-64.176,0.5839,-4.5082,-64.176,34.0076,-29.6444,10,1.9706,0.9941,0,1,3,0
2019+,B+H,180,28,2019-07-30,True,16.6546,-64.176,0.6787,0.446,-64.176,34.6163,-31.5138,10,1.95,1.0,0,0,3,0
2019+,B+H,180,29,2019-08-06,False,14.3276,-64.176,0.605,-0.2273,-64.176,29.8894,-31.3347,10,1.9254,1.0,0,0,4,0
2019+,B+H,180,30,2019-08-14,False,14.6266,-64.176,0.6121,-0.0928,-64.176,30.8045,-31.5746,10,1.9615,1.0,0,0,3,0
2019+,B+H,180,31,2019-08-22,False,20.433,-64.176,0.7736,6.3944,-64.176,35.1454,-32.5264,10,1.9201,0.9976,1,0,2,0
2019+,B+H,180,32,2019-08-29,False,24.4965,-64.176,0.8951,7.6617,-64.176,42.417,-33.3532,10,1.9615,0.8923,1,0,1,0
2019+,B+H,180,33,2019-09-06,False,20.4074,-64.176,0.7664,7.8141,-64.176,33.3056,-33.0344,10,1.95,0.9973,0,1,1,0
2019+,B+H,180,34,2019-09-16,False,22.0941,-64.176,0.7816,7.1129,-64.176,37.7352,-31.6159,10,1.9306,1.0,0,0,1,0
2019+,B+H,180,35,2019-09-23,True,20.6927,-51.9549,0.8394,5.5748,-51.9549,36.6193,-30.0412,10,1.8684,1.0,0,0,1,0
2019+,B+H,250,0,2019-01-04,True,31.3989,-40.344,1.2206,38.8182,-40.344,25.3377,-33.4926,8,1.9444,0.875,0,0,0,0
2019+,B+H,250,1,2019-01-11,False,24.5796,-38.641,1.0076,26.0784,-38.641,24.1743,-33.2661,8,1.9706,0.8676,0,1,0,0
2019+,B+H,250,2,2019-01-18,False,28.9165,-43.3818,1.1347,27.5252,-43.3818,31.9159,-29.1643,8,1.95,0.875,0,0,0,0
2019+,B+H,250,3,2019-01-25,False,37.1621,-40.1705,1.3127,42.4675,-40.1705,33.4815,-28.0792,8,1.953,0.9974,1,0,0,0
2019+,B+H,250,4,2019-02-01,False,24.0465,-42.7628,0.902,26.2489,-42.7628,23.1805,-40.3279,8,1.8296,0.8576,2,0,1,0
2019+,B+H,250,5,2019-02-08,False,20.1057,-45.0563,0.8635,23.9885,-45.0563,17.9384,-29.293,8,1.9077,0.875,0,0,1,0
2019+,B+H,250,6,2019-02-15,False,30.5428,-46.3926,1.1522,26.5311,-46.3926,36.9739,-27.4858,8,2.0,1.0,0,0,2,0
2019+,B+H,250,7,2019-02-22,False,25.8379,-40.5269,1.05,28.6175,-40.5269,24.9376,-33.2943,8,1.9762,1.0,0,0,1,0
2019+,B+H,250,8,2019-03-01,False,32.8115,-34.8115,1.3434,35.6321,-34.8115,31.8842,-28.0927,8,1.9574,0.875,0,0,1,0
2019+,B+H,250,9,2019-03-11,False,25.9885,-34.1744,1.1147,23.2538,-34.1744,30.8133,-28.11,8,1.9388,0.8725,1,0,1,0
2019+,B+H,250,10,2019-03-18,True,17.8695,-64.6923,0.7315,9.299,-64.6923,29.1572,-29.4491,8,2.0,1.0,0,0,3,0
2019+,B+H,250,11,2019-03-26,False,20.7825,-58.3204,0.8203,13.9499,-58.3204,30.0233,-27.937,8,2.0,1.0,0,0,4,0
2019+,B+H,250,12,2019-04-02,False,13.4608,-63.5071,0.6168,5.5512,-63.5071,23.7569,-27.147,8,1.9792,0.9948,1,0,4,0
2019+,B+H,250,13,2019-04-09,False,14.8458,-63.1563,0.6292,7.8291,-63.1563,24.0939,-28.6958,8,2.0,1.0,0,0,4,0
2019+,B+H,250,14,2019-04-16,False,20.9248,-65.959,0.7854,9.6955,-65.959,35.186,-29.2647,8,1.9302,1.0,0,0,4,0
2019+,B+H,250,15,2019-04-25,False,21.3843,-64.5685,0.8304,10.8805,-64.5685,34.7972,-30.2942,8,1.9251,0.9948,1,0,4,0
2019+,B+H,250,16,2019-05-06,False,13.719,-66.1774,0.5779,-6.7352,-66.1774,40.6083,-30.3617,8,1.8299,0.9948,1,0,3,0
2019+,B+H,250,17,2019-05-13,False,29.6122,-66.1838,0.9904,13.3321,-66.1838,49.3519,-32.1253,8,1.8521,1.0,0,0,5,0
2019+,B+H,250,18,2019-05-20,False,32.5629,-29.524,1.3575,17.148,-29.524,50.8582,-29.3131,8,1.8318,0.875,0,0,4,0
2019+,B+H,250,19,2019-05-27,False,20.4787,-65.1634,0.7585,2.714,-65.1634,42.0199,-33.5135,8,1.8842,0.9914,2,0,3,0
2019+,B+H,250,20,2019-06-03,True,25.4869,-45.3401,1.0249,10.3131,-43.9792,43.3731,-33.2858,8,1.7993,0.871,1,0,2,0
2019+,B+H,250,21,2019-06-11,False,27.3713,-37.3174,1.1787,14.551,-36.0711,42.0476,-35.2235,8,1.7819,0.875,0,0,2,0
2019+,B+H,250,22,2019-06-18,False,19.6475,-45.8381,0.8079,1.941,-45.8381,40.0859,-36.679,8,1.892,1.0,0,0,0,0
2019+,B+H,250,23,2019-06-25,False,23.9436,-33.9557,1.0588,7.1175,-30.7157,42.6687,-33.9557,8,1.8977,0.8722,1,0,1,0
2019+,B+H,250,24,2019-07-02,False,16.6516,-57.19,0.6949,-0.7293,-57.19,36.7038,-31.2653,8,1.9365,0.9901,2,0,2,0
2019+,B+H,250,25,2019-07-09,False,20.1755,-38.2273,0.9545,9.2316,-31.7302,31.8635,-38.2273,8,1.8674,0.875,0,0,1,0
2019+,B+H,250,26,2019-07-16,False,20.3043,-62.2959,0.7617,7.8892,-62.2959,33.7115,-39.1628,8,1.9601,0.9952,1,0,1,0
2019+,B+H,250,27,2019-07-23,False,15.9629,-64.176,0.6555,5.9728,-64.176,26.4756,-39.8376,8,1.9723,0.9915,2,0,1,0
2019+,B+H,250,28,2019-07-30,False,20.5091,-64.176,0.7794,8.274,-64.176,33.6348,-35.4498,8,1.9486,0.9875,2,0,1,0
2019+,B+H,250,29,2019-08-06,True,12.6457,-64.176,0.5493,-5.9,-64.176,33.6132,-40.5421,8,1.9444,0.9861,2,0,1,0
2019+,B+H,250,30,2019-08-14,False,16.4005,-64.176,0.6571,-7.5722,-64.176,44.4474,-31.5138,8,1.9045,0.9886,1,0,1,0
2019+,B+H,250,31,2019-08-22,False,27.4112,-64.176,0.9395,4.6009,-64.176,53.8101,-31.3347,8,1.8931,1.0,0,0,1,0
2019+,B+H,250,32,2019-08-29,False,28.6629,-64.176,0.9772,14.9074,-64.176,44.1138,-31.5746,7,1.8667,1.0,0,0,1,0
2019+,B+H,250,33,2019-09-06,False,29.3107,-64.176,0.983,16.3923,-64.176,43.4951,-32.5264,7,1.8519,0.9965,1,0,0,0
2019+,B+H,250,34,2019-09-16,False,19.1907,-64.176,0.7261,8.4277,-64.176,31.2075,-38.3345,7,2.0,0.994,1,0,0,0
2019+,B+H,250,35,2019-09-23,False,20.2112,-51.9549,0.8356,11.5302,-51.9549,29.8986,-38.7453,7,1.9,1.0,0,0,1,0
2019+,B+H,250,36,2019-09-30,False,23.3282,-35.3149,1.0685,21.9217,-26.7811,26.3281,-35.3149,7,1.8261,0.8571,0,0,3,0
2019+,B+H,250,37,2019-10-09,False,30.418,-35.9358,1.1937,29.2832,-35.9358,33.3182,-28.7433,7,1.825,1.0,0,0,1,0
2019+,B+H,250,38,2019-10-16,False,28.4356,-35.1637,1.1606,22.6417,-35.1637,35.1229,-31.0466,7,1.8462,1.0,0,0,1,0
2019+,B+H,250,39,2019-10-24,True,35.8684,-33.3193,1.4212,23.1818,-31.4497,49.3117,-33.3193,7,1.8841,0.988,2,0,1,0
2019+,B+H,250,40,2019-11-01,False,23.8576,-33.201,1.0924,17.8998,-32.7802,30.626,-33.201,7,1.8421,0.8571,0,0,0,0
2019+,B+H,250,41,2019-11-08,False,24.6888,-35.565,1.0337,23.4133,-35.565,26.8014,-32.9186,7,1.9299,0.9961,0,1,0,0
2019+,B+H,250,42,2019-11-18,False,23.194,-37.3799,0.9626,23.8655,-37.3799,23.5986,-35.2926,7,1.885,0.9935,1,0,0,0
2019+,B+H,250,43,2019-11-25,False,32.5077,-35.3439,1.2375,31.0815,-29.7609,34.7635,-35.3439,7,1.9444,1.0,0,0,0,0
2019+,B+H,250,44,2019-12-02,False,64.1319,-37.3649,1.8713,109.5687,-37.0058,35.1111,-37.3649,7,1.9412,0.9859,2,0,1,0
2019+,B+H,250,45,2019-12-09,False,32.7845,-35.9663,1.2148,24.7581,-35.9663,40.6348,-32.7857,7,2.0,1.0,0,0,0,0
2019+,B+H,250,46,2019-12-16,False,37.2826,-39.9249,1.2924,44.9729,-39.9249,34.3627,-34.8713,7,1.8788,1.0,0,0,1,0
2019+,B+H,250,47,2019-12-23,False,49.5823,-37.2769,1.6641,75.0495,-37.2769,33.7223,-35.0418,7,1.9341,0.9911,1,0,0,0
2019+,B+H,250,48,2019-12-31,False,29.0751,-40.1823,1.1162,43.2877,-37.8778,19.9932,-40.1823,7,1.8095,1.0,0,0,0,0
2019+,B+H,250,49,2020-01-07,True,35.334,-36.5747,1.2549,56.8715,-36.088,21.707,-36.5747,7,1.9245,0.9898,1,0,0,0
2019+,G+B+H,30,0,2019-01-04,True,9.2136,-42.7628,0.5177,2.4589,-42.7628,16.8684,-36.8982,64,1.0,0.6701,3,0,2,0
2019+,G+B+H,30,1,2019-01-11,True,12.6155,-48.6983,0.6454,-4.5023,-48.6983,35.2533,-15.5026,64,1.0,0.6856,3,0,1,0
2019+,G+B+H,30,2,2019-01-18,True,24.2607,-32.7968,1.1978,16.7001,-32.7968,33.7244,-21.5654,64,1.0,0.6197,7,0,0,0
2019+,G+B+H,30,3,2019-01-25,True,31.1682,-24.1979,1.4449,19.5115,-24.1979,45.577,-13.8021,64,1.0,0.6379,4,1,1,0
2019+,G+B+H,30,4,2019-02-01,True,12.2952,-41.9573,0.6608,4.6698,-41.9573,23.7094,-16.4608,63,1.0,0.619,0,0,2,0
2019+,G+B+H,30,5,2019-02-08,True,10.8015,-43.6554,0.605,3.6161,-43.6554,19.0786,-22.5541,63,1.0,0.6175,3,0,4,0
2019+,G+B+H,60,0,2019-01-04,True,20.6638,-36.0664,1.078,16.7681,-36.0664,24.8875,-24.5731,32,1.0,0.624,1,0,1,0
2019+,G+B+H,60,1,2019-01-11,False,22.2999,-36.088,1.0814,14.6024,-36.088,32.0982,-23.8328,32,1.0,0.6562,0,0,1,0
2019+,G+B+H,60,2,2019-01-18,True,13.8663,-40.344,0.7291,2.3803,-40.344,28.3326,-21.9863,32,1.0,0.6207,3,0,0,0
2019+,G+B+H,60,3,2019-01-25,False,21.683,-38.641,1.0088,8.2713,-38.641,38.4839,-16.3418,32,1.0,0.6531,1,1,1,0
2019+,G+B+H,60,4,2019-02-01,True,7.3964,-51.3638,0.4397,-7.0187,-51.3638,27.8123,-17.9197,32,1.0,0.625,0,0,3,0
2019+,G+B+H,60,5,2019-02-08,False,9.0571,-40.1705,0.533,6.8211,-40.1705,11.4028,-37.6499,32,1.0,0.5582,3,0,3,0
2019+,G+B+H,60,6,2019-02-15,False,9.3081,-45.3378,0.5024,8.8701,-45.3378,11.3581,-37.0992,32,1.6449,0.7162,2,0,2,0
2019+,G+B+H,60,7,2019-02-22,True,12.1547,-61.1867,0.6087,-3.9522,-61.1867,31.5139,-19.2556,32,1.5405,0.7149,3,0,1,0
2019+,G+B+H,60,8,2019-03-01,False,27.0323,-28.4785,1.3203,26.0965,-28.4785,27.9083,-21.8648,32,1.0,0.6135,6,0,0,0
2019+,G+B+H,60,9,2019-03-11,True,31.831,-23.2753,1.5505,29.8827,-23.2753,35.328,-14.2234,32,1.0,0.6217,2,1,0,0
2019+,G+B+H,60,10,2019-03-18,False,18.9414,-31.9446,0.9203,25.0723,-31.9446,14.3716,-27.3233,31,1.0,0.6129,0,0,1,0
2019+,G+B+H,60,11,2019-03-26,True,18.7065,-33.2733,0.951,16.9407,-33.2733,21.5152,-19.4403,31,1.0,0.6766,1,0,1,0
2019+,G+B+H,90,0,2019-01-04,True,16.5972,-42.7628,0.8258,9.5831,-42.7628,25.5255,-21.4702,22,1.2609,0.6801,1,0,1,0
2019+,G+B+H,90,1,2019-01-11,False,17.8093,-46.508,0.7995,13.9329,-46.508,23.4873,-22.7094,22,1.2604,0.7219,3,0,1,0
2019+,G+B+H,90,2,2019-01-18,False,13.6446,-30.9318,0.8332,9.9501,-30.9318,19.2096,-19.6072,22,1.0,0.4901,4,0,0,0
2019+,G+B+H,90,3,2019-01-25,True,26.5949,-18.035,1.4226,23.4896,-14.5503,31.3634,-18.035,22,1.0,0.5425,2,0,0,0
2019+,G+B+H,90,4,2019-02-01,False,7.1285,-34.4755,0.5379,3.5924,-34.4755,12.4277,-17.2054,21,1.0,0.381,0,0,1,0
2019+,G+B+H,90,5,2019-02-08,False,14.2908,-36.7056,0.8552,20.0069,-33.3465,8.5948,-36.7056,21,1.0,0.4708,2,0,1,0
2019+,G+B+H,90,6,2019-02-15,False,15.9566,-45.1906,0.8054,18.7483,-37.3799,14.7623,-45.1906,21,1.0,0.6171,1,0,1,0
2019+,G+B+H,90,7,2019-02-22,True,18.5382,-30.4091,0.9477,14.8177,-30.4091,22.4325,-18.2882,21,1.0,0.5714,0,0,1,0
2019+,G+B+H,90,8,2019-03-01,False,16.3402,-37.0058,0.8299,10.3707,-37.0058,22.7343,-16.7238,21,1.0,0.6116,3,0,1,0
2019+,G+B+H,90,9,2019-03-11,False,20.1025,-35.9663,0.9562,11.4651,-35.9663,31.0461,-17.0792,21,1.0,0.6612,1,1,2,0
2019+,G+B+H,90,10,2019-03-18,True,16.2227,-45.3295,0.7912,15.8224,-45.3295,18.0063,-24.2644,21,1.0,0.6667,0,0,4,0
2019+,G+B+H,90,11,2019-03-26,False,15.6027,-38.6928,0.7741,17.1618,-38.6928,15.016,-31.567,21,1.0,0.6654,1,0,5,0
2019+,G+B+H,90,12,2019-04-02,False,16.4771,-45.1886,0.7982,16.0744,-45.1886,16.8294,-36.8189,21,1.0,0.7127,1,0,4,0
2019+,G+B+H,90,13,2019-04-09,False,26.961,-42.1734,1.171,18.1996,-42.1734,37.4314,-27.9095,21,1.0,0.7607,1,0,3,0
2019+,G+B+H,90,14,2019-04-16,True,21.9444,-51.6323,0.952,19.8659,-51.6323,24.9394,-40.0809,21,1.4585,0.7593,1,0,2,0
2019+,G+B+H,90,15,2019-04-25,False,23.5517,-54.1483,1.0318,13.5916,-54.1483,35.1059,-13.9132,21,1.0,0.713,0,1,2,0
2019+,G+B+H,90,16,2019-05-06,False,18.567,-48.8027,0.7587,16.8252,-48.8027,23.1137,-29.8999,21,1.7826,0.8095,0,0,1,0
2019+,G+B+H,90,17,2019-05-13,True,22.7082,-41.577,1.0676,12.0611,-41.577,34.7295,-18.5205,21,1.0,0.7131,1,0,1,0
2019+,G+B+H,100,0,2019-01-04,True,13.7197,-32.7802,0.7509,4.9297,-32.7802,24.8602,-23.6116,20,1.0,0.5938,2,0,4,0
2019+,G+B+H,100,1,2019-01-11,False,17.3296,-35.7507,0.8454,10.0268,-35.7507,27.0683,-20.976,20,1.0,0.6486,0,1,4,0
2019+,G+B+H,100,2,2019-01-18,False,13.6116,-40.9813,0.7079,9.5762,-40.9813,19.5673,-30.3145,19,1.0,0.6294,1,0,3,0
2019+,G+B+H,100,3,2019-01-25,False,12.3544,-39.2551,0.6489,9.5873,-39.2551,16.6396,-36.0888,19,1.0,0.6303,1,0,3,0
2019+,G+B+H,100,4,2019-02-01,True,13.0457,-39.2248,0.688,14.1975,-37.0058,13.3256,-39.2248,19,1.0,0.6297,2,0,3,0
2019+,G+B+H,100,5,2019-02-08,False,10.1893,-35.9663,0.6687,1.1943,-35.9663,20.3539,-18.0908,19,1.0,0.4189,1,0,3,0
2019+,G+B+H,100,6,2019-02-15,False,15.3007,-39.9249,0.8012,9.9862,-39.9249,22.8084,-33.0898,19,1.0,0.5747,2,0,2,0
2019+,G+B+H,100,7,2019-02-22,False,30.9542,-37.2769,1.5572,32.4328,-37.2769,29.3475,-13.4223,19,0.9737,0.4701,2,0,2,0
2019+,G+B+H,100,8,2019-03-01,True,23.4642,-36.0664,1.1869,18.4624,-36.0664,28.7264,-14.6244,19,1.0,0.5211,2,0,2,0
2019+,G+B+H,100,9,2019-03-11,False,34.6552,-36.088,1.498,32.9257,-36.088,37.9431,-14.0374,19,1.0,0.6236,3,0,1,0
2019+,G+B+H,100,10,2019-03-18,False,12.1737,-54.1981,0.6173,7.0068,-54.1981,19.0568,-18.6907,19,1.0,0.5263,0,0,0,0
2019+,G+B+H,100,11,2019-03-26,True,26.7261,-52.9486,1.1011,10.7225,-52.9486,46.3406,-16.6843,19,1.4702,0.839,0,1,0,0
2019+,G+B+H,100,12,2019-04-02,False,15.5768,-56.4309,0.7648,2.4022,-56.4309,30.4027,-19.2231,19,1.0,0.6802,1,0,0,0
2019+,G+B+H,100,13,2019-04-09,False,16.5798,-50.5393,0.7861,5.8793,-50.5393,29.3773,-35.3625,19,1.0,0.7346,2,0,0,0
2019+,G+B+H,100,14,2019-04-16,False,18.1124,-52.788,0.7537,16.3461,-52.788,20.7701,-38.3085,19,1.848,0.8865,3,0,0,0
2019+,G+B+H,100,15,2019-04-25,True,16.8824,-53.9279,0.759,14.3514,-53.9279,20.25,-28.0783,19,1.7182,0.8421,0,0,1,0
2019+,G+B+H,100,16,2019-05-06,False,17.9899,-36.5207,0.8573,30.8152,-36.5207,9.1917,-31.3869,19,1.0,0.6842,0,0,1,0
2019+,G+B+H,100,17,2019-05-13,False,19.4555,-38.3817,1.0644,38.844,-15.6232,3.5903,-38.3817,19,1.0,0.6316,0,0,3,0
2019+,G+B+H,100,18,2019-05-20,False,8.5812,-34.7254,0.5401,19.8765,-26.1229,-0.7334,-34.7254,19,1.0,0.6316,0,0,3,0
2019+,G+B+H,100,19,2019-05-27,True,13.6531,-36.6567,0.7094,9.3037,-36.6567,18.8503,-15.059,19,1.0,0.6264,2,0,3,0
2019+,G+B+H,180,0,2019-01-04,True,23.0422,-29.1033,1.2234,18.5852,-16.2819,28.9429,-29.1033,11,1.0,0.6364,0,0,1,0
2019+,G+B+H,180,1,2019-01-11,False,24.2925,-35.9358,1.1201,15.7241,-35.9358,35.6125,-27.1375,11,1.0,0.7254,1,0,1,0
2019+,G+B+H,180,2,2019-01-18,False,18.0294,-35.1637,0.994,5.1361,-35.1637,35.0697,-14.028,11,1.0,0.5417,1,0,1,0
2019+,G+B+H,180,3,2019-01-25,False,22.2715,-31.4497,1.1168,13.4618,-31.4497,33.7198,-12.8054,11,1.0,0.6324,1,0,2,0
2019+,G+B+H,180,4,2019-02-01,False,16.2314,-40.9125,0.9265,2.3371,-40.9125,34.4988,-9.4303,11,1.0,0.5455,0,0,0,0
2019+,G+B+H,180,5,2019-02-08,False,16.1685,-39.9492,0.9011,16.6687,-35.565,15.6001,-39.9492,11,1.0,0.5352,2,0,0,0
2019+,G+B+H,180,6,2019-02-15,False,21.2948,-41.5752,0.9817,18.5024,-37.3799,26.0197,-41.5752,11,1.0,0.7235,1,0,1,0
2019+,G+B+H,180,7,2019-02-22,True,22.3767,-33.956,1.0778,14.9983,-33.956,30.3886,-18.7221,11,1.0,0.6364,0,0,1,0
2019+,G+B+H,180,8,2019-03-01,False,29.8735,-37.0058,1.259,31.4929,-37.0058,28.1376,-23.0105,11,1.0,0.7168,2,0,2,0
2019+,G+B+H,180,9,2019-03-11,False,27.9759,-35.9663,1.3027,20.934,-35.9663,37.0738,-14.1047,11,1.526,0.7222,1,0,2,0
2019+,G+B+H,180,10,2019-03-18,False,30.6223,-42.1296,1.2157,23.7349,-42.1296,39.5623,-30.6883,11,1.6667,0.8182,0,0,2,0
2019+,G+B+H,180,11,2019-03-26,False,35.9221,-37.2769,1.4316,39.3867,-37.2769,33.577,-31.9717,11,1.6654,0.8158,1,0,2,0
2019+,G+B+H,180,12,2019-04-02,False,30.1307,-41.663,1.2935,41.4074,-36.0664,19.6539,-41.663,11,1.0,0.7243,1,0,2,0
2019+,G+B+H,180,13,2019-04-09,False,30.1042,-37.3093,1.2649,23.0395,-37.3093,38.6429,-35.5301,11,1.0,0.7273,0,0,1,0
2019+,G+B+H,180,14,2019-04-16,True,37.9892,-41.3991,1.3768,44.8759,-40.344,32.3977,-41.3991,11,1.5611,0.8131,1,0,1,0
2019+,G+B+H,180,15,2019-04-25,False,26.8303,-38.641,1.1013,28.818,-38.641,25.7347,-31.0862,11,1.0,0.7273,0,0,1,0
2019+,G+B+H,180,16,2019-05-06,False,19.3934,-48.6128,0.808,22.205,-48.6128,19.4475,-27.7513,11,1.8095,0.8182,0,0,1,0
2019+,G+B+H,180,17,2019-05-13,False,14.7325,-40.1705,0.7503,20.5178,-40.1705,10.5182,-33.5135,11,1.0,0.6341,1,0,0,0
2019+,G+B+H,180,18,2019-05-20,False,15.7548,-42.7628,0.7467,18.964,-42.7628,14.3834,-33.2858,11,1.625,0.7238,1,0,0,0
2019+,G+B+H,180,19,2019-05-27,False,8.756,-51.8682,0.4523,12.7813,-51.8682,6.5955,-35.2235,11,1.0,0.7134,3,0,0,0
2019+,G+B+H,180,20,2019-06-03,False,10.4359,-36.679,0.6262,16.9175,-32.2603,6.1826,-36.679,11,1.0,0.4385,3,0,0,0
2019+,G+B+H,180,21,2019-06-11,True,10.3301,-33.4971,0.6436,14.1527,-25.7839,6.7883,-33.4971,11,1.0,0.4525,1,0,0,0
2019+,G+B+H,180,22,2019-06-18,False,4.4642,-29.9669,0.4665,14.9429,-6.8007,-4.5655,-29.8094,10,0.0,0.1941,1,0,0,0
2019+,G+B+H,180,23,2019-06-25,False,2.6848,-53.2656,0.2478,12.6893,-29.1551,-5.9091,-35.655,10,1.0,0.4,0,0,1,0
2019+,G+B+H,180,24,2019-07-02,False,12.123,-35.1523,0.7368,18.6217,-21.9002,6.3385,-35.1523,10,1.0,0.5,0,0,1,0
2019+,G+B+H,180,25,2019-07-09,False,11.9142,-34.6546,0.6966,19.4875,-18.4499,5.2745,-34.6546,10,1.0,0.5,0,0,1,0
2019+,G+B+H,180,26,2019-07-16,False,8.0523,-29.2906,0.5049,7.0629,-17.8119,8.9499,-29.2906,10,1.0,0.4958,1,0,1,0
2019+,G+B+H,180,27,2019-07-23,False,9.6664,-29.6444,0.5579,3.7548,-26.13,15.3632,-29.6444,10,1.0,0.5941,0,1,2,0
2019+,G+B+H,180,28,2019-07-30,True,9.7008,-31.5138,0.5861,7.8393,-26.7811,11.3995,-31.5138,10,1.0,0.5,0,0,3,0
2019+,G+B+H,180,29,2019-08-06,False,8.2084,-31.3347,0.5028,6.2034,-25.3802,10.0375,-31.3347,10,1.0,0.5,0,0,4,0
2019+,G+B+H,180,30,2019-08-14,False,14.5719,-31.5746,0.735,18.2749,-25.3915,12.2185,-31.5746,10,1.3974,0.7,0,0,3,0
2019+,G+B+H,180,31,2019-08-22,False,27.0664,-32.5264,1.1914,24.8349,-25.448,29.6118,-32.5264,10,1.8742,0.7976,1,0,2,0
2019+,G+B+H,180,32,2019-08-29,False,21.1066,-33.3532,1.0483,20.2718,-20.5123,22.4676,-33.3532,10,1.293,0.6923,1,0,1,0
2019+,G+B+H,180,33,2019-09-06,False,23.6611,-23.9368,1.1664,21.8977,-22.756,25.7238,-23.9368,10,1.2973,0.6973,0,1,1,0
2019+,G+B+H,180,34,2019-09-16,False,14.3914,-64.176,0.5983,7.5613,-64.176,21.4416,-31.6159,10,1.8948,0.8,0,0,1,0
2019+,G+B+H,180,35,2019-09-23,True,20.9642,-51.9549,0.9181,5.3038,-51.9549,37.503,-30.0412,10,1.4209,0.8,0,0,1,0
2019+,G+B+H,250,0,2019-01-04,True,20.4935,-40.344,1.0097,38.8182,-40.344,4.83,-23.2113,8,1.0,0.5,0,0,0,0
2019+,G+B+H,250,1,2019-01-11,False,17.0654,-38.641,0.8218,26.0784,-38.641,9.258,-25.7017,8,1.0,0.6176,0,1,0,0
2019+,G+B+H,250,2,2019-01-18,False,12.5015,-43.3818,0.6649,27.5252,-43.3818,-0.2474,-21.3161,8,1.0,0.5,0,0,0,0
2019+,G+B+H,250,3,2019-01-25,False,10.0944,-40.1705,0.5869,24.0759,-40.1705,-1.5926,-27.3712,8,0.9896,0.4974,1,0,0,0
2019+,G+B+H,250,4,2019-02-01,False,9.297,-42.7628,0.5924,21.5452,-42.7628,-2.2072,-26.3994,8,0.971,0.3654,1,0,1,0
2019+,G+B+H,250,5,2019-02-08,False,9.4144,-45.0563,0.5741,20.8639,-45.0563,-1.365,-29.293,8,1.0,0.375,0,0,1,0
2019+,G+B+H,250,6,2019-02-15,False,2.6837,-23.3554,0.3293,5.3387,-23.3554,0.0,0.0,8,0.0,0.125,0,0,0,0
2019+,G+B+H,250,7,2019-02-22,False,3.2917,-22.548,0.4034,6.5837,-22.548,0.0,0.0,8,0.0,0.125,0,0,0,0
2019+,G+B+H,250,8,2019-03-01,False,4.1283,-21.2556,0.5162,8.3111,-21.2556,0.0,0.0,8,0.0,0.125,0,0,0,0
2019+,G+B+H,250,9,2019-03-11,False,11.7476,-24.9401,0.887,10.0807,-16.6709,13.4316,-24.9401,8,0.5,0.375,0,0,0,0
2019+,G+B+H,250,10,2019-03-18,True,-9.0186,-69.151,-0.2936,-19.2984,-67.8398,4.3541,-29.4491,8,1.0,0.5,0,0,2,0
2019+,G+B+H,250,11,2019-03-26,False,12.048,-58.3204,0.5807,-1.8708,-58.3204,30.0233,-27.937,8,1.8671,0.875,0,0,4,0
2019+,G+B+H,250,12,2019-04-02,False,0.2733,-65.3962,0.1347,-17.522,-65.3962,23.7569,-27.147,8,1.4375,0.7448,1,0,3,0
2019+,G+B+H,250,13,2019-04-09,False,1.2651,-63.1563,0.1868,-16.1805,-63.1563,24.0939,-28.6958,8,1.42,0.75,0,0,3,0
2019+,G+B+H,250,14,2019-04-16,False,10.4921,-65.959,0.4946,-8.4708,-65.959,35.186,-29.2647,8,1.746,0.875,0,0,4,0
2019+,G+B+H,250,15,2019-04-25,False,7.488,-64.5685,0.4167,-12.1797,-64.5685,31.1055,-30.2942,8,1.0,0.7448,1,0,3,0
2019+,G+B+H,250,16,2019-05-06,False,14.2477,-66.1774,0.6095,-5.968,-66.1774,38.1047,-30.3617,8,1.5724,0.8698,1,0,3,0
2019+,G+B+H,250,17,2019-05-13,False,38.2742,-32.1253,1.5999,31.6324,-21.893,44.9046,-32.1253,8,1.2507,0.75,0,0,4,0
2019+,G+B+H,250,18,2019-05-20,False,30.2718,-29.3131,1.3557,17.7557,-24.9251,43.5075,-29.3131,8,1.3095,0.75,0,0,3,0
2019+,G+B+H,250,19,2019-05-27,False,19.0918,-65.1634,0.7386,4.0673,-65.1634,35.492,-33.5135,8,1.692,0.8664,2,0,2,0
2019+,G+B+H,250,20,2019-06-03,True,25.0882,-33.2858,1.0694,17.6908,-25.2491,32.5026,-33.2858,8,1.2778,0.746,1,0,2,0
2019+,G+B+H,250,21,2019-06-11,False,25.3,-35.2235,1.1438,17.216,-30.5222,33.4034,-35.2235,8,1.3697,0.75,0,0,1,0
2019+,G+B+H,250,22,2019-06-18,False,22.0446,-36.679,0.986,13.6757,-31.3,30.4371,-36.679,8,1.2689,0.75,0,0,0,0
2019+,G+B+H,250,23,2019-06-25,False,19.4821,-33.9557,0.9305,8.3223,-30.7157,30.9411,-33.9557,8,1.3556,0.7472,1,0,1,0
2019+,G+B+H,250,24,2019-07-02,False,21.9684,-31.2653,1.0011,8.8523,-30.0974,36.7038,-31.2653,8,1.9117,0.8651,2,0,2,0
2019+,G+B+H,250,25,2019-07-09,False,20.1755,-38.2273,0.9545,9.2316,-31.7302,31.8635,-38.2273,8,1.8674,0.875,0,0,1,0
2019+,G+B+H,250,26,2019-07-16,False,22.5209,-36.4482,1.1387,14.595,-29.0234,30.9801,-36.4482,8,1.4062,0.7452,1,0,0,0
2019+,G+B+H,250,27,2019-07-23,False,25.041,-35.0804,1.2456,25.8641,-33.6303,24.7611,-35.0804,8,1.4079,0.7415,2,0,0,0
2019+,G+B+H,250,28,2019-07-30,False,29.3452,-30.5377,1.3859,25.6111,-30.5377,33.5679,-29.9164,8,1.4,0.7375,2,0,0,0
2019+,G+B+H,250,29,2019-08-06,True,21.0684,-37.7284,1.0202,8.3037,-37.7284,34.9134,-29.6444,8,1.4231,0.7361,2,0,0,0
2019+,G+B+H,250,30,2019-08-14,False,16.1204,-31.5138,0.952,5.0897,-19.4668,28.053,-31.5138,8,0.964,0.4886,1,0,1,0
2019+,G+B+H,250,31,2019-08-22,False,34.4674,-36.4894,1.4055,16.8519,-36.4894,54.2342,-31.3347,8,1.8692,0.75,0,0,1,0
2019+,G+B+H,250,32,2019-08-29,False,36.608,-31.5746,1.5038,30.4572,-26.822,44.1138,-31.5746,7,1.7949,0.8571,0,0,1,0
2019+,G+B+H,250,33,2019-09-06,False,29.1453,-32.5264,1.3317,33.0517,-20.9928,27.1523,-32.5264,7,1.6564,0.7108,1,0,0,0
2019+,G+B+H,250,34,2019-09-16,False,19.1907,-64.176,0.7261,8.4277,-64.176,31.2075,-38.3345,7,2.0,0.994,1,0,0,0
2019+,G+B+H,250,35,2019-09-23,False,0.9415,-51.9549,0.156,-12.7212,-51.9549,14.6107,-28.2667,7,1.0,0.5714,0,0,1,0
2019+,G+B+H,250,36,2019-09-30,False,23.3282,-35.3149,1.0685,21.9217,-26.7811,26.3281,-35.3149,7,1.8261,0.8571,0,0,3,0
2019+,G+B+H,250,37,2019-10-09,False,21.1929,-35.9358,0.99,30.0232,-35.9358,14.002,-27.8387,7,1.0,0.7143,0,0,1,0
2019+,G+B+H,250,38,2019-10-16,False,9.2723,-35.1637,0.5911,22.1136,-35.1637,-0.6742,-26.9081,7,1.0,0.5714,0,0,1,0
2019+,G+B+H,250,39,2019-10-24,True,19.6742,-31.4497,1.1265,23.1818,-31.4497,18.0985,-8.0359,7,1.0,0.5635,1,0,1,0
2019+,G+B+H,250,40,2019-11-01,False,24.8772,-32.7802,1.2941,17.8998,-32.7802,32.6137,-13.8771,7,1.0,0.5714,0,0,0,0
2019+,G+B+H,250,41,2019-11-08,False,25.3713,-35.565,1.159,23.4133,-35.565,28.0793,-14.214,7,1.8649,0.7104,0,1,0,0
2019+,G+B+H,250,42,2019-11-18,False,17.1195,-37.3799,0.9732,21.3424,-37.3799,13.6638,-14.7542,7,1.0,0.4176,1,0,0,0
2019+,G+B+H,250,43,2019-11-25,False,25.8729,-35.3439,1.1641,27.3755,-29.7609,25.6541,-35.3439,7,1.0,0.7143,0,0,0,0
2019+,G+B+H,250,44,2019-12-02,False,55.0386,-37.3649,1.8553,102.5968,-37.0058,25.2388,-37.3649,7,1.0,0.7059,1,0,1,0
2019+,G+B+H,250,45,2019-12-09,False,31.463,-35.9663,1.4323,29.5059,-35.9663,33.9546,-16.2706,7,1.0,0.5714,0,0,0,0
2019+,G+B+H,250,46,2019-12-16,False,36.2393,-39.9249,1.4727,48.1523,-39.9249,30.2071,-19.4761,7,1.0,0.5714,0,0,0,0
2019+,G+B+H,250,47,2019-12-23,False,40.385,-37.2769,1.786,76.3289,-37.2769,16.6827,-13.4223,7,1.0,0.4286,0,0,0,0
2019+,G+B+H,250,48,2019-12-31,False,31.6413,-37.8778,1.297,43.2877,-37.8778,24.3167,-18.3526,7,1.7143,0.7143,0,0,0,0
2019+,G+B+H,250,49,2020-01-07,True,29.2412,-36.088,1.2507,56.8715,-36.088,12.0585,-15.1007,7,1.0,0.5612,1,0,0,0
2019+,MODEL top-10,30,0,2019-01-04,True,24.8587,-62.2165,0.9007,13.7948,-62.2165,38.939,-31.6669,64,1.6019,0.9891,7,0,1,0
2019+,MODEL top-10,30,1,2019-01-11,True,15.254,-62.4063,0.628,1.0909,-62.4063,34.4756,-45.3799,64,1.6,0.9844,10,0,0,0
2019+,MODEL top-10,30,2,2019-01-18,True,13.5647,-60.0706,0.5808,-1.3955,-60.0706,33.1048,-43.268,64,1.6,0.9734,7,0,0,0
2019+,MODEL top-10,30,3,2019-01-25,True,27.2854,-64.3561,0.9664,16.1167,-64.3561,42.9922,-37.2921,64,1.6,0.9875,7,1,2,0
2019+,MODEL top-10,30,4,2019-02-01,True,33.8742,-56.1314,1.1479,29.9706,-56.1314,39.6921,-33.0389,63,1.5229,0.9889,7,0,1,0
2019+,MODEL top-10,30,5,2019-02-08,True,33.3865,-48.836,1.1257,36.5365,-48.836,30.8873,-47.1902,63,1.6143,0.9873,8,0,2,0
2019+,MODEL top-10,60,0,2019-01-04,True,16.0528,-64.9637,0.658,3.6808,-64.9637,31.9406,-41.5671,32,1.8,0.9844,5,0,1,0
2019+,MODEL top-10,60,1,2019-01-11,False,11.5639,-69.9914,0.5169,-9.5922,-69.9914,41.5757,-40.0246,32,1.8068,0.9834,6,0,0,0
2019+,MODEL top-10,60,2,2019-01-18,True,19.0635,-59.7934,0.733,3.3831,-59.7934,39.5245,-30.4195,32,1.8,0.9875,4,0,0,0
2019+,MODEL top-10,60,3,2019-01-25,False,12.4533,-65.4948,0.5516,-3.4765,-65.4948,34.7208,-37.4321,32,1.8,0.9781,6,1,0,0
2019+,MODEL top-10,60,4,2019-02-01,True,23.0941,-48.7407,0.8723,6.0506,-48.7407,45.5479,-40.6851,32,1.6862,0.987,5,0,2,0
2019+,MODEL top-10,60,5,2019-02-08,False,31.582,-46.2789,1.1144,30.4289,-46.2789,33.8242,-46.1656,32,1.7434,0.9844,5,0,2,0
2019+,MODEL top-10,60,6,2019-02-15,False,30.9935,-52.9773,1.0761,25.25,-52.9773,38.5516,-44.7696,32,1.7225,0.9875,4,0,1,0
2019+,MODEL top-10,60,7,2019-02-22,True,21.1521,-56.6627,0.8055,23.3208,-56.6627,20.4043,-50.5347,32,1.8,0.9875,4,0,2,0
2019+,MODEL top-10,60,8,2019-03-01,False,10.3023,-57.8962,0.4906,9.0947,-56.4434,13.0774,-57.8962,32,1.8,0.9562,4,0,1,0
2019+,MODEL top-10,60,9,2019-03-11,True,44.3329,-57.339,1.3992,42.4864,-57.339,48.6625,-41.9159,32,1.8,0.9938,2,0,0,0
2019+,MODEL top-10,60,10,2019-03-18,False,32.9842,-56.6672,1.1341,30.9116,-56.6672,36.7773,-37.8818,31,1.8,0.9903,3,0,0,0
2019+,MODEL top-10,60,11,2019-03-26,True,25.3133,-58.8596,0.924,17.8065,-58.8596,34.9901,-47.8565,31,1.8,0.9871,4,0,1,0
2019+,MODEL top-10,90,0,2019-01-04,True,23.0353,-56.1831,0.8542,15.7167,-56.1831,33.2052,-37.6703,22,1.8002,0.9909,2,0,0,0
2019+,MODEL top-10,90,1,2019-01-11,False,14.638,-62.273,0.6127,6.034,-62.273,25.9058,-53.3146,22,1.85,0.9727,6,0,1,0
2019+,MODEL top-10,90,2,2019-01-18,False,17.9473,-58.0811,0.7155,13.1463,-58.0811,24.4686,-43.638,22,1.8061,0.9864,3,0,1,0
2019+,MODEL top-10,90,3,2019-01-25,True,15.3847,-65.6888,0.6468,7.2384,-65.6888,25.4507,-46.7482,22,1.8,0.9818,4,0,0,0
2019+,MODEL top-10,90,4,2019-02-01,False,26.7793,-54.773,0.9681,15.4044,-54.773,40.7151,-42.1463,21,1.8069,0.9952,1,0,0,0
2019+,MODEL top-10,90,5,2019-02-08,False,28.9621,-60.0021,1.0395,25.0829,-60.0021,34.3708,-43.6234,21,1.8,0.9857,3,0,0,0
2019+,MODEL top-10,90,6,2019-02-15,False,21.0273,-57.5482,0.8123,15.8806,-57.5482,27.8573,-55.8811,21,1.8239,0.981,4,0,0,0
2019+,MODEL top-10,90,7,2019-02-22,True,19.7975,-57.1165,0.7728,7.8929,-57.1165,35.0482,-47.8768,21,1.8,0.9952,1,0,0,0
2019+,MODEL top-10,90,8,2019-03-01,False,18.3423,-51.0169,0.7474,12.4289,-47.9893,26.3994,-51.0169,21,1.8233,0.9857,3,0,1,0
2019+,MODEL top-10,90,9,2019-03-11,False,35.1782,-49.4659,1.2136,24.9131,-49.4659,48.9414,-29.6218,21,1.8515,0.981,3,1,0,0
2019+,MODEL top-10,90,10,2019-03-18,True,35.4628,-43.4693,1.2381,27.8339,-43.4693,45.4043,-27.5293,21,1.8,0.981,4,0,1,0
2019+,MODEL top-10,90,11,2019-03-26,False,16.9758,-60.7377,0.6954,11.2724,-60.7377,24.5485,-34.5199,21,1.8,0.9857,3,0,0,0
2019+,MODEL top-10,90,12,2019-04-02,False,36.0124,-53.2975,1.2375,22.8138,-53.2975,51.8164,-29.1674,21,1.8,0.9857,3,0,0,0
2019+,MODEL top-10,90,13,2019-04-09,False,23.2299,-55.0144,0.8627,25.6957,-55.0144,22.6572,-40.133,21,1.8,0.9905,2,0,2,0
2019+,MODEL top-10,90,14,2019-04-16,True,18.6691,-62.9604,0.7331,-0.9188,-62.9604,43.2589,-40.7156,21,1.8,0.9429,2,0,0,0
2019+,MODEL top-10,90,15,2019-04-25,False,23.1863,-61.3558,0.8499,12.1794,-61.3558,37.8049,-42.3454,21,1.8039,0.9952,1,0,0,0
2019+,MODEL top-10,90,16,2019-05-06,False,24.7006,-56.0549,0.9075,3.371,-56.0549,51.5345,-38.2257,21,1.8,0.9905,2,0,0,0
2019+,MODEL top-10,90,17,2019-05-13,True,41.9757,-42.3728,1.3907,23.5104,-42.1496,63.9295,-42.3728,21,1.8318,0.9905,2,0,1,0
2019+,MODEL top-10,100,0,2019-01-04,True,20.7148,-46.3365,0.8184,0.0974,-46.3365,49.4659,-30.12,20,1.7446,0.93,4,0,0,0
2019+,MODEL top-10,100,1,2019-01-11,False,28.5117,-57.1376,1.0031,12.1155,-57.1376,50.1175,-34.7001,20,1.8,0.99,2,0,0,0
2019+,MODEL top-10,100,2,2019-01-18,False,30.5673,-56.0474,1.0565,15.7323,-56.0474,49.7247,-33.3889,19,1.8,0.9789,4,0,0,0
2019+,MODEL top-10,100,3,2019-01-25,False,25.4357,-56.7806,0.9315,12.655,-56.7806,41.3359,-41.0741,19,1.8178,0.9842,3,0,1,0
2019+,MODEL top-10,100,4,2019-02-01,True,25.585,-55.1911,0.9243,8.6922,-55.1911,46.9379,-42.0528,19,1.8,0.9842,3,0,0,0
2019+,MODEL top-10,100,5,2019-02-08,False,21.2413,-59.3069,0.8058,7.9737,-59.3069,38.0716,-48.3336,19,1.8,0.9842,3,0,1,0
2019+,MODEL top-10,100,6,2019-02-15,False,18.0914,-54.4862,0.7249,11.8592,-54.4862,26.1614,-47.832,19,1.9,0.9947,1,0,0,0
2019+,MODEL top-10,100,7,2019-02-22,False,18.9176,-56.7978,0.7463,16.3372,-56.7978,23.1169,-48.5388,19,1.8,0.9789,4,0,0,0
2019+,MODEL top-10,100,8,2019-03-01,True,22.4983,-54.512,0.847,20.8548,-53.2975,25.8634,-54.512,19,1.804,1.0,0,0,0,0
2019+,MODEL top-10,100,9,2019-03-11,False,14.2666,-62.0115,0.6006,12.4357,-62.0115,18.1679,-53.9303,19,1.8153,0.9895,2,0,1,0
2019+,MODEL top-10,100,10,2019-03-18,False,23.2987,-57.8829,0.8861,13.0515,-57.8829,36.2982,-37.1619,19,2.0,0.9947,1,0,0,0
2019+,MODEL top-10,100,11,2019-03-26,True,17.4941,-53.4503,0.7265,26.4869,-53.4503,10.4589,-50.3308,19,1.8,0.9842,2,1,0,0
2019+,MODEL top-10,100,12,2019-04-02,False,17.8308,-53.0511,0.7295,18.7361,-49.7286,17.8938,-53.0511,19,1.9,0.9947,1,0,1,0
2019+,MODEL top-10,100,13,2019-04-09,False,26.3558,-48.9854,0.9904,19.3432,-45.8471,35.7672,-48.9854,19,1.8274,0.9842,3,0,0,0
2019+,MODEL top-10,100,14,2019-04-16,False,30.4334,-53.9134,1.0646,10.0686,-53.9134,55.7668,-44.3401,19,1.8,0.9895,2,0,1,0
2019+,MODEL top-10,100,15,2019-04-25,True,26.1998,-59.1764,0.9544,3.2999,-59.1764,56.7814,-43.7637,19,1.8,0.9895,2,0,0,0
2019+,MODEL top-10,100,16,2019-05-06,False,27.6455,-61.0904,1.0216,17.3683,-61.0904,40.1813,-46.2886,19,1.8648,0.9684,6,0,0,0
2019+,MODEL top-10,100,17,2019-05-13,False,30.5889,-55.752,1.1032,17.6827,-55.752,45.4827,-26.1072,19,1.8,0.9842,3,0,0,0
2019+,MODEL top-10,100,18,2019-05-20,False,35.2358,-50.8558,1.2046,29.8653,-50.8558,41.6941,-28.5172,19,1.9,0.9842,3,0,0,0
2019+,MODEL top-10,100,19,2019-05-27,True,38.6721,-59.8754,1.2787,30.1483,-59.8754,48.9803,-34.8816,19,1.8,0.9895,2,0,0,0
2019+,MODEL top-10,180,0,2019-01-04,True,22.1628,-59.1678,0.8357,10.6209,-59.1678,37.7145,-38.6022,11,1.9,0.9909,1,0,0,0
2019+,MODEL top-10,180,1,2019-01-11,False,21.8937,-58.4904,0.8115,5.1254,-58.4904,44.1563,-47.955,11,1.9178,0.9727,3,0,0,0
2019+,MODEL top-10,180,2,2019-01-18,False,32.5387,-55.2058,1.1313,21.1957,-55.2058,47.0672,-37.9302,11,2.0,0.9818,2,0,0,0
2019+,MODEL top-10,180,3,2019-01-25,False,20.3966,-59.9907,0.8085,6.6136,-59.9907,37.6999,-42.2757,11,1.8443,0.9636,4,0,0,0
2019+,MODEL top-10,180,4,2019-02-01,False,29.0901,-52.2541,1.0334,15.6068,-52.2541,45.7345,-40.5264,11,1.8281,0.9909,1,0,0,0
2019+,MODEL top-10,180,5,2019-02-08,False,30.51,-55.6991,1.1355,26.3064,-55.6991,36.2898,-36.0568,11,1.9,0.9727,3,0,0,0
2019+,MODEL top-10,180,6,2019-02-15,False,33.9832,-52.489,1.1972,23.181,-52.489,47.5719,-44.3401,11,2.0,0.9818,2,0,0,0
2019+,MODEL top-10,180,7,2019-02-22,True,27.3094,-51.1999,1.0215,19.9929,-51.1999,36.9292,-44.5622,11,2.0,0.9909,1,0,1,0
2019+,MODEL top-10,180,8,2019-03-01,False,29.0281,-55.3595,1.092,26.8551,-42.1833,33.0253,-55.3595,11,2.0,0.9909,1,0,1,0
2019+,MODEL top-10,180,9,2019-03-11,False,34.4704,-44.0703,1.2089,23.1953,-44.0703,49.465,-34.9108,11,2.0,0.9909,1,0,2,0
2019+,MODEL top-10,180,10,2019-03-18,False,37.5975,-46.3851,1.3294,26.6189,-46.3851,51.5004,-34.8512,11,1.9088,0.9818,2,0,0,0
2019+,MODEL top-10,180,11,2019-03-26,False,24.2645,-48.9429,0.9332,15.4183,-48.9429,35.4993,-35.8439,11,1.9,0.9909,1,0,0,0
2019+,MODEL top-10,180,12,2019-04-02,False,33.5861,-55.6532,1.1973,13.4889,-55.6532,58.4968,-30.1647,11,2.0,0.9909,1,0,0,0
2019+,MODEL top-10,180,13,2019-04-09,False,17.5743,-59.8453,0.7189,10.7309,-59.8453,26.72,-39.8526,11,1.9,0.9727,3,0,1,0
2019+,MODEL top-10,180,14,2019-04-16,True,36.6703,-60.3547,1.2096,15.3507,-60.3547,63.1663,-44.2165,11,1.8,1.0,0,0,0,0
2019+,MODEL top-10,180,15,2019-04-25,False,19.5132,-60.8105,0.7612,8.9601,-60.8105,33.5563,-50.0947,11,2.0,1.0,0,0,0,0
2019+,MODEL top-10,180,16,2019-05-06,False,33.9203,-52.6597,1.159,17.5702,-52.6597,53.8437,-39.0337,11,1.8965,0.9818,2,0,0,0
2019+,MODEL top-10,180,17,2019-05-13,False,42.8459,-41.2917,1.3925,29.5984,-41.2917,59.4451,-41.0329,11,2.0,1.0,0,0,0,0
2019+,MODEL top-10,180,18,2019-05-20,False,40.7836,-50.5887,1.3282,40.6141,-50.5887,42.7465,-33.5084,11,1.9,0.9909,1,0,0,0
2019+,MODEL top-10,180,19,2019-05-27,False,32.032,-59.2538,1.1083,30.0124,-59.2538,36.2294,-46.4729,11,2.0,0.9727,3,0,0,0
2019+,MODEL top-10,180,20,2019-06-03,False,24.8586,-56.4457,0.9215,14.3862,-56.4457,37.3975,-48.9757,11,2.0,0.9909,1,0,0,0
2019+,MODEL top-10,180,21,2019-06-11,True,23.6868,-56.9718,0.8943,13.9329,-56.9718,34.8381,-42.7864,11,2.0,1.0,0,0,0,0
2019+,MODEL top-10,180,22,2019-06-18,False,23.8235,-55.442,0.897,18.7041,-55.442,29.6449,-48.385,10,1.9,0.98,2,0,0,0
2019+,MODEL top-10,180,23,2019-06-25,False,25.7176,-65.1645,0.9095,17.7954,-65.1645,35.2523,-50.2138,10,1.956,0.99,1,0,0,0
2019+,MODEL top-10,180,24,2019-07-02,False,31.7405,-53.3156,1.1223,30.3114,-49.2947,33.6851,-53.3156,10,1.9202,0.98,2,0,0,0
2019+,MODEL top-10,180,25,2019-07-09,False,27.3841,-52.7097,0.9717,11.9253,-52.7097,44.6766,-46.9711,10,2.0,1.0,0,0,0,0
2019+,MODEL top-10,180,26,2019-07-16,False,29.4798,-48.8029,1.0567,24.1085,-48.8029,36.3621,-39.0677,10,1.9699,0.98,2,0,0,0
2019+,MODEL top-10,180,27,2019-07-23,False,30.9802,-50.2557,1.1063,32.4673,-50.2557,30.7333,-36.8394,10,1.915,0.97,2,1,0,0
2019+,MODEL top-10,180,28,2019-07-30,True,27.5333,-47.6425,1.0103,28.1406,-47.6425,28.7039,-42.4156,10,1.9,0.98,2,0,0,0
2019+,MODEL top-10,180,29,2019-08-06,False,15.4534,-57.107,0.6348,16.2615,-57.107,16.4215,-48.1035,10,2.0,0.98,2,0,0,0
2019+,MODEL top-10,180,30,2019-08-14,False,41.1697,-45.1982,1.3561,49.739,-45.1982,35.2633,-40.1071,10,1.9696,0.99,1,0,0,0
2019+,MODEL top-10,180,31,2019-08-22,False,32.556,-49.4741,1.12,61.4671,-47.8713,12.5475,-49.4741,10,2.0,0.99,1,0,0,0
2019+,MODEL top-10,180,32,2019-08-29,False,18.2238,-53.5813,0.7539,19.9884,-48.2291,17.7465,-53.5813,10,1.8,0.88,2,0,0,0
2019+,MODEL top-10,180,33,2019-09-06,False,31.4708,-49.3391,1.0868,50.4706,-46.4685,17.7376,-49.3391,10,1.9488,0.99,1,0,0,0
2019+,MODEL top-10,180,34,2019-09-16,False,37.4915,-50.3459,1.257,25.4285,-50.3459,50.1615,-36.3374,10,1.9036,0.99,1,0,0,0
2019+,MODEL top-10,180,35,2019-09-23,True,48.6211,-53.1627,1.529,39.0904,-53.1627,59.1515,-32.677,10,1.8,0.98,2,0,0,0
2019+,MODEL top-10,250,0,2019-01-04,True,25.0751,-61.6708,0.9289,14.706,-61.6708,38.4882,-33.4442,8,2.0,1.0,0,0,1,0
2019+,MODEL top-10,250,1,2019-01-11,False,25.1243,-63.8073,0.9311,14.8557,-63.8073,38.1853,-29.2616,8,2.0,0.9875,0,1,1,0
2019+,MODEL top-10,250,2,2019-01-18,False,21.5088,-51.779,0.8352,18.5448,-51.779,26.1326,-36.8746,8,2.0,1.0,0,0,1,0
2019+,MODEL top-10,250,3,2019-01-25,False,23.7067,-48.6848,0.8839,13.1221,-48.6848,37.2286,-40.8369,8,2.0,1.0,0,0,0,0
2019+,MODEL top-10,250,4,2019-02-01,False,35.1597,-55.3991,1.199,19.3718,-55.3991,55.339,-36.006,8,1.9572,0.9625,3,0,0,0
2019+,MODEL top-10,250,5,2019-02-08,False,29.0581,-55.7977,1.0293,25.6815,-55.7977,34.0467,-38.1142,8,2.0,1.0,0,0,1,0
2019+,MODEL top-10,250,6,2019-02-15,False,19.7685,-57.0045,0.7646,15.0443,-57.0045,27.368,-43.4645,8,2.0,1.0,0,0,0,0
2019+,MODEL top-10,250,7,2019-02-22,False,23.6862,-58.434,0.8936,20.8699,-58.434,28.6275,-37.2763,8,1.85,0.975,2,0,1,0
2019+,MODEL top-10,250,8,2019-03-01,False,25.6437,-53.6426,0.9418,26.199,-53.6426,26.2388,-41.802,8,2.0,1.0,0,0,0,0
2019+,MODEL top-10,250,9,2019-03-11,False,31.1541,-47.5,1.0966,33.7427,-47.5,30.8863,-43.0638,8,2.0,1.0,0,0,0,0
2019+,MODEL top-10,250,10,2019-03-18,True,29.6526,-51.3149,1.0822,21.6886,-51.3149,39.6689,-40.1688,8,1.925,0.975,2,0,0,0
2019+,MODEL top-10,250,11,2019-03-26,False,24.3723,-53.2315,0.8873,22.9086,-53.2315,28.4868,-38.1059,8,2.0,0.9875,1,0,0,0
2019+,MODEL top-10,250,12,2019-04-02,False,27.7578,-53.0117,0.9934,20.5265,-53.0117,37.1964,-40.1087,8,1.921,0.9625,3,0,0,0
2019+,MODEL top-10,250,13,2019-04-09,False,28.0705,-55.2072,1.0202,21.8279,-55.2072,36.8538,-36.1974,8,2.0,1.0,0,0,0,0
2019+,MODEL top-10,250,14,2019-04-16,False,40.9282,-57.6475,1.3181,22.1069,-57.6475,64.3323,-35.9815,8,2.0,1.0,0,0,1,0
2019+,MODEL top-10,250,15,2019-04-25,False,32.1879,-51.2561,1.1077,13.1228,-51.2561,55.3375,-36.7715,8,1.9002,0.9625,3,0,1,0
2019+,MODEL top-10,250,16,2019-05-06,False,31.2986,-53.6922,1.0741,21.0846,-53.6922,42.9362,-44.255,8,2.0,0.975,2,0,0,0
2019+,MODEL top-10,250,17,2019-05-13,False,30.3849,-49.0786,1.0696,17.2146,-49.0786,46.3086,-43.5452,8,2.0,1.0,0,0,0,0
2019+,MODEL top-10,250,18,2019-05-20,False,22.4616,-53.7343,0.8632,10.5693,-53.7343,35.791,-35.417,8,2.0,1.0,0,0,0,0
2019+,MODEL top-10,250,19,2019-05-27,False,15.4115,-60.2319,0.6473,4.6329,-60.2319,27.7484,-47.6177,8,1.97,0.975,2,0,0,0
2019+,MODEL top-10,250,20,2019-06-03,True,12.7464,-52.1588,0.5792,0.7695,-52.1588,27.1648,-38.8597,8,2.0,0.9875,1,0,0,0
2019+,MODEL top-10,250,21,2019-06-11,False,16.8655,-48.4687,0.7111,12.2562,-48.4687,22.4928,-39.0645,8,2.0,0.9875,1,0,0,0
2019+,MODEL top-10,250,22,2019-06-18,False,15.3372,-55.6215,0.6513,-0.3875,-55.6215,34.2973,-41.4369,8,2.0,1.0,0,0,0,0
2019+,MODEL top-10,250,23,2019-06-25,False,15.2338,-64.8121,0.6318,1.0544,-64.8121,32.2888,-39.3446,8,2.0,0.9875,1,0,1,0
2019+,MODEL top-10,250,24,2019-07-02,False,22.559,-49.2947,0.8489,18.3317,-49.2947,28.0287,-37.9086,8,1.9563,0.9875,1,0,1,0
2019+,MODEL top-10,250,25,2019-07-09,False,23.5124,-52.7097,0.8621,4.6986,-52.7097,45.9688,-42.6041,8,2.0,1.0,0,0,1,0
2019+,MODEL top-10,250,26,2019-07-16,False,26.8055,-48.8029,0.9992,19.321,-48.8029,35.3446,-38.6753,8,1.9326,0.975,2,0,0,0
2019+,MODEL top-10,250,27,2019-07-23,False,35.614,-50.2557,1.2249,45.7483,-50.2557,28.0931,-46.9711,8,2.0,0.9875,1,0,0,0
2019+,MODEL top-10,250,28,2019-07-30,False,36.5197,-47.6425,1.2738,31.416,-47.6425,42.4194,-39.0677,8,1.9007,0.975,2,0,0,0
2019+,MODEL top-10,250,29,2019-08-06,True,25.831,-57.107,0.9458,18.1619,-57.107,34.7106,-36.8394,8,2.0,0.975,2,0,0,0
2019+,MODEL top-10,250,30,2019-08-14,False,45.338,-45.1982,1.5173,31.3902,-45.1982,61.378,-37.6601,8,1.9109,0.975,2,0,0,0
2019+,MODEL top-10,250,31,2019-08-22,False,36.0363,-47.8713,1.2619,35.7838,-47.8713,37.7089,-40.5219,8,1.9717,0.975,2,0,0,0
2019+,MODEL top-10,250,32,2019-08-29,False,45.8579,-48.2291,1.4948,58.8153,-48.2291,36.4688,-42.8491,7,2.0,1.0,0,0,1,0
2019+,MODEL top-10,250,33,2019-09-06,False,40.5071,-46.4685,1.367,40.9504,-46.4685,40.9877,-46.2944,7,1.9241,0.9714,2,0,0,0
2019+,MODEL top-10,250,34,2019-09-16,False,37.4747,-50.3459,1.2428,34.8657,-50.3459,40.6292,-50.1483,7,2.0,1.0,0,0,1,0
2019+,MODEL top-10,250,35,2019-09-23,False,26.8834,-53.1627,1.0068,26.4195,-53.1627,28.49,-45.8367,7,1.9,0.9714,2,0,0,0
2019+,MODEL top-10,250,36,2019-09-30,False,41.5712,-51.9509,1.4295,35.769,-51.9509,48.2101,-36.3374,7,1.9094,0.9571,3,0,0,0
2019+,MODEL top-10,250,37,2019-10-09,False,33.4337,-49.1754,1.2218,33.4689,-49.1754,34.985,-33.6359,7,1.8,0.9714,2,0,0,0
2019+,MODEL top-10,250,38,2019-10-16,False,58.0683,-55.0149,1.7341,60.686,-55.0149,57.8235,-36.7027,7,2.0,1.0,0,0,2,0
2019+,MODEL top-10,250,39,2019-10-24,True,64.6071,-51.5281,1.8426,56.6517,-51.5281,74.4755,-47.955,7,2.0,1.0,0,0,1,0
2019+,MODEL top-10,250,40,2019-11-01,False,56.2152,-44.682,1.8734,47.4871,-44.682,65.931,-35.1251,7,1.8,0.8571,0,0,0,0
2019+,MODEL top-10,250,41,2019-11-08,False,51.1862,-51.2746,1.6389,50.4631,-51.2746,53.5825,-39.5388,7,1.8622,0.9857,1,0,0,0
2019+,MODEL top-10,250,42,2019-11-18,False,47.4092,-41.9789,1.5712,46.8393,-41.9789,49.0045,-38.5113,7,1.9037,0.9714,2,0,0,0
2019+,MODEL top-10,250,43,2019-11-25,False,48.4823,-38.0014,1.6116,35.3837,-38.0014,62.6166,-36.0568,7,1.8537,0.9571,3,0,1,0
2019+,MODEL top-10,250,44,2019-12-02,False,42.1566,-44.3401,1.4371,23.3105,-42.1833,61.2525,-44.3401,7,1.8932,0.9714,2,0,0,0
2019+,MODEL top-10,250,45,2019-12-09,False,34.4007,-50.3864,1.1852,35.8208,-49.8323,35.9152,-44.9833,7,2.0,1.0,0,0,0,0
2019+,MODEL top-10,250,46,2019-12-16,False,32.0774,-49.042,1.1385,31.5261,-42.7428,34.0819,-49.042,7,2.0,0.9857,1,0,0,0
2019+,MODEL top-10,250,47,2019-12-23,False,27.1346,-46.9193,0.9919,23.3776,-46.9193,31.1631,-38.2217,7,1.9,0.9714,2,0,0,0
2019+,MODEL top-10,250,48,2019-12-31,False,26.3968,-53.2975,0.9492,30.6294,-53.2975,24.3376,-41.3282,7,1.9083,0.9857,1,0,0,0
2019+,MODEL top-10,250,49,2020-01-07,True,25.5285,-55.0144,0.9321,28.2886,-55.0144,24.1033,-44.7449,7,1.9,0.9857,1,0,0,0
2019+,MODEL top-20,30,0,2019-01-04,True,25.3747,-55.1279,0.9676,11.9904,-55.1279,42.5514,-33.0796,64,1.5139,0.993,9,0,2,0
2019+,MODEL top-20,30,1,2019-01-11,True,17.7183,-61.6182,0.7385,3.3371,-61.6182,36.931,-43.3797,64,1.4882,0.9914,11,0,0,0
2019+,MODEL top-20,30,2,2019-01-18,True,21.1002,-60.6235,0.8545,8.2115,-60.6235,38.2213,-41.2118,64,1.459,0.9781,8,0,1,0
2019+,MODEL top-20,30,3,2019-01-25,True,22.8509,-57.0699,0.8865,21.9258,-57.0699,25.4109,-44.8778,64,1.5031,0.9931,10,0,2,0
2019+,MODEL top-20,30,4,2019-02-01,True,24.032,-61.9599,0.9398,16.2115,-61.9599,34.2875,-35.1027,63,1.5016,0.9913,11,0,1,0
2019+,MODEL top-20,30,5,2019-02-08,True,23.6131,-53.5571,0.9239,24.9704,-53.5571,23.1559,-43.7123,63,1.549,0.9929,9,0,4,0
2019+,MODEL top-20,60,0,2019-01-04,True,20.3138,-56.5919,0.814,10.1926,-56.5919,33.2159,-41.2496,32,1.7342,0.9875,8,0,2,0
2019+,MODEL top-20,60,1,2019-01-11,False,14.8976,-65.1785,0.6472,-4.2644,-65.1785,41.2564,-45.696,32,1.7506,0.9932,5,0,0,0
2019+,MODEL top-20,60,2,2019-01-18,True,16.7238,-60.8199,0.7068,5.9359,-60.8199,31.0721,-35.8407,32,1.6493,0.9931,5,0,0,0
2019+,MODEL top-20,60,3,2019-01-25,False,13.6755,-62.3047,0.6097,5.0155,-62.3047,25.1418,-43.1929,32,1.7086,0.9871,8,1,0,0
2019+,MODEL top-20,60,4,2019-02-01,True,17.2152,-62.4086,0.7352,2.7229,-62.4086,36.1085,-36.5554,32,1.6875,0.9935,5,0,2,0
2019+,MODEL top-20,60,5,2019-02-08,False,22.1871,-49.5904,0.897,21.5825,-49.5904,23.7835,-41.3782,32,1.7246,0.9938,4,0,3,0
2019+,MODEL top-20,60,6,2019-02-15,False,22.5162,-53.9716,0.8881,17.4946,-53.9716,29.8764,-43.1343,32,1.6809,0.9938,4,0,1,0
2019+,MODEL top-20,60,7,2019-02-22,True,19.7738,-56.6037,0.8131,17.6917,-56.6037,23.4872,-43.3876,32,1.7143,0.9906,6,0,2,0
2019+,MODEL top-20,60,8,2019-03-01,False,20.5592,-57.0321,0.8507,15.295,-57.0321,28.088,-44.7138,32,1.7172,0.9609,5,0,3,0
2019+,MODEL top-20,60,9,2019-03-11,True,32.0872,-53.0107,1.1703,33.6426,-53.0107,32.3359,-44.6009,32,1.679,0.9938,4,0,0,0
2019+,MODEL top-20,60,10,2019-03-18,False,28.3915,-54.6073,1.0799,26.6398,-54.6073,31.7763,-44.2292,31,1.6613,0.99,7,0,1,0
2019+,MODEL top-20,60,11,2019-03-26,True,23.3434,-61.7361,0.9116,17.9476,-61.7361,30.0747,-48.034,31,1.6123,0.9935,4,0,1,0
2019+,MODEL top-20,90,0,2019-01-04,True,22.8726,-51.4202,0.9089,13.2746,-51.4202,35.3453,-34.703,22,1.7108,0.9909,4,0,1,0
2019+,MODEL top-20,90,1,2019-01-11,False,16.1022,-55.1148,0.6878,7.2709,-55.1148,27.9511,-47.8513,22,1.8071,0.9886,5,0,2,0
2019+,MODEL top-20,90,2,2019-01-18,False,20.9645,-56.2926,0.852,18.0925,-56.2926,25.4168,-39.072,22,1.8016,0.9932,3,0,1,0
2019+,MODEL top-20,90,3,2019-01-25,True,19.179,-53.9937,0.7952,20.21,-53.9937,19.7026,-41.6799,22,1.7395,0.9886,5,0,0,0
2019+,MODEL top-20,90,4,2019-02-01,False,21.33,-58.8739,0.8688,16.7313,-58.8739,27.6695,-44.2827,21,1.75,0.9929,3,0,0,0
2019+,MODEL top-20,90,5,2019-02-08,False,20.5425,-60.7343,0.8451,17.654,-60.7343,24.6154,-39.7713,21,1.8,0.9929,3,0,0,0
2019+,MODEL top-20,90,6,2019-02-15,False,17.7099,-63.4065,0.7418,14.3422,-63.4065,23.1515,-55.4874,21,1.8,0.9881,5,0,1,0
2019+,MODEL top-20,90,7,2019-02-22,True,17.5096,-62.5477,0.7535,8.1168,-62.5477,29.6453,-44.6211,21,1.8029,0.9976,1,0,0,0
2019+,MODEL top-20,90,8,2019-03-01,False,23.2261,-54.1383,0.9399,17.4398,-54.1383,31.3761,-44.0096,21,1.7865,0.9905,4,0,2,0
2019+,MODEL top-20,90,9,2019-03-11,False,31.917,-50.7917,1.1888,25.4064,-50.7917,40.8122,-35.6619,21,1.818,0.9881,4,1,1,0
2019+,MODEL top-20,90,10,2019-03-18,True,30.6663,-56.21,1.1668,19.7878,-56.21,44.4107,-30.6867,21,1.7517,0.9905,4,0,1,0
2019+,MODEL top-20,90,11,2019-03-26,False,26.2903,-54.7914,1.0024,23.142,-54.7914,30.5882,-38.0103,21,1.7,0.9905,4,0,1,0
2019+,MODEL top-20,90,12,2019-04-02,False,27.3864,-50.3364,1.0414,19.9151,-50.3364,36.4306,-29.9659,21,1.7829,0.9929,3,0,0,0
2019+,MODEL top-20,90,13,2019-04-09,False,25.878,-56.7644,0.9886,18.4856,-56.7644,35.4282,-37.1784,21,1.7342,0.9905,4,0,3,0
2019+,MODEL top-20,90,14,2019-04-16,True,17.7731,-60.4407,0.7529,1.066,-60.4407,38.9209,-37.827,21,1.7045,0.9429,4,0,0,0
2019+,MODEL top-20,90,15,2019-04-25,False,19.7909,-56.3911,0.7969,9.4138,-56.3911,32.6433,-40.6018,21,1.8,0.9952,2,0,0,0
2019+,MODEL top-20,90,16,2019-05-06,False,23.9886,-59.2791,0.9329,6.7341,-59.2791,45.1592,-35.4354,21,1.7504,0.9929,3,0,0,0
2019+,MODEL top-20,90,17,2019-05-13,True,30.7371,-49.7494,1.1629,20.5747,-49.7494,43.1396,-42.6735,21,1.75,0.9929,3,0,1,0
2019+,MODEL top-20,100,0,2019-01-04,True,21.7645,-56.1217,0.8941,4.4874,-56.1217,44.7709,-31.0396,20,1.7517,0.94,4,0,0,0
2019+,MODEL top-20,100,1,2019-01-11,False,30.6871,-50.6059,1.1473,18.3096,-50.6059,47.1197,-33.3423,20,1.7545,0.995,2,0,0,0
2019+,MODEL top-20,100,2,2019-01-18,False,24.167,-61.2946,0.945,12.8945,-61.2946,38.7599,-34.9794,19,1.8,0.9868,5,0,0,0
2019+,MODEL top-20,100,3,2019-01-25,False,21.4569,-63.269,0.8524,12.3797,-63.269,33.5492,-39.301,19,1.821,0.9895,4,0,1,0
2019+,MODEL top-20,100,4,2019-02-01,True,21.0628,-54.3125,0.8498,9.7622,-54.3125,35.5376,-44.113,19,1.7546,0.9895,4,0,1,0
2019+,MODEL top-20,100,5,2019-02-08,False,20.1381,-57.7306,0.8211,11.9035,-57.7306,30.3834,-50.2179,19,1.7107,0.9895,4,0,1,0
2019+,MODEL top-20,100,6,2019-02-15,False,15.1039,-63.5453,0.6556,7.4495,-63.5453,25.4926,-51.4865,19,1.8081,0.9974,1,0,2,0
2019+,MODEL top-20,100,7,2019-02-22,False,14.2124,-57.9566,0.6307,11.1556,-57.9566,18.9382,-49.3442,19,1.75,0.9842,6,0,1,0
2019+,MODEL top-20,100,8,2019-03-01,True,19.7739,-55.5055,0.8066,14.3683,-55.5055,27.4561,-45.5593,19,1.8,0.9974,1,0,0,0
2019+,MODEL top-20,100,9,2019-03-11,False,17.8185,-59.4618,0.7383,10.4516,-59.4618,27.6023,-49.0699,19,1.8,0.9947,2,0,1,0
2019+,MODEL top-20,100,10,2019-03-18,False,16.6679,-59.2751,0.7207,8.6355,-59.2751,26.9639,-44.925,19,1.8037,0.9895,4,0,0,0
2019+,MODEL top-20,100,11,2019-03-26,True,19.7243,-55.351,0.819,21.4626,-55.351,18.9759,-42.1547,19,1.7989,0.9921,2,1,0,0
2019+,MODEL top-20,100,12,2019-04-02,False,27.3969,-54.9558,1.0626,28.2536,-54.9558,27.5751,-45.3215,19,1.8201,0.9947,2,0,2,0
2019+,MODEL top-20,100,13,2019-04-09,False,22.162,-47.6843,0.9132,13.2568,-47.6843,33.4419,-43.6791,19,1.8053,0.9895,4,0,1,0
2019+,MODEL top-20,100,14,2019-04-16,False,24.8404,-49.3512,0.983,12.571,-49.3512,40.183,-42.9877,19,1.8,0.9947,2,0,1,0
2019+,MODEL top-20,100,15,2019-04-25,True,26.736,-57.371,1.0376,11.1421,-57.371,46.0411,-40.6257,19,1.7641,0.9895,4,0,0,0
2019+,MODEL top-20,100,16,2019-05-06,False,32.01,-56.4988,1.2022,27.0862,-56.4988,38.5455,-37.5536,19,1.7687,0.9816,7,0,0,0
2019+,MODEL top-20,100,17,2019-05-13,False,32.2757,-50.1088,1.1981,29.2642,-50.1088,36.9023,-30.4807,19,1.8124,0.9921,3,0,0,0
2019+,MODEL top-20,100,18,2019-05-20,False,36.0591,-49.027,1.2985,32.3668,-49.027,41.1971,-30.4767,19,1.7024,0.9921,3,0,1,0
2019+,MODEL top-20,100,19,2019-05-27,True,35.3837,-52.4069,1.2866,32.588,-52.4069,39.5193,-34.2278,19,1.6919,0.9947,2,0,1,0
2019+,MODEL top-20,180,0,2019-01-04,True,29.2921,-54.6424,1.1011,17.802,-54.6424,44.1863,-33.1596,11,1.75,0.9864,3,0,0,0
2019+,MODEL top-20,180,1,2019-01-11,False,19.9929,-55.2897,0.8065,6.2262,-55.2897,38.3553,-43.0319,11,1.9,0.9864,3,0,0,0
2019+,MODEL top-20,180,2,2019-01-18,False,31.7615,-56.2494,1.1657,22.842,-56.2494,43.3776,-32.3052,11,1.9,0.9909,2,0,0,0
2019+,MODEL top-20,180,3,2019-01-25,False,23.0987,-53.108,0.9264,18.6954,-53.108,29.6132,-37.8426,11,1.8407,0.9818,4,0,1,0
2019+,MODEL top-20,180,4,2019-02-01,False,30.5599,-55.3351,1.1465,24.4299,-55.3351,38.7149,-36.3148,11,1.9,0.9955,1,0,1,0
2019+,MODEL top-20,180,5,2019-02-08,False,27.0934,-52.0054,1.0917,25.8411,-52.0054,29.4219,-35.5068,11,1.85,0.9864,3,0,0,0
2019+,MODEL top-20,180,6,2019-02-15,False,27.884,-60.8569,1.0857,22.6692,-60.8569,35.5191,-42.9877,11,1.9,0.9909,2,0,1,0
2019+,MODEL top-20,180,7,2019-02-22,True,28.3432,-60.2487,1.1271,18.9859,-60.2487,40.4577,-39.2762,11,1.8308,0.9955,1,0,2,0
2019+,MODEL top-20,180,8,2019-03-01,False,35.4372,-49.9997,1.3585,29.9561,-49.9997,43.3555,-43.6335,11,1.85,0.9909,2,0,2,0
2019+,MODEL top-20,180,9,2019-03-11,False,37.4377,-45.5475,1.3772,27.3039,-45.5475,50.6144,-32.9424,11,1.9,0.9955,1,0,2,0
2019+,MODEL top-20,180,10,2019-03-18,False,31.9919,-51.5241,1.2344,21.2194,-51.5241,45.6081,-38.6184,11,1.9,0.9909,2,0,1,0
2019+,MODEL top-20,180,11,2019-03-26,False,29.8883,-51.0726,1.1415,25.0577,-51.0726,36.018,-37.1461,11,1.9,0.9909,2,0,1,0
2019+,MODEL top-20,180,12,2019-04-02,False,30.5683,-49.9446,1.155,19.4641,-49.9446,43.8651,-35.3445,11,1.9,0.9955,1,0,0,0
2019+,MODEL top-20,180,13,2019-04-09,False,26.1337,-59.1624,1.0092,12.866,-59.1624,42.7168,-36.0154,11,1.7673,0.9864,3,0,1,0
2019+,MODEL top-20,180,14,2019-04-16,True,26.4787,-61.9873,1.0117,9.3483,-61.9873,48.0621,-36.6176,11,1.8,0.9955,1,0,0,0
2019+,MODEL top-20,180,15,2019-04-25,False,21.9485,-58.4029,0.8737,8.7743,-58.4029,38.2127,-45.5492,11,1.8131,0.9955,1,0,1,0
2019+,MODEL top-20,180,16,2019-05-06,False,26.403,-58.6229,1.0052,16.0058,-58.6229,39.0165,-40.788,11,1.9,0.9909,2,0,0,0
2019+,MODEL top-20,180,17,2019-05-13,False,34.0523,-47.6128,1.2424,24.1163,-47.6128,46.643,-39.2318,11,1.9,1.0,0,0,0,0
2019+,MODEL top-20,180,18,2019-05-20,False,30.1179,-50.0608,1.123,25.1445,-50.0608,37.0579,-34.976,11,1.9,0.9955,1,0,0,0
2019+,MODEL top-20,180,19,2019-05-27,False,24.6594,-52.8016,0.9664,23.995,-52.8016,27.1044,-42.723,11,1.9,0.9864,3,0,2,0
2019+,MODEL top-20,180,20,2019-06-03,False,21.3068,-60.3308,0.8735,12.2798,-60.3308,32.2425,-42.1821,11,1.9,0.9955,1,0,1,0
2019+,MODEL top-20,180,21,2019-06-11,True,27.3219,-52.7706,1.0607,29.0641,-52.7706,26.8797,-39.5277,11,1.9022,0.9955,1,0,0,0
2019+,MODEL top-20,180,22,2019-06-18,False,21.3645,-53.9218,0.8814,23.025,-53.9218,20.7518,-46.6969,10,1.8874,0.975,5,0,0,0
2019+,MODEL top-20,180,23,2019-06-25,False,20.9663,-63.2369,0.83,16.4347,-63.2369,26.8605,-45.7209,10,1.9297,0.995,1,0,0,0
2019+,MODEL top-20,180,24,2019-07-02,False,28.5456,-48.0955,1.0787,26.5406,-48.0955,31.6906,-46.1958,10,1.85,0.9983,1,0,1,0
2019+,MODEL top-20,180,25,2019-07-09,False,27.3995,-48.8528,1.0516,17.7982,-48.8528,38.4277,-46.8415,10,2.0,1.0,0,0,0,0
2019+,MODEL top-20,180,26,2019-07-16,False,27.6312,-49.5934,1.0636,27.2398,-49.5934,29.5195,-39.2474,10,1.9235,0.99,2,0,0,0
2019+,MODEL top-20,180,27,2019-07-23,False,28.9054,-48.9051,1.1073,28.0944,-48.9051,31.2697,-37.0334,10,1.8732,0.98,3,1,1,0
2019+,MODEL top-20,180,28,2019-07-30,True,32.9231,-47.8411,1.2337,33.4841,-47.8411,33.9785,-36.5709,10,1.9,0.99,2,0,1,0
2019+,MODEL top-20,180,29,2019-08-06,False,32.41,-52.6105,1.1753,37.8411,-52.6105,29.2226,-42.0205,10,1.9,0.99,2,0,0,0
2019+,MODEL top-20,180,30,2019-08-14,False,30.1759,-48.4427,1.1492,35.9738,-48.4427,26.5744,-36.1348,10,1.9,0.995,1,0,1,0
2019+,MODEL top-20,180,31,2019-08-22,False,34.1733,-51.5077,1.2397,50.4452,-51.5077,22.3292,-39.6024,10,1.9,0.985,3,0,0,0
2019+,MODEL top-20,180,32,2019-08-29,False,20.9115,-50.4866,0.8846,21.9604,-50.4866,21.1219,-49.8011,10,1.8115,0.89,2,0,0,0
2019+,MODEL top-20,180,33,2019-09-06,False,32.2961,-45.5856,1.1799,43.2632,-44.6739,24.5834,-45.5856,10,1.8897,0.99,2,0,0,0
2019+,MODEL top-20,180,34,2019-09-16,False,34.5315,-47.7511,1.2514,27.4487,-47.7511,42.5723,-36.2434,10,1.8035,0.99,2,0,0,0
2019+,MODEL top-20,180,35,2019-09-23,True,38.5794,-50.1195,1.384,28.1559,-50.1195,49.8632,-36.7454,10,1.8067,0.985,3,0,0,0
2019+,MODEL top-20,250,0,2019-01-04,True,20.8247,-63.2859,0.843,11.8584,-63.2859,32.1925,-34.1575,8,1.95,1.0,0,0,1,0
2019+,MODEL top-20,250,1,2019-01-11,False,24.8378,-59.1622,0.9798,20.0737,-59.1622,31.0924,-32.5834,8,2.0,0.9938,0,1,1,0
2019+,MODEL top-20,250,2,2019-01-18,False,25.8074,-59.3926,1.0097,21.4917,-59.3926,31.789,-35.2882,8,2.0,1.0,0,0,1,0
2019+,MODEL top-20,250,3,2019-01-25,False,24.0705,-52.1452,0.9626,21.117,-52.1452,28.3963,-44.8232,8,2.0,1.0,0,0,0,0
2019+,MODEL top-20,250,4,2019-02-01,False,30.3208,-52.6518,1.1522,18.7004,-52.6518,44.976,-36.9667,8,1.8863,0.9812,3,0,0,0
2019+,MODEL top-20,250,5,2019-02-08,False,32.6278,-54.3154,1.1946,32.1252,-54.3154,34.5494,-38.2914,8,1.966,1.0,0,0,1,0
2019+,MODEL top-20,250,6,2019-02-15,False,20.3956,-62.9942,0.8271,18.7285,-62.9942,23.8812,-39.641,8,1.9655,1.0,0,0,1,0
2019+,MODEL top-20,250,7,2019-02-22,False,22.4927,-58.6599,0.903,24.1295,-58.6599,22.86,-36.4062,8,1.8826,0.9812,3,0,1,0
2019+,MODEL top-20,250,8,2019-03-01,False,33.9543,-54.8857,1.2522,31.5635,-54.8857,37.9686,-33.1509,8,1.9477,0.9938,1,0,0,0
2019+,MODEL top-20,250,9,2019-03-11,False,23.8534,-50.6973,0.9627,24.3677,-50.6973,25.1903,-37.5948,8,1.975,0.9938,1,0,0,0
2019+,MODEL top-20,250,10,2019-03-18,True,24.7325,-54.1151,0.9871,24.8114,-54.1151,26.5129,-38.7802,8,1.949,0.9812,3,0,1,0
2019+,MODEL top-20,250,11,2019-03-26,False,24.9182,-55.0211,0.9794,22.1449,-55.0211,29.8946,-35.0779,8,1.975,0.9938,1,0,0,0
2019+,MODEL top-20,250,12,2019-04-02,False,27.4241,-52.5682,1.0482,26.4588,-52.5682,30.2587,-44.0581,8,1.963,0.9812,3,0,0,0
2019+,MODEL top-20,250,13,2019-04-09,False,26.74,-50.4055,1.0154,17.7806,-50.4055,38.2926,-37.3776,8,2.0,1.0,0,0,1,0
2019+,MODEL top-20,250,14,2019-04-16,False,31.2516,-53.5296,1.1498,21.5328,-53.5296,43.3836,-39.3903,8,2.0,1.0,0,0,1,0
2019+,MODEL top-20,250,15,2019-04-25,False,37.1822,-53.9964,1.3005,22.7585,-53.9964,54.4423,-37.8534,8,1.8809,0.9812,3,0,2,0
2019+,MODEL top-20,250,16,2019-05-06,False,25.8036,-54.9387,0.9773,12.9845,-54.9387,40.7894,-35.344,8,1.9153,0.9875,2,0,2,0
2019+,MODEL top-20,250,17,2019-05-13,False,32.5752,-49.9965,1.198,26.4984,-49.9965,40.3504,-41.0574,8,2.0,1.0,0,0,1,0
2019+,MODEL top-20,250,18,2019-05-20,False,29.4012,-55.3027,1.12,15.5333,-55.3027,45.7432,-38.6129,8,2.0,1.0,0,0,2,0
2019+,MODEL top-20,250,19,2019-05-27,False,27.299,-53.7336,1.0524,16.4934,-53.7336,40.0452,-40.6464,8,1.975,0.9875,2,0,1,0
2019+,MODEL top-20,250,20,2019-06-03,True,18.9843,-57.0268,0.8027,3.2911,-57.0268,37.8512,-40.1316,8,1.951,0.9938,1,0,0,0
2019+,MODEL top-20,250,21,2019-06-11,False,20.52,-49.7404,0.8681,20.9703,-49.7404,21.6134,-38.2552,8,1.975,0.9938,1,0,1,0
2019+,MODEL top-20,250,22,2019-06-18,False,19.9304,-55.7489,0.8431,7.6177,-55.7489,34.4608,-35.3131,8,2.0,0.9938,1,0,1,0
2019+,MODEL top-20,250,23,2019-06-25,False,11.6231,-62.3488,0.5499,-4.9151,-62.3488,31.4209,-34.3431,8,1.958,0.9875,2,0,1,0
2019+,MODEL top-20,250,24,2019-07-02,False,24.1119,-48.0955,0.9516,14.3504,-48.0955,35.521,-36.027,8,1.935,0.9875,2,0,1,0
2019+,MODEL top-20,250,25,2019-07-09,False,22.345,-48.8528,0.8921,13.5555,-48.8528,32.5051,-39.1786,8,1.9501,0.9938,1,0,1,0
2019+,MODEL top-20,250,26,2019-07-16,False,26.3468,-49.5934,1.0434,16.3568,-49.5934,37.6131,-30.072,8,1.964,0.9812,3,0,1,0
2019+,MODEL top-20,250,27,2019-07-23,False,30.8737,-48.9051,1.1761,30.7858,-48.9051,32.339,-39.4645,8,1.9286,0.9875,2,0,0,0
2019+,MODEL top-20,250,28,2019-07-30,False,30.0479,-47.8411,1.1652,26.6821,-47.8411,34.625,-35.6326,8,1.9494,0.9875,2,0,1,0
2019+,MODEL top-20,250,29,2019-08-06,True,30.0459,-52.6105,1.1456,17.0056,-52.6105,44.6123,-36.6615,8,2.0,0.9875,2,0,0,0
2019+,MODEL top-20,250,30,2019-08-14,False,35.5508,-48.4427,1.3449,26.0709,-48.4427,46.139,-36.5709,8,1.9303,0.975,4,0,0,0
2019+,MODEL top-20,250,31,2019-08-22,False,45.0581,-51.5077,1.566,40.4664,-51.5077,51.2068,-39.0089,8,1.9052,0.9875,2,0,1,0
2019+,MODEL top-20,250,32,2019-08-29,False,42.2101,-50.4866,1.5259,40.6409,-50.4866,45.1148,-36.1348,7,2.0,1.0,0,0,2,0
2019+,MODEL top-20,250,33,2019-09-06,False,39.7915,-44.6739,1.4317,42.9817,-44.6739,38.8121,-35.593,7,1.94,0.9786,3,0,1,0
2019+,MODEL top-20,250,34,2019-09-16,False,32.3533,-47.7511,1.2009,32.8599,-47.7511,33.2773,-43.0397,7,1.9307,1.0,0,0,1,0
2019+,MODEL top-20,250,35,2019-09-23,False,19.3505,-50.1195,0.8375,16.0048,-50.1195,23.3401,-44.4893,7,1.9224,0.9714,4,0,0,0
2019+,MODEL top-20,250,36,2019-09-30,False,42.2965,-47.9963,1.5419,43.4755,-47.9963,43.3601,-36.2434,7,1.8514,0.9714,4,0,1,0
2019+,MODEL top-20,250,37,2019-10-09,False,36.6048,-49.1299,1.3425,39.7851,-49.1299,35.5523,-35.4178,7,1.9,0.9857,2,0,1,0
2019+,MODEL top-20,250,38,2019-10-16,False,51.0008,-54.3237,1.6681,52.6818,-54.3237,51.7136,-33.1496,7,1.95,0.9929,1,0,3,0
2019+,MODEL top-20,250,39,2019-10-24,True,52.2339,-46.9104,1.6963,49.7423,-46.9104,56.4642,-42.5175,7,1.9,1.0,0,0,1,0
2019+,MODEL top-20,250,40,2019-11-01,False,46.5661,-47.2185,1.724,31.6537,-47.2185,62.3695,-32.3052,7,1.9,0.8571,0,0,1,0
2019+,MODEL top-20,250,41,2019-11-08,False,43.9119,-46.5914,1.5533,38.2382,-46.5914,50.0055,-37.8426,7,1.9374,0.9929,1,0,2,0
2019+,MODEL top-20,250,42,2019-11-18,False,40.1015,-46.8068,1.4506,39.4189,-46.8068,41.7777,-36.3193,7,1.909,0.9786,3,0,2,0
2019+,MODEL top-20,250,43,2019-11-25,False,42.2834,-45.1855,1.5405,40.4076,-45.1855,45.6658,-35.5068,7,1.9052,0.9786,3,0,1,0
2019+,MODEL top-20,250,44,2019-12-02,False,37.4365,-42.9877,1.3526,38.8037,-42.6238,38.1285,-42.9877,7,1.9508,0.9857,2,0,1,0
2019+,MODEL top-20,250,45,2019-12-09,False,35.0216,-43.3046,1.2818,34.1112,-43.3046,37.466,-38.1558,7,2.0,1.0,0,0,0,0
2019+,MODEL top-20,250,46,2019-12-16,False,28.7865,-49.115,1.0917,31.1758,-49.115,28.3203,-42.57,7,1.9652,0.9929,1,0,0,0
2019+,MODEL top-20,250,47,2019-12-23,False,33.0487,-46.5463,1.1965,43.8512,-46.5463,25.8945,-36.3606,7,1.8606,0.9857,2,0,0,0
2019+,MODEL top-20,250,48,2019-12-31,False,29.899,-49.825,1.1027,36.3866,-49.825,25.9849,-41.4459,7,1.9,0.9929,1,0,0,0
2019+,MODEL top-20,250,49,2020-01-07,True,26.4093,-56.595,1.0072,27.2637,-56.595,26.6891,-35.6085,7,1.95,0.9929,1,0,1,0
2019+,EW market,30,0,2019-01-04,True,16.4752,-42.4648,0.8804,15.158,-42.4648,18.7717,-26.6122,64,0.3351,0.9998,15,2,39,0
2019+,EW market,30,1,2019-01-11,True,17.1517,-41.8509,0.9105,16.1601,-41.8509,19.1182,-26.5196,64,0.3452,0.9996,22,2,40,0
2019+,EW market,30,2,2019-01-18,True,18.5823,-42.3337,0.9788,18.5305,-42.3337,19.5487,-26.3917,64,0.348,0.984,23,2,35,0
2019+,EW market,30,3,2019-01-25,True,17.7044,-43.0313,0.9309,17.1747,-43.0313,19.1883,-26.7192,64,0.3405,0.9997,19,1,38,0
2019+,EW market,30,4,2019-02-01,True,17.8823,-42.5476,0.9383,17.3363,-42.5476,19.3985,-26.6684,63,0.3376,0.9996,18,2,40,0
2019+,EW market,30,5,2019-02-08,True,18.243,-42.4622,0.9555,18.3873,-42.4622,18.9301,-26.6461,63,0.3389,0.9997,16,3,41,0
2019+,EW market,60,0,2019-01-04,True,17.2476,-42.2195,0.916,15.9855,-42.2195,19.4869,-26.3319,32,0.4046,0.9996,11,4,40,0
2019+,EW market,60,1,2019-01-11,False,17.6562,-42.5766,0.9346,15.9363,-42.5766,20.4218,-25.501,32,0.4271,0.9995,11,4,36,0
2019+,EW market,60,2,2019-01-18,True,17.2306,-43.3365,0.9132,15.8021,-43.3365,19.6731,-26.6277,32,0.4352,0.9997,11,0,33,0
2019+,EW market,60,3,2019-01-25,False,17.7437,-43.6293,0.9355,16.8452,-43.6293,19.6228,-26.5104,32,0.4326,0.9995,15,1,36,0
2019+,EW market,60,4,2019-02-01,True,17.7316,-42.8305,0.9343,16.825,-42.8305,19.6315,-26.6388,32,0.438,0.9997,7,1,38,0
2019+,EW market,60,5,2019-02-08,False,17.815,-42.9723,0.9386,17.3196,-42.9723,19.2069,-26.835,32,0.4217,0.9996,11,0,38,0
2019+,EW market,60,6,2019-02-15,False,18.6462,-41.4223,0.9739,19.0971,-41.4223,19.015,-26.982,32,0.4219,0.9998,7,0,40,0
2019+,EW market,60,7,2019-02-22,True,18.295,-41.3499,0.9599,18.58,-41.3499,18.8271,-27.1507,32,0.4246,0.9995,11,0,38,0
2019+,EW market,60,8,2019-03-01,False,18.3429,-41.3774,0.9752,18.4181,-41.3774,19.0901,-27.0861,32,0.4348,0.9682,16,1,35,0
2019+,EW market,60,9,2019-03-11,True,17.7707,-41.6729,0.9348,16.907,-41.6729,19.4928,-26.2687,32,0.425,0.9996,7,2,33,0
2019+,EW market,60,10,2019-03-18,False,17.8157,-41.4959,0.9371,16.6849,-41.4959,19.8236,-26.2805,31,0.4113,0.9996,12,0,36,0
2019+,EW market,60,11,2019-03-26,True,17.8318,-41.94,0.9371,17.2759,-41.94,19.2299,-26.729,31,0.414,0.9998,7,3,35,0
2019+,EW market,90,0,2019-01-04,True,17.3295,-40.9419,0.9215,15.9745,-40.9419,19.6694,-26.5922,22,0.4612,0.9994,8,0,40,0
2019+,EW market,90,1,2019-01-11,False,17.5586,-41.04,0.9302,16.339,-41.04,19.7815,-26.5282,22,0.4745,0.9995,8,0,37,0
2019+,EW market,90,2,2019-01-18,False,17.8608,-40.9887,0.9412,16.4905,-40.9887,20.2416,-26.0413,22,0.4907,0.9998,6,0,36,0
2019+,EW market,90,3,2019-01-25,True,18.4358,-42.1591,0.9667,17.5692,-42.1591,20.278,-25.5276,22,0.5074,0.9996,7,1,34,0
2019+,EW market,90,4,2019-02-01,False,18.9756,-41.3357,0.9901,18.4682,-41.3357,20.4315,-25.6818,21,0.4988,0.9999,3,1,33,0
2019+,EW market,90,5,2019-02-08,False,19.1401,-42.0043,0.9974,18.8214,-42.0043,20.3531,-26.1013,21,0.4908,0.9996,7,0,32,0
2019+,EW market,90,6,2019-02-15,False,19.1259,-42.3691,0.9973,19.1022,-42.3691,19.9894,-26.6208,21,0.4742,0.9997,5,3,31,0
2019+,EW market,90,7,2019-02-22,True,19.0217,-42.182,0.9953,18.6501,-42.182,20.2376,-26.2729,21,0.4772,0.9994,7,1,30,0
2019+,EW market,90,8,2019-03-01,False,18.569,-41.692,0.9753,18.0535,-41.692,19.9287,-27.1802,21,0.4643,0.9993,13,0,32,0
2019+,EW market,90,9,2019-03-11,False,17.8852,-41.4542,0.9431,16.6932,-41.4542,19.95,-27.1102,21,0.4761,0.9994,10,1,33,0
2019+,EW market,90,10,2019-03-18,True,17.7437,-41.6349,0.9371,16.4499,-41.6349,19.9209,-26.6402,21,0.4741,0.9996,7,0,36,0
2019+,EW market,90,11,2019-03-26,False,17.274,-42.3772,0.9163,16.2597,-42.3772,19.1404,-26.8132,21,0.4866,0.9996,7,0,35,0
2019+,EW market,90,12,2019-04-02,False,17.3249,-41.835,0.9154,16.3427,-41.835,19.1938,-26.5568,21,0.4799,0.9997,5,1,37,0
2019+,EW market,90,13,2019-04-09,False,17.5889,-42.7165,0.9273,16.9365,-42.7165,19.1473,-26.3313,21,0.4889,0.9995,7,2,38,0
2019+,EW market,90,14,2019-04-16,True,18.0186,-44.0372,0.9731,17.7252,-44.0372,19.2207,-26.4252,21,0.5076,0.9519,8,0,31,0
2019+,EW market,90,15,2019-04-25,False,17.4901,-42.9837,0.9202,16.6819,-42.9837,19.2169,-26.6168,21,0.4543,0.9996,5,1,34,0
2019+,EW market,90,16,2019-05-06,False,18.123,-42.2036,0.9451,17.4593,-42.2036,19.7192,-26.7955,21,0.4475,0.9996,5,0,34,0
2019+,EW market,90,17,2019-05-13,True,19.1129,-41.1137,0.9889,19.6387,-41.1137,19.4589,-27.2574,21,0.4441,0.9996,6,3,37,0
2019+,EW market,100,0,2019-01-04,True,18.5675,-40.7033,1.0055,18.2296,-40.7033,19.8051,-26.2156,20,0.5067,0.9492,11,0,37,0
2019+,EW market,100,1,2019-01-11,False,17.7329,-41.7246,0.9375,16.5499,-41.7246,19.9165,-26.4001,20,0.474,0.9995,6,1,35,0
2019+,EW market,100,2,2019-01-18,False,17.842,-42.0216,0.9436,16.6015,-42.0216,20.0815,-26.6034,19,0.4762,0.9996,5,0,31,0
2019+,EW market,100,3,2019-01-25,False,18.0455,-42.165,0.9538,17.4764,-42.165,19.5671,-26.7688,19,0.5048,0.9995,8,0,33,0
2019+,EW market,100,4,2019-02-01,True,17.8933,-42.2112,0.9461,17.081,-42.2112,19.6689,-26.7467,19,0.4899,0.9997,3,2,33,0
2019+,EW market,100,5,2019-02-08,False,18.6469,-41.9273,0.9795,18.2287,-41.9273,19.9627,-26.6943,19,0.509,0.9994,7,2,33,0
2019+,EW market,100,6,2019-02-15,False,19.2452,-41.9381,1.0048,19.2544,-41.9381,20.0749,-26.4942,19,0.496,0.9996,6,0,34,0
2019+,EW market,100,7,2019-02-22,False,18.9215,-41.971,0.9907,18.7753,-41.971,19.9024,-26.7383,19,0.4895,0.9994,9,0,33,0
2019+,EW market,100,8,2019-03-01,True,18.7424,-41.9901,0.9813,18.1559,-41.9901,20.1767,-26.2212,19,0.4766,0.9996,6,1,31,0
2019+,EW market,100,9,2019-03-11,False,17.4111,-43.4402,0.9218,15.4284,-43.4402,20.3061,-25.5033,19,0.5019,0.9997,6,1,31,0
2019+,EW market,100,10,2019-03-18,False,17.2257,-43.3141,0.911,15.7428,-43.3141,19.5981,-25.9936,19,0.5221,0.9998,3,0,33,0
2019+,EW market,100,11,2019-03-26,True,17.5067,-43.402,0.9225,16.4072,-43.402,19.462,-26.5253,19,0.5205,0.9995,7,1,35,0
2019+,EW market,100,12,2019-04-02,False,17.3165,-43.3207,0.9145,15.6417,-43.3207,19.8996,-26.4265,19,0.5111,0.9996,6,1,36,0
2019+,EW market,100,13,2019-04-09,False,17.6046,-42.7758,0.9283,16.0225,-42.7758,20.1137,-26.1139,19,0.4969,0.9993,8,1,35,0
2019+,EW market,100,14,2019-04-16,False,17.7872,-41.9602,0.934,16.1067,-41.9602,20.3961,-26.3802,19,0.4857,0.9995,7,0,35,0
2019+,EW market,100,15,2019-04-25,True,18.1111,-40.7461,0.9474,17.0914,-40.7461,20.0538,-26.9074,19,0.4874,0.9996,5,0,37,0
2019+,EW market,100,16,2019-05-06,False,19.0081,-40.4735,0.9835,19.1105,-40.4735,19.8517,-27.1348,19,0.4876,0.9994,8,0,35,0
2019+,EW market,100,17,2019-05-13,False,20.1358,-40.5855,1.0339,21.6026,-40.5855,19.5082,-26.8401,19,0.4827,0.9997,5,0,35,0
2019+,EW market,100,18,2019-05-20,False,19.1686,-40.3817,0.9937,19.6859,-40.3817,19.5018,-26.5012,19,0.4967,0.9995,7,0,38,0
2019+,EW market,100,19,2019-05-27,True,18.5346,-41.6435,0.9657,18.5373,-41.6435,19.3935,-26.2731,19,0.4786,0.9996,7,3,34,0
2019+,EW market,180,0,2019-01-04,True,18.0038,-39.9232,0.9534,17.1341,-39.9232,19.8156,-26.5317,11,0.5565,0.9997,3,0,29,0
2019+,EW market,180,1,2019-01-11,False,18.0133,-40.8423,0.9518,17.2573,-40.8423,19.7335,-26.8623,11,0.566,0.9994,4,0,31,0
2019+,EW market,180,2,2019-01-18,False,18.4074,-40.9834,0.9668,17.4294,-40.9834,20.3651,-26.5786,11,0.6032,0.9998,2,0,30,0
2019+,EW market,180,3,2019-01-25,False,18.7119,-41.9758,0.9794,18.1258,-41.9758,20.2548,-26.4441,11,0.6224,0.9994,5,0,32,0
2019+,EW market,180,4,2019-02-01,False,19.0895,-41.1129,0.9964,18.637,-41.1129,20.4878,-26.5204,11,0.6356,0.9999,2,0,35,0
2019+,EW market,180,5,2019-02-08,False,19.5632,-41.9471,1.019,19.1378,-41.9471,20.8905,-25.8235,11,0.5985,0.9992,7,0,31,0
2019+,EW market,180,6,2019-02-15,False,19.8363,-41.4028,1.0316,20.0222,-41.4028,20.4846,-26.246,11,0.5829,0.9995,4,0,32,0
2019+,EW market,180,7,2019-02-22,True,19.4035,-41.5949,1.0146,19.3721,-41.5949,20.2672,-26.4033,11,0.6005,0.9996,3,0,32,0
2019+,EW market,180,8,2019-03-01,False,19.2121,-41.4098,1.0062,19.1027,-41.4098,20.1532,-26.9379,11,0.6219,0.9991,6,0,31,0
2019+,EW market,180,9,2019-03-11,False,18.4684,-41.5992,0.9711,17.107,-41.5992,20.7127,-26.9534,11,0.5884,0.9998,2,0,32,0
2019+,EW market,180,10,2019-03-18,False,18.2493,-42.2768,0.9621,16.8443,-42.2768,20.5444,-27.0498,11,0.575,0.9995,4,0,38,0
2019+,EW market,180,11,2019-03-26,False,18.0379,-42.4208,0.9522,17.3183,-42.4208,19.6044,-27.0545,11,0.5692,0.9998,2,0,36,0
2019+,EW market,180,12,2019-04-02,False,17.4756,-42.4313,0.9242,16.0469,-42.4313,19.8047,-26.4603,11,0.5775,0.9995,4,1,37,0
2019+,EW market,180,13,2019-04-09,False,17.7643,-43.2547,0.9376,16.4868,-43.2547,19.9609,-26.4322,11,0.5728,0.9988,5,3,39,0
2019+,EW market,180,14,2019-04-16,True,17.5747,-44.3173,0.9265,15.5932,-44.3173,20.4925,-26.1723,11,0.5731,0.9997,3,0,35,0
2019+,EW market,180,15,2019-04-25,False,17.9701,-43.2416,0.9429,16.1894,-43.2416,20.6848,-26.3306,11,0.5886,0.9997,3,0,37,0
2019+,EW market,180,16,2019-05-06,False,18.6477,-42.2626,0.9681,17.6684,-42.2626,20.5613,-26.746,11,0.6165,0.9993,4,0,32,0
2019+,EW market,180,17,2019-05-13,False,19.8161,-41.4454,1.0191,20.1007,-41.4454,20.3893,-26.3682,11,0.594,0.9997,2,0,34,0
2019+,EW market,180,18,2019-05-20,False,19.1558,-40.6548,0.9939,18.8497,-40.6548,20.3292,-26.2389,11,0.5883,0.9991,5,0,34,0
2019+,EW market,180,19,2019-05-27,False,18.4225,-41.1426,0.962,17.6169,-41.1426,20.0927,-26.6872,11,0.5942,0.9993,6,0,33,0
2019+,EW market,180,20,2019-06-03,False,18.9953,-41.1917,0.984,18.2906,-41.1917,20.5802,-26.3796,11,0.6103,0.9997,4,0,34,0
2019+,EW market,180,21,2019-06-11,True,19.6288,-41.1781,1.0114,19.5368,-41.1781,20.6339,-26.0428,11,0.6246,0.9998,2,0,32,0
2019+,EW market,180,22,2019-06-18,False,20.5913,-40.3285,1.0532,21.4982,-40.3285,20.583,-26.1011,10,0.6115,0.9994,4,1,30,0
2019+,EW market,180,23,2019-06-25,False,19.9701,-40.7462,1.0275,20.5222,-40.7462,20.2772,-26.46,10,0.6259,0.9999,2,0,29,0
2019+,EW market,180,24,2019-07-02,False,20.289,-40.0195,1.041,20.6991,-40.0195,20.7327,-26.6058,10,0.5985,0.9992,2,2,27,0
2019+,EW market,180,25,2019-07-09,False,21.1238,-40.7081,1.0764,21.7518,-40.7081,21.3212,-25.9065,10,0.6058,0.9996,3,1,25,0
2019+,EW market,180,26,2019-07-16,False,20.4079,-40.8059,1.0456,21.3317,-40.8059,20.3601,-25.8992,10,0.609,0.9997,6,0,26,0
2019+,EW market,180,27,2019-07-23,False,20.9257,-40.7701,1.0674,22.6138,-40.7701,20.1761,-25.9028,10,0.591,0.999,6,1,30,0
2019+,EW market,180,28,2019-07-30,True,21.3585,-40.757,1.0846,24.124,-40.757,19.6279,-26.345,10,0.6112,0.9998,2,0,29,0
2019+,EW market,180,29,2019-08-06,False,21.4253,-40.1583,1.0897,24.2443,-40.1583,19.6751,-26.6706,10,0.6266,0.9993,5,0,29,0
2019+,EW market,180,30,2019-08-14,False,22.1865,-39.7374,1.121,26.3191,-39.7374,19.3089,-26.6836,10,0.6309,0.9999,1,0,28,0
2019+,EW market,180,31,2019-08-22,False,22.8376,-39.8414,1.1473,28.2087,-39.8414,18.9419,-26.9656,10,0.6421,0.9995,4,1,26,0
2019+,EW market,180,32,2019-08-29,False,23.5018,-39.9222,1.2505,29.2193,-39.9222,19.3705,-26.3282,10,0.7042,0.8995,4,0,25,0
2019+,EW market,180,33,2019-09-06,False,22.2454,-39.9998,1.1219,26.1655,-39.9998,19.6309,-25.9718,10,0.5825,0.9991,4,1,25,0
2019+,EW market,180,34,2019-09-16,False,21.6149,-39.5034,1.0939,24.47,-39.5034,19.9875,-25.8972,10,0.5584,0.9995,4,0,26,0
2019+,EW market,180,35,2019-09-23,True,21.3237,-39.6841,1.0856,23.8545,-39.6841,20.0135,-26.5367,10,0.5628,0.999,5,3,26,0
2019+,EW market,250,0,2019-01-04,True,18.4862,-43.3407,0.9691,16.5724,-43.3407,21.4654,-25.603,8,0.6854,0.9999,1,0,32,0
2019+,EW market,250,1,2019-01-11,False,17.9678,-43.6343,0.9468,15.8152,-43.6343,21.2095,-25.4781,8,0.7194,0.9997,1,1,30,0
2019+,EW market,250,2,2019-01-18,False,18.6877,-42.6824,0.9793,17.4836,-42.6824,20.8784,-25.4631,8,0.7206,0.9995,3,1,31,0
2019+,EW market,250,3,2019-01-25,False,19.2854,-41.9217,1.0061,18.4281,-41.9217,21.1095,-25.8834,8,0.7084,0.9997,1,0,31,0
2019+,EW market,250,4,2019-02-01,False,19.3424,-41.7533,1.0094,18.6349,-41.7533,20.9782,-25.7254,8,0.7021,0.9994,4,0,28,0
2019+,EW market,250,5,2019-02-08,False,19.852,-42.2211,1.0311,19.9118,-42.2211,20.708,-25.2858,8,0.6811,0.9997,2,0,29,0
2019+,EW market,250,6,2019-02-15,False,20.0657,-41.7377,1.0419,20.4736,-41.7377,20.5061,-25.3915,8,0.7027,0.9997,4,0,26,0
2019+,EW market,250,7,2019-02-22,False,19.544,-41.7723,1.0222,19.7064,-41.7723,20.2332,-25.753,8,0.6828,0.9988,7,0,24,0
2019+,EW market,250,8,2019-03-01,False,19.5503,-40.8837,1.0236,20.0148,-40.8837,19.9557,-25.09,8,0.6725,0.9995,3,0,25,0
2019+,EW market,250,9,2019-03-11,False,18.504,-42.4557,0.9794,17.5777,-42.4557,20.3137,-25.1132,8,0.6782,0.9994,3,3,28,0
2019+,EW market,250,10,2019-03-18,True,18.4295,-42.1447,0.9775,17.6915,-42.1447,20.0441,-25.5503,8,0.6686,0.999,4,0,33,0
2019+,EW market,250,11,2019-03-26,False,18.2909,-42.1783,0.9705,17.5767,-42.1783,19.873,-25.6424,8,0.6968,0.9992,4,0,31,0
2019+,EW market,250,12,2019-04-02,False,18.0859,-41.3115,0.9627,16.9047,-41.3115,20.1589,-25.7992,8,0.6865,0.9997,3,0,32,0
2019+,EW market,250,13,2019-04-09,False,18.1432,-41.6185,0.9645,16.5005,-41.6185,20.6981,-26.1369,8,0.7109,0.9994,3,0,32,0
2019+,EW market,250,14,2019-04-16,False,17.7339,-42.306,0.9412,15.3214,-42.306,21.0848,-26.1235,8,0.7,0.9998,1,0,35,0
2019+,EW market,250,15,2019-04-25,False,18.7012,-41.3158,0.9842,16.5004,-41.3158,21.833,-25.7052,8,0.6657,0.9987,6,1,32,0
2019+,EW market,250,16,2019-05-06,False,19.6554,-40.3572,1.0221,18.5509,-40.3572,21.5948,-26.2065,8,0.6551,0.9993,3,0,30,0
2019+,EW market,250,17,2019-05-13,False,20.838,-40.4601,1.0699,20.5637,-40.4601,21.9371,-26.1789,8,0.6608,0.9997,2,0,30,0
2019+,EW market,250,18,2019-05-20,False,20.1811,-39.6139,1.043,19.4473,-39.6139,21.7266,-26.2583,8,0.6714,0.9993,2,0,29,0
2019+,EW market,250,19,2019-05-27,False,19.6125,-40.2933,1.0135,18.8361,-40.2933,21.1443,-26.1935,8,0.6713,0.9999,1,0,26,0
2019+,EW market,250,20,2019-06-03,True,19.4081,-40.2268,1.0019,18.7242,-40.2268,20.8711,-25.9182,8,0.7109,1.0004,3,0,30,0
2019+,EW market,250,21,2019-06-11,False,19.335,-40.72,0.997,18.9541,-40.72,20.4854,-25.9272,8,0.7355,0.9994,4,0,31,0
2019+,EW market,250,22,2019-06-18,False,19.8052,-40.2317,1.0193,20.048,-40.2317,20.3275,-25.983,8,0.7803,0.9994,3,1,32,0
2019+,EW market,250,23,2019-06-25,False,19.3877,-40.2311,1.0018,19.5819,-40.2311,19.9688,-26.6821,8,0.8087,0.9994,3,1,31,0
2019+,EW market,250,24,2019-07-02,False,18.9717,-40.0195,0.9823,19.0167,-40.0195,19.678,-26.9381,8,0.8132,0.999,5,1,32,0
2019+,EW market,250,25,2019-07-09,False,19.4229,-40.7081,0.9985,19.7927,-40.7081,19.8252,-27.2418,8,0.8008,0.9998,1,0,33,0
2019+,EW market,250,26,2019-07-16,False,19.5768,-40.8059,1.0039,19.9426,-40.8059,20.0087,-27.2389,8,0.7725,0.9994,4,0,33,0
2019+,EW market,250,27,2019-07-23,False,20.2741,-40.7701,1.034,21.5373,-40.7701,19.8888,-26.7302,8,0.7569,0.9992,5,0,30,0
2019+,EW market,250,28,2019-07-30,False,21.1298,-40.757,1.0692,23.5338,-40.757,19.8012,-26.7728,8,0.7333,0.9993,4,0,31,0
2019+,EW market,250,29,2019-08-06,True,21.6309,-40.1583,1.0937,24.105,-40.1583,20.2849,-26.5667,8,0.6996,1.0,0,0,32,0
2019+,EW market,250,30,2019-08-14,False,22.1911,-39.7374,1.1187,25.3278,-39.7374,20.2967,-26.8506,8,0.6867,0.9993,5,0,32,0
2019+,EW market,250,31,2019-08-22,False,22.7363,-39.8414,1.14,27.3317,-39.8414,19.6555,-27.5904,8,0.676,0.9998,2,0,35,0
2019+,EW market,250,32,2019-08-29,False,21.6854,-39.9222,1.0971,25.0044,-39.9222,19.7029,-28.0116,7,0.6674,0.9997,1,1,28,0
2019+,EW market,250,33,2019-09-06,False,21.7972,-39.9998,1.1012,25.3006,-39.9998,19.6868,-28.3658,7,0.6331,0.9988,5,0,27,0
2019+,EW market,250,34,2019-09-16,False,21.4169,-39.5034,1.0856,23.8478,-39.5034,20.2356,-27.7805,7,0.6327,0.9999,1,0,29,0
2019+,EW market,250,35,2019-09-23,False,21.1984,-39.6841,1.0868,23.6996,-39.6841,19.9269,-27.5339,7,0.6549,0.9984,4,2,28,0
2019+,EW market,250,36,2019-09-30,False,22.0738,-39.7306,1.1248,25.803,-39.7306,19.7541,-27.2048,7,0.666,0.9992,4,0,29,0
2019+,EW market,250,37,2019-10-09,False,22.4335,-40.2584,1.1366,26.8287,-40.2584,19.5863,-26.8682,7,0.7311,0.9996,2,0,31,0
2019+,EW market,250,38,2019-10-16,False,22.6435,-40.6241,1.1428,26.1515,-40.6241,20.5379,-26.3185,7,0.7697,0.9999,1,0,28,0
2019+,EW market,250,39,2019-10-24,True,21.5045,-41.1699,1.0908,23.9131,-41.1699,20.3254,-26.8902,7,0.7608,0.9995,4,0,28,0
2019+,EW market,250,40,2019-11-01,False,20.9953,-40.2212,1.1523,22.8424,-40.2212,20.303,-26.6027,7,0.767,0.8565,2,0,28,0
2019+,EW market,250,41,2019-11-08,False,21.7531,-40.433,1.1051,24.6236,-40.433,20.2254,-26.6745,7,0.7119,0.9993,2,1,27,0
2019+,EW market,250,42,2019-11-18,False,22.1466,-40.4444,1.1214,25.6266,-40.4444,20.1942,-26.2395,7,0.6795,0.9994,3,0,28,0
2019+,EW market,250,43,2019-11-25,False,21.6717,-40.1967,1.1022,24.9233,-40.1967,19.9449,-25.7359,7,0.6919,0.999,5,0,31,0
2019+,EW market,250,44,2019-12-02,False,21.6546,-40.371,1.0988,24.8521,-40.371,19.9929,-25.7423,7,0.7219,0.9995,2,0,31,0
2019+,EW market,250,45,2019-12-09,False,21.5394,-40.0708,1.0908,24.8325,-40.0708,19.8322,-26.0279,7,0.7213,0.9998,1,0,32,0
2019+,EW market,250,46,2019-12-16,False,21.7061,-40.2977,1.0949,25.0164,-40.2977,20.0196,-26.2069,7,0.696,0.9999,1,0,29,0
2019+,EW market,250,47,2019-12-23,False,22.5398,-40.5206,1.1304,26.4068,-40.5206,20.2792,-25.6876,7,0.6953,0.9996,2,0,29,0
2019+,EW market,250,48,2019-12-31,False,21.4179,-40.891,1.0795,23.7162,-40.891,20.4253,-25.8503,7,0.7102,0.9995,3,1,31,0
2019+,EW market,250,49,2020-01-07,True,22.4256,-41.5704,1.1184,24.7015,-41.5704,21.5091,-25.0949,7,0.7338,0.9993,3,1,28,0
2016+,BASELINE,30,0,2016-06-03,True,25.2282,-57.193,0.8904,34.8609,-48.2117,12.4804,-57.193,85,1.7143,0.9512,2,0,2,0
2016+,BASELINE,30,1,2016-06-10,True,12.857,-57.9002,0.5485,19.5898,-42.3377,3.381,-57.9002,85,1.6958,0.9514,4,0,1,0
2016+,BASELINE,30,2,2016-06-17,True,13.883,-52.7739,0.5733,14.7915,-52.7739,13.1122,-45.4177,85,1.6667,0.926,3,0,1,0
2016+,BASELINE,30,3,2016-06-24,True,16.3419,-41.5191,0.6579,10.9729,-41.5191,28.0402,-37.0464,85,1.69,0.9227,6,0,0,0
2016+,BASELINE,30,4,2016-07-01,True,11.406,-41.7743,0.5108,4.9287,-41.7743,24.8409,-39.2681,85,1.6667,0.9117,4,0,1,0
2016+,BASELINE,30,5,2016-07-11,True,23.9241,-46.8768,0.8488,28.8599,-37.0338,17.126,-46.8768,85,1.7576,0.9485,6,0,2,0
2016+,BASELINE,60,0,2016-06-03,True,27.2624,-37.2849,0.9938,21.2328,-37.2849,41.7774,-32.2427,43,2.0,0.9486,2,0,1,0
2016+,BASELINE,60,1,2016-06-10,False,24.436,-43.8059,0.8993,19.4775,-39.8822,35.7267,-31.0681,43,2.0,0.9289,1,0,0,0
2016+,BASELINE,60,2,2016-06-17,True,9.0201,-53.6674,0.44,8.3976,-47.3196,11.7842,-53.6674,43,2.0,0.9486,2,0,1,0
2016+,BASELINE,60,3,2016-06-24,False,16.5799,-51.1936,0.6679,10.2578,-51.1936,31.2577,-38.9338,43,2.0,0.9195,5,0,0,0
2016+,BASELINE,60,4,2016-07-01,True,10.3586,-61.3434,0.4771,3.7118,-61.3434,24.5924,-36.1286,43,2.0,0.8965,3,0,0,0
2016+,BASELINE,60,5,2016-07-11,False,30.45,-44.5951,1.0184,34.22,-38.6131,26.0674,-44.5951,43,2.0,0.9496,2,0,0,0
2016+,BASELINE,60,6,2016-07-18,False,29.3616,-43.4286,0.9738,35.5216,-35.7988,21.352,-43.4286,42,2.0,0.9504,1,0,3,0
2016+,BASELINE,60,7,2016-07-25,True,14.1762,-49.0809,0.5789,21.2506,-42.6422,3.9771,-49.0809,42,2.0,0.9725,2,0,1,0
2016+,BASELINE,60,8,2016-08-01,False,19.7299,-51.1725,0.7575,21.4501,-37.0387,17.6526,-51.1725,42,2.0,0.9008,2,0,1,0
2016+,BASELINE,60,9,2016-08-08,True,9.2765,-62.7023,0.4508,4.9338,-62.7023,18.7339,-42.6882,42,2.0,0.9248,2,0,1,0
2016+,BASELINE,60,10,2016-08-16,False,12.7974,-59.1731,0.5613,8.5808,-59.1731,21.5455,-40.8473,42,2.0,0.9274,1,0,2,0
2016+,BASELINE,60,11,2016-08-23,True,23.4891,-44.2475,0.8537,19.4079,-44.2475,32.1973,-37.8289,42,2.0,0.9461,4,0,1,0
2016+,BASELINE,90,0,2016-06-03,True,30.097,-47.2053,1.0371,22.7315,-47.2053,47.4274,-26.88,29,2.0,0.8966,0,0,0,0
2016+,BASELINE,90,1,2016-06-10,False,23.9039,-53.2699,0.8787,25.9346,-53.2699,22.5512,-38.1397,29,2.0,0.9291,1,0,0,0
2016+,BASELINE,90,2,2016-06-17,False,12.8384,-54.4125,0.5619,12.4114,-52.5291,14.9726,-54.4125,29,2.0,0.8914,2,0,1,0
2016+,BASELINE,90,3,2016-06-24,True,28.6242,-45.497,1.0212,26.1826,-45.497,34.7309,-36.5398,29,2.0,0.888,4,0,1,0
2016+,BASELINE,90,4,2016-07-01,False,9.1866,-54.5163,0.4453,6.8988,-54.5163,15.272,-40.8585,29,2.0,0.9292,1,0,1,0
2016+,BASELINE,90,5,2016-07-11,False,12.4088,-50.4508,0.5411,14.0602,-50.4508,11.8831,-38.7405,29,2.0,0.9208,4,0,0,0
2016+,BASELINE,90,6,2016-07-18,False,24.7436,-44.1166,0.8766,27.3892,-44.1166,22.7882,-39.4658,28,2.0,0.9643,0,0,1,0
2016+,BASELINE,90,7,2016-07-25,True,11.6927,-47.6802,0.5261,16.4661,-44.2063,6.0547,-47.6802,28,2.0,0.9214,2,0,1,0
2016+,BASELINE,90,8,2016-08-01,False,10.9813,-62.8578,0.4952,13.4782,-62.8578,8.4435,-44.0816,28,2.0,0.9592,1,0,2,0
2016+,BASELINE,90,9,2016-08-08,False,-0.6862,-68.9298,0.1366,-11.6981,-65.4961,24.0904,-40.2416,28,2.0,0.9582,2,0,2,0
2016+,BASELINE,90,10,2016-08-16,True,6.909,-55.2649,0.382,-4.8674,-55.2649,32.1867,-35.9075,28,2.0,0.9268,1,0,2,0
2016+,BASELINE,90,11,2016-08-23,False,20.3283,-46.5166,0.7867,18.528,-46.5166,25.351,-44.0306,28,2.0,0.9619,1,0,2,0
2016+,BASELINE,90,12,2016-08-30,False,27.9666,-44.1013,0.9887,29.5919,-41.3256,27.32,-44.1013,28,2.0,0.9895,3,0,3,0
2016+,BASELINE,90,13,2016-09-07,False,17.3822,-46.7972,0.671,15.37,-37.7389,22.0267,-46.7972,28,2.0,0.9978,1,0,2,0
2016+,BASELINE,90,14,2016-09-15,True,21.6004,-45.7666,0.8395,16.9997,-41.2145,30.6392,-45.7666,28,2.0,0.9256,1,0,3,0
2016+,BASELINE,90,15,2016-09-22,False,7.3526,-76.8349,0.3914,0.9361,-76.8349,20.6809,-39.1983,28,2.0,0.9214,1,0,2,0
2016+,BASELINE,90,16,2016-09-29,False,16.9473,-59.5055,0.6632,15.9929,-59.5055,19.7187,-43.2744,28,2.0,0.8786,2,0,2,0
2016+,BASELINE,90,17,2016-10-06,True,33.9454,-53.2586,1.1101,29.8713,-53.2586,42.5548,-32.7029,28,2.0,0.9619,1,0,2,0
2016+,BASELINE,100,0,2016-06-03,True,18.7931,-52.8934,0.7213,10.8081,-52.8934,35.1735,-32.0726,26,2.0,0.9211,1,0,0,0
2016+,BASELINE,100,1,2016-06-10,False,13.3059,-54.2574,0.5835,14.8955,-50.0969,12.0921,-54.2574,26,2.0,0.9538,3,0,0,0
2016+,BASELINE,100,2,2016-06-17,False,11.1924,-55.0595,0.5084,10.8294,-55.0595,12.9398,-52.4856,26,2.0,0.9231,0,0,0,0
2016+,BASELINE,100,3,2016-06-24,False,17.1283,-58.9223,0.6705,19.1637,-58.9223,14.9543,-47.4963,26,1.9688,0.9513,2,0,0,0
2016+,BASELINE,100,4,2016-07-01,True,10.9891,-53.8644,0.503,7.8277,-53.8644,19.4324,-40.5448,26,2.0,0.915,2,0,0,0
2016+,BASELINE,100,5,2016-07-11,False,9.9256,-59.7176,0.4715,8.2528,-59.7176,14.8083,-46.3632,26,2.0,0.9231,0,0,0,0
2016+,BASELINE,100,6,2016-07-18,False,16.1324,-50.0886,0.6546,15.4091,-48.0542,18.9413,-50.0886,26,2.0,0.9179,2,0,3,0
2016+,BASELINE,100,7,2016-07-25,False,4.4125,-56.9837,0.2984,-0.4155,-56.9837,14.7525,-39.8957,26,1.9326,0.9089,5,0,3,0
2016+,BASELINE,100,8,2016-08-01,True,15.5424,-36.3543,0.6661,13.3087,-36.3543,20.9203,-28.1887,26,2.0,0.8429,1,0,4,0
2016+,BASELINE,100,9,2016-08-08,False,16.6673,-39.6779,0.6998,13.913,-32.5359,23.1546,-30.7842,26,2.0,0.8846,0,0,3,0
2016+,BASELINE,100,10,2016-08-16,False,14.5275,-56.7929,0.6005,11.0035,-56.7929,22.8977,-32.5427,25,2.0,0.96,0,0,4,0
2016+,BASELINE,100,11,2016-08-23,True,11.9349,-63.7591,0.5232,5.3518,-63.7591,26.6363,-33.3158,25,2.0,0.96,0,0,2,0
2016+,BASELINE,100,12,2016-08-30,False,29.1722,-38.3759,1.0223,27.832,-37.264,34.164,-29.4642,25,2.0,0.9807,3,0,2,0
2016+,BASELINE,100,13,2016-09-07,False,25.316,-41.9452,0.9277,26.0058,-41.3803,26.6416,-41.9452,25,2.0,0.955,1,0,2,0
2016+,BASELINE,100,14,2016-09-15,False,23.0771,-48.4103,0.861,19.0681,-48.4103,32.0447,-42.11,25,2.0,0.9516,2,0,3,0
2016+,BASELINE,100,15,2016-09-22,True,21.9332,-41.8552,0.8247,22.4512,-40.7603,23.6871,-38.2471,25,2.0,0.9548,2,0,3,0
2016+,BASELINE,100,16,2016-09-29,False,18.0908,-50.0014,0.7218,15.815,-42.3433,23.6225,-50.0014,25,2.0,0.92,0,0,1,0
2016+,BASELINE,100,17,2016-10-06,False,20.8729,-65.5699,0.7575,20.4809,-65.5699,23.4019,-52.8294,25,2.0,0.9533,2,0,1,0
2016+,BASELINE,100,18,2016-10-17,False,22.4426,-67.4073,0.8086,15.4617,-67.4073,37.1847,-35.4511,25,2.0,0.96,0,0,0,0
2016+,BASELINE,100,19,2016-10-24,True,19.1388,-68.3303,0.72,8.2976,-68.3303,40.8204,-31.1175,25,2.0,0.9555,2,0,0,0
2016+,BASELINE,180,0,2016-06-03,True,24.3653,-44.5927,0.9071,16.5987,-44.5927,42.495,-31.5805,15,2.0,0.9333,0,0,0,0
2016+,BASELINE,180,1,2016-06-10,False,16.7412,-46.6034,0.6934,19.1801,-46.6034,14.6036,-43.9797,15,2.0,0.9296,1,0,0,0
2016+,BASELINE,180,2,2016-06-17,False,11.6521,-57.0116,0.5196,9.4474,-57.0116,17.3336,-47.7024,15,2.0,0.9289,1,0,0,0
2016+,BASELINE,180,3,2016-06-24,False,28.8738,-45.1683,0.9833,25.9268,-45.1683,36.053,-28.4676,15,2.0,0.9199,3,0,0,0
2016+,BASELINE,180,4,2016-07-01,False,18.5727,-63.7991,0.6879,20.775,-63.7991,17.0467,-35.8724,15,2.0,0.9298,1,0,2,0
2016+,BASELINE,180,5,2016-07-11,False,13.1174,-61.6221,0.5587,13.8739,-61.6221,14.4472,-32.0048,15,2.0,0.9221,2,0,2,0
2016+,BASELINE,180,6,2016-07-18,False,23.5997,-57.3265,0.8117,26.1538,-57.3265,21.3756,-38.2132,14,2.0,1.0,0,0,2,0
2016+,BASELINE,180,7,2016-07-25,True,13.8067,-63.6785,0.5627,21.9365,-63.6785,2.2301,-43.6164,14,2.0,0.9935,1,0,1,0
2016+,BASELINE,180,8,2016-08-01,False,16.7128,-62.5025,0.6482,20.4856,-62.5025,11.9716,-32.8758,14,2.0,1.0,0,0,2,0
2016+,BASELINE,180,9,2016-08-08,False,18.209,-43.3655,0.7033,16.4278,-41.2316,22.6223,-35.8694,14,2.0,0.9921,1,0,2,0
2016+,BASELINE,180,10,2016-08-16,False,15.3156,-55.6119,0.6383,9.6672,-55.6119,26.4595,-34.5691,14,1.975,0.925,1,0,1,0
2016+,BASELINE,180,11,2016-08-23,False,36.2069,-41.2316,1.1727,30.4141,-41.2316,47.9652,-33.4504,14,2.0,0.9952,1,0,2,0
2016+,BASELINE,180,12,2016-08-30,False,34.8497,-41.2316,1.1485,32.8058,-41.2316,39.1194,-34.7601,14,2.0,0.985,2,0,2,0
2016+,BASELINE,180,13,2016-09-07,False,16.5375,-64.176,0.6344,8.4094,-64.176,32.4976,-39.2504,14,2.0,1.0,0,0,1,0
2016+,BASELINE,180,14,2016-09-15,True,24.8468,-43.8491,0.9042,23.0925,-43.8491,29.5024,-36.7396,14,2.0,1.0,0,0,2,0
2016+,BASELINE,180,15,2016-09-22,False,24.0953,-33.7748,0.9305,22.2354,-31.6657,27.7987,-33.7748,14,1.9,0.9143,1,0,1,0
2016+,BASELINE,180,16,2016-09-29,False,22.0983,-35.2521,0.8598,16.6924,-35.2521,31.9243,-32.799,14,1.8,0.8286,2,0,2,0
2016+,BASELINE,180,17,2016-10-06,False,37.0767,-44.4457,1.1651,41.2457,-44.4457,32.3075,-29.4422,14,2.0,1.0,0,0,2,0
2016+,BASELINE,180,18,2016-10-17,False,24.7913,-36.295,0.9152,24.2326,-36.295,27.3574,-28.8266,14,1.8565,0.8571,0,0,1,0
2016+,BASELINE,180,19,2016-10-24,False,22.9642,-45.9499,0.8455,24.8667,-43.6786,21.4047,-35.3528,14,2.0,0.9286,0,0,0,0
2016+,BASELINE,180,20,2016-11-01,False,24.7984,-38.3886,0.9826,24.5422,-35.9738,26.7104,-38.3886,14,1.9093,0.8512,1,0,1,0
2016+,BASELINE,180,21,2016-11-08,True,27.0079,-42.4481,1.0982,27.517,-26.3491,27.8351,-42.4481,14,1.8036,0.8537,1,0,1,0
2016+,BASELINE,180,22,2016-11-16,False,20.8022,-47.9021,0.8493,20.8108,-47.9021,22.8813,-44.0712,14,1.9524,0.9286,0,0,1,0
2016+,BASELINE,180,23,2016-11-23,False,16.4705,-59.6006,0.6658,18.9391,-59.6006,14.8783,-45.0178,14,1.8965,0.9193,2,0,0,0
2016+,BASELINE,180,24,2016-11-30,False,16.6008,-43.7544,0.728,11.9723,-43.6398,27.1203,-43.7544,14,2.0,0.9286,0,0,0,0
2016+,BASELINE,180,25,2016-12-07,False,15.9326,-44.6248,0.7065,11.86,-44.6248,25.3281,-44.2705,14,1.8305,0.8492,1,0,0,0
2016+,BASELINE,180,26,2016-12-14,False,16.2878,-63.5113,0.6595,16.6593,-63.5113,17.4211,-47.723,14,1.9286,0.9184,1,0,2,0
2016+,BASELINE,180,27,2016-12-21,False,3.2983,-70.7359,0.2627,-10.495,-70.7359,32.9737,-44.5787,14,2.0,0.9244,1,0,2,0
2016+,BASELINE,180,28,2016-12-28,True,15.4628,-58.4176,0.6614,3.957,-58.4176,38.4756,-35.6281,14,1.9454,0.9286,0,0,2,0
2016+,BASELINE,180,29,2017-01-04,False,14.6205,-55.5985,0.6398,9.8085,-55.5985,24.6692,-51.1195,14,2.0,0.9286,0,0,1,0
2016+,BASELINE,180,30,2017-01-11,False,30.2652,-43.8418,1.0507,27.7931,-42.003,36.5035,-43.8418,14,2.0,0.994,1,0,2,0
2016+,BASELINE,180,31,2017-01-18,False,17.5091,-52.1051,0.6813,16.1782,-52.1051,20.8149,-46.9011,14,2.0,0.9955,1,0,2,0
2016+,BASELINE,180,32,2017-01-25,False,17.6572,-50.3156,0.763,11.6673,-50.3156,28.7042,-48.1047,14,1.8583,0.8512,1,0,1,0
2016+,BASELINE,180,33,2017-02-02,False,13.4877,-78.5143,0.5802,4.9424,-78.5143,30.1702,-40.4992,14,2.0,0.9286,0,0,1,0
2016+,BASELINE,180,34,2017-02-09,False,18.2719,-76.2991,0.7027,14.0279,-76.2991,26.4901,-45.333,14,2.0,0.9286,0,0,2,0
2016+,BASELINE,180,35,2017-02-16,True,14.4076,-58.4159,0.6244,6.0057,-58.4159,30.4082,-37.435,14,1.8784,0.9238,1,0,1,0
2016+,BASELINE,250,0,2016-06-03,True,18.1662,-58.481,0.7172,4.7731,-58.481,46.8033,-30.4121,11,2.0,0.9952,1,0,1,0
2016+,BASELINE,250,1,2016-06-10,False,15.3972,-48.3259,0.6422,5.8609,-48.3259,35.0856,-30.7186,11,2.0,0.996,1,0,0,0
2016+,BASELINE,250,2,2016-06-17,False,19.5995,-57.9983,0.7433,11.1103,-57.9983,37.7816,-37.2176,11,2.0,1.0,0,0,4,0
2016+,BASELINE,250,3,2016-06-24,False,30.7752,-43.4831,0.9872,31.5115,-43.4831,30.0164,-38.3715,11,2.0,0.9818,1,0,3,0
2016+,BASELINE,250,4,2016-07-01,False,12.2919,-74.5823,0.5394,-1.094,-74.5823,40.2548,-30.1075,11,2.0,0.9939,1,0,3,0
2016+,BASELINE,250,5,2016-07-11,False,17.9834,-61.3326,0.7093,16.4024,-61.3326,22.5813,-41.7004,11,2.0,0.9943,1,0,2,0
2016+,BASELINE,250,6,2016-07-18,False,12.1414,-71.9222,0.5257,6.4449,-71.9222,24.3182,-48.0467,11,2.0,0.9955,1,0,2,0
2016+,BASELINE,250,7,2016-07-25,False,-3.257,-77.6643,0.0732,-8.3454,-77.6643,7.5765,-49.0972,11,2.0,0.987,2,0,1,0
2016+,BASELINE,250,8,2016-08-01,False,10.8115,-62.5574,0.4993,9.1829,-62.5574,15.0501,-37.1035,11,2.0,1.0,0,0,2,0
2016+,BASELINE,250,9,2016-08-08,False,21.6106,-48.0071,0.8424,13.6036,-48.0071,38.4273,-35.8513,11,2.0,0.9091,0,0,1,0
2016+,BASELINE,250,10,2016-08-16,True,27.2993,-49.1291,1.0054,18.5181,-49.1291,46.2385,-34.9769,10,2.0,0.9,0,0,1,0
2016+,BASELINE,250,11,2016-08-23,False,6.6739,-69.9106,0.3664,4.5856,-69.9106,12.6184,-51.485,10,2.0,1.0,0,0,1,0
2016+,BASELINE,250,12,2016-08-30,False,14.0067,-51.6372,0.6259,14.7505,-51.6372,15.1099,-42.6724,10,2.0,0.9,0,0,0,0
2016+,BASELINE,250,13,2016-09-07,False,20.0854,-70.8076,0.763,10.3138,-70.8076,41.3472,-34.7738,10,1.9375,0.9808,2,0,0,0
2016+,BASELINE,250,14,2016-09-15,False,10.9729,-47.3018,0.5332,9.1182,-47.3018,15.8846,-39.9607,10,1.9293,0.8933,1,0,1,0
2016+,BASELINE,250,15,2016-09-22,False,12.3459,-51.6106,0.5622,9.1909,-51.6106,20.4121,-37.8889,10,2.0,0.9,0,0,0,0
2016+,BASELINE,250,16,2016-09-29,False,10.8041,-64.857,0.495,7.2478,-64.857,18.5946,-49.3792,10,2.0,1.0,0,0,1,0
2016+,BASELINE,250,17,2016-10-06,False,21.8901,-53.6638,0.8208,17.5007,-53.6638,31.5591,-38.9221,10,1.9545,0.9909,1,0,1,0
2016+,BASELINE,250,18,2016-10-17,False,19.319,-46.6435,0.9005,10.1691,-46.6435,38.4476,-38.473,10,1.0,0.7,0,0,1,0
2016+,BASELINE,250,19,2016-10-24,False,12.4057,-52.5886,0.5971,8.0378,-52.5886,21.1897,-37.3918,10,1.9437,0.8947,1,0,0,0
2016+,BASELINE,250,20,2016-11-01,True,23.1682,-56.3949,0.7776,25.1195,-56.3949,20.8481,-33.656,10,2.0,1.0,0,0,0,0
2016+,BASELINE,250,21,2016-11-08,False,29.4427,-59.1927,0.9964,29.437,-59.1927,31.1772,-31.0681,10,2.0,1.0,0,0,0,0
2016+,BASELINE,250,22,2016-11-16,False,24.8707,-51.9009,0.9199,37.617,-46.2575,7.5452,-51.9009,10,2.0,0.9917,1,0,0,0
2016+,BASELINE,250,23,2016-11-23,False,27.6576,-46.5395,0.9613,34.9622,-46.5395,17.8802,-43.5163,10,2.0,1.0,0,0,0,0
2016+,BASELINE,250,24,2016-11-30,False,24.3469,-52.3281,0.8763,20.8457,-52.3281,33.2598,-34.3745,10,2.0,1.0,0,0,0,0
2016+,BASELINE,250,25,2016-12-07,False,22.2418,-54.6558,0.8341,30.9497,-40.8315,10.3206,-54.6558,10,2.0,1.0,0,0,0,0
2016+,BASELINE,250,26,2016-12-14,False,11.5147,-53.2543,0.5713,11.3767,-46.4928,12.2639,-53.2543,10,1.8466,0.7917,1,0,1,0
2016+,BASELINE,250,27,2016-12-21,False,4.8264,-77.5427,0.3116,-2.6675,-77.5427,19.1586,-51.7051,10,1.9444,0.8889,1,0,1,0
2016+,BASELINE,250,28,2016-12-28,False,28.2463,-73.3074,0.9301,27.8192,-73.3074,29.8855,-32.8131,10,2.0,0.9,0,0,1,0
2016+,BASELINE,250,29,2017-01-04,True,9.1177,-72.073,0.4389,0.8966,-72.073,23.8524,-36.6361,10,2.0,0.9,0,0,0,0
2016+,BASELINE,250,30,2017-01-11,False,8.2349,-72.7693,0.4173,3.0771,-72.7693,18.3723,-27.553,10,2.0,0.9,0,0,1,0
2016+,BASELINE,250,31,2017-01-18,False,7.2235,-67.0305,0.3942,1.7059,-67.0305,17.4501,-39.5434,10,1.9468,0.8841,2,0,1,0
2016+,BASELINE,250,32,2017-01-25,False,11.7203,-44.1498,0.5281,17.4914,-44.1498,4.8303,-34.4232,10,2.0,0.96,2,0,1,0
2016+,BASELINE,250,33,2017-02-02,False,17.0849,-51.504,0.7085,27.0453,-51.504,5.1664,-38.2731,10,2.0,0.9,0,0,2,0
2016+,BASELINE,250,34,2017-02-09,False,16.4681,-59.1047,0.6719,17.9218,-59.1047,16.4196,-33.4991,10,2.0,0.8857,1,0,2,0
2016+,BASELINE,250,35,2017-02-16,False,26.9896,-49.3564,1.0081,27.0074,-49.3564,29.2345,-31.8054,10,2.0,0.9,0,0,2,0
2016+,BASELINE,250,36,2017-02-23,False,33.5991,-34.183,1.1698,41.6781,-34.183,23.936,-31.7395,10,2.0,0.9,0,0,1,0
2016+,BASELINE,250,37,2017-03-03,False,25.7309,-39.6349,1.0137,26.6526,-39.6349,26.5005,-28.2834,10,1.9706,0.8941,1,0,1,0
2016+,BASELINE,250,38,2017-03-10,False,31.7285,-54.6811,1.0431,31.3698,-54.6811,34.4753,-27.4022,10,2.0,1.0,0,0,0,0
2016+,BASELINE,250,39,2017-03-20,True,30.0235,-62.2959,0.976,25.9553,-62.2959,38.8334,-28.9949,10,2.0,1.0,0,0,0,0
2016+,BASELINE,250,40,2017-03-27,False,30.4462,-34.7678,1.1251,36.4324,-33.9811,23.5018,-34.7678,10,2.0,0.9,0,0,1,0
2016+,BASELINE,250,41,2017-04-03,False,33.102,-35.9906,1.2128,35.0622,-35.9906,31.9643,-30.0057,10,2.0,0.9,0,0,2,0
2016+,BASELINE,250,42,2017-04-11,False,40.2661,-33.4925,1.4042,41.4116,-33.4925,41.1206,-31.6409,10,2.0,0.9,0,0,2,0
2016+,BASELINE,250,43,2017-04-19,False,42.634,-34.3473,1.4851,42.2792,-28.0794,46.438,-34.3473,10,1.9474,0.9,0,0,2,0
2016+,BASELINE,250,44,2017-04-26,False,32.2293,-32.1691,1.2752,27.684,-27.9781,41.8123,-32.1691,10,1.8389,0.8857,1,0,2,0
2016+,BASELINE,250,45,2017-05-04,False,23.5268,-41.987,0.9232,18.0445,-41.987,33.7694,-32.69,10,1.9697,0.8933,1,0,2,0
2016+,BASELINE,250,46,2017-05-11,False,21.537,-34.2689,0.8713,11.4204,-34.2572,40.3355,-34.2689,10,2.0,0.9,0,0,2,0
2016+,BASELINE,250,47,2017-05-18,False,16.7049,-43.4009,0.7173,8.3248,-40.8916,31.9284,-37.074,10,1.9137,0.8868,2,0,2,0
2016+,BASELINE,250,48,2017-05-25,False,21.2788,-36.3236,0.8782,7.509,-36.3236,46.2026,-33.1627,10,1.8271,0.8917,1,0,2,0
2016+,BASELINE,250,49,2017-06-01,True,27.9566,-28.6519,1.0773,16.9926,-28.6519,47.5947,-28.4676,10,1.8649,0.8941,1,0,2,0
2016+,G,30,0,2016-06-03,True,11.9961,-48.2117,0.596,8.7077,-48.2117,20.7758,-18.7832,85,1.0,0.5875,1,0,2,0
2016+,G,30,1,2016-06-10,True,2.6431,-48.8614,0.2321,-1.4269,-48.8614,10.9518,-39.5482,85,1.0,0.6091,3,0,1,0
2016+,G,30,2,2016-06-17,True,8.4366,-51.526,0.4419,6.2884,-51.526,12.2657,-36.4218,85,1.0,0.6554,3,0,1,0
2016+,G,30,3,2016-06-24,True,14.5318,-42.7074,0.6596,4.6435,-42.7074,35.8641,-17.488,85,1.0,0.6528,5,0,0,0
2016+,G,30,4,2016-07-01,True,7.9662,-45.6509,0.4366,-2.7763,-45.6509,30.8065,-26.9861,85,1.0,0.6294,4,0,1,0
2016+,G,30,5,2016-07-11,True,21.6678,-42.1609,0.9137,14.3113,-42.1609,37.0374,-16.8494,85,1.0,0.6432,5,0,2,0
2016+,G,60,0,2016-06-03,True,11.9973,-44.8544,0.5992,1.8828,-44.8544,35.3482,-22.561,43,1.0,0.5798,1,0,1,0
2016+,G,60,1,2016-06-10,False,10.9441,-49.5751,0.5656,6.2133,-49.5751,19.7059,-31.752,43,1.0,0.5568,1,0,0,0
2016+,G,60,2,2016-06-17,True,6.3377,-53.2574,0.3651,6.73,-47.0776,7.265,-37.3735,43,1.5294,0.6928,2,0,1,0
2016+,G,60,3,2016-06-24,False,14.3908,-60.4546,0.6443,5.5647,-60.4546,31.5026,-15.6983,43,1.0,0.6883,4,0,0,0
2016+,G,60,4,2016-07-01,True,6.8586,-56.2606,0.3901,-0.2862,-56.2606,20.4749,-18.9589,43,1.0,0.6406,3,0,0,0
2016+,G,60,5,2016-07-11,False,28.4911,-44.9377,1.1312,26.9845,-44.9377,33.1355,-15.9446,43,1.0,0.6705,2,0,0,0
2016+,G,60,6,2016-07-18,False,15.4888,-35.7988,0.7171,19.694,-35.7988,10.4015,-33.8766,42,1.0,0.5952,0,0,3,0
2016+,G,60,7,2016-07-25,True,10.597,-44.5235,0.5242,10.02,-44.5235,12.6973,-27.6645,42,1.0,0.6652,1,0,1,0
2016+,G,60,8,2016-08-01,False,22.1402,-37.0387,0.9937,19.8406,-37.0387,26.1092,-23.6178,42,1.0,0.6171,1,0,1,0
2016+,G,60,9,2016-08-08,True,9.043,-62.7023,0.4812,1.0435,-62.7023,25.9175,-28.874,42,1.0,0.6153,2,0,1,0
2016+,G,60,10,2016-08-16,False,9.2131,-49.3237,0.4897,2.6275,-49.3237,22.6223,-27.1424,42,1.0,0.6179,1,0,1,0
2016+,G,60,11,2016-08-23,True,16.5535,-54.1263,0.7363,7.6852,-54.1263,34.8189,-20.9446,42,1.0,0.614,3,0,1,0
2016+,G,90,0,2016-06-03,True,19.8229,-54.3227,0.8127,17.7489,-54.3227,26.4204,-28.2146,29,1.7895,0.7241,0,0,0,0
2016+,G,90,1,2016-06-10,False,23.1509,-55.3048,0.9392,18.1463,-55.3048,33.8205,-18.4276,29,1.0,0.7222,1,0,0,0
2016+,G,90,2,2016-06-17,False,19.1325,-52.5291,0.7846,12.2537,-52.5291,33.7598,-26.4329,29,1.7895,0.7563,1,0,1,0
2016+,G,90,3,2016-06-24,True,24.8799,-45.497,0.9953,22.3185,-45.497,31.1758,-17.5286,29,1.0,0.6811,4,0,1,0
2016+,G,90,4,2016-07-01,False,5.2089,-59.6883,0.3336,-5.4026,-59.6883,28.7784,-20.3878,29,1.0,0.5844,1,0,0,0
2016+,G,90,5,2016-07-11,False,10.7367,-45.8528,0.5443,4.4085,-45.8528,25.1408,-18.6097,29,1.0,0.5777,3,0,0,0
2016+,G,90,6,2016-07-18,False,4.078,-44.1166,0.2994,0.5073,-44.1166,12.8666,-23.3941,28,1.0,0.4286,0,0,1,0
2016+,G,90,7,2016-07-25,True,5.5815,-38.6261,0.3619,3.398,-38.6261,9.4244,-38.0408,28,1.0,0.4603,1,0,1,0
2016+,G,90,8,2016-08-01,False,5.8559,-49.8267,0.3564,5.4336,-49.8267,8.2075,-41.7534,28,1.0,0.602,1,0,1,0
2016+,G,90,9,2016-08-08,False,-2.4318,-72.4269,0.0201,-16.2423,-72.4269,26.6369,-18.8979,28,1.0,0.5675,1,0,1,0
2016+,G,90,10,2016-08-16,True,2.5084,-52.697,0.2285,-6.6775,-52.697,20.2637,-25.2032,28,1.0,0.6054,1,0,1,0
2016+,G,90,11,2016-08-23,False,14.7832,-44.0495,0.7017,7.735,-44.0495,29.8062,-23.126,28,1.0,0.6405,1,0,1,0
2016+,G,90,12,2016-08-30,False,16.407,-41.2984,0.762,19.7058,-41.2984,12.8858,-36.8817,28,1.0,0.6048,1,0,3,0
2016+,G,90,13,2016-09-07,False,5.7186,-40.3232,0.3504,5.916,-40.3232,6.4409,-37.7091,28,1.0,0.6406,1,0,2,0
2016+,G,90,14,2016-09-15,True,18.4088,-45.9901,0.8709,22.4104,-26.8952,11.9218,-45.9901,28,1.0,0.6042,1,0,2,0
2016+,G,90,15,2016-09-22,False,6.6071,-70.0742,0.3778,2.0995,-70.0742,16.202,-41.1393,28,1.0,0.7071,1,0,2,0
2016+,G,90,16,2016-09-29,False,16.0195,-51.068,0.6756,21.898,-49.3237,7.8748,-51.068,28,1.2778,0.7,2,0,2,0
2016+,G,90,17,2016-10-06,True,30.5687,-53.1139,1.1473,29.6669,-53.1139,33.5373,-20.6916,28,1.25,0.7119,1,0,2,0
2016+,G,100,0,2016-06-03,True,14.8027,-50.049,0.6487,5.2097,-50.049,33.7635,-19.2545,26,1.0,0.6518,1,0,0,0
2016+,G,100,1,2016-06-10,False,10.876,-45.9456,0.5566,6.8043,-45.9456,20.0164,-31.0681,26,1.0,0.6461,3,0,0,0
2016+,G,100,2,2016-06-17,False,6.5554,-53.971,0.3762,5.0147,-53.971,10.3996,-47.1978,26,1.596,0.7308,0,0,0,0
2016+,G,100,3,2016-06-24,False,12.345,-59.1092,0.5691,11.6998,-59.1092,14.7762,-35.4193,26,1.0,0.7205,2,0,0,0
2016+,G,100,4,2016-07-01,True,5.4035,-39.8855,0.3482,4.1477,-32.2439,10.1572,-39.8855,26,1.0,0.6128,1,0,0,0
2016+,G,100,5,2016-07-11,False,4.4934,-41.4301,0.3105,4.1565,-41.4301,6.1369,-37.8195,26,1.0,0.5769,0,0,0,0
2016+,G,100,6,2016-07-18,False,2.2715,-44.9676,0.2155,5.1421,-44.9676,-1.1676,-44.4753,26,1.0,0.575,1,0,2,0
2016+,G,100,7,2016-07-25,False,-0.5392,-71.9712,0.1011,-8.7683,-71.9712,16.9072,-17.5398,26,1.0,0.5685,3,0,2,0
2016+,G,100,8,2016-08-01,True,4.8043,-46.6095,0.3284,-2.6107,-46.6095,20.3185,-24.7362,26,1.0,0.5353,1,0,3,0
2016+,G,100,9,2016-08-08,False,11.4832,-32.5359,0.5701,5.0827,-32.5359,24.999,-21.933,26,1.0,0.6538,0,0,3,0
2016+,G,100,10,2016-08-16,False,7.0089,-65.9259,0.3931,2.0242,-65.9259,18.1137,-31.5225,25,1.0,0.68,0,0,4,0
2016+,G,100,11,2016-08-23,True,0.026,-65.5369,0.135,-6.7737,-65.5369,15.0969,-32.1815,25,1.0,0.68,0,0,2,0
2016+,G,100,12,2016-08-30,False,15.8789,-46.0613,0.7133,13.8238,-46.0613,21.9253,-30.3717,25,1.0,0.704,2,0,2,0
2016+,G,100,13,2016-09-07,False,18.7549,-37.4939,0.9202,15.5009,-37.4939,24.3879,-16.9134,25,1.0,0.555,1,0,2,0
2016+,G,100,14,2016-09-15,False,20.6916,-41.333,0.8916,21.9007,-41.2984,20.4495,-30.6904,25,1.0,0.6316,2,0,2,0
2016+,G,100,15,2016-09-22,True,24.3437,-38.8948,1.0678,26.4562,-38.8948,20.8064,-14.032,25,1.0,0.5548,2,0,2,0
2016+,G,100,16,2016-09-29,False,19.6655,-38.8272,0.8921,15.3618,-38.8272,27.1473,-14.7813,25,1.0,0.56,0,0,1,0
2016+,G,100,17,2016-10-06,False,21.1788,-71.0288,0.8584,19.1162,-71.0288,26.6137,-23.0102,25,1.0,0.6333,2,0,1,0
2016+,G,100,18,2016-10-17,False,12.1122,-57.7111,0.5672,8.7358,-57.7111,19.9224,-18.8123,25,1.0,0.56,0,0,0,0
2016+,G,100,19,2016-10-24,True,18.3068,-68.2399,0.7295,4.6962,-68.2399,46.1723,-23.1411,25,1.7778,0.7576,1,0,0,0
2016+,G,180,0,2016-06-03,True,18.7977,-44.5927,0.7739,16.5987,-44.5927,25.6117,-31.5805,15,1.8866,0.8,0,0,0,0
2016+,G,180,1,2016-06-10,False,14.1836,-46.6034,0.655,18.6994,-46.6034,7.8344,-37.074,15,1.0,0.7296,1,0,0,0
2016+,G,180,2,2016-06-17,False,13.5915,-57.0116,0.5906,9.4474,-57.0116,23.0095,-33.1627,15,1.9333,0.7956,1,0,0,0
2016+,G,180,3,2016-06-24,False,20.7745,-45.1683,0.8116,25.9268,-45.1683,13.8997,-28.4676,15,1.0,0.7199,3,0,0,0
2016+,G,180,4,2016-07-01,False,11.8908,-59.5746,0.5451,11.0035,-59.5746,15.643,-30.4121,15,1.0,0.5965,1,0,2,0
2016+,G,180,5,2016-07-11,False,3.8853,-50.554,0.2811,3.31,-50.554,4.8756,-32.0048,15,1.0,0.5888,2,0,2,0
2016+,G,180,6,2016-07-18,False,4.6444,-44.1166,0.3263,11.6589,-44.1166,-6.4389,-36.3907,14,1.0,0.3571,0,0,2,0
2016+,G,180,7,2016-07-25,True,5.4861,-54.7507,0.345,12.9352,-50.0515,-6.1995,-38.3512,14,1.0,0.5,0,0,1,0
2016+,G,180,8,2016-08-01,False,7.8855,-56.8094,0.4488,7.8314,-56.8094,7.9542,-26.5084,14,1.0,0.5714,0,0,2,0
2016+,G,180,9,2016-08-08,False,10.4216,-35.8694,0.5616,13.1586,-30.8094,5.8681,-35.8694,14,1.0,0.5635,1,0,2,0
2016+,G,180,10,2016-08-16,False,5.2643,-37.5798,0.3424,6.477,-37.5798,3.2161,-34.5691,14,1.0,0.5679,1,0,1,0
2016+,G,180,11,2016-08-23,False,15.3757,-33.4504,0.7431,11.4019,-30.9418,22.3955,-33.4504,14,1.0,0.5667,1,0,1,0
2016+,G,180,12,2016-08-30,False,11.7271,-34.7601,0.6313,11.9113,-28.812,11.38,-34.7601,14,1.0,0.4238,1,0,2,0
2016+,G,180,13,2016-09-07,False,5.4862,-35.8513,0.3483,6.0616,-34.1145,4.5067,-35.8513,14,1.0,0.5,0,0,1,0
2016+,G,180,14,2016-09-15,True,17.5907,-34.9769,0.8128,24.5579,-26.8952,8.1477,-34.9769,14,1.0,0.6429,0,0,2,0
2016+,G,180,15,2016-09-22,False,20.8091,-35.1519,0.8665,20.7833,-35.1519,21.3594,-29.9429,14,1.616,0.7714,1,0,1,0
2016+,G,180,16,2016-09-29,False,19.9339,-33.3513,0.8416,19.6669,-33.3513,20.6009,-32.799,14,1.0,0.6857,2,0,2,0
2016+,G,180,17,2016-10-06,False,29.1962,-31.4652,1.1388,37.2317,-31.4652,18.5715,-21.6158,14,1.0,0.7143,0,0,2,0
2016+,G,180,18,2016-10-17,False,16.9884,-28.8266,0.7546,18.0777,-28.0708,16.7259,-28.8266,14,1.0,0.6429,0,0,1,0
2016+,G,180,19,2016-10-24,False,19.8475,-44.4857,0.8233,19.5132,-44.4857,21.9372,-28.0737,14,1.0,0.7143,0,0,0,0
2016+,G,180,20,2016-11-01,False,25.115,-35.9738,1.0793,22.8232,-35.9738,30.5137,-24.3224,14,1.0,0.7143,0,0,1,0
2016+,G,180,21,2016-11-08,True,23.1683,-32.5421,1.1065,18.7221,-23.74,32.5585,-30.7323,14,1.0,0.6395,1,0,1,0
2016+,G,180,22,2016-11-16,False,9.2892,-47.9021,0.5337,1.3331,-47.9021,25.8449,-23.7579,14,1.0,0.5714,0,0,0,0
2016+,G,180,23,2016-11-23,False,19.5758,-41.614,0.8518,19.2912,-41.614,22.5079,-20.7679,14,1.0,0.5659,1,0,0,0
2016+,G,180,24,2016-11-30,False,6.2035,-64.582,0.4231,-8.056,-61.1562,37.0637,-21.1652,14,1.0,0.5,0,0,0,0
2016+,G,180,25,2016-12-07,False,8.2761,-37.6416,0.5257,1.0429,-37.3372,21.0773,-37.6416,14,1.0,0.4206,1,0,0,0
2016+,G,180,26,2016-12-14,False,16.3455,-54.5007,0.7054,16.4683,-54.5007,17.8849,-43.9204,14,1.0,0.6327,1,0,1,0
2016+,G,180,27,2016-12-21,False,6.0617,-66.4226,0.3682,-8.8395,-66.4226,35.3015,-26.5289,14,1.0,0.5714,0,0,1,0
2016+,G,180,28,2016-12-28,True,12.1481,-49.2879,0.6019,2.8562,-49.2879,28.7963,-24.8423,14,1.0,0.6429,0,0,1,0
2016+,G,180,29,2017-01-04,False,19.3886,-54.0176,0.8772,10.4522,-54.0176,37.2948,-18.7595,14,1.4474,0.7143,0,0,1,0
2016+,G,180,30,2017-01-11,False,32.8059,-41.2984,1.2125,29.7245,-41.2984,40.1188,-38.0699,14,1.3808,0.7857,0,0,2,0
2016+,G,180,31,2017-01-18,False,16.9455,-57.855,0.7099,11.698,-57.855,27.0159,-35.9614,14,1.2143,0.7812,1,0,2,0
2016+,G,180,32,2017-01-25,False,14.2317,-49.2192,0.7478,14.0638,-35.8659,14.4537,-49.2192,14,1.0,0.5655,1,0,1,0
2016+,G,180,33,2017-02-02,False,9.9961,-72.831,0.5013,0.6652,-72.831,28.2568,-43.7071,14,1.0,0.6429,0,0,1,0
2016+,G,180,34,2017-02-09,False,20.1921,-66.4634,0.8088,19.555,-66.4634,22.377,-51.695,14,1.0,0.7143,0,0,2,0
2016+,G,180,35,2017-02-16,True,11.569,-58.4159,0.5678,7.2698,-58.4159,20.0187,-31.7504,14,1.0,0.7095,1,0,1,0
2016+,G,250,0,2016-06-03,True,15.7235,-34.2529,0.7203,6.702,-34.2529,33.3975,-30.4121,11,1.0,0.7225,1,0,1,0
2016+,G,250,1,2016-06-10,False,10.9839,-32.5601,0.56,5.9137,-32.5601,20.4181,-30.7186,11,1.0,0.7233,1,0,0,0
2016+,G,250,2,2016-06-17,False,22.3408,-40.4206,0.8954,15.1373,-40.4206,37.7816,-37.2176,11,2.0,0.8182,0,0,4,0
2016+,G,250,3,2016-06-24,False,29.3882,-38.3715,1.0268,29.3246,-36.4615,30.0164,-38.3715,11,1.8,0.8,1,0,3,0
2016+,G,250,4,2016-07-01,False,16.7418,-52.0135,0.7448,6.096,-52.0135,38.0834,-27.3197,11,1.0,0.7212,1,0,2,0
2016+,G,250,5,2016-07-11,False,21.161,-36.7211,0.9046,23.6861,-36.7211,18.6641,-35.8694,11,1.0,0.7216,1,0,2,0
2016+,G,250,6,2016-07-18,False,17.1111,-46.656,0.743,12.9154,-46.656,26.3566,-34.5691,11,1.0,0.7227,1,0,2,0
2016+,G,250,7,2016-07-25,False,3.4496,-62.6388,0.2644,-1.273,-62.6388,13.5768,-33.4504,11,2.0,0.8052,2,0,1,0
2016+,G,250,8,2016-08-01,False,9.9845,-53.3076,0.5256,8.4127,-53.3076,14.1133,-34.7601,11,1.0,0.6364,0,0,2,0
2016+,G,250,9,2016-08-08,False,24.9556,-46.3415,0.9774,18.663,-37.638,38.2857,-35.8513,11,1.0,0.7273,0,0,1,0
2016+,G,250,10,2016-08-16,True,27.2993,-49.1291,1.0054,18.5181,-49.1291,46.2385,-34.9769,10,2.0,0.9,0,0,1,0
2016+,G,250,11,2016-08-23,False,10.2105,-56.246,0.5033,6.1287,-56.246,19.9436,-29.9429,10,2.0,0.8,0,0,1,0
2016+,G,250,12,2016-08-30,False,14.0067,-51.6372,0.6259,14.7505,-51.6372,15.1099,-42.6724,10,2.0,0.9,0,0,0,0
2016+,G,250,13,2016-09-07,False,5.2693,-70.8076,0.3299,-1.7821,-70.8076,18.3065,-32.3302,10,1.0,0.6808,2,0,0,0
2016+,G,250,14,2016-09-15,False,12.4833,-47.3018,0.6006,11.4941,-47.3018,15.8846,-39.9607,10,1.91,0.7933,1,0,1,0
2016+,G,250,15,2016-09-22,False,7.9419,-48.5605,0.4471,10.6236,-48.5605,3.5711,-38.8016,10,1.0,0.6,0,0,0,0
2016+,G,250,16,2016-09-29,False,2.972,-62.8388,0.2446,8.7414,-62.8388,-5.9969,-37.8327,10,1.0,0.6,0,0,1,0
2016+,G,250,17,2016-10-06,False,12.4285,-53.6638,0.631,11.867,-53.6638,15.1416,-18.7595,10,1.0,0.6,0,0,1,0
2016+,G,250,18,2016-10-17,False,19.4781,-46.6435,0.9843,10.1691,-46.6435,38.9381,-18.8123,10,1.0,0.5,0,0,1,0
2016+,G,250,19,2016-10-24,False,13.7924,-47.991,0.7035,7.6399,-47.991,25.9556,-18.8979,10,1.0,0.6,0,0,0,0
2016+,G,250,20,2016-11-01,True,17.2102,-66.3232,0.6864,22.5729,-66.3232,8.839,-20.5829,10,1.0,0.5,0,0,0,0
2016+,G,250,21,2016-11-08,False,15.462,-64.1599,0.7084,10.2886,-64.1599,26.1827,-31.0681,10,1.0,0.6,0,0,0,0
2016+,G,250,22,2016-11-16,False,13.349,-51.0694,0.6767,12.3097,-51.0694,16.2054,-38.3831,10,1.0,0.6,0,0,0,0
2016+,G,250,23,2016-11-23,False,17.4832,-46.5395,0.7878,13.3445,-46.5395,25.9641,-20.6916,10,1.0,0.6,0,0,0,0
2016+,G,250,24,2016-11-30,False,12.582,-52.3281,0.594,7.465,-52.3281,24.2596,-24.807,10,1.0,0.6,0,0,0,0
2016+,G,250,25,2016-12-07,False,15.0176,-40.8315,0.7193,18.8649,-40.8315,9.0042,-14.5744,10,1.0,0.5,0,0,0,0
2016+,G,250,26,2016-12-14,False,6.6685,-46.4928,0.4129,1.555,-46.4928,16.0318,-26.2204,10,1.0,0.5,0,0,0,0
2016+,G,250,27,2016-12-21,False,0.4224,-74.1915,0.1462,-1.2987,-74.1915,4.1791,-20.6864,10,1.0,0.4889,1,0,0,0
2016+,G,250,28,2016-12-28,False,11.5,-73.3074,0.5333,17.7934,-73.3074,2.8937,-22.7427,10,1.0,0.5,0,0,0,0
2016+,G,250,29,2017-01-04,True,2.8378,-72.073,0.2434,0.8966,-72.073,6.1871,-33.1214,10,1.0,0.7,0,0,0,0
2016+,G,250,30,2017-01-11,False,1.6309,-72.7693,0.1969,3.0771,-72.7693,0.5556,-20.8021,10,1.0,0.6,0,0,1,0
2016+,G,250,31,2017-01-18,False,-1.5884,-67.0305,0.0499,1.7059,-67.0305,-5.91,-32.4264,10,1.0,0.5841,2,0,1,0
2016+,G,250,32,2017-01-25,False,-0.0293,-67.7967,0.1099,4.5068,-67.7967,-6.8138,-31.2267,10,1.0,0.46,2,0,1,0
2016+,G,250,33,2017-02-02,False,11.3574,-47.9988,0.6384,24.0471,-47.9988,-6.1078,-33.2183,10,1.0,0.4,0,0,0,0
2016+,G,250,34,2017-02-09,False,1.7538,-33.6105,0.1922,2.8815,-33.6105,0.0,0.0,10,0.0,0.2,0,0,1,0
2016+,G,250,35,2017-02-16,False,7.6883,-23.9193,0.6563,12.883,-23.9193,0.0,0.0,10,0.0,0.2,0,0,1,0
2016+,G,250,36,2017-02-23,False,9.0448,-22.0362,0.726,15.2395,-22.0362,0.0,0.0,10,0.0,0.2,0,0,0,0
2016+,G,250,37,2017-03-03,False,9.992,-28.8216,0.6545,9.5626,-28.8216,10.633,-27.2867,10,1.0,0.4,0,0,0,0
2016+,G,250,38,2017-03-10,False,2.1095,-53.399,0.2087,0.3213,-53.399,6.7629,-25.2223,10,1.0,0.5,0,0,0,0
2016+,G,250,39,2017-03-20,True,20.5483,-62.2959,0.7833,11.2085,-62.2959,38.8334,-28.9949,10,1.5,0.8,0,0,0,0
2016+,G,250,40,2017-03-27,False,7.6289,-54.0199,0.4556,-0.6151,-54.0199,23.5018,-34.7678,10,1.0,0.6,0,0,1,0
2016+,G,250,41,2017-04-03,False,11.7638,-47.6294,0.6463,1.2344,-47.6294,31.9643,-30.0057,10,1.0,0.6,0,0,2,0
2016+,G,250,42,2017-04-11,False,27.2879,-33.4925,1.107,20.4502,-33.4925,41.1206,-31.6409,10,2.0,0.8,0,0,2,0
2016+,G,250,43,2017-04-19,False,28.5469,-34.3473,1.2672,18.6755,-21.9406,45.0665,-34.3473,10,1.0,0.7,0,0,2,0
2016+,G,250,44,2017-04-26,False,29.76,-32.1691,1.2603,25.2215,-22.5872,36.8575,-32.1691,10,1.3421,0.7857,1,0,2,0
2016+,G,250,45,2017-05-04,False,21.8712,-41.987,0.9067,17.3516,-41.987,28.9597,-32.69,10,1.4667,0.7933,1,0,2,0
2016+,G,250,46,2017-05-11,False,20.1917,-34.2689,0.8618,12.036,-34.2572,33.5383,-34.2689,10,1.5,0.8,0,0,2,0
2016+,G,250,47,2017-05-18,False,18.1788,-37.074,0.8256,13.4383,-29.137,25.6078,-37.074,10,1.0,0.6868,2,0,2,0
2016+,G,250,48,2017-05-25,False,20.7626,-33.1627,0.9682,11.9027,-24.2105,35.2688,-33.1627,10,1.0,0.5917,1,0,2,0
2016+,G,250,49,2017-06-01,True,20.6281,-28.6519,0.921,11.2807,-28.6519,35.9668,-28.4676,10,1.0,0.6941,1,0,2,0
2016+,B,30,0,2016-06-03,True,26.1048,-57.2343,0.9691,35.6202,-41.7675,13.5223,-57.2343,85,1.5253,0.9522,2,0,4,0
2016+,B,30,1,2016-06-10,True,16.0755,-55.681,0.6787,22.848,-49.0439,6.2901,-55.681,85,1.582,0.9525,1,0,3,0
2016+,B,30,2,2016-06-17,True,22.0036,-52.2053,0.8494,22.5119,-52.2053,21.9382,-39.6731,85,1.4667,0.9395,4,0,3,0
2016+,B,30,3,2016-06-24,True,24.5695,-41.7463,0.932,21.341,-41.7463,31.7928,-36.2354,85,1.5833,0.9499,7,0,2,0
2016+,B,30,4,2016-07-01,True,19.1877,-41.8146,0.7892,12.297,-41.8146,33.6482,-36.9547,85,1.5818,0.9389,4,0,3,0
2016+,B,30,5,2016-07-11,True,21.9369,-41.4733,0.8608,20.3622,-39.6888,26.3363,-41.4733,85,1.6,0.9622,6,0,3,0
2016+,B,60,0,2016-06-03,True,19.0577,-44.6732,0.7988,17.8967,-44.6732,23.9205,-35.1231,43,1.8959,0.952,2,0,4,0
2016+,B,60,1,2016-06-10,False,21.4906,-45.178,0.877,19.5404,-45.178,26.5431,-37.1486,43,1.8043,0.9297,1,0,3,0
2016+,B,60,2,2016-06-17,True,10.8636,-51.5432,0.5113,8.8971,-50.7342,16.1064,-51.5432,43,2.0,0.9743,3,0,3,0
2016+,B,60,3,2016-06-24,False,23.7082,-40.6833,0.9151,16.5842,-40.6833,39.2424,-36.5353,43,2.0,0.948,6,0,2,0
2016+,B,60,4,2016-07-01,True,20.2025,-42.388,0.8094,13.7536,-42.388,33.6949,-38.8879,43,2.0,0.9239,3,0,0,0
2016+,B,60,5,2016-07-11,False,24.7595,-41.1358,0.9453,25.5398,-41.1358,24.9476,-39.3751,43,2.0,0.9509,2,0,0,0
2016+,B,60,6,2016-07-18,False,33.5836,-41.4492,1.1483,39.8502,-37.9283,24.7861,-41.4492,42,1.9083,0.9514,1,0,4,0
2016+,B,60,7,2016-07-25,True,17.296,-48.4465,0.7055,21.2948,-48.4465,11.6139,-44.3297,42,2.0,0.974,2,0,3,0
2016+,B,60,8,2016-08-01,False,23.156,-45.1654,0.928,25.3463,-31.4594,20.2948,-45.1654,42,1.9626,0.903,2,0,3,0
2016+,B,60,9,2016-08-08,True,16.706,-67.0614,0.6932,14.3536,-67.0614,22.1537,-36.4387,42,1.8885,0.9509,2,0,3,0
2016+,B,60,10,2016-08-16,False,14.9876,-53.7526,0.6545,10.0516,-53.7526,25.3047,-33.6521,42,1.9898,0.9519,1,0,4,0
2016+,B,60,11,2016-08-23,True,19.7006,-43.8981,0.7949,12.7935,-43.8981,34.141,-35.818,42,1.9362,0.9738,3,0,3,0
2016+,B,90,0,2016-06-03,True,27.4892,-50.6576,1.0294,20.0026,-50.6576,45.0311,-28.8833,29,2.0,0.8966,0,0,2,0
2016+,B,90,1,2016-06-10,False,22.9024,-56.7156,0.9138,19.5875,-56.7156,30.5106,-30.2337,29,2.0,0.9303,1,0,2,0
2016+,B,90,2,2016-06-17,False,16.008,-55.2305,0.6864,13.2569,-55.2305,22.2151,-48.1729,29,2.0,0.8937,3,0,3,0
2016+,B,90,3,2016-06-24,True,25.1837,-36.7374,0.9987,21.9474,-36.7374,32.6695,-30.9103,29,1.9777,0.8921,4,0,3,0
2016+,B,90,4,2016-07-01,False,7.9691,-47.2599,0.4221,4.5057,-47.2599,15.901,-40.5648,29,1.9762,0.9303,1,0,1,0
2016+,B,90,5,2016-07-11,False,16.0319,-43.9209,0.6849,17.4446,-43.9209,15.3044,-41.8796,29,1.9551,0.9592,4,0,1,0
2016+,B,90,6,2016-07-18,False,26.3171,-38.8183,0.983,31.8802,-33.1038,19.1796,-38.8183,28,2.0,0.9643,0,0,2,0
2016+,B,90,7,2016-07-25,True,18.0171,-44.1648,0.768,24.9541,-34.2527,8.3335,-44.1648,28,1.9509,0.9256,2,0,2,0
2016+,B,90,8,2016-08-01,False,12.8278,-57.4748,0.5776,13.0615,-57.4748,14.1166,-40.6746,28,2.0,0.9978,1,0,2,0
2016+,B,90,9,2016-08-08,False,12.763,-56.9598,0.57,4.9737,-56.9598,29.3923,-36.5478,28,2.0,0.997,3,0,2,0
2016+,B,90,10,2016-08-16,True,19.7256,-40.7616,0.8137,11.5212,-40.7616,36.553,-35.8351,28,2.0,0.9993,1,0,3,0
2016+,B,90,11,2016-08-23,False,22.0546,-40.0368,0.8899,17.8902,-37.4939,31.0699,-40.0368,28,2.0,0.9633,1,0,3,0
2016+,B,90,12,2016-08-30,False,26.7046,-44.0555,1.0093,29.136,-44.0555,24.0563,-38.6347,28,2.0,0.9962,3,0,5,0
2016+,B,90,13,2016-09-07,False,14.0822,-51.1058,0.6154,11.2891,-51.1058,19.9106,-44.1563,28,2.0,0.9986,1,0,4,0
2016+,B,90,14,2016-09-15,True,23.9535,-37.619,0.979,19.5688,-32.8365,32.5686,-37.619,28,1.9232,0.9274,1,0,6,0
2016+,B,90,15,2016-09-22,False,9.5712,-78.9156,0.4688,0.3014,-78.9156,28.4677,-32.3769,28,1.9628,0.9613,1,0,5,0
2016+,B,90,16,2016-09-29,False,24.3157,-57.2366,0.9083,21.8209,-57.2366,30.0204,-30.7264,28,1.8247,0.8839,2,0,3,0
2016+,B,90,17,2016-10-06,True,23.5644,-53.2004,0.9064,19.0063,-53.2004,33.2566,-32.2239,28,2.0,0.9634,1,0,3,0
2016+,B,100,0,2016-06-03,True,18.0968,-54.2574,0.7354,10.7044,-54.2574,33.2012,-32.6219,26,2.0,0.9223,1,0,0,0
2016+,B,100,1,2016-06-10,False,13.993,-58.1378,0.6241,15.1559,-58.1378,13.2131,-43.1476,26,2.0,0.997,3,0,0,0
2016+,B,100,2,2016-06-17,False,15.5035,-51.8144,0.6651,12.9177,-51.8144,21.5179,-44.7958,26,2.0,0.9231,0,0,0,0
2016+,B,100,3,2016-06-24,False,17.9075,-56.636,0.7332,17.7856,-56.636,19.6742,-46.423,26,1.9491,0.9573,2,0,0,0
2016+,B,100,4,2016-07-01,True,13.7598,-48.2685,0.6229,12.2841,-48.2685,19.07,-39.7396,26,1.9875,0.9206,2,0,0,0
2016+,B,100,5,2016-07-11,False,18.247,-58.014,0.756,19.5215,-58.014,17.3674,-40.75,26,2.0,0.9231,0,0,0,0
2016+,B,100,6,2016-07-18,False,20.0105,-43.4571,0.8027,19.9966,-43.4571,20.8586,-39.4701,26,1.9898,0.9208,2,0,3,0
2016+,B,100,7,2016-07-25,False,7.4927,-47.3037,0.407,2.6233,-47.3037,17.5712,-38.0495,26,1.9563,0.9143,6,0,4,0
2016+,B,100,8,2016-08-01,True,19.5842,-32.3164,0.8559,15.818,-31.7762,27.609,-28.2167,26,1.8667,0.8449,1,0,5,0
2016+,B,100,9,2016-08-08,False,19.6947,-36.8226,0.861,16.9926,-35.9326,26.0347,-30.4993,26,2.0,0.8846,0,0,5,0
2016+,B,100,10,2016-08-16,False,15.9197,-56.5048,0.6719,11.1331,-56.5048,26.3135,-36.8414,25,2.0,0.96,0,0,6,0
2016+,B,100,11,2016-08-23,True,16.6963,-56.9598,0.6845,10.2534,-56.9598,30.3956,-32.9871,25,2.0,1.0,0,0,4,0
2016+,B,100,12,2016-08-30,False,27.8887,-40.6736,1.056,26.5545,-40.6736,32.2884,-29.9328,25,2.0,0.9884,3,0,5,0
2016+,B,100,13,2016-09-07,False,23.011,-40.7713,0.9193,20.234,-40.7713,29.4361,-36.1544,25,2.0,0.9564,1,0,5,0
2016+,B,100,14,2016-09-15,False,21.9792,-47.0785,0.885,16.5299,-47.0785,33.663,-38.4408,25,2.0,0.9966,2,0,5,0
2016+,B,100,15,2016-09-22,True,25.1777,-41.0363,0.9643,23.4656,-41.0363,30.0341,-32.5732,25,2.0,0.9984,1,0,5,0
2016+,B,100,16,2016-09-29,False,23.626,-46.6562,0.9488,24.9528,-36.023,22.7326,-46.6562,25,2.0,0.96,0,0,4,0
2016+,B,100,17,2016-10-06,False,19.0869,-69.9485,0.7639,16.7825,-69.9485,24.5622,-47.2216,25,2.0,0.9578,2,0,4,0
2016+,B,100,18,2016-10-17,False,23.2463,-63.0012,0.8766,18.8623,-63.0012,32.3326,-32.5888,25,1.9794,0.9992,1,0,2,0
2016+,B,100,19,2016-10-24,True,17.8935,-65.961,0.7468,6.6914,-65.961,40.1389,-32.3262,25,1.9725,0.9581,2,0,2,0
2016+,B,180,0,2016-06-03,True,15.7843,-60.0548,0.6885,7.6633,-60.0548,34.6068,-31.4512,15,2.0,0.9333,0,0,2,0
2016+,B,180,1,2016-06-10,False,17.679,-61.0186,0.7678,15.7181,-61.0186,23.1526,-36.0032,15,2.0,0.9319,1,0,2,0
2016+,B,180,2,2016-06-17,False,12.9342,-60.3338,0.5775,12.2714,-60.3338,15.9829,-43.7162,15,1.8347,0.9305,2,0,2,0
2016+,B,180,3,2016-06-24,False,26.4596,-44.7811,0.9854,23.7797,-44.7811,33.4809,-32.3784,15,1.95,0.926,3,0,2,0
2016+,B,180,4,2016-07-01,False,18.2477,-58.162,0.7208,19.9377,-58.162,17.4269,-32.6235,15,1.8944,0.9319,1,0,2,0
2016+,B,180,5,2016-07-11,False,16.3825,-60.3671,0.6934,18.226,-60.3671,15.6427,-33.2623,15,1.9722,0.926,2,0,2,0
2016+,B,180,6,2016-07-18,False,27.1514,-54.209,0.9641,34.3089,-54.209,17.5054,-35.7139,14,2.0,1.0,0,0,2,0
2016+,B,180,7,2016-07-25,True,14.9372,-57.025,0.6403,19.5306,-57.025,8.767,-37.7944,14,2.0,0.9964,1,0,1,0
2016+,B,180,8,2016-08-01,False,16.1557,-58.0333,0.6802,17.8603,-58.0333,14.6771,-33.8875,14,2.0,1.0,0,0,2,0
2016+,B,180,9,2016-08-08,False,22.4244,-41.2316,0.8637,24.5273,-41.2316,20.2195,-31.8729,14,1.9792,0.997,1,0,3,0
2016+,B,180,10,2016-08-16,False,22.9865,-41.2316,0.9121,18.4057,-41.2316,32.1892,-31.1963,14,2.0,0.9985,1,0,3,0
2016+,B,180,11,2016-08-23,False,26.7132,-44.833,1.0031,20.9137,-44.833,38.4378,-30.7549,14,2.0,0.9981,1,0,2,0
2016+,B,180,12,2016-08-30,False,28.9574,-41.2316,1.0947,27.2745,-41.2316,32.4616,-32.2599,14,2.0,0.9954,2,0,3,0
2016+,B,180,13,2016-09-07,False,13.5702,-64.176,0.5963,7.2451,-64.176,25.792,-36.5903,14,2.0,1.0,0,0,2,0
2016+,B,180,14,2016-09-15,True,23.0086,-45.8672,0.9146,18.2264,-45.8672,32.8792,-33.9276,14,2.0,1.0,0,0,3,0
2016+,B,180,15,2016-09-22,False,25.2841,-35.4838,1.0423,20.9356,-35.4838,33.5518,-30.2655,14,1.8531,0.9226,1,0,2,0
2016+,B,180,16,2016-09-29,False,29.5249,-32.9078,1.187,24.6018,-32.9078,38.6462,-30.948,14,1.875,0.8393,2,0,2,0
2016+,B,180,17,2016-10-06,False,28.7597,-44.4457,1.025,30.033,-44.4457,27.6176,-30.0022,14,2.0,1.0,0,0,2,0
2016+,B,180,18,2016-10-17,False,28.3167,-33.4579,1.0979,24.7069,-33.4579,35.4262,-31.9758,14,1.8509,0.8571,0,0,1,0
2016+,B,180,19,2016-10-24,False,21.3974,-47.0184,0.8557,18.0994,-47.0184,28.2743,-32.9216,14,1.9149,0.9286,0,0,0,0
2016+,B,180,20,2016-11-01,False,23.3752,-34.3521,1.0078,21.9849,-30.0154,26.9657,-34.3521,14,1.8693,0.8543,1,0,1,0
2016+,B,180,21,2016-11-08,True,25.0518,-34.8733,1.1209,21.9901,-25.6706,31.8787,-34.8733,14,1.7937,0.8571,0,0,1,0
2016+,B,180,22,2016-11-16,False,16.7863,-53.4017,0.7604,11.6016,-53.4017,27.5688,-35.1425,14,1.9663,0.9286,0,0,2,0
2016+,B,180,23,2016-11-23,False,19.7621,-44.5579,0.8006,21.3694,-44.5579,18.9038,-39.7918,14,2.0,0.9947,2,0,2,0
2016+,B,180,24,2016-11-30,False,16.5828,-50.0252,0.7606,11.6274,-50.0252,27.1696,-38.5431,14,2.0,0.9286,0,0,3,0
2016+,B,180,25,2016-12-07,False,17.3948,-43.2078,0.8124,12.4497,-43.2078,27.4586,-41.0662,14,1.8399,0.8547,1,0,3,0
2016+,B,180,26,2016-12-14,False,19.505,-58.495,0.7808,17.6077,-58.495,24.4534,-40.6376,14,1.9687,0.9955,1,0,3,0
2016+,B,180,27,2016-12-21,False,16.5639,-53.4239,0.6851,2.5697,-53.4239,45.3977,-36.4994,14,1.9808,0.997,2,0,3,0
2016+,B,180,28,2016-12-28,True,25.771,-40.8531,0.9836,17.5836,-40.8531,41.5955,-35.5073,14,1.96,1.0,0,0,3,0
2016+,B,180,29,2017-01-04,False,19.4375,-49.5428,0.8398,14.2188,-49.5428,29.8847,-40.0573,14,1.9184,0.9286,0,0,3,0
2016+,B,180,30,2017-01-11,False,26.9192,-43.9527,1.016,25.4257,-43.9527,30.7717,-38.9689,14,1.9781,0.9971,1,0,4,0
2016+,B,180,31,2017-01-18,False,16.356,-52.3417,0.6853,15.9372,-52.3417,17.9614,-45.9886,14,2.0,0.9971,1,0,4,0
2016+,B,180,32,2017-01-25,False,19.5621,-42.9851,0.8764,13.673,-41.5827,30.4009,-42.9851,14,1.8867,0.8548,1,0,4,0
2016+,B,180,33,2017-02-02,False,10.9566,-81.4717,0.5072,2.0102,-81.4717,28.0954,-37.2585,14,2.0,1.0,0,0,4,0
2016+,B,180,34,2017-02-09,False,19.1749,-69.3544,0.754,16.075,-69.3544,25.6092,-38.7578,14,2.0,0.9286,0,0,3,0
2016+,B,180,35,2017-02-16,True,11.4005,-65.2757,0.5501,2.2646,-65.2757,29.0903,-36.457,14,1.9069,0.9267,1,0,2,0
2016+,B,250,0,2016-06-03,True,19.1705,-53.394,0.7683,8.1129,-53.394,42.0823,-32.6235,11,1.9075,0.9981,1,0,1,0
2016+,B,250,1,2016-06-10,False,16.5211,-46.5583,0.707,8.3643,-46.5583,33.0437,-33.2623,11,2.0,0.9983,1,0,0,0
2016+,B,250,2,2016-06-17,False,17.5592,-55.2427,0.7202,10.1131,-55.2427,33.2049,-37.3458,11,2.0,1.0,0,0,4,0
2016+,B,250,3,2016-06-24,False,24.9852,-52.5634,0.9283,22.1361,-52.5634,30.7227,-37.9125,11,2.0,0.9924,1,0,3,0
2016+,B,250,4,2016-07-01,False,14.1526,-64.8,0.6314,2.6305,-64.8,37.82,-33.277,11,2.0,0.998,1,0,3,0
2016+,B,250,5,2016-07-11,False,18.7394,-57.5423,0.7713,17.1346,-57.5423,22.5066,-39.6685,11,2.0,0.9964,1,0,3,0
2016+,B,250,6,2016-07-18,False,17.6134,-67.854,0.718,13.0783,-67.854,26.7319,-41.6045,11,2.0,0.9981,1,0,3,0
2016+,B,250,7,2016-07-25,False,2.338,-78.0284,0.233,-5.0979,-78.0284,17.6848,-40.8554,11,2.0,0.9921,2,0,2,0
2016+,B,250,8,2016-08-01,False,11.2195,-64.1966,0.534,9.6937,-64.1966,15.0663,-33.1867,11,2.0,1.0,0,0,2,0
2016+,B,250,9,2016-08-08,False,26.1975,-43.4566,1.0503,16.543,-43.4566,46.3862,-31.5959,11,2.0,0.9091,0,0,1,0
2016+,B,250,10,2016-08-16,True,29.5345,-50.8178,1.144,18.6393,-50.8178,52.5159,-31.0821,10,1.9412,0.9,0,0,1,0
2016+,B,250,11,2016-08-23,False,9.6999,-66.7517,0.4656,7.9025,-66.7517,14.5005,-42.5493,10,2.0,1.0,0,0,1,0
2016+,B,250,12,2016-08-30,False,13.5101,-43.0527,0.6462,14.6791,-43.0527,13.4071,-38.2563,10,1.9431,0.9,0,0,0,0
2016+,B,250,13,2016-09-07,False,16.3126,-66.4258,0.6827,8.7201,-66.4258,31.984,-39.2254,10,1.914,0.9882,2,0,0,0
2016+,B,250,14,2016-09-15,False,15.3719,-43.4924,0.7374,13.6989,-43.4924,20.0063,-39.8649,10,1.9518,0.8975,1,0,1,0
2016+,B,250,15,2016-09-22,False,14.7326,-46.4668,0.6864,11.6695,-46.4668,21.8977,-40.3278,10,1.9071,0.9,0,0,0,0
2016+,B,250,16,2016-09-29,False,16.2777,-57.0283,0.7102,10.8952,-57.0283,27.2165,-36.2422,10,2.0,1.0,0,0,1,0
2016+,B,250,17,2016-10-06,False,25.5858,-42.8331,0.9969,22.9239,-42.8331,31.752,-32.3959,10,1.8871,0.995,1,0,1,0
2016+,B,250,18,2016-10-17,False,20.6168,-46.5863,0.9559,16.0553,-46.5863,30.0187,-33.3618,10,1.375,0.8,0,0,1,0
2016+,B,250,19,2016-10-24,False,13.967,-48.1365,0.6829,10.2244,-48.1365,21.4007,-37.3003,10,1.895,0.8976,1,0,1,0
2016+,B,250,20,2016-11-01,True,23.9766,-58.2111,0.8305,25.6569,-58.2111,22.0721,-39.345,10,2.0,1.0,0,0,1,0
2016+,B,250,21,2016-11-08,False,27.6344,-63.5649,1.0021,26.02,-63.5649,31.7142,-33.8124,10,2.0,1.0,0,0,0,0
2016+,B,250,22,2016-11-16,False,28.8827,-53.956,1.0656,37.4246,-53.956,17.3178,-43.7048,10,2.0,0.996,1,0,1,0
2016+,B,250,23,2016-11-23,False,26.7288,-49.2944,0.9969,35.0586,-49.2944,15.718,-38.2204,10,2.0,1.0,0,0,1,0
2016+,B,250,24,2016-11-30,False,21.8832,-55.4641,0.8475,23.336,-55.4641,22.3108,-40.0604,10,2.0,1.0,0,0,0,0
2016+,B,250,25,2016-12-07,False,29.4839,-47.0601,1.065,39.8921,-47.0601,15.4016,-45.5995,10,2.0,1.0,0,0,0,0
2016+,B,250,26,2016-12-14,False,13.7945,-49.2305,0.7027,14.8293,-35.9326,12.9744,-49.2305,10,1.7048,0.796,1,0,1,0
2016+,B,250,27,2016-12-21,False,8.6669,-76.2422,0.4429,4.8418,-76.2422,15.6986,-50.6685,10,1.9815,0.8966,1,0,1,0
2016+,B,250,28,2016-12-28,False,27.5291,-66.0115,0.9851,27.1546,-66.0115,28.813,-34.2369,10,2.0,0.9,0,0,1,0
2016+,B,250,29,2017-01-04,True,10.5471,-64.3899,0.5299,3.9889,-64.3899,22.5034,-36.519,10,2.0,0.9,0,0,1,0
2016+,B,250,30,2017-01-11,False,8.2703,-71.1389,0.4337,4.4466,-71.1389,15.8013,-30.9472,10,2.0,0.9,0,0,2,0
2016+,B,250,31,2017-01-18,False,14.0353,-46.4427,0.6303,11.4513,-46.4427,19.0589,-32.8471,10,1.9805,0.994,2,0,4,0
2016+,B,250,32,2017-01-25,False,19.5907,-45.5262,0.8078,19.6479,-45.5262,21.3117,-26.8973,10,2.0,0.975,2,0,5,0
2016+,B,250,33,2017-02-02,False,17.8062,-53.2146,0.787,20.0979,-53.2146,16.424,-28.032,10,2.0,0.9,0,0,5,0
2016+,B,250,34,2017-02-09,False,18.103,-43.9122,0.7555,16.9848,-43.9122,21.8875,-25.4791,10,2.0,0.996,1,0,6,0
2016+,B,250,35,2017-02-16,False,27.2423,-41.0785,1.0404,29.7359,-41.0785,25.4282,-29.3658,10,2.0,1.0,0,0,5,0
2016+,B,250,36,2017-02-23,False,31.3694,-35.3262,1.1151,38.2318,-35.3262,23.0584,-28.1088,10,2.0,1.0,0,0,5,0
2016+,B,250,37,2017-03-03,False,19.2468,-35.4627,0.8824,16.1841,-35.4627,25.9998,-24.7781,10,1.9792,0.8958,2,0,5,0
2016+,B,250,38,2017-03-10,False,23.2778,-52.397,0.9248,19.2317,-52.397,31.7779,-26.492,10,2.0,1.0,0,0,3,0
2016+,B,250,39,2017-03-20,True,18.5492,-64.951,0.7313,12.3081,-64.951,30.8352,-27.5345,10,2.0,1.0,0,0,3,0
2016+,B,250,40,2017-03-27,False,26.7585,-33.8109,1.0895,28.2804,-33.8109,26.4614,-28.882,10,1.9524,0.9,0,0,3,0
2016+,B,250,41,2017-04-03,False,18.0205,-65.8552,0.7176,15.2435,-65.8552,24.5028,-29.2262,10,2.0,1.0,0,0,3,0
2016+,B,250,42,2017-04-11,False,36.5559,-32.3969,1.3868,35.8513,-32.3969,40.0342,-32.0415,10,1.8504,0.9,0,0,3,0
2016+,B,250,43,2017-04-19,False,32.7282,-32.4565,1.3035,30.9602,-32.4565,38.2583,-32.011,10,1.834,0.9,0,0,3,0
2016+,B,250,44,2017-04-26,False,31.1076,-34.3471,1.3048,24.202,-29.0324,44.5339,-34.3471,10,1.7674,0.8938,1,0,2,0
2016+,B,250,45,2017-05-04,False,26.7609,-39.4276,1.1066,17.5367,-39.4276,43.7907,-33.2572,10,1.9,0.9,0,0,2,0
2016+,B,250,46,2017-05-11,False,23.2912,-40.365,1.0151,13.3534,-40.365,41.6137,-31.4443,10,1.8089,0.9,0,0,2,0
2016+,B,250,47,2017-05-18,False,16.9468,-36.0032,0.7992,7.8758,-35.5981,33.4821,-36.0032,10,1.8092,0.8928,2,0,2,0
2016+,B,250,48,2017-05-25,False,22.4491,-38.1061,0.9697,11.7015,-38.1061,41.5539,-33.7148,10,1.8061,0.8946,2,0,2,0
2016+,B,250,49,2017-06-01,True,24.1479,-32.8849,1.0628,11.8758,-32.8849,46.3049,-32.3784,10,1.777,0.8977,1,0,2,0
2016+,H,30,0,2016-06-03,True,14.8875,-60.4515,0.61,17.5714,-60.2426,13.4997,-53.1187,85,1.61,0.9529,0,0,1,0
2016+,H,30,1,2016-06-10,True,29.0502,-60.8302,0.9931,38.9619,-56.2781,15.0446,-49.6959,85,1.6032,0.9616,4,0,1,0
2016+,H,30,2,2016-06-17,True,10.995,-69.5795,0.4977,11.3931,-69.5795,11.3466,-59.6226,85,1.6364,0.9586,5,0,1,0
2016+,H,30,3,2016-06-24,True,3.347,-62.9983,0.2651,3.1292,-62.5299,4.7542,-62.9983,85,1.6364,0.9631,2,0,0,0
2016+,H,30,4,2016-07-01,True,17.0894,-51.2343,0.6665,13.8915,-50.8556,23.8183,-49.9774,85,1.6,0.9209,6,0,1,0
2016+,H,30,5,2016-07-11,True,9.1309,-52.6003,0.4418,7.3039,-49.0843,13.8971,-52.6003,85,1.6667,0.9571,6,1,0,0
2016+,H,60,0,2016-06-03,True,26.0255,-60.1649,0.9171,25.2851,-58.1199,30.9702,-35.2498,43,2.0,0.9535,0,0,1,0
2016+,H,60,1,2016-06-10,False,32.6277,-54.0214,1.0692,40.4811,-54.0214,22.418,-32.531,43,2.0,0.9729,2,0,1,0
2016+,H,60,2,2016-06-17,True,10.2367,-68.6268,0.4735,11.1727,-68.6268,10.1976,-53.2048,43,2.0,0.969,3,0,1,0
2016+,H,60,3,2016-06-24,False,6.5071,-77.4925,0.361,5.4274,-77.4925,10.6748,-50.5753,43,2.0,0.9981,1,0,0,0
2016+,H,60,4,2016-07-01,True,17.0748,-50.2417,0.6683,16.7363,-50.2417,19.1378,-50.0427,43,1.875,0.907,5,0,0,0
2016+,H,60,5,2016-07-11,False,15.6444,-51.5324,0.638,14.9879,-51.5324,17.8211,-47.1361,43,1.9444,0.9471,3,0,0,0
2016+,H,60,6,2016-07-18,False,22.8052,-63.7804,0.8458,21.8938,-63.7804,26.2444,-45.5,42,2.0,0.9524,0,0,1,0
2016+,H,60,7,2016-07-25,True,34.2164,-43.0596,1.1478,37.5852,-42.1166,29.6472,-43.0596,42,1.8787,0.946,3,0,1,0
2016+,H,60,8,2016-08-01,False,19.6507,-62.0806,0.7481,22.1862,-62.0806,16.4947,-56.4038,42,1.9615,0.9479,2,0,1,0
2016+,H,60,9,2016-08-08,True,12.086,-63.408,0.5344,15.1209,-51.9421,8.1202,-63.408,42,1.9412,0.9273,1,0,1,0
2016+,H,60,10,2016-08-16,False,18.5344,-52.4014,0.7334,19.1632,-52.4014,18.3881,-44.7125,42,1.9565,0.9214,3,0,1,0
2016+,H,60,11,2016-08-23,True,16.2184,-54.8904,0.6477,13.1895,-54.8904,23.1827,-32.0544,42,1.974,0.9661,3,1,0,0
2016+,H,90,0,2016-06-03,True,28.637,-66.1935,0.9478,27.6425,-66.1935,34.1156,-43.4621,29,2.0,0.9655,0,0,0,0
2016+,H,90,1,2016-06-10,False,40.048,-48.499,1.2826,55.8215,-36.4658,18.6557,-48.499,29,2.0,0.9632,1,0,0,0
2016+,H,90,2,2016-06-17,False,29.6861,-59.3583,1.0465,45.303,-50.2325,7.3959,-59.3583,29,1.875,0.8838,3,0,0,0
2016+,H,90,3,2016-06-24,True,26.287,-55.5509,0.9163,37.3667,-55.5509,11.3125,-49.305,29,2.0,0.9608,2,0,0,0
2016+,H,90,4,2016-07-01,False,17.471,-55.2648,0.7245,24.5489,-55.2648,8.2854,-48.3277,29,1.9082,0.9017,4,0,0,0
2016+,H,90,5,2016-07-11,False,16.0005,-56.9055,0.6686,22.4245,-56.9055,7.5829,-53.8332,29,1.9091,0.9164,4,0,0,0
2016+,H,90,6,2016-07-18,False,25.9371,-59.9709,0.9491,30.2152,-59.9709,20.8384,-41.5163,28,2.0,0.9286,0,0,1,0
2016+,H,90,7,2016-07-25,True,31.6428,-55.9962,1.047,38.2041,-55.9962,23.2543,-36.8637,28,2.0,0.9172,3,0,1,0
2016+,H,90,8,2016-08-01,False,14.4619,-76.6442,0.5986,12.401,-76.6442,19.7812,-44.057,28,2.0,0.9973,1,0,2,0
2016+,H,90,9,2016-08-08,False,15.109,-60.3124,0.6096,18.0416,-59.6312,12.5417,-60.3124,28,2.0,0.9643,0,0,2,0
2016+,H,90,10,2016-08-16,True,14.1105,-60.7789,0.6085,4.664,-60.7789,33.858,-37.3093,28,1.9003,0.9161,3,0,2,0
2016+,H,90,11,2016-08-23,False,17.1455,-58.5424,0.6782,10.0104,-58.5424,31.4779,-33.9297,28,2.0,0.9564,1,1,2,0
2016+,H,90,12,2016-08-30,False,12.2949,-75.241,0.547,2.1562,-75.241,33.7912,-39.2168,28,2.0,0.9643,0,0,2,0
2016+,H,90,13,2016-09-07,False,20.4337,-58.9019,0.7609,16.467,-58.9019,28.49,-39.0732,28,2.0,0.9982,1,0,2,0
2016+,H,90,14,2016-09-15,True,12.1256,-70.5046,0.5264,4.0069,-70.5046,28.4196,-40.5742,28,2.0,0.9973,1,0,2,0
2016+,H,90,15,2016-09-22,False,17.2032,-56.4244,0.6805,11.3091,-56.4244,29.0021,-40.396,28,2.0,0.9643,0,0,1,0
2016+,H,90,16,2016-09-29,False,23.8685,-53.925,0.8477,22.3366,-50.5867,27.44,-53.925,28,1.9545,0.9253,1,0,2,0
2016+,H,90,17,2016-10-06,True,19.1534,-47.8766,0.7154,12.4744,-47.251,32.9222,-41.7708,28,2.0,0.998,1,0,0,0
2016+,H,100,0,2016-06-03,True,22.3137,-70.5152,0.8016,19.8065,-70.5152,28.0086,-36.735,26,1.9333,0.9904,1,0,0,0
2016+,H,100,1,2016-06-10,False,18.7221,-69.9878,0.7162,23.5342,-69.9878,11.7928,-53.7176,26,2.0,0.9544,3,0,0,0
2016+,H,100,2,2016-06-17,False,16.2697,-78.7554,0.6642,17.9479,-78.7554,14.2876,-42.5393,26,1.9,0.9462,3,0,0,0
2016+,H,100,3,2016-06-24,False,15.4197,-76.1235,0.6198,16.7951,-76.1235,14.5889,-49.5234,26,2.0,0.9945,1,0,0,0
2016+,H,100,4,2016-07-01,True,19.5521,-73.046,0.7242,21.371,-73.046,19.801,-47.4404,26,1.9545,0.9615,0,0,0,0
2016+,H,100,5,2016-07-11,False,25.0335,-48.2072,0.8471,35.161,-48.2072,11.1076,-42.646,26,2.0,1.0,0,0,1,0
2016+,H,100,6,2016-07-18,False,16.7387,-64.9501,0.6751,15.3747,-64.9501,20.1981,-47.4017,26,2.0,0.9615,0,0,3,0
2016+,H,100,7,2016-07-25,False,17.0661,-50.2157,0.6729,17.4877,-50.2157,17.6156,-39.2044,26,2.0,0.9519,3,0,3,0
2016+,H,100,8,2016-08-01,True,14.0907,-40.2912,0.6545,13.1674,-38.6089,16.8906,-40.2912,26,1.8345,0.8355,2,0,4,0
2016+,H,100,9,2016-08-08,False,21.5322,-46.1325,0.8191,23.8618,-46.1325,20.0681,-38.0148,26,2.0,0.9231,0,0,2,0
2016+,H,100,10,2016-08-16,False,20.3599,-43.9173,0.7953,23.9494,-43.9173,16.8082,-41.7063,25,2.0,0.9087,3,0,2,0
2016+,H,100,11,2016-08-23,True,15.4669,-48.2438,0.6474,12.667,-48.2438,22.5471,-41.8566,25,2.0,0.92,0,0,1,0
2016+,H,100,12,2016-08-30,False,14.5711,-51.4628,0.6147,10.6981,-51.4628,23.4583,-46.8517,25,1.9622,0.9536,2,0,1,0
2016+,H,100,13,2016-09-07,False,22.6091,-59.394,0.8679,24.9432,-46.814,20.9221,-59.394,25,2.0,0.916,1,0,1,0
2016+,H,100,14,2016-09-15,False,19.8667,-60.138,0.7726,11.9331,-60.138,36.4022,-44.7506,25,2.0,0.9503,2,0,2,0
2016+,H,100,15,2016-09-22,True,32.5135,-45.1977,1.0792,30.6873,-45.1977,38.3706,-34.8152,25,2.0,0.9878,3,0,2,0
2016+,H,100,16,2016-09-29,False,26.1828,-65.5331,0.8966,24.8101,-65.5331,30.0892,-52.1209,25,2.0,0.94,2,0,1,0
2016+,H,100,17,2016-10-06,False,21.6707,-61.0855,0.8037,18.0126,-61.0855,29.1277,-51.2103,25,2.0,0.9516,2,0,1,0
2016+,H,100,18,2016-10-17,False,20.5162,-64.9238,0.7573,10.9083,-64.9238,40.3693,-33.7898,25,2.0,0.96,0,0,0,0
2016+,H,100,19,2016-10-24,True,28.3259,-63.6299,0.9696,22.4781,-63.6299,39.7294,-33.1653,25,2.0,0.9969,0,1,0,0
2016+,H,180,0,2016-06-03,True,32.1089,-52.6132,1.0183,30.6409,-52.6132,38.5528,-31.8642,15,2.0,1.0,0,0,0,0
2016+,H,180,1,2016-06-10,False,23.1921,-49.2935,0.8481,25.7726,-49.2935,21.5915,-38.5888,15,2.0,0.9956,1,0,0,0
2016+,H,180,2,2016-06-17,False,15.0989,-60.5962,0.6403,18.3506,-60.5962,11.2074,-42.868,15,1.8395,0.9162,2,0,0,0
2016+,H,180,3,2016-06-24,False,24.7539,-61.8806,0.863,23.5183,-61.8806,28.639,-39.3395,15,2.0,0.9889,2,0,1,0
2016+,H,180,4,2016-07-01,False,14.9208,-64.4033,0.6548,12.2496,-64.4033,21.4402,-38.2863,15,1.8,0.8833,3,0,2,0
2016+,H,180,5,2016-07-11,False,17.5653,-56.6029,0.7211,16.3968,-56.6029,21.0918,-51.9076,15,1.9444,0.9245,2,0,1,0
2016+,H,180,6,2016-07-18,False,24.2618,-57.3086,0.8977,24.8049,-54.8626,24.9423,-32.6224,14,1.9496,0.9143,1,0,1,0
2016+,H,180,7,2016-07-25,True,22.8453,-46.4012,0.8419,23.1335,-46.4012,23.6488,-45.3612,14,1.9383,0.9129,2,0,1,0
2016+,H,180,8,2016-08-01,False,12.1351,-80.5801,0.5315,11.1458,-80.5801,15.033,-52.5567,14,2.0,1.0,0,0,2,0
2016+,H,180,9,2016-08-08,False,20.9996,-62.6484,0.7764,29.8052,-37.2474,8.6378,-62.6484,14,2.0,0.9286,0,0,2,0
2016+,H,180,10,2016-08-16,False,15.4599,-42.0711,0.6679,12.5613,-38.4186,22.1801,-28.8765,14,2.0,0.9214,1,0,0,0
2016+,H,180,11,2016-08-23,False,12.0632,-71.2716,0.5241,2.3894,-71.2716,31.9085,-30.0673,14,2.0,0.9945,0,1,2,0
2016+,H,180,12,2016-08-30,False,5.8801,-79.1849,0.3481,-6.4789,-79.1849,31.6754,-31.6302,14,2.0,0.9286,0,0,2,0
2016+,H,180,13,2016-09-07,False,14.7189,-80.6104,0.5956,3.9118,-80.6104,36.0569,-34.2614,14,2.0,1.0,0,0,2,0
2016+,H,180,14,2016-09-15,True,-1.9644,-92.3066,0.1203,-14.6644,-92.3066,24.762,-38.1169,14,2.0,1.0,0,0,2,0
2016+,H,180,15,2016-09-22,False,9.0711,-81.3603,0.4348,1.1404,-81.3603,24.3273,-40.119,14,2.0,1.0,0,0,1,0
2016+,H,180,16,2016-09-29,False,3.4821,-91.7751,0.2827,-8.1499,-91.7751,26.7825,-38.9432,14,2.0,0.9286,0,0,2,0
2016+,H,180,17,2016-10-06,False,24.4662,-64.176,0.8169,21.6668,-64.176,29.7738,-32.5244,14,2.0,1.0,0,0,2,0
2016+,H,180,18,2016-10-17,False,11.0916,-90.9759,0.4818,-3.3599,-90.9759,41.2253,-32.1673,14,1.9231,0.9286,0,0,2,0
2016+,H,180,19,2016-10-24,False,37.0544,-55.6429,1.2194,35.2064,-55.6429,41.6275,-30.2956,14,2.0,0.9286,0,0,0,0
2016+,H,180,20,2016-11-01,False,43.5649,-34.5603,1.4322,50.937,-31.6061,33.4891,-34.5603,14,1.8516,0.8492,1,0,0,0
2016+,H,180,21,2016-11-08,True,37.1783,-40.9745,1.2225,40.3027,-40.9745,34.8667,-33.6946,14,1.8201,0.9248,1,0,0,0
2016+,H,180,22,2016-11-16,False,31.9659,-43.0858,1.124,36.2691,-43.0858,27.7255,-35.8603,14,1.9065,0.9214,1,0,0,0
2016+,H,180,23,2016-11-23,False,18.9071,-52.9014,0.7677,20.5692,-52.9014,18.3308,-36.3232,14,1.7833,0.9078,2,0,0,0
2016+,H,180,24,2016-11-30,False,18.9522,-54.1158,0.7726,15.9465,-53.345,26.0546,-44.2459,14,2.0,0.9286,0,0,0,0
2016+,H,180,25,2016-12-07,False,29.7054,-60.1802,1.0102,32.7567,-60.1802,27.1524,-38.6005,14,1.8833,0.9214,1,0,1,0
2016+,H,180,26,2016-12-14,False,25.2318,-60.3633,0.9142,17.4646,-60.3633,40.8331,-33.9465,14,2.0,0.9945,1,0,1,0
2016+,H,180,27,2016-12-21,False,28.3589,-50.9437,0.9974,19.0196,-50.9437,47.895,-31.3248,14,2.0,1.0,0,0,2,0
2016+,H,180,28,2016-12-28,True,25.6045,-50.7835,0.9751,14.0839,-50.7835,48.3698,-35.5342,14,1.8432,0.9107,2,0,2,0
2016+,H,180,29,2017-01-04,False,28.9311,-44.6688,1.0568,16.8798,-44.6688,52.1233,-31.6521,14,1.9545,0.9184,1,0,1,0
2016+,H,180,30,2017-01-11,False,28.2609,-62.9825,1.0008,13.9586,-62.9825,57.1471,-31.5577,14,2.0,1.0,0,0,1,0
2016+,H,180,31,2017-01-18,False,28.9839,-42.9827,1.0398,26.7189,-42.9827,33.7422,-35.4411,14,2.0,0.9964,1,0,1,0
2016+,H,180,32,2017-01-25,False,23.9362,-53.9304,0.9083,16.1628,-53.9304,38.5797,-35.653,14,1.9659,0.9945,1,0,1,0
2016+,H,180,33,2017-02-02,False,27.1828,-56.4271,1.0297,19.485,-56.4271,41.6537,-32.3008,14,2.0,0.9286,0,0,0,0
2016+,H,180,34,2017-02-09,False,27.6982,-59.259,1.051,22.1457,-59.259,37.9844,-39.8651,14,1.8008,0.9149,2,0,1,0
2016+,H,180,35,2017-02-16,True,28.2254,-48.6139,0.9653,16.4042,-48.6139,51.1858,-29.9992,14,2.0,0.996,1,0,0,0
2016+,H,250,0,2016-06-03,True,20.6807,-39.374,0.8282,14.7865,-36.3718,32.7854,-34.992,11,2.0,0.9091,0,0,1,0
2016+,H,250,1,2016-06-10,False,17.1711,-42.0116,0.7605,8.8837,-42.0116,33.7259,-34.5436,11,1.9444,0.904,1,0,0,0
2016+,H,250,2,2016-06-17,False,16.9947,-64.1041,0.706,9.196,-64.1041,32.9564,-31.8114,11,2.0,0.9864,2,0,2,0
2016+,H,250,3,2016-06-24,False,31.0183,-46.1716,1.1605,35.3196,-32.2732,24.3399,-46.1716,11,2.0,0.9091,0,0,1,0
2016+,H,250,4,2016-07-01,False,24.2049,-46.6515,0.9875,20.2474,-46.6515,31.8336,-45.2436,11,1.8333,0.8939,1,0,1,0
2016+,H,250,5,2016-07-11,False,21.15,-76.1288,0.7611,23.5067,-76.1288,17.647,-40.6708,11,2.0,0.9955,1,0,1,0
2016+,H,250,6,2016-07-18,False,25.7313,-72.9301,0.885,26.4321,-72.9301,25.6245,-43.9214,11,2.0,0.9545,2,0,1,0
2016+,H,250,7,2016-07-25,False,22.8766,-71.4508,0.7946,24.895,-71.4508,20.7717,-48.1251,11,2.0,0.9848,2,0,2,0
2016+,H,250,8,2016-08-01,False,20.5567,-70.4877,0.769,8.683,-70.4877,45.4629,-31.6302,11,2.0,0.9818,1,0,2,0
2016+,H,250,9,2016-08-08,False,35.4426,-69.6449,1.0837,29.6143,-69.6449,48.9594,-34.2614,11,2.0,1.0,0,0,2,0
2016+,H,250,10,2016-08-16,True,44.512,-70.2635,1.2808,40.5127,-70.2635,54.574,-34.2693,10,1.9367,0.9909,1,0,1,0
2016+,H,250,11,2016-08-23,False,38.0495,-74.5577,1.1163,31.2979,-74.5577,52.9394,-31.4736,10,2.0,1.0,0,0,0,0
2016+,H,250,12,2016-08-30,False,19.5909,-75.3879,0.7307,16.2386,-75.3879,27.5592,-46.0688,10,2.0,0.99,1,0,0,0
2016+,H,250,13,2016-09-07,False,23.968,-70.2913,0.892,18.6977,-70.2913,35.8007,-41.1259,10,2.0,1.0,0,0,0,0
2016+,H,250,14,2016-09-15,False,18.8847,-61.7151,0.781,14.8839,-61.7151,27.7226,-34.7568,10,1.8611,0.9,0,0,2,0
2016+,H,250,15,2016-09-22,False,28.4262,-57.1686,0.9884,20.9938,-57.1686,44.7949,-30.2956,10,2.0,1.0,0,0,0,0
2016+,H,250,16,2016-09-29,False,17.7771,-77.5044,0.7219,8.1787,-77.5044,37.4401,-39.8651,10,2.0,1.0,0,0,1,0
2016+,H,250,17,2016-10-06,False,31.0943,-58.9593,1.115,16.1409,-58.9593,61.7421,-31.594,10,1.9286,0.978,2,0,2,0
2016+,H,250,18,2016-10-17,False,20.3094,-60.0265,0.8061,14.0003,-60.0265,33.5078,-31.0981,10,1.8091,0.9,0,0,1,0
2016+,H,250,19,2016-10-24,False,18.9984,-63.1495,0.736,16.2446,-63.1495,24.7232,-32.6786,10,2.0,1.0,0,0,0,0
2016+,H,250,20,2016-11-01,True,6.4087,-77.5637,0.365,3.1001,-77.5637,13.1613,-30.7868,10,1.9429,0.9659,2,0,0,0
2016+,H,250,21,2016-11-08,False,26.1371,-69.4063,0.9016,18.4941,-69.4063,41.0619,-30.3657,10,2.0,1.0,0,0,0,0
2016+,H,250,22,2016-11-16,False,32.6165,-85.2006,1.0064,33.5674,-85.2006,32.0557,-33.9465,10,1.8609,0.9689,2,0,0,0
2016+,H,250,23,2016-11-23,False,18.3791,-69.9469,0.689,2.6694,-69.9469,51.3014,-40.2074,10,2.0,1.0,0,0,0,0
2016+,H,250,24,2016-11-30,False,4.666,-85.4433,0.3129,-6.1469,-85.4433,28.5889,-44.7787,10,2.0,1.0,0,0,1,0
2016+,H,250,25,2016-12-07,False,45.1333,-48.2357,1.2897,50.1898,-48.2357,40.0299,-33.6247,10,2.0,0.98,1,0,2,0
2016+,H,250,26,2016-12-14,False,-1.7331,-86.207,0.1293,-9.9197,-86.207,13.1902,-46.4941,10,2.0,1.0,0,0,2,0
2016+,H,250,27,2016-12-21,False,13.1418,-66.6177,0.5613,9.2524,-62.1304,21.6567,-38.2092,10,2.0,0.9,0,0,1,0
2016+,H,250,28,2016-12-28,False,13.4561,-68.9143,0.6041,6.7755,-63.1759,26.6042,-31.6159,10,1.5,0.8,0,0,1,0
2016+,H,250,29,2017-01-04,True,22.5233,-52.3397,0.8428,20.1582,-52.3397,27.5327,-34.553,10,1.9615,0.8923,0,1,0,0
2016+,H,250,30,2017-01-11,False,8.0071,-65.3835,0.4095,1.4717,-58.1345,19.8121,-37.768,10,2.0,0.9,0,0,0,0
2016+,H,250,31,2017-01-18,False,14.0672,-68.5617,0.6035,6.574,-68.5617,28.5219,-27.9698,10,1.9737,0.8947,1,0,0,0
2016+,H,250,32,2017-01-25,False,11.9055,-68.9396,0.5263,7.5354,-68.9396,20.5344,-38.7005,10,2.0,0.9,0,0,1,0
2016+,H,250,33,2017-02-02,False,14.7359,-64.0419,0.6426,13.6588,-64.0419,18.624,-33.8107,10,1.8571,0.9,0,0,1,0
2016+,H,250,34,2017-02-09,False,23.2948,-58.0118,0.8773,19.8827,-58.0118,31.3303,-37.3617,10,2.0,1.0,0,0,2,0
2016+,H,250,35,2017-02-16,False,22.4826,-45.5063,0.9019,21.5915,-45.5063,26.2743,-37.0543,10,2.0,1.0,0,0,1,0
2016+,H,250,36,2017-02-23,False,36.0251,-37.2256,1.2918,37.5885,-37.2256,35.6346,-34.5861,10,2.0,0.9,0,0,1,0
2016+,H,250,37,2017-03-03,False,25.7576,-39.1276,0.9856,27.6947,-31.9481,24.7575,-39.1276,10,2.0,0.9,0,0,1,0
2016+,H,250,38,2017-03-10,False,18.4745,-77.5494,0.7199,11.9053,-77.5494,31.2239,-25.871,10,2.0,1.0,0,0,1,0
2016+,H,250,39,2017-03-20,True,16.7435,-63.2118,0.688,11.9955,-63.2118,26.351,-36.8125,10,2.0,1.0,0,0,1,0
2016+,H,250,40,2017-03-27,False,11.7044,-73.3628,0.5406,8.8839,-73.3628,17.8672,-40.7085,10,2.0,0.99,1,0,0,0
2016+,H,250,41,2017-04-03,False,21.2685,-53.4821,0.9086,31.4312,-27.4756,8.6332,-53.4821,10,2.0,0.8923,1,0,1,0
2016+,H,250,42,2017-04-11,False,34.6947,-33.7472,1.3568,30.1411,-31.4608,43.9488,-33.7472,10,2.0,0.9,0,0,0,0
2016+,H,250,43,2017-04-19,False,26.5792,-62.6175,0.9799,19.8668,-62.6175,39.1964,-28.5451,10,1.95,0.9757,2,0,3,0
2016+,H,250,44,2017-04-26,False,20.1338,-62.2959,0.7523,6.8585,-62.2959,45.3791,-30.2446,10,1.9615,0.9923,1,0,2,0
2016+,H,250,45,2017-05-04,False,20.2485,-69.1164,0.7338,3.4137,-69.1164,52.6448,-30.0525,10,2.0,0.9944,1,0,3,0
2016+,H,250,46,2017-05-11,False,23.2771,-35.5249,0.876,11.1783,-35.5249,45.4863,-30.499,10,2.0,0.9,0,0,3,0
2016+,H,250,47,2017-05-18,False,5.5962,-72.1721,0.3354,-7.5536,-72.1721,30.566,-35.5553,10,2.0,0.9842,2,0,3,0
2016+,H,250,48,2017-05-25,False,11.0634,-51.1453,0.5725,-2.6773,-48.065,37.1503,-32.8833,10,1.6541,0.7923,1,0,2,0
2016+,H,250,49,2017-06-01,True,19.2363,-38.8661,0.8378,7.5751,-36.2406,40.3569,-32.5645,10,1.8702,0.9,0,0,1,0
2016+,G+B,30,0,2016-06-03,True,14.0987,-41.7675,0.7201,10.6328,-41.7675,23.2468,-15.4085,85,1.0,0.5879,1,0,4,0
2016+,G+B,30,1,2016-06-10,True,5.0078,-48.4561,0.3342,1.5458,-48.4561,11.9396,-30.8761,85,1.0,0.6109,2,0,3,0
2016+,G+B,30,2,2016-06-17,True,12.8738,-54.3796,0.6323,10.8191,-54.3796,16.512,-32.3238,85,1.0,0.6572,4,0,3,0
2016+,G+B,30,3,2016-06-24,True,18.2124,-48.3087,0.8248,9.3895,-48.3087,36.7748,-15.7734,85,1.0,0.6678,5,0,2,0
2016+,G+B,30,4,2016-07-01,True,14.1286,-38.5598,0.7279,3.6362,-38.5598,36.4551,-13.5674,85,1.0,0.633,4,0,2,0
2016+,G+B,30,5,2016-07-11,True,19.5318,-39.9779,0.9325,10.208,-39.9779,39.3516,-16.4103,85,1.0,0.6448,5,0,3,0
2016+,G+B,60,0,2016-06-03,True,7.8053,-53.6274,0.4572,-1.3221,-53.6274,28.872,-21.1032,43,1.0,0.5808,1,0,3,0
2016+,G+B,60,1,2016-06-10,False,7.2003,-54.9033,0.4363,3.5517,-54.9033,13.8794,-37.3388,43,1.0,0.5576,1,0,2,0
2016+,G+B,60,2,2016-06-17,True,8.1483,-49.2051,0.4399,8.0099,-49.2051,10.0317,-37.3523,43,1.4763,0.6952,3,0,3,0
2016+,G+B,60,3,2016-06-24,False,17.6829,-59.3212,0.7998,8.4097,-59.3212,35.6958,-13.5258,43,1.1429,0.6932,4,0,2,0
2016+,G+B,60,4,2016-07-01,True,14.3691,-43.5229,0.7117,6.5512,-43.5229,29.2761,-17.9659,43,1.0,0.6449,3,0,0,0
2016+,G+B,60,5,2016-07-11,False,26.2448,-43.6232,1.1676,22.0841,-43.6232,35.4225,-15.7626,43,1.0,0.6719,2,0,0,0
2016+,G+B,60,6,2016-07-18,False,19.8583,-32.5197,0.9393,23.2405,-32.5197,15.5324,-26.47,42,1.0,0.5952,0,0,4,0
2016+,G+B,60,7,2016-07-25,True,12.1215,-46.6001,0.6183,10.5335,-46.6001,15.8361,-24.2978,42,1.0,0.6657,1,0,3,0
2016+,G+B,60,8,2016-08-01,False,21.3782,-28.449,1.0758,19.6522,-28.449,24.323,-24.6566,42,1.0,0.6183,1,0,3,0
2016+,G+B,60,9,2016-08-08,True,12.6686,-67.0614,0.6363,6.7014,-67.0614,25.0037,-30.2067,42,1.0,0.6414,2,0,3,0
2016+,G+B,60,10,2016-08-16,False,9.6113,-49.4301,0.5323,3.1388,-49.4301,22.9683,-21.6872,42,1.0,0.6186,1,0,2,0
2016+,G+B,60,11,2016-08-23,True,9.5251,-58.2863,0.5196,-1.1484,-58.2863,32.0864,-18.2025,42,1.0,0.6172,2,0,2,0
2016+,G+B,90,0,2016-06-03,True,18.5534,-58.9351,0.8176,15.5794,-58.9351,26.8264,-26.4052,29,1.6,0.7241,0,0,2,0
2016+,G+B,90,1,2016-06-10,False,20.8469,-60.1117,0.9267,14.1689,-60.1117,34.3049,-18.4316,29,1.0,0.7234,1,0,2,0
2016+,G+B,90,2,2016-06-17,False,18.9541,-55.2305,0.8227,11.5064,-55.2305,34.5287,-18.1043,29,1.6624,0.7571,2,0,3,0
2016+,G+B,90,3,2016-06-24,True,19.7122,-36.5702,0.8979,16.6137,-36.5702,26.8946,-17.4873,29,1.0,0.6852,4,0,3,0
2016+,G+B,90,4,2016-07-01,False,5.0357,-55.0901,0.3372,-4.158,-55.0901,24.9212,-15.8135,29,1.0,0.5855,1,0,0,0
2016+,G+B,90,5,2016-07-11,False,11.6751,-37.8552,0.6341,3.5763,-37.8552,29.0853,-17.429,29,1.0,0.5807,3,0,0,0
2016+,G+B,90,6,2016-07-18,False,5.3709,-32.9489,0.386,2.5061,-32.9489,12.3522,-18.1313,28,1.0,0.4286,0,0,1,0
2016+,G+B,90,7,2016-07-25,True,8.742,-39.1366,0.5412,9.7821,-31.6784,6.9514,-39.1366,28,1.0,0.4631,1,0,1,0
2016+,G+B,90,8,2016-08-01,False,6.1668,-47.6002,0.3811,4.506,-47.6002,10.7313,-41.5092,28,1.0,0.6049,1,0,1,0
2016+,G+B,90,9,2016-08-08,False,5.4509,-62.9387,0.3569,-5.757,-62.9387,27.744,-16.8714,28,1.0,0.5699,1,0,1,0
2016+,G+B,90,10,2016-08-16,True,8.8406,-46.8684,0.5108,0.6489,-46.8684,24.3167,-19.7436,28,1.0,0.6064,1,0,1,0
2016+,G+B,90,11,2016-08-23,False,14.2742,-41.142,0.7104,6.8464,-41.142,29.6973,-22.531,28,1.0,0.6419,1,0,2,0
2016+,G+B,90,12,2016-08-30,False,16.9866,-42.9665,0.8307,19.0613,-42.9665,14.8456,-25.1484,28,1.0,0.6063,1,0,5,0
2016+,G+B,90,13,2016-09-07,False,4.605,-50.9252,0.3156,2.8837,-50.9252,8.4676,-32.1747,28,1.0,0.6414,1,0,4,0
2016+,G+B,90,14,2016-09-15,True,18.7059,-39.6599,0.9626,22.2111,-28.1209,12.9843,-39.6599,28,1.0,0.606,1,0,5,0
2016+,G+B,90,15,2016-09-22,False,7.0151,-75.1044,0.3994,-0.4586,-75.1044,22.1613,-32.903,28,1.3571,0.747,1,0,5,0
2016+,G+B,90,16,2016-09-29,False,22.8111,-49.3237,0.9388,27.6403,-49.3237,16.4286,-37.1943,28,1.375,0.7054,2,0,3,0
2016+,G+B,90,17,2016-10-06,True,21.7818,-55.3497,0.9684,18.6618,-55.3497,28.8205,-15.4018,28,1.273,0.7134,1,0,3,0
2016+,G+B,100,0,2016-06-03,True,13.3222,-54.9544,0.6272,2.3921,-54.9544,35.3702,-19.2545,26,1.0,0.653,1,0,0,0
2016+,G+B,100,1,2016-06-10,False,7.7865,-57.4666,0.4456,3.1422,-57.4666,17.7258,-34.116,26,1.0,0.6893,3,0,0,0
2016+,G+B,100,2,2016-06-17,False,10.1349,-53.785,0.5207,7.1821,-53.785,16.8073,-40.0904,26,1.6184,0.7308,0,0,0,0
2016+,G+B,100,3,2016-06-24,False,12.7973,-56.0856,0.621,10.9133,-56.0856,17.6975,-32.8004,26,1.0,0.7265,2,0,0,0
2016+,G+B,100,4,2016-07-01,True,8.4623,-32.8369,0.5098,9.1094,-27.1845,9.8562,-32.8369,26,1.0,0.6144,1,0,0,0
2016+,G+B,100,5,2016-07-11,False,11.7994,-33.8038,0.6512,13.9219,-31.7698,8.7695,-33.8038,26,1.0,0.5769,0,0,0,0
2016+,G+B,100,6,2016-07-18,False,6.6642,-33.4225,0.4221,10.2364,-33.4225,1.5039,-30.6139,26,1.0,0.5761,1,0,2,0
2016+,G+B,100,7,2016-07-25,False,1.3546,-63.1844,0.1714,-4.8348,-63.1844,14.0955,-18.3408,26,1.0,0.5717,3,0,2,0
2016+,G+B,100,8,2016-08-01,True,9.0228,-36.0625,0.5491,2.3263,-36.0625,22.7997,-21.7918,26,1.0,0.5372,1,0,4,0
2016+,G+B,100,9,2016-08-08,False,13.1749,-35.9326,0.6876,8.2364,-35.9326,23.7074,-20.7921,26,1.0,0.6538,0,0,5,0
2016+,G+B,100,10,2016-08-16,False,8.1097,-61.8316,0.4486,2.4422,-61.8316,20.1933,-26.6916,25,1.0,0.68,0,0,6,0
2016+,G+B,100,11,2016-08-23,True,3.2768,-57.544,0.2578,-3.7252,-57.544,18.1,-32.2436,25,1.0,0.68,0,0,4,0
2016+,G+B,100,12,2016-08-30,False,13.1355,-41.291,0.658,10.825,-41.291,19.0968,-31.4577,25,1.0,0.71,2,0,5,0
2016+,G+B,100,13,2016-09-07,False,13.7026,-37.4939,0.7482,9.0959,-37.4939,21.8694,-18.047,25,1.0,0.5564,1,0,5,0
2016+,G+B,100,14,2016-09-15,False,17.9034,-42.9665,0.8496,17.5454,-42.9665,20.2716,-32.7539,25,1.0,0.6366,2,0,3,0
2016+,G+B,100,15,2016-09-22,True,23.0325,-42.2707,1.0913,22.7821,-42.2707,23.3783,-13.5258,25,1.0,0.5584,1,0,3,0
2016+,G+B,100,16,2016-09-29,False,21.5896,-32.9118,1.0703,18.582,-32.9118,26.7111,-15.5322,25,1.0,0.56,0,0,3,0
2016+,G+B,100,17,2016-10-06,False,17.9887,-72.536,0.8205,13.6949,-72.536,27.072,-16.6678,25,1.0,0.6378,2,0,3,0
2016+,G+B,100,18,2016-10-17,False,13.5594,-56.8481,0.6518,11.2538,-56.8481,18.8277,-13.5251,25,1.0,0.5592,1,0,2,0
2016+,G+B,100,19,2016-10-24,True,15.9528,-67.4928,0.7176,1.4107,-67.4928,45.8406,-20.3343,25,1.617,0.7591,1,0,2,0
2016+,G+B,180,0,2016-06-03,True,11.6452,-60.0548,0.5668,7.6633,-60.0548,21.7686,-29.8097,15,1.7778,0.8,0,0,2,0
2016+,G+B,180,1,2016-06-10,False,12.4934,-61.0186,0.6227,15.3096,-61.0186,8.8061,-36.0032,15,1.0,0.7319,1,0,2,0
2016+,G+B,180,2,2016-06-17,False,13.2928,-60.3338,0.6042,12.2714,-60.3338,16.9961,-33.7148,15,1.4615,0.7971,2,0,2,0
2016+,G+B,180,3,2016-06-24,False,17.9198,-44.7811,0.7712,23.7797,-44.7811,10.224,-32.3784,15,1.0,0.726,3,0,2,0
2016+,G+B,180,4,2016-07-01,False,11.6219,-50.2903,0.5627,13.7087,-50.2903,10.0351,-32.6235,15,1.0,0.5986,1,0,2,0
2016+,G+B,180,5,2016-07-11,False,8.6635,-44.7155,0.4879,9.2678,-44.7155,7.6007,-33.2623,15,1.0,0.5927,2,0,2,0
2016+,G+B,180,6,2016-07-18,False,9.5934,-42.7315,0.6051,19.7764,-32.9489,-5.9922,-35.7139,14,1.0,0.3571,0,0,2,0
2016+,G+B,180,7,2016-07-25,True,6.1212,-55.1171,0.3966,14.1356,-39.5403,-6.3745,-37.9928,14,1.0,0.5,0,0,1,0
2016+,G+B,180,8,2016-08-01,False,7.1376,-48.9604,0.4438,7.3739,-48.9604,6.7125,-31.4268,14,1.0,0.5714,0,0,2,0
2016+,G+B,180,9,2016-08-08,False,14.5494,-31.8729,0.7745,19.977,-25.8133,5.7982,-31.8729,14,1.0,0.5685,1,0,3,0
2016+,G+B,180,10,2016-08-16,False,9.6469,-31.1963,0.5691,10.6382,-28.4786,7.9506,-31.1963,14,1.0,0.57,1,0,2,0
2016+,G+B,180,11,2016-08-23,False,12.0279,-30.7549,0.6411,9.4801,-26.3751,16.4497,-30.7549,14,1.0,0.5695,1,0,1,0
2016+,G+B,180,12,2016-08-30,False,10.5209,-32.2599,0.647,9.6756,-26.1055,11.9333,-32.2599,14,1.0,0.4268,1,0,2,0
2016+,G+B,180,13,2016-09-07,False,6.145,-31.5959,0.4092,6.8661,-27.5163,4.9217,-31.5959,14,1.0,0.5,0,0,1,0
2016+,G+B,180,14,2016-09-15,True,16.0527,-31.0821,0.8209,20.8818,-28.1209,9.5374,-31.0821,14,1.0,0.6429,0,0,2,0
2016+,G+B,180,15,2016-09-22,False,22.769,-32.0725,1.0076,21.6846,-32.0725,25.2053,-30.2655,14,1.6676,0.7798,1,0,1,0
2016+,G+B,180,16,2016-09-29,False,26.949,-30.948,1.1855,27.8289,-29.5375,25.92,-30.948,14,1.0,0.6964,2,0,2,0
2016+,G+B,180,17,2016-10-06,False,23.8671,-26.4478,1.0551,27.5594,-26.4478,18.8535,-24.4621,14,1.0,0.7143,0,0,2,0
2016+,G+B,180,18,2016-10-17,False,20.7066,-33.4579,0.952,20.0762,-33.4579,22.5924,-31.9758,14,1.0,0.6429,0,0,1,0
2016+,G+B,180,19,2016-10-24,False,20.5671,-46.101,0.9055,15.813,-46.101,30.0974,-24.3695,14,1.0,0.7143,0,0,0,0
2016+,G+B,180,20,2016-11-01,False,22.6632,-30.0154,1.0778,18.8016,-30.0154,30.6003,-20.4955,14,1.0,0.7143,0,0,1,0
2016+,G+B,180,21,2016-11-08,True,19.1713,-28.0517,1.0386,11.1004,-25.6706,35.4025,-28.0517,14,1.0,0.6429,0,0,1,0
2016+,G+B,180,22,2016-11-16,False,8.6639,-53.4017,0.5303,-2.4117,-53.4017,31.4068,-14.7135,14,1.0,0.5714,0,0,1,0
2016+,G+B,180,23,2016-11-23,False,16.1707,-41.614,0.8377,10.7995,-41.614,27.3373,-14.0394,14,1.0,0.5679,1,0,1,0
2016+,G+B,180,24,2016-11-30,False,5.4931,-62.4318,0.4085,-8.1518,-62.4318,34.3334,-12.7304,14,1.0,0.5,0,0,0,0
2016+,G+B,180,25,2016-12-07,False,7.3906,-40.4496,0.514,2.2968,-36.1395,16.1598,-40.4496,14,1.0,0.4261,1,0,0,0
2016+,G+B,180,26,2016-12-14,False,16.4175,-55.4495,0.749,14.4477,-55.4495,21.4553,-41.3593,14,1.0,0.6384,1,0,1,0
2016+,G+B,180,27,2016-12-21,False,9.3595,-64.1001,0.5079,-5.6689,-64.1001,38.697,-22.8683,14,1.0,0.5714,0,0,1,0
2016+,G+B,180,28,2016-12-28,True,17.5507,-48.5827,0.8453,8.109,-48.5827,34.3864,-24.8423,14,1.0,0.6429,0,0,2,0
2016+,G+B,180,29,2017-01-04,False,23.4474,-45.9129,1.103,15.5523,-45.9129,38.9087,-14.1077,14,1.25,0.7143,0,0,3,0
2016+,G+B,180,30,2017-01-11,False,29.9184,-42.9665,1.2041,28.2451,-42.9665,34.0933,-32.9618,14,1.2789,0.7857,0,0,4,0
2016+,G+B,180,31,2017-01-18,False,17.7503,-52.4437,0.7835,14.5225,-52.4437,24.048,-34.798,14,1.3462,0.7829,1,0,4,0
2016+,G+B,180,32,2017-01-25,False,15.4664,-45.0001,0.8574,14.5578,-35.1286,16.8711,-45.0001,14,1.0,0.569,1,0,4,0
2016+,G+B,180,33,2017-02-02,False,6.7732,-78.7483,0.3868,-3.1953,-78.7483,26.0224,-40.9751,14,1.0,0.7143,0,0,4,0
2016+,G+B,180,34,2017-02-09,False,20.5065,-65.4873,0.8454,19.7462,-65.4873,23.0707,-43.2632,14,1.0,0.7143,0,0,3,0
2016+,G+B,180,35,2017-02-16,True,9.5261,-65.2757,0.5193,4.7098,-65.2757,19.0983,-30.7368,14,1.0,0.7125,1,0,2,0
2016+,G+B,250,0,2016-06-03,True,16.487,-35.0657,0.7705,8.7184,-35.0657,31.4409,-32.6235,11,1.0,0.7253,1,0,1,0
2016+,G+B,250,1,2016-06-10,False,13.759,-33.3673,0.6988,8.5547,-33.3673,23.4349,-33.2623,11,1.0,0.7256,1,0,0,0
2016+,G+B,250,2,2016-06-17,False,19.363,-37.3458,0.8593,12.7791,-32.217,33.2049,-37.3458,11,1.9375,0.8182,0,0,4,0
2016+,G+B,250,3,2016-06-24,False,25.374,-37.9125,1.0421,22.7341,-34.5887,30.7227,-37.9125,11,1.7156,0.8106,1,0,3,0
2016+,G+B,250,4,2016-07-01,False,15.6299,-42.6347,0.7849,5.974,-42.6347,35.022,-32.7215,11,1.0,0.7253,1,0,2,0
2016+,G+B,250,5,2016-07-11,False,20.3623,-35.2033,0.9545,20.9301,-35.2033,20.3066,-31.8729,11,1.0,0.7236,1,0,2,0
2016+,G+B,250,6,2016-07-18,False,19.996,-45.527,0.9009,16.4252,-45.527,27.277,-31.1963,11,1.0,0.7254,1,0,2,0
2016+,G+B,250,7,2016-07-25,False,6.8468,-58.5141,0.4026,2.2252,-58.5141,16.438,-30.7549,11,1.8261,0.8103,2,0,1,0
2016+,G+B,250,8,2016-08-01,False,10.5204,-49.7261,0.5848,9.3944,-49.7261,13.6473,-32.2599,11,1.0,0.6364,0,0,2,0
2016+,G+B,250,9,2016-08-08,False,28.3493,-36.3769,1.1689,19.8004,-34.4748,46.1888,-31.5959,11,1.0,0.7273,0,0,1,0
2016+,G+B,250,10,2016-08-16,True,29.5345,-50.8178,1.144,18.6393,-50.8178,52.5159,-31.0821,10,1.9412,0.9,0,0,1,0
2016+,G+B,250,11,2016-08-23,False,12.7082,-52.4908,0.6146,9.4945,-52.4908,20.1342,-30.2655,10,1.7466,0.8,0,0,1,0
2016+,G+B,250,12,2016-08-30,False,13.5101,-43.0527,0.6462,14.6791,-43.0527,13.4071,-38.2563,10,1.9431,0.9,0,0,0,0
2016+,G+B,250,13,2016-09-07,False,3.7539,-66.4258,0.2755,-3.2993,-66.4258,16.8185,-30.0959,10,1.0,0.6882,2,0,0,0
2016+,G+B,250,14,2016-09-15,False,16.8343,-39.9564,0.8084,16.004,-39.9564,20.0063,-39.8649,10,1.8506,0.7975,1,0,1,0
2016+,G+B,250,15,2016-09-22,False,12.1167,-40.282,0.6369,13.6563,-40.282,9.5474,-36.53,10,1.0,0.6,0,0,0,0
2016+,G+B,250,16,2016-09-29,False,6.7804,-59.2296,0.414,10.2488,-59.2296,1.2101,-25.028,10,1.0,0.6,0,0,1,0
2016+,G+B,250,17,2016-10-06,False,16.3364,-47.9119,0.8327,17.9293,-47.9119,15.1609,-11.3648,10,1.0,0.6,0,0,1,0
2016+,G+B,250,18,2016-10-17,False,17.8085,-46.5863,0.976,10.9119,-46.5863,31.6657,-15.0814,10,1.0,0.5,0,0,1,0
2016+,G+B,250,19,2016-10-24,False,14.4134,-47.8178,0.7557,9.3225,-47.8178,24.3403,-16.8714,10,1.0,0.6,0,0,1,0
2016+,G+B,250,20,2016-11-01,True,18.8461,-65.2775,0.7573,22.5893,-65.2775,12.8752,-18.0362,10,1.0,0.5,0,0,0,0
2016+,G+B,250,21,2016-11-08,False,13.9499,-67.591,0.6735,8.5743,-67.591,24.7063,-33.8124,10,1.0,0.6,0,0,0,0
2016+,G+B,250,22,2016-11-16,False,14.7356,-59.7388,0.7336,12.1956,-59.7388,20.3586,-38.9042,10,1.0,0.6,0,0,1,0
2016+,G+B,250,23,2016-11-23,False,15.8385,-49.2944,0.7724,12.1099,-49.2944,23.7972,-17.2501,10,1.0,0.6,0,0,1,0
2016+,G+B,250,24,2016-11-30,False,15.0439,-55.4641,0.7102,11.0293,-55.4641,24.7043,-22.8816,10,1.0,0.6,0,0,0,0
2016+,G+B,250,25,2016-12-07,False,20.4386,-47.0601,0.9401,25.3314,-47.0601,12.8548,-14.5267,10,1.0,0.5,0,0,0,0
2016+,G+B,250,26,2016-12-14,False,9.6325,-35.9326,0.592,4.7031,-35.9326,18.9732,-22.1351,10,1.0,0.5,0,0,0,0
2016+,G+B,250,27,2016-12-21,False,1.7059,-76.2422,0.1933,0.3412,-76.2422,4.4857,-21.7625,10,1.0,0.4966,1,0,0,0
2016+,G+B,250,28,2016-12-28,False,11.7273,-66.0115,0.5826,17.181,-66.0115,4.0937,-24.833,10,1.0,0.5,0,0,0,0
2016+,G+B,250,29,2017-01-04,True,4.5035,-64.3899,0.3114,3.9889,-64.3899,5.8663,-33.069,10,1.0,0.7,0,0,1,0
2016+,G+B,250,30,2017-01-11,False,1.7907,-71.1389,0.196,4.4466,-71.1389,-1.3108,-22.5624,10,1.0,0.6,0,0,2,0
2016+,G+B,250,31,2017-01-18,False,-0.2807,-67.2309,0.0949,1.7247,-67.2309,-2.6991,-26.5145,10,1.0,0.594,2,0,4,0
2016+,G+B,250,32,2017-01-25,False,4.1825,-62.3507,0.3115,8.0029,-62.3507,-1.6053,-25.5211,10,1.0,0.475,2,0,5,0
2016+,G+B,250,33,2017-02-02,False,11.3759,-45.1208,0.6721,20.0791,-45.1208,-1.1232,-28.032,10,1.0,0.4,0,0,3,0
2016+,G+B,250,34,2017-02-09,False,1.1603,-30.4231,0.1545,1.9028,-30.4231,0.0,0.0,10,0.0,0.2,0,0,2,0
2016+,G+B,250,35,2017-02-16,False,5.7822,-19.313,0.5718,9.6325,-19.313,0.0,0.0,10,0.0,0.2,0,0,2,0
2016+,G+B,250,36,2017-02-23,False,6.712,-21.3653,0.6281,11.2286,-21.3653,0.0,0.0,10,0.0,0.2,0,0,2,0
2016+,G+B,250,37,2017-03-03,False,8.9048,-24.7781,0.6556,7.2367,-24.1261,11.5254,-24.7781,10,1.0,0.4,0,0,2,0
2016+,G+B,250,38,2017-03-10,False,0.6416,-52.6552,0.1315,-2.456,-52.6349,7.2931,-23.4048,10,1.0,0.5,0,0,3,0
2016+,G+B,250,39,2017-03-20,True,11.3394,-65.0496,0.5419,1.2902,-65.0496,30.8352,-27.5345,10,1.4268,0.8,0,0,3,0
2016+,G+B,250,40,2017-03-27,False,7.9234,-55.0608,0.4852,-1.5895,-55.0608,26.4614,-28.882,10,1.0,0.6,0,0,2,0
2016+,G+B,250,41,2017-04-03,False,2.9771,-69.2027,0.2484,-7.9741,-69.2027,24.5028,-29.2262,10,1.0,0.7,0,0,2,0
2016+,G+B,250,42,2017-04-11,False,25.0299,-32.3969,1.0958,17.4303,-32.3969,40.0342,-32.0415,10,1.7425,0.8,0,0,3,0
2016+,G+B,250,43,2017-04-19,False,20.4951,-32.011,1.0328,10.8185,-22.4784,36.798,-32.011,10,1.0,0.7,0,0,3,0
2016+,G+B,250,44,2017-04-26,False,28.2228,-34.3471,1.2655,21.3304,-25.3574,39.3333,-34.3471,10,1.2609,0.7938,1,0,2,0
2016+,G+B,250,45,2017-05-04,False,25.534,-39.4276,1.1139,16.5185,-39.4276,40.4072,-33.2572,10,1.3718,0.8,0,0,2,0
2016+,G+B,250,46,2017-05-11,False,21.3398,-40.365,0.9883,12.7203,-40.365,35.5061,-31.4443,10,1.3889,0.8,0,0,2,0
2016+,G+B,250,47,2017-05-18,False,17.8487,-36.0032,0.9125,11.1589,-23.1036,28.5924,-36.0032,10,1.0,0.6928,2,0,2,0
2016+,G+B,250,48,2017-05-25,False,21.8974,-33.7148,1.0724,14.7897,-25.7152,33.283,-33.7148,10,1.0,0.5946,2,0,2,0
2016+,G+B,250,49,2017-06-01,True,18.2486,-32.8849,0.8986,7.9472,-32.8849,35.3935,-32.3784,10,1.0,0.6977,1,0,2,0
2016+,G+H,30,0,2016-06-03,True,11.8622,-56.3463,0.595,8.8686,-56.3463,20.7106,-21.8871,85,1.0,0.6118,0,0,1,0
2016+,G+H,30,1,2016-06-10,True,15.5768,-66.1781,0.7189,16.9685,-66.1781,13.2644,-38.8154,85,1.0,0.6205,3,0,1,0
2016+,G+H,30,2,2016-06-17,True,12.6061,-61.2735,0.5956,12.9855,-59.3328,11.9077,-47.0756,85,1.0,0.6775,4,0,1,0
2016+,G+H,30,3,2016-06-24,True,7.1667,-65.4705,0.3987,1.2431,-65.4705,19.4774,-30.5208,85,1.0,0.6808,2,0,0,0
2016+,G+H,30,4,2016-07-01,True,16.6041,-40.486,0.7444,13.5463,-40.486,23.0674,-30.1261,85,1.0,0.6256,7,0,1,0
2016+,G+H,30,5,2016-07-11,True,11.053,-46.9024,0.5555,-0.1431,-46.9024,35.2628,-14.0165,85,1.0,0.6535,5,1,0,0
2016+,G+H,60,0,2016-06-03,True,21.4927,-58.6817,0.922,19.3001,-56.9129,29.0351,-22.251,43,1.0,0.6047,0,0,1,0
2016+,G+H,60,1,2016-06-10,False,24.049,-54.0214,0.9894,28.4635,-54.0214,16.6067,-28.3152,43,1.0,0.5775,2,0,1,0
2016+,G+H,60,2,2016-06-17,True,13.4009,-58.3956,0.604,18.3527,-53.5875,6.7642,-41.1736,43,1.2878,0.6899,3,0,1,0
2016+,G+H,60,3,2016-06-24,False,9.4351,-81.4578,0.4641,1.9471,-81.4578,23.7754,-22.8483,43,1.1111,0.719,1,0,0,0
2016+,G+H,60,4,2016-07-01,True,15.5332,-46.6847,0.6933,13.5855,-46.6847,18.9435,-26.5234,43,1.0,0.6279,5,0,0,0
2016+,G+H,60,5,2016-07-11,False,16.5921,-54.8027,0.7458,10.6276,-54.8027,28.797,-23.0551,43,1.0,0.668,3,0,0,0
2016+,G+H,60,6,2016-07-18,False,16.6443,-54.7987,0.7882,17.635,-54.7987,16.6856,-36.2293,42,1.0,0.619,0,0,1,0
2016+,G+H,60,7,2016-07-25,True,26.8962,-34.6171,1.1414,32.676,-34.4275,18.5053,-34.6171,42,1.0,0.6621,2,0,1,0
2016+,G+H,60,8,2016-08-01,False,27.2648,-39.6801,1.1282,28.822,-39.6801,24.5527,-28.3591,42,1.0,0.6648,1,0,1,0
2016+,G+H,60,9,2016-08-08,True,16.5722,-42.7779,0.7462,20.1738,-40.0605,11.7243,-42.7779,42,1.0,0.6416,1,0,1,0
2016+,G+H,60,10,2016-08-16,False,16.0199,-39.1651,0.7638,16.903,-39.1651,15.4328,-28.1151,42,1.0,0.6119,3,0,1,0
2016+,G+H,60,11,2016-08-23,True,10.6453,-43.062,0.5333,2.4752,-43.062,27.7454,-19.1641,42,1.0,0.6375,2,1,0,0
2016+,G+H,90,0,2016-06-03,True,20.8689,-71.4286,0.8068,19.5409,-71.4286,26.7692,-30.4309,29,1.8333,0.7931,0,0,0,0
2016+,G+H,90,1,2016-06-10,False,38.7345,-48.5986,1.4516,42.6941,-48.5986,33.0022,-19.7214,29,1.0,0.7218,1,0,0,0
2016+,G+H,90,2,2016-06-17,False,35.7001,-50.2325,1.2729,44.0654,-50.2325,23.4468,-22.5505,29,1.7273,0.7497,2,0,0,0
2016+,G+H,90,3,2016-06-24,True,29.2681,-55.5509,1.0704,35.7736,-55.5509,21.0901,-24.59,29,1.5276,0.7539,2,0,0,0
2016+,G+H,90,4,2016-07-01,False,16.8529,-32.5972,0.8508,18.2698,-32.5972,16.7637,-21.8847,29,1.0,0.5569,4,0,0,0
2016+,G+H,90,5,2016-07-11,False,10.9399,-44.3368,0.5931,7.2602,-44.3368,19.733,-19.575,29,1.0,0.5785,3,0,0,0
2016+,G+H,90,6,2016-07-18,False,17.8419,-49.5219,0.9269,22.676,-49.5219,11.7757,-22.2777,28,1.0,0.4643,0,0,1,0
2016+,G+H,90,7,2016-07-25,True,17.7047,-57.2353,0.8045,26.8322,-53.8042,3.4786,-34.9674,28,1.0,0.4913,2,0,1,0
2016+,G+H,90,8,2016-08-01,False,16.082,-53.732,0.7331,19.9913,-53.732,11.2529,-46.5539,28,1.0,0.6044,1,0,1,0
2016+,G+H,90,9,2016-08-08,False,14.4497,-50.961,0.6623,19.6368,-50.961,6.0624,-40.1371,28,1.0,0.5714,0,0,1,0
2016+,G+H,90,10,2016-08-16,True,9.8654,-47.3474,0.5252,6.247,-46.6011,16.2785,-23.2751,28,1.0,0.5946,3,0,1,0
2016+,G+H,90,11,2016-08-23,False,16.795,-45.5983,0.7524,11.988,-45.5983,26.5359,-20.8662,28,1.0,0.635,1,1,1,0
2016+,G+H,90,12,2016-08-30,False,10.3246,-57.1028,0.5523,8.0326,-57.1028,16.0527,-33.3829,28,1.0,0.5714,0,0,2,0
2016+,G+H,90,13,2016-09-07,False,17.3404,-41.8089,0.7867,19.6639,-41.8089,14.4768,-34.528,28,1.0,0.6411,1,0,2,0
2016+,G+H,90,14,2016-09-15,True,15.6156,-52.3447,0.7085,16.0886,-52.3447,14.7763,-39.5342,28,1.0,0.6758,1,0,2,0
2016+,G+H,90,15,2016-09-22,False,15.0721,-59.6521,0.6674,8.4803,-59.6521,28.2416,-35.3042,28,1.0,0.7143,0,0,1,0
2016+,G+H,90,16,2016-09-29,False,16.4291,-58.0718,0.6947,19.7516,-58.0718,11.9572,-56.4405,28,1.3333,0.7075,2,0,2,0
2016+,G+H,90,17,2016-10-06,True,18.235,-51.9413,0.747,9.7381,-51.9413,35.663,-18.9172,28,1.75,0.748,1,0,0,0
2016+,G+H,100,0,2016-06-03,True,24.9766,-62.0132,0.9602,21.0976,-62.0132,32.0068,-20.8827,26,1.0,0.6827,1,0,0,0
2016+,G+H,100,1,2016-06-10,False,17.8768,-52.3958,0.7805,21.4692,-52.3958,12.9031,-44.3071,26,1.0,0.6467,3,0,0,0
2016+,G+H,100,2,2016-06-17,False,23.4025,-58.8597,0.9592,29.4752,-58.8597,14.3454,-38.1026,26,1.7462,0.7538,3,0,0,0
2016+,G+H,100,3,2016-06-24,False,17.1904,-73.4786,0.7199,20.0024,-73.4786,13.9627,-41.7508,26,1.5994,0.7637,1,0,0,0
2016+,G+H,100,4,2016-07-01,True,17.6465,-58.5052,0.7665,26.9712,-58.5052,6.0184,-39.1475,26,1.0,0.6538,0,0,0,0
2016+,G+H,100,5,2016-07-11,False,19.0392,-44.2587,0.8138,30.763,-44.2587,1.4619,-43.2832,26,1.0,0.6154,0,0,0,0
2016+,G+H,100,6,2016-07-18,False,1.432,-64.3287,0.1794,5.7221,-64.3287,-4.6694,-45.4781,26,1.0,0.6154,0,0,2,0
2016+,G+H,100,7,2016-07-25,False,10.9284,-54.178,0.5526,8.4926,-54.178,16.5191,-16.6726,26,1.0,0.6087,2,0,2,0
2016+,G+H,100,8,2016-08-01,True,2.9703,-46.8099,0.2495,-5.3413,-46.8099,20.2121,-28.1983,26,1.0,0.5278,2,0,3,0
2016+,G+H,100,9,2016-08-08,False,16.2212,-46.7873,0.7069,13.8937,-46.7873,22.7921,-24.6,26,1.0,0.6923,0,0,2,0
2016+,G+H,100,10,2016-08-16,False,11.6964,-56.3044,0.567,12.2425,-56.3044,13.0434,-34.3259,25,1.0,0.6687,3,0,2,0
2016+,G+H,100,11,2016-08-23,True,4.6701,-51.625,0.3107,2.4865,-51.625,10.4688,-35.8616,25,1.0,0.68,0,0,1,0
2016+,G+H,100,12,2016-08-30,False,9.2415,-41.0916,0.4912,8.6648,-37.2293,12.076,-41.0916,25,1.0,0.718,1,0,1,0
2016+,G+H,100,13,2016-09-07,False,13.5233,-46.814,0.702,10.8995,-46.814,18.045,-22.126,25,1.0,0.556,1,0,1,0
2016+,G+H,100,14,2016-09-15,False,24.1868,-40.3838,1.0289,25.8932,-40.3838,23.0897,-32.4649,25,1.0,0.6303,2,0,2,0
2016+,G+H,100,15,2016-09-22,True,35.0388,-40.4258,1.3727,40.1178,-40.4258,26.8282,-15.1261,25,1.0,0.5558,2,0,1,0
2016+,G+H,100,16,2016-09-29,False,30.0833,-51.9775,1.1357,31.9427,-51.9775,26.9385,-15.0671,25,1.0,0.58,2,0,1,0
2016+,G+H,100,17,2016-10-06,False,24.7417,-55.1735,1.0128,23.2613,-55.1735,28.343,-24.0701,25,1.0,0.6316,2,0,1,0
2016+,G+H,100,18,2016-10-17,False,12.9253,-61.2889,0.6203,10.5683,-59.6196,18.7123,-18.8248,25,1.0,0.52,0,0,0,0
2016+,G+H,100,19,2016-10-24,True,19.7307,-60.2787,0.8189,8.2519,-60.2787,42.5961,-22.8094,25,1.75,0.7569,0,1,0,0
2016+,G+H,180,0,2016-06-03,True,27.0581,-52.6132,0.9705,30.6409,-52.6132,24.4512,-29.3181,15,2.0,0.8667,0,0,0,0
2016+,G+H,180,1,2016-06-10,False,17.0844,-56.0595,0.7695,22.0683,-56.0595,9.8572,-35.5553,15,1.0,0.7289,1,0,0,0
2016+,G+H,180,2,2016-06-17,False,16.214,-60.5962,0.7011,18.3506,-60.5962,14.188,-32.8833,15,1.7647,0.7828,2,0,0,0
2016+,G+H,180,3,2016-06-24,False,17.2919,-61.8806,0.6989,23.5183,-61.8806,8.6499,-32.5645,15,1.8724,0.7889,2,0,1,0
2016+,G+H,180,4,2016-07-01,False,6.3272,-41.3625,0.397,8.0711,-41.3625,4.8847,-34.992,15,1.0,0.55,3,0,2,0
2016+,G+H,180,5,2016-07-11,False,6.6837,-44.0939,0.4024,10.8595,-44.0939,-0.1859,-35.6719,15,1.0,0.5912,2,0,1,0
2016+,G+H,180,6,2016-07-18,False,11.9293,-37.0302,0.7512,23.118,-25.4056,-5.0518,-31.3666,14,0.8496,0.3429,1,0,1,0
2016+,G+H,180,7,2016-07-25,True,3.5953,-54.0015,0.2755,14.6973,-35.765,-13.0397,-41.0266,14,1.0,0.4898,1,0,1,0
2016+,G+H,180,8,2016-08-01,False,11.1871,-40.8786,0.5884,18.7015,-40.8786,-0.6289,-37.5721,14,1.0,0.5714,0,0,1,0
2016+,G+H,180,9,2016-08-08,False,12.9882,-54.4218,0.6144,28.7442,-37.2474,-9.6273,-54.4218,14,1.0,0.5714,0,0,1,0
2016+,G+H,180,10,2016-08-16,False,6.3008,-38.036,0.3931,11.0428,-38.036,-1.3278,-28.0225,14,1.0,0.5643,1,0,0,0
2016+,G+H,180,11,2016-08-23,False,9.8938,-36.8413,0.5274,7.611,-36.8413,13.848,-30.0673,14,1.0,0.5659,0,1,1,0
2016+,G+H,180,12,2016-08-30,False,2.8671,-31.6302,0.2523,1.5432,-30.4561,5.1378,-31.6302,14,1.0,0.3571,0,0,2,0
2016+,G+H,180,13,2016-09-07,False,13.1718,-34.2614,0.686,13.6414,-25.9675,12.3436,-34.2614,14,1.0,0.5,0,0,2,0
2016+,G+H,180,14,2016-09-15,True,13.4177,-38.1169,0.6316,19.2776,-27.6734,4.9994,-38.1169,14,1.0,0.6429,0,0,2,0
2016+,G+H,180,15,2016-09-22,False,12.019,-60.5457,0.5585,7.8745,-60.5457,19.8455,-34.7841,14,1.6235,0.7857,0,0,1,0
2016+,G+H,180,16,2016-09-29,False,-0.9693,-82.2249,0.1267,-6.5265,-82.2249,9.5017,-37.1281,14,1.0,0.7143,0,0,2,0
2016+,G+H,180,17,2016-10-06,False,24.1952,-38.9791,0.9456,26.654,-38.9791,20.6754,-23.5832,14,1.0,0.7143,0,0,2,0
2016+,G+H,180,18,2016-10-17,False,3.5907,-90.8638,0.2785,-6.3202,-90.8638,23.5162,-32.1673,14,1.0,0.7143,0,0,2,0
2016+,G+H,180,19,2016-10-24,False,35.136,-53.1751,1.2825,32.2383,-53.1751,41.532,-25.8892,14,1.0,0.7143,0,0,0,0
2016+,G+H,180,20,2016-11-01,False,44.2261,-31.6061,1.5454,51.6814,-31.6061,34.0305,-25.6316,14,1.0,0.7143,0,0,0,0
2016+,G+H,180,21,2016-11-08,True,35.2946,-35.9358,1.3085,37.2815,-35.9358,34.7648,-31.1165,14,1.0,0.7105,1,0,0,0
2016+,G+H,180,22,2016-11-16,False,24.3028,-36.0694,1.0751,23.6225,-36.0694,27.9541,-19.3992,14,1.0,0.5643,1,0,0,0
2016+,G+H,180,23,2016-11-23,False,10.1093,-46.7115,0.5662,5.5581,-46.7115,20.0927,-19.4405,14,1.0,0.5649,1,0,0,0
2016+,G+H,180,24,2016-11-30,False,19.8479,-56.8669,0.9324,12.3511,-56.1423,35.3091,-18.7452,14,1.0,0.5714,0,0,0,0
2016+,G+H,180,25,2016-12-07,False,21.8678,-63.7562,0.9177,25.0337,-63.7562,16.8417,-31.0471,14,1.0,0.4929,1,0,0,0
2016+,G+H,180,26,2016-12-14,False,19.0141,-60.3633,0.819,15.6851,-60.3633,26.3717,-39.2101,14,1.0,0.6374,1,0,0,0
2016+,G+H,180,27,2016-12-21,False,21.4887,-50.9437,0.9299,18.3409,-50.9437,26.6591,-20.4964,14,1.0,0.5714,0,0,1,0
2016+,G+H,180,28,2016-12-28,True,18.6699,-50.7835,0.8416,11.6898,-50.7835,30.7247,-25.8701,14,1.0,0.625,2,0,1,0
2016+,G+H,180,29,2017-01-04,False,24.9609,-44.6688,1.0603,18.6094,-44.6688,37.0025,-15.8532,14,1.3949,0.7041,1,0,1,0
2016+,G+H,180,30,2017-01-11,False,26.6704,-63.8421,1.0377,14.081,-63.8421,51.8874,-37.9906,14,1.3871,0.7857,0,0,1,0
2016+,G+H,180,31,2017-01-18,False,27.9686,-39.8456,1.1213,28.4861,-39.8456,28.1848,-38.0766,14,1.4339,0.7821,1,0,1,0
2016+,G+H,180,32,2017-01-25,False,23.8542,-46.9101,1.0457,25.3465,-39.7729,21.4509,-46.9101,14,1.0,0.7088,1,0,1,0
2016+,G+H,180,33,2017-02-02,False,22.3294,-44.9526,0.9901,13.8257,-44.9526,38.3465,-38.0294,14,1.0,0.6429,0,0,0,0
2016+,G+H,180,34,2017-02-09,False,27.3584,-53.1734,1.1492,25.9459,-53.1734,30.5958,-50.2817,14,1.0,0.7006,2,0,1,0
2016+,G+H,180,35,2017-02-16,True,21.1152,-48.6139,0.8366,17.5343,-48.6139,28.6443,-28.496,14,1.4367,0.7817,1,0,0,0
2016+,G+H,250,0,2016-06-03,True,20.2665,-34.992,0.8448,17.9094,-33.3643,24.4538,-34.992,11,1.0,0.7273,0,0,1,0
2016+,G+H,250,1,2016-06-10,False,14.4517,-42.0116,0.7096,9.1189,-42.0116,24.3775,-34.5436,11,1.0,0.7222,1,0,0,0
2016+,G+H,250,2,2016-06-17,False,22.8528,-32.0563,0.9863,17.9076,-32.0563,32.9564,-31.8114,11,1.95,0.8045,2,0,2,0
2016+,G+H,250,3,2016-06-24,False,31.3427,-46.1716,1.1875,35.8468,-32.2732,24.3399,-46.1716,11,2.0,0.8182,0,0,1,0
2016+,G+H,250,4,2016-07-01,False,29.768,-38.5834,1.262,29.9143,-25.7486,29.9385,-38.5834,11,1.0,0.7121,1,0,1,0
2016+,G+H,250,5,2016-07-11,False,34.1171,-36.3496,1.2863,45.1224,-33.8511,17.4547,-33.3264,11,1.0,0.7227,1,0,1,0
2016+,G+H,250,6,2016-07-18,False,37.8516,-25.7375,1.4677,44.8176,-25.4056,27.6991,-25.7375,11,1.0,0.6818,2,0,1,0
2016+,G+H,250,7,2016-07-25,False,31.7806,-38.9915,1.165,34.5324,-38.9915,28.527,-30.0673,11,1.2,0.803,2,0,2,0
2016+,G+H,250,8,2016-08-01,False,17.4123,-43.7867,0.8558,14.0849,-43.7867,24.6095,-31.6302,11,1.0,0.6182,1,0,2,0
2016+,G+H,250,9,2016-08-08,False,26.6771,-37.3451,1.0582,16.4662,-37.3451,49.2144,-34.2614,11,1.0,0.7273,0,0,2,0
2016+,G+H,250,10,2016-08-16,True,50.7,-36.0906,1.6048,50.1727,-36.0906,54.574,-34.2693,10,1.8333,0.8909,1,0,1,0
2016+,G+H,250,11,2016-08-23,False,34.7695,-45.9422,1.2325,40.7939,-45.9422,27.3255,-31.4736,10,1.7348,0.8,0,0,0,0
2016+,G+H,250,12,2016-08-30,False,19.5909,-75.3879,0.7307,16.2386,-75.3879,27.5592,-46.0688,10,2.0,0.99,1,0,0,0
2016+,G+H,250,13,2016-09-07,False,7.357,-70.2913,0.4135,3.2292,-70.2913,14.6706,-33.664,10,1.0,0.7,0,0,0,0
2016+,G+H,250,14,2016-09-15,False,27.1277,-34.7568,1.0843,27.8349,-29.2923,27.7226,-34.7568,10,1.8611,0.8,0,0,2,0
2016+,G+H,250,15,2016-09-22,False,22.5808,-42.386,0.9379,27.2549,-42.386,15.0636,-29.8433,10,1.0,0.7,0,0,0,0
2016+,G+H,250,16,2016-09-29,False,11.9206,-50.5276,0.6354,22.6376,-50.5276,-3.9622,-39.8651,10,1.0,0.6,0,0,1,0
2016+,G+H,250,17,2016-10-06,False,21.1651,-38.7945,1.0194,23.8341,-38.7945,17.8657,-14.4925,10,1.0,0.5857,1,0,2,0
2016+,G+H,250,18,2016-10-17,False,25.5189,-41.3627,1.101,21.2661,-41.3627,34.8666,-18.8248,10,1.0,0.6,0,0,1,0
2016+,G+H,250,19,2016-10-24,False,25.2433,-45.6412,1.0036,25.3886,-45.6412,26.0282,-18.4161,10,1.4167,0.7,0,0,0,0
2016+,G+H,250,20,2016-11-01,True,12.2289,-56.8397,0.6656,16.4809,-56.8397,5.5301,-23.2751,10,1.0,0.4659,2,0,0,0
2016+,G+H,250,21,2016-11-08,False,18.6213,-45.3051,0.8697,12.6178,-45.3051,30.3993,-26.3214,10,1.0,0.6,0,0,0,0
2016+,G+H,250,22,2016-11-16,False,35.8204,-37.0058,1.3779,45.3934,-37.0058,22.4067,-33.9465,10,1.0,0.58,1,0,0,0
2016+,G+H,250,23,2016-11-23,False,12.5724,-69.9469,0.5841,-0.526,-69.9469,39.5864,-18.9172,10,1.0,0.6,0,0,0,0
2016+,G+H,250,24,2016-11-30,False,3.2303,-85.4433,0.2658,-4.7604,-85.4433,21.0956,-26.0411,10,1.0,0.6,0,0,0,0
2016+,G+H,250,25,2016-12-07,False,31.7069,-48.2357,1.1207,43.9654,-48.2357,13.936,-15.1261,10,1.0,0.5,0,0,1,0
2016+,G+H,250,26,2016-12-14,False,-4.8565,-86.207,0.0146,-14.4778,-86.207,13.1312,-26.1563,10,2.0,0.7,0,0,1,0
2016+,G+H,250,27,2016-12-21,False,6.0548,-62.1304,0.3583,6.7348,-62.1304,6.7108,-20.1054,10,1.0,0.5,0,0,0,0
2016+,G+H,250,28,2016-12-28,False,0.6366,-63.1759,0.1417,-0.0323,-63.1759,3.0135,-23.5655,10,1.0,0.4,0,0,0,0
2016+,G+H,250,29,2017-01-04,True,16.5486,-52.3397,0.7031,20.1582,-52.3397,12.0093,-25.1563,10,1.0,0.6923,0,1,0,0
2016+,G+H,250,30,2017-01-11,False,-0.6131,-61.6196,0.1137,1.4717,-58.1345,-3.4164,-31.0014,10,1.0,0.6,0,0,0,0
2016+,G+H,250,31,2017-01-18,False,3.0241,-68.5617,0.2468,6.574,-68.5617,-1.2307,-28.0908,10,1.0,0.5947,1,0,0,0
2016+,G+H,250,32,2017-01-25,False,1.5791,-68.9396,0.1834,6.9813,-68.9396,-6.4284,-28.6772,10,1.0,0.5,0,0,1,0
2016+,G+H,250,33,2017-02-02,False,8.1817,-56.749,0.4984,17.3853,-56.749,-4.9172,-31.7863,10,1.0,0.4,0,0,0,0
2016+,G+H,250,34,2017-02-09,False,7.3878,-23.4223,0.6398,12.3515,-23.4223,0.0,0.0,10,0.0,0.2,0,0,1,0
2016+,G+H,250,35,2017-02-16,False,5.5692,-23.8011,0.4997,9.2717,-23.8011,0.0,0.0,10,0.0,0.2,0,0,0,0
2016+,G+H,250,36,2017-02-23,False,8.4981,-22.9308,0.7413,14.2946,-22.9308,0.0,0.0,10,0.0,0.2,0,0,0,0
2016+,G+H,250,37,2017-03-03,False,9.5374,-32.4278,0.6584,11.088,-27.2235,7.1381,-32.4278,10,1.0,0.4,0,0,0,0
2016+,G+H,250,38,2017-03-10,False,-6.4516,-77.5532,-0.1692,-12.9976,-77.5532,6.2108,-25.871,10,1.0,0.5,0,0,1,0
2016+,G+H,250,39,2017-03-20,True,9.8663,-60.5388,0.5078,1.3461,-60.5388,26.351,-36.8125,10,1.375,0.8,0,0,1,0
2016+,G+H,250,40,2017-03-27,False,0.4568,-76.5113,0.1445,-8.5858,-76.5113,17.8672,-40.7085,10,1.0,0.69,1,0,0,0
2016+,G+H,250,41,2017-04-03,False,6.5709,-53.4821,0.4249,6.1987,-33.7504,8.6332,-53.4821,10,0.9748,0.5923,1,0,1,0
2016+,G+H,250,42,2017-04-11,False,24.5488,-33.7472,1.0843,14.3437,-31.4608,43.9488,-33.7472,10,1.9212,0.8,0,0,0,0
2016+,G+H,250,43,2017-04-19,False,14.3865,-62.6175,0.6626,2.0354,-62.6175,36.0653,-28.5451,10,1.3559,0.7757,2,0,2,0
2016+,G+H,250,44,2017-04-26,False,21.7273,-62.2959,0.8146,10.1039,-62.2959,41.666,-30.2446,10,1.875,0.8923,1,0,2,0
2016+,G+H,250,45,2017-05-04,False,25.5821,-44.7652,1.0358,12.9085,-44.7652,47.3884,-30.0525,10,1.3056,0.7944,1,0,2,0
2016+,G+H,250,46,2017-05-11,False,22.3458,-35.5249,0.8695,12.2849,-35.5249,39.1447,-30.499,10,1.4333,0.8,0,0,2,0
2016+,G+H,250,47,2017-05-18,False,7.1643,-70.553,0.3908,-4.1592,-70.553,26.6966,-35.5553,10,1.3543,0.7842,2,0,2,0
2016+,G+H,250,48,2017-05-25,False,11.2782,-32.8833,0.6898,0.67,-19.2421,29.2302,-32.8833,10,0.9247,0.4923,1,0,2,0
2016+,G+H,250,49,2017-06-01,True,20.8964,-32.5645,0.9424,12.6305,-31.0128,34.2848,-32.5645,10,1.0,0.7,0,0,0,0
2016+,B+H,30,0,2016-06-03,True,17.6353,-65.0184,0.7245,14.8464,-65.0184,25.5799,-42.1058,85,1.5,0.9873,1,1,4,0
2016+,B+H,30,1,2016-06-10,True,25.3104,-45.5052,0.9911,29.1347,-45.5052,20.3016,-39.7676,85,1.5,0.9627,4,0,6,0
2016+,B+H,30,2,2016-06-17,True,13.5279,-62.5298,0.6137,11.0373,-62.5298,18.9646,-47.5334,85,1.5036,0.9622,5,0,4,0
2016+,B+H,30,3,2016-06-24,True,9.3859,-57.784,0.4728,3.6155,-57.784,21.2345,-48.3287,85,1.5152,0.975,3,0,4,0
2016+,B+H,30,4,2016-07-01,True,20.4927,-47.6841,0.8098,12.5657,-47.6841,36.5911,-40.1883,85,1.4832,0.9494,6,0,3,0
2016+,B+H,30,5,2016-07-11,True,18.3908,-45.1599,0.7656,14.8719,-41.579,25.584,-45.1599,85,1.5321,0.9732,6,1,2,0
2016+,B+H,60,0,2016-06-03,True,19.5882,-62.5455,0.7809,15.8807,-62.5455,29.3514,-32.7652,43,1.8501,0.976,0,1,6,0
2016+,B+H,60,1,2016-06-10,False,20.6615,-44.9603,0.8451,24.2173,-44.5884,16.479,-44.9603,43,1.7778,0.9735,3,0,6,0
2016+,B+H,60,2,2016-06-17,True,7.086,-71.738,0.3919,2.3246,-71.738,17.6295,-47.6,43,1.8824,0.9735,3,0,4,0
2016+,B+H,60,3,2016-06-24,False,4.6612,-77.4501,0.307,-2.2962,-77.4501,19.7729,-44.7015,43,1.9756,0.9967,4,0,4,0
2016+,B+H,60,4,2016-07-01,True,22.3304,-48.5903,0.8875,18.9625,-48.5903,29.8717,-43.3996,43,1.8035,0.9217,6,0,0,0
2016+,B+H,60,5,2016-07-11,False,22.4827,-50.4433,0.8798,24.7616,-50.4433,19.9841,-43.3573,43,1.8571,0.95,3,1,0,0
2016+,B+H,60,6,2016-07-18,False,23.6868,-67.7636,0.908,21.3137,-67.7636,29.3731,-39.5581,42,1.8356,0.9985,1,0,2,0
2016+,B+H,60,7,2016-07-25,True,30.7405,-41.024,1.165,30.5521,-41.024,32.1213,-37.8644,42,1.8226,0.9494,3,0,2,0
2016+,B+H,60,8,2016-08-01,False,19.1141,-50.0344,0.8042,19.4612,-50.0344,19.462,-48.6298,42,1.7392,0.9507,2,0,2,0
2016+,B+H,60,9,2016-08-08,True,20.9306,-42.8069,0.8659,17.2937,-42.8069,28.454,-42.3982,42,1.7836,0.9524,0,0,2,0
2016+,B+H,60,10,2016-08-16,False,18.5958,-50.6862,0.7535,10.4202,-50.6862,34.9125,-38.4573,42,1.8177,0.9729,3,0,4,0
2016+,B+H,60,11,2016-08-23,True,23.0612,-39.3881,0.9031,16.7422,-39.3881,35.4844,-30.4712,42,1.8325,0.9961,2,1,4,0
2016+,B+H,90,0,2016-06-03,True,22.661,-72.618,0.8193,20.1407,-72.618,30.1877,-42.7074,29,1.9259,1.0,0,0,2,0
2016+,B+H,90,1,2016-06-10,False,30.957,-43.297,1.1517,35.9813,-41.577,24.4051,-43.297,29,1.8182,0.9647,1,0,2,0
2016+,B+H,90,2,2016-06-17,False,20.0955,-52.1327,0.8749,23.3466,-51.1171,15.4991,-52.1327,29,1.8931,0.8918,3,0,2,0
2016+,B+H,90,3,2016-06-24,True,19.3155,-52.8576,0.7986,22.4266,-52.8576,15.414,-45.5485,29,1.8904,0.9614,3,0,3,0
2016+,B+H,90,4,2016-07-01,False,15.3078,-46.3346,0.6992,16.954,-46.3346,13.966,-44.794,29,1.9,0.9235,4,0,1,0
2016+,B+H,90,5,2016-07-11,False,20.421,-41.6002,0.8496,23.2888,-41.5107,16.9048,-41.6002,29,1.8667,0.9596,4,0,1,0
2016+,B+H,90,6,2016-07-18,False,22.3753,-65.0244,0.9226,19.0045,-65.0244,30.0686,-34.2658,28,1.8977,0.9632,0,1,2,0
2016+,B+H,90,7,2016-07-25,True,29.2696,-47.8535,1.1516,31.1777,-47.8535,27.5546,-36.6197,28,1.8189,0.921,4,0,2,0
2016+,B+H,90,8,2016-08-01,False,20.5189,-61.9019,0.8363,19.8113,-61.9019,23.4747,-43.4217,28,1.8772,0.9985,1,0,2,0
2016+,B+H,90,9,2016-08-08,False,19.2868,-49.2506,0.7952,15.7866,-49.2506,27.3738,-41.9826,28,1.9041,0.9636,1,0,2,0
2016+,B+H,90,10,2016-08-16,True,20.407,-50.3106,0.813,12.2858,-50.3106,37.1605,-37.5049,28,1.9025,0.9587,3,0,3,0
2016+,B+H,90,11,2016-08-23,False,22.3659,-38.8642,0.9172,15.9412,-38.8642,35.6132,-36.0447,28,1.8732,0.9602,1,1,4,0
2016+,B+H,90,12,2016-08-30,False,19.5299,-63.1646,0.798,14.451,-63.1646,30.1505,-32.6062,28,1.8495,0.9978,1,0,6,0
2016+,B+H,90,13,2016-09-07,False,18.0437,-59.1926,0.7472,13.3054,-59.1926,27.544,-35.8881,28,1.8667,0.9991,1,0,7,0
2016+,B+H,90,14,2016-09-15,True,10.5309,-71.4813,0.5021,0.8817,-71.4813,29.9185,-39.0488,28,1.7946,0.9988,1,0,6,0
2016+,B+H,90,15,2016-09-22,False,16.676,-67.013,0.706,5.2952,-67.013,39.7187,-32.9676,28,1.8676,0.9991,1,0,5,0
2016+,B+H,90,16,2016-09-29,False,24.1364,-66.0715,0.9149,11.9521,-66.0715,48.5766,-33.6415,28,1.8756,0.9629,1,0,4,0
2016+,B+H,90,17,2016-10-06,True,25.1296,-54.6335,0.914,19.9089,-54.6335,35.2291,-32.6694,28,1.85,0.999,0,1,3,0
2016+,B+H,100,0,2016-06-03,True,23.5916,-68.9078,0.9075,21.4389,-68.9078,28.4629,-35.9791,26,1.8284,0.9959,1,1,0,0
2016+,B+H,100,1,2016-06-10,False,25.2337,-67.0211,0.966,23.5353,-67.0211,29.3069,-35.3625,26,1.9206,0.9967,3,0,0,0
2016+,B+H,100,2,2016-06-17,False,14.4674,-77.8002,0.618,11.5335,-77.8002,20.6688,-38.3085,26,1.9007,0.9916,4,0,0,0
2016+,B+H,100,3,2016-06-24,False,14.4276,-75.3834,0.6233,11.6738,-75.3834,20.2148,-41.6122,26,1.907,0.9973,1,0,1,0
2016+,B+H,100,4,2016-07-01,True,17.2528,-71.324,0.6957,14.8388,-71.324,24.4204,-43.3813,26,1.7861,0.9615,0,0,1,0
2016+,B+H,100,5,2016-07-11,False,17.351,-54.539,0.6909,19.9082,-54.539,14.5382,-43.1812,26,1.875,1.0,0,0,4,0
2016+,B+H,100,6,2016-07-18,False,12.6985,-65.0327,0.5839,7.8959,-65.0327,22.1847,-39.2668,26,1.8708,0.9615,0,0,4,0
2016+,B+H,100,7,2016-07-25,False,14.1378,-44.8912,0.6312,9.3715,-44.8912,23.7086,-34.651,26,1.8635,0.9559,4,0,6,0
2016+,B+H,100,8,2016-08-01,True,18.498,-40.2747,0.8381,16.7766,-40.2747,22.4401,-36.2145,26,1.8638,0.8799,2,0,6,0
2016+,B+H,100,9,2016-08-08,False,19.0821,-35.565,0.8217,16.7853,-35.565,24.5437,-32.4832,26,1.9661,0.922,0,1,5,0
2016+,B+H,100,10,2016-08-16,False,20.052,-54.5698,0.8553,14.3102,-54.5698,32.1761,-38.797,25,1.9259,0.9544,3,0,5,0
2016+,B+H,100,11,2016-08-23,True,25.9775,-36.6359,1.0316,21.9915,-33.4754,34.5035,-36.6359,25,1.9394,0.959,1,0,5,0
2016+,B+H,100,12,2016-08-30,False,19.8491,-45.2459,0.8002,18.0105,-42.3355,24.6217,-45.2459,25,1.8833,0.957,3,0,4,0
2016+,B+H,100,13,2016-09-07,False,24.7958,-48.9282,1.0206,23.3141,-42.7585,28.8625,-48.9282,25,1.8125,0.9183,1,0,4,0
2016+,B+H,100,14,2016-09-15,False,20.4944,-57.1016,0.8189,11.085,-57.1016,40.1017,-34.7894,25,2.0,0.9968,2,0,6,0
2016+,B+H,100,15,2016-09-22,True,29.7503,-45.3858,1.1231,25.9372,-45.3858,38.3877,-34.8135,25,1.8976,0.9948,3,0,5,0
2016+,B+H,100,16,2016-09-29,False,25.3241,-51.1544,1.0267,21.9042,-51.1544,32.7406,-41.6162,25,1.8095,0.956,2,0,4,0
2016+,B+H,100,17,2016-10-06,False,28.9575,-45.7195,1.1107,27.3583,-45.7195,33.1349,-38.175,25,1.8974,0.9539,3,0,3,0
2016+,B+H,100,18,2016-10-17,False,20.7305,-70.236,0.8052,12.4139,-70.236,37.476,-35.0955,25,1.9204,1.0,0,0,1,0
2016+,B+H,100,19,2016-10-24,True,23.9921,-65.9795,0.947,14.5353,-65.9795,42.5146,-34.7269,25,1.8235,0.9976,0,1,2,0
2016+,B+H,180,0,2016-06-03,True,22.8252,-58.8197,0.8383,18.293,-58.8197,34.274,-31.8684,15,2.0,1.0,0,0,3,0
2016+,B+H,180,1,2016-06-10,False,21.0722,-52.2489,0.8422,21.4073,-52.2489,22.8921,-34.143,15,1.9671,0.9983,1,0,2,0
2016+,B+H,180,2,2016-06-17,False,16.3517,-54.3501,0.7365,17.6847,-54.3501,15.7232,-38.2781,15,1.7959,0.9268,2,0,2,0
2016+,B+H,180,3,2016-06-24,False,15.5386,-61.7404,0.6564,13.1301,-61.7404,21.6256,-41.0615,15,1.8889,0.9898,3,0,3,0
2016+,B+H,180,4,2016-07-01,False,19.6702,-56.0041,0.8305,17.3558,-56.0041,25.6649,-36.679,15,1.8554,0.9215,3,0,3,0
2016+,B+H,180,5,2016-07-11,False,19.5688,-54.5154,0.8363,18.9212,-54.5154,22.6191,-38.5221,15,1.9512,0.929,2,0,2,0
2016+,B+H,180,6,2016-07-18,False,17.731,-67.6423,0.7608,12.8831,-67.6423,28.962,-30.0937,14,1.9821,0.9958,1,0,3,0
2016+,B+H,180,7,2016-07-25,True,18.1547,-48.0386,0.8,14.2396,-48.0386,26.6759,-35.4371,14,1.9416,0.9214,2,0,2,0
2016+,B+H,180,8,2016-08-01,False,14.854,-74.108,0.6565,11.8718,-74.108,21.3972,-37.1877,14,2.0,1.0,0,0,3,0
2016+,B+H,180,9,2016-08-08,False,25.7858,-39.1063,1.0068,28.5977,-31.5024,22.4816,-39.1063,14,2.0,0.9286,0,0,3,0
2016+,B+H,180,10,2016-08-16,False,14.1452,-70.1591,0.597,5.628,-70.1591,31.6147,-29.2906,14,2.0,0.997,1,0,3,0
2016+,B+H,180,11,2016-08-23,False,15.384,-64.4574,0.6618,6.1841,-64.4574,34.0076,-29.6444,14,1.9706,0.9958,0,1,5,0
2016+,B+H,180,12,2016-08-30,False,11.3133,-78.3149,0.5261,-0.1221,-78.3149,34.6163,-31.5138,14,2.0,1.0,0,0,5,0
2016+,B+H,180,13,2016-09-07,False,9.4059,-77.4428,0.4623,-0.9454,-77.4428,29.8894,-31.3347,14,1.9272,1.0,0,0,6,0
2016+,B+H,180,14,2016-09-15,True,-0.9736,-91.6893,0.1272,-15.6695,-91.6893,30.8045,-31.5746,14,1.9615,1.0,0,0,5,0
2016+,B+H,180,15,2016-09-22,False,8.5197,-84.3787,0.4294,-4.552,-84.3787,35.1454,-32.5264,14,1.913,0.9983,1,0,4,0
2016+,B+H,180,16,2016-09-29,False,4.6235,-92.5316,0.3088,-12.7335,-92.5316,42.417,-33.3532,14,2.0,0.9231,1,0,2,0
2016+,B+H,180,17,2016-10-06,False,26.142,-64.176,0.879,22.3017,-64.176,33.3056,-33.0344,14,1.8875,0.9981,0,1,3,0
2016+,B+H,180,18,2016-10-17,False,10.791,-91.3057,0.4738,-2.5078,-91.3057,37.7352,-31.6159,14,1.9306,1.0,0,0,2,0
2016+,B+H,180,19,2016-10-24,False,28.7102,-57.4959,1.092,24.6637,-57.4959,36.6193,-30.0412,14,1.834,0.9286,0,0,1,0
2016+,B+H,180,20,2016-11-01,False,29.2911,-33.7834,1.2491,31.5368,-25.2562,26.6114,-33.7834,14,1.8037,0.8543,1,0,1,0
2016+,B+H,180,21,2016-11-08,True,27.4052,-35.9358,1.1127,24.6541,-35.9358,33.5625,-34.1941,14,1.8153,0.9271,1,0,1,0
2016+,B+H,180,22,2016-11-16,False,23.8854,-38.8406,1.0142,20.3312,-38.8406,31.5833,-36.306,14,1.805,0.9256,1,0,2,0
2016+,B+H,180,23,2016-11-23,False,24.4041,-37.3135,0.9652,21.5436,-37.3135,30.6347,-30.7535,14,1.8516,0.9924,2,0,3,0
2016+,B+H,180,24,2016-11-30,False,21.3039,-53.9203,0.9207,15.2924,-53.9203,33.4513,-33.5678,14,1.6482,0.9264,0,1,3,0
2016+,B+H,180,25,2016-12-07,False,26.9292,-47.8044,1.1067,25.1673,-47.8044,31.3868,-36.9519,14,1.7073,0.9205,2,0,4,0
2016+,B+H,180,26,2016-12-14,False,26.1786,-44.0028,1.0397,19.8686,-44.0028,39.0081,-36.8361,14,1.8197,0.997,1,0,3,0
2016+,B+H,180,27,2016-12-21,False,25.9136,-42.1657,1.0382,14.9147,-42.1657,48.0082,-33.6108,14,1.8377,0.9986,1,0,3,0
2016+,B+H,180,28,2016-12-28,True,31.9547,-38.3667,1.2431,25.9455,-37.017,43.7919,-38.3667,14,1.8096,0.9204,2,0,3,0
2016+,B+H,180,29,2017-01-04,False,25.2593,-42.8563,1.0578,15.2091,-42.8563,44.7954,-35.7989,14,1.8601,0.9246,1,0,2,0
2016+,B+H,180,30,2017-01-11,False,26.6783,-54.6649,1.0424,19.9313,-54.6649,39.8234,-31.0318,14,1.8697,0.9955,1,0,3,0
2016+,B+H,180,31,2017-01-18,False,27.8819,-46.9469,1.084,24.4548,-46.9469,34.6071,-30.9145,14,1.9421,0.9981,1,0,3,0
2016+,B+H,180,32,2017-01-25,False,26.4174,-53.3903,1.035,20.3936,-53.3903,37.6399,-31.3501,14,1.8342,0.9977,1,0,3,0
2016+,B+H,180,33,2017-02-02,False,28.2867,-60.7198,1.0933,21.2691,-60.7198,41.3241,-32.3723,14,1.8987,1.0,0,0,2,0
2016+,B+H,180,34,2017-02-09,False,31.1218,-56.6504,1.1271,23.137,-56.6504,45.7607,-29.9039,14,1.8887,0.9933,2,0,3,0
2016+,B+H,180,35,2017-02-16,True,26.7687,-53.6965,1.0049,14.9833,-53.6965,48.7043,-31.209,14,1.8854,1.0,0,0,3,0
2016+,B+H,250,0,2016-06-03,True,16.1643,-58.7819,0.7164,4.8068,-58.7819,40.0859,-36.679,11,1.9131,1.0,0,0,2,0
2016+,B+H,250,1,2016-06-10,False,19.0861,-33.9557,0.8828,7.6444,-31.6938,42.6687,-33.9557,11,1.913,0.9071,1,0,2,0
2016+,B+H,250,2,2016-06-17,False,14.8628,-63.3901,0.6626,4.4387,-63.3901,36.7038,-31.2653,11,2.0,0.9928,2,0,4,0
2016+,B+H,250,3,2016-06-24,False,24.5489,-38.2273,1.0635,20.8099,-31.7302,31.8635,-38.2273,11,1.9167,0.9091,0,0,3,0
2016+,B+H,250,4,2016-07-01,False,17.0603,-74.0032,0.6862,8.7463,-74.0032,33.7115,-39.1628,11,1.9615,0.9965,1,0,3,0
2016+,B+H,250,5,2016-07-11,False,18.6296,-75.4754,0.7334,14.5758,-75.4754,26.4756,-39.8376,11,1.9863,0.9938,2,0,3,0
2016+,B+H,250,6,2016-07-18,False,17.8776,-76.4439,0.7167,9.9601,-76.4439,33.6348,-35.4498,11,2.0,0.9909,2,0,3,0
2016+,B+H,250,7,2016-07-25,False,12.4229,-73.2641,0.5534,2.1053,-73.2641,33.6132,-40.5421,11,2.0,0.9899,2,0,3,0
2016+,B+H,250,8,2016-08-01,False,17.4717,-71.6419,0.7065,4.5873,-71.6419,44.4474,-31.5138,11,1.9091,0.9917,1,0,2,0
2016+,B+H,250,9,2016-08-08,False,27.6681,-70.9922,0.9725,15.2419,-70.9922,53.8101,-31.3347,11,1.8947,1.0,0,0,2,0
2016+,B+H,250,10,2016-08-16,True,32.4823,-68.9486,1.0984,27.0211,-68.9486,44.1138,-31.5746,10,1.8671,0.9941,1,0,1,0
2016+,B+H,250,11,2016-08-23,False,27.7206,-75.2288,0.9684,20.0173,-75.2288,43.4951,-32.5264,10,1.8428,0.9976,1,0,0,0
2016+,B+H,250,12,2016-08-30,False,19.9892,-75.0195,0.7682,14.6857,-75.0195,31.2075,-38.3345,10,1.9804,0.9958,1,0,0,0
2016+,B+H,250,13,2016-09-07,False,19.2782,-69.4815,0.8192,14.2083,-69.4815,29.8986,-38.7453,10,1.95,1.0,0,0,1,0
2016+,B+H,250,14,2016-09-15,False,17.0836,-59.1218,0.7935,12.8577,-59.1218,26.3281,-35.3149,10,1.7012,0.9,0,0,3,0
2016+,B+H,250,15,2016-09-22,False,23.29,-57.4871,0.9573,18.699,-57.4871,33.3182,-28.7433,10,1.8881,1.0,0,0,1,0
2016+,B+H,250,16,2016-09-29,False,20.3775,-60.1765,0.9029,13.1,-60.1765,35.1229,-31.0466,10,1.8874,1.0,0,0,2,0
2016+,B+H,250,17,2016-10-06,False,26.8692,-41.9445,1.096,15.8189,-41.9445,49.3117,-33.3193,10,1.9143,0.9916,2,0,3,0
2016+,B+H,250,18,2016-10-17,False,14.8646,-63.5706,0.7044,7.0456,-63.5706,30.626,-33.201,10,1.8779,0.9,0,0,1,0
2016+,B+H,250,19,2016-10-24,False,21.1402,-43.3057,0.918,18.4265,-43.3057,26.8014,-32.9186,10,1.9649,0.9973,0,1,0,0
2016+,B+H,250,20,2016-11-01,True,13.4736,-72.9659,0.6225,8.2595,-72.9659,23.5986,-35.2926,10,1.904,0.9916,2,0,1,0
2016+,B+H,250,21,2016-11-08,False,24.775,-63.7742,0.9688,19.6436,-63.7742,34.7635,-35.3439,10,1.9722,1.0,0,0,1,0
2016+,B+H,250,22,2016-11-16,False,32.2238,-82.7275,1.0522,31.0481,-82.7275,35.1111,-37.3649,10,1.9321,0.9901,2,0,2,0
2016+,B+H,250,23,2016-11-23,False,18.2416,-67.4782,0.737,6.7519,-67.4782,40.6348,-32.7857,10,2.0,1.0,0,0,1,0
2016+,B+H,250,24,2016-11-30,False,12.2411,-84.1854,0.5109,1.9311,-84.1854,34.3627,-34.8713,10,2.0,1.0,0,0,2,0
2016+,B+H,250,25,2016-12-07,False,37.418,-47.4722,1.2161,41.0533,-47.4722,33.7223,-35.0418,10,2.0,0.9938,1,0,2,0
2016+,B+H,250,26,2016-12-14,False,7.2094,-84.9069,0.3782,0.6836,-84.9069,19.9932,-40.1823,10,2.0,1.0,0,0,2,0
2016+,B+H,250,27,2016-12-21,False,23.6464,-48.971,0.9656,25.776,-48.971,21.707,-36.5747,10,1.8095,0.8929,1,0,1,0
2016+,B+H,250,28,2016-12-28,False,26.6726,-50.6105,1.0699,28.4201,-50.6105,25.3377,-33.4926,10,1.9444,0.9,0,0,1,0
2016+,B+H,250,29,2017-01-04,True,17.2473,-59.6369,0.7584,13.794,-59.6369,24.1743,-33.2661,10,1.9706,0.8941,0,1,0,0
2016+,B+H,250,30,2017-01-11,False,19.1782,-64.0271,0.8218,12.6525,-64.0271,31.9159,-29.1643,10,1.95,0.9,0,0,1,0
2016+,B+H,250,31,2017-01-18,False,23.6917,-46.4051,0.9314,18.8659,-46.4051,33.4815,-28.0792,10,1.9887,0.9979,1,0,1,0
2016+,B+H,250,32,2017-01-25,False,17.1426,-58.4953,0.7177,14.314,-58.4953,23.1805,-40.3279,10,1.8296,0.8861,2,0,4,0
2016+,B+H,250,33,2017-02-02,False,15.754,-61.2677,0.7256,15.4812,-61.2677,17.9384,-29.293,10,1.9077,0.9,0,0,4,0
2016+,B+H,250,34,2017-02-09,False,22.8348,-46.3926,0.9415,15.7844,-46.3926,36.9739,-27.4858,10,2.0,1.0,0,0,6,0
2016+,B+H,250,35,2017-02-16,False,21.52,-42.1406,0.9242,20.5683,-42.1406,24.9376,-33.2943,10,2.0,1.0,0,0,4,0
2016+,B+H,250,36,2017-02-23,False,26.8868,-34.8115,1.1548,24.9543,-34.8115,31.8842,-28.0927,10,1.9574,0.9,0,0,4,0
2016+,B+H,250,37,2017-03-03,False,22.1514,-34.1744,0.9836,18.0509,-34.1744,30.8133,-28.11,10,1.9388,0.898,1,0,4,0
2016+,B+H,250,38,2017-03-10,False,16.2646,-71.8663,0.6946,9.7094,-71.8663,29.1572,-29.4491,10,2.0,1.0,0,0,4,0
2016+,B+H,250,39,2017-03-20,True,17.2756,-67.2604,0.7284,10.7828,-67.2604,30.0233,-27.937,10,2.0,1.0,0,0,6,0
2016+,B+H,250,40,2017-03-27,False,16.2448,-67.7902,0.72,12.6649,-67.7902,23.7569,-27.147,10,2.0,0.9958,1,0,4,0
2016+,B+H,250,41,2017-04-03,False,17.0142,-67.0158,0.7126,13.697,-67.0158,24.0939,-28.6958,10,2.0,0.9957,1,0,4,0
2016+,B+H,250,42,2017-04-11,False,21.8886,-65.959,0.8418,15.0213,-65.959,35.186,-29.2647,10,1.9302,1.0,0,0,4,0
2016+,B+H,250,43,2017-04-19,False,21.7473,-67.6678,0.8749,15.0544,-67.6678,34.7972,-30.2942,10,1.9251,0.9887,2,0,4,0
2016+,B+H,250,44,2017-04-26,False,14.7617,-67.5687,0.6277,1.6278,-67.5687,40.6083,-30.3617,10,1.8975,0.9958,1,0,3,0
2016+,B+H,250,45,2017-05-04,False,21.9916,-71.7092,0.8231,7.5292,-71.7092,49.3519,-32.1253,10,1.9574,1.0,0,0,5,0
2016+,B+H,250,46,2017-05-11,False,22.6149,-39.4751,1.0264,7.5717,-39.4751,50.8582,-29.3131,10,1.8318,0.9,0,0,4,0
2016+,B+H,250,47,2017-05-18,False,14.3047,-71.0904,0.6082,-0.3314,-71.0904,42.0199,-33.5135,10,1.9783,0.9932,2,0,4,0
2016+,B+H,250,48,2017-05-25,False,18.8508,-45.3401,0.8347,5.5675,-43.9792,43.3731,-33.2858,10,1.7993,0.8968,1,0,3,0
2016+,B+H,250,49,2017-06-01,True,17.5968,-38.1372,0.8352,4.1982,-38.1372,42.0476,-35.2235,10,1.7819,0.9,0,0,3,0
2016+,G+B+H,30,0,2016-06-03,True,12.9812,-56.4909,0.6717,8.7287,-56.4909,23.7094,-16.4608,85,1.0,0.6353,0,0,3,0
2016+,G+B+H,30,1,2016-06-10,True,14.8482,-47.2507,0.7739,12.6444,-47.2507,19.0786,-22.5541,85,1.0,0.6215,4,0,6,0
2016+,G+B+H,30,2,2016-06-17,True,12.8209,-44.6838,0.6634,10.544,-44.6838,16.8684,-36.8982,85,1.0,0.6803,4,0,4,0
2016+,G+B+H,30,3,2016-06-24,True,11.1014,-62.6565,0.5799,-0.2855,-62.6565,35.2533,-15.5026,85,1.0,0.6927,3,0,4,0
2016+,G+B+H,30,4,2016-07-01,True,19.2454,-32.8554,0.9484,12.098,-32.8554,33.7244,-21.5654,85,1.0,0.6431,7,0,2,0
2016+,G+B+H,30,5,2016-07-11,True,19.5099,-45.6906,0.9622,7.0388,-45.6906,45.577,-13.8021,85,1.0,0.6563,5,1,2,0
2016+,G+B+H,60,0,2016-06-03,True,15.1505,-55.2215,0.7461,9.9576,-55.2215,27.8123,-17.9197,43,1.0,0.6279,0,0,4,0
2016+,G+B+H,60,1,2016-06-10,False,15.1745,-40.1705,0.7905,17.3575,-40.1705,11.4028,-37.6499,43,1.0,0.5782,3,0,5,0
2016+,G+B+H,60,2,2016-06-17,True,10.1707,-52.373,0.541,10.4034,-52.373,11.3581,-37.0992,43,1.2855,0.6944,3,0,4,0
2016+,G+B+H,60,3,2016-06-24,False,7.3525,-79.9952,0.4174,-4.4734,-79.9952,31.5139,-19.2556,43,1.3846,0.7181,3,0,4,0
2016+,G+B+H,60,4,2016-07-01,True,19.6443,-40.7287,0.9429,15.0935,-40.7287,27.9083,-21.8648,43,1.0,0.6426,6,0,0,0
2016+,G+B+H,60,5,2016-07-11,False,24.808,-53.7256,1.0948,19.874,-53.7256,35.328,-14.2234,43,1.0,0.671,3,1,0,0
2016+,G+B+H,60,6,2016-07-18,False,16.704,-55.8925,0.808,18.8852,-55.8925,14.3716,-27.3233,42,1.0,0.6429,0,0,2,0
2016+,G+B+H,60,7,2016-07-25,True,22.418,-37.6815,1.0862,23.536,-37.6815,21.5152,-19.4403,42,1.0,0.6643,2,0,2,0
2016+,G+B+H,60,8,2016-08-01,False,23.3624,-36.0664,1.1469,22.4369,-36.0664,24.8875,-24.5731,42,1.0,0.6659,1,0,2,0
2016+,G+B+H,60,9,2016-08-08,True,21.3251,-36.088,1.0182,15.985,-36.088,32.0982,-23.8328,42,1.0,0.6667,0,0,2,0
2016+,G+B+H,60,10,2016-08-16,False,16.812,-40.344,0.8485,11.0116,-40.344,28.3326,-21.9863,42,1.0,0.6396,3,0,2,0
2016+,G+B+H,60,11,2016-08-23,True,14.9117,-49.3678,0.7532,3.3679,-49.3678,38.4839,-16.3418,42,1.0,0.6404,1,1,3,0
2016+,G+B+H,90,0,2016-06-03,True,16.7113,-75.2078,0.702,14.7235,-75.2078,23.1137,-29.8999,29,1.8,0.8276,0,0,2,0
2016+,G+B+H,90,1,2016-06-10,False,28.9586,-47.8247,1.2806,26.1492,-47.8247,34.7295,-18.5205,29,1.0,0.7233,1,0,2,0
2016+,G+B+H,90,2,2016-06-17,False,22.5982,-51.1171,1.0271,21.4772,-51.1171,25.5255,-21.4702,29,1.5217,0.7553,2,0,2,0
2016+,G+B+H,90,3,2016-06-24,True,20.1007,-52.8576,0.8797,18.9845,-52.8576,23.4873,-22.7094,29,1.5208,0.7545,3,0,3,0
2016+,G+B+H,90,4,2016-07-01,False,13.1832,-30.9318,0.7523,10.6738,-30.9318,19.2096,-19.6072,29,1.0,0.5787,4,0,0,0
2016+,G+B+H,90,5,2016-07-11,False,14.1607,-39.0728,0.7955,5.9419,-39.0728,31.3634,-18.035,29,1.0,0.5824,3,0,0,0
2016+,G+B+H,90,6,2016-07-18,False,11.7088,-40.1098,0.7264,12.1428,-40.1098,12.4277,-17.2054,28,1.0,0.4643,0,0,1,0
2016+,G+B+H,90,7,2016-07-25,True,16.6865,-36.7056,0.9306,21.6383,-36.2742,8.5948,-36.7056,28,1.0,0.4934,3,0,1,0
2016+,G+B+H,90,8,2016-08-01,False,16.9779,-45.1906,0.8512,19.2773,-44.2419,14.7623,-45.1906,28,1.0,0.6057,1,0,1,0
2016+,G+B+H,90,9,2016-08-08,False,17.5675,-39.7036,0.8878,14.7778,-39.7036,22.4325,-18.2882,28,1.0,0.5714,0,0,1,0
2016+,G+B+H,90,10,2016-08-16,True,17.8542,-37.0058,0.8881,15.0458,-37.0058,22.7343,-16.7238,28,1.0,0.6016,3,0,1,0
2016+,G+B+H,90,11,2016-08-23,False,17.8091,-39.4941,0.8784,11.3883,-39.4941,31.0461,-17.0792,28,1.0,0.6388,1,1,3,0
2016+,G+B+H,90,12,2016-08-30,False,16.6039,-46.5413,0.8349,16.5885,-46.5413,18.0063,-24.2644,28,1.0,0.6071,0,0,5,0
2016+,G+B+H,90,13,2016-09-07,False,14.524,-45.1922,0.7439,14.8048,-45.1922,15.016,-31.567,28,1.0,0.6419,1,0,7,0
2016+,G+B+H,90,14,2016-09-15,True,14.8073,-48.9164,0.7511,13.5932,-48.9164,16.8294,-36.8189,28,1.0,0.6774,1,0,6,0
2016+,G+B+H,90,15,2016-09-22,False,15.3418,-68.1651,0.7326,4.4048,-68.1651,37.4314,-27.9095,28,1.2179,0.7491,1,0,5,0
2016+,G+B+H,90,16,2016-09-29,False,15.2952,-67.1142,0.7151,10.3685,-67.1142,24.9394,-40.0809,28,1.5626,0.7466,2,0,4,0
2016+,G+B+H,90,17,2016-10-06,True,23.805,-59.1145,0.972,17.9505,-59.1145,35.1059,-13.9132,28,1.5163,0.749,0,1,3,0
2016+,G+B+H,100,0,2016-06-03,True,24.4707,-61.6144,1.0639,21.1705,-61.6144,30.4027,-19.2231,26,1.0,0.6893,1,0,0,0
2016+,G+B+H,100,1,2016-06-10,False,21.2397,-56.9156,0.9679,17.3723,-56.9156,29.3773,-35.3625,26,1.0,0.689,3,0,0,0
2016+,G+B+H,100,2,2016-06-17,False,19.8419,-52.9847,0.8436,19.8125,-52.9847,20.7701,-38.3085,26,1.7133,0.8017,3,0,0,0
2016+,G+B+H,100,3,2016-06-24,False,12.8592,-76.6617,0.6178,9.2577,-76.6617,20.25,-28.0783,26,1.5678,0.7665,1,0,1,0
2016+,G+B+H,100,4,2016-07-01,True,13.7165,-61.9929,0.6761,17.9814,-61.9929,9.1917,-31.3869,26,1.0,0.6538,0,0,1,0
2016+,G+B+H,100,5,2016-07-11,False,11.8016,-43.869,0.6185,17.0961,-43.869,3.5903,-38.3817,26,1.0,0.6154,0,0,3,0
2016+,G+B+H,100,6,2016-07-18,False,0.1102,-62.9044,0.1113,0.9602,-62.9044,-0.7334,-34.7254,26,1.0,0.6154,0,0,3,0
2016+,G+B+H,100,7,2016-07-25,False,8.1621,-51.847,0.4816,2.8309,-51.847,18.8503,-15.059,26,1.0,0.6116,2,0,4,0
2016+,G+B+H,100,8,2016-08-01,True,8.5543,-46.1796,0.5215,0.5027,-46.1796,24.8602,-23.6116,26,1.0,0.5722,2,0,4,0
2016+,G+B+H,100,9,2016-08-08,False,14.4622,-41.5181,0.7198,8.4102,-41.5181,27.0683,-20.976,26,1.0,0.6913,0,1,5,0
2016+,G+B+H,100,10,2016-08-16,False,11.8124,-52.8022,0.6282,8.317,-52.8022,19.5673,-30.3145,25,1.0,0.6744,3,0,5,0
2016+,G+B+H,100,11,2016-08-23,True,9.6125,-42.5596,0.5311,6.3794,-42.5596,16.6396,-36.0888,25,1.0,0.679,1,0,5,0
2016+,G+B+H,100,12,2016-08-30,False,12.6265,-39.2248,0.6519,13.0856,-37.0058,13.3256,-39.2248,25,1.0,0.7186,2,0,4,0
2016+,G+B+H,100,13,2016-09-07,False,15.1552,-42.7585,0.8375,12.1513,-42.7585,20.3539,-18.0908,25,1.0,0.5583,1,0,4,0
2016+,G+B+H,100,14,2016-09-15,False,20.2825,-39.9249,0.9879,19.8085,-39.9249,22.8084,-33.0898,25,1.0,0.6368,2,0,4,0
2016+,G+B+H,100,15,2016-09-22,True,31.769,-38.3682,1.4723,33.1719,-38.3682,29.3475,-13.4223,25,1.0,0.5573,2,0,3,0
2016+,G+B+H,100,16,2016-09-29,False,24.6583,-48.4712,1.1878,22.2371,-48.4712,28.7264,-14.6244,25,1.0,0.596,2,0,3,0
2016+,G+B+H,100,17,2016-10-06,False,31.3948,-44.0208,1.4022,28.462,-44.0208,37.9431,-14.0374,25,1.0,0.6339,3,0,2,0
2016+,G+B+H,100,18,2016-10-17,False,15.484,-59.0885,0.7548,14.1874,-59.0885,19.0568,-18.6907,25,1.0,0.56,0,0,1,0
2016+,G+B+H,100,19,2016-10-24,True,18.3653,-65.695,0.8531,4.6235,-65.695,46.3406,-16.6843,25,1.3559,0.7576,0,1,2,0
2016+,G+B+H,180,0,2016-06-03,True,17.7152,-58.8197,0.758,18.293,-58.8197,19.4475,-27.7513,15,1.8998,0.8667,0,0,3,0
2016+,G+B+H,180,1,2016-06-10,False,15.7544,-55.2459,0.7775,19.5563,-55.2459,10.5182,-33.5135,15,1.0,0.7317,1,0,2,0
2016+,G+B+H,180,2,2016-06-17,False,15.8589,-54.3501,0.7491,17.6847,-54.3501,14.3834,-33.2858,15,1.625,0.7935,2,0,2,0
2016+,G+B+H,180,3,2016-06-24,False,10.1045,-61.7404,0.5003,13.1301,-61.7404,6.5955,-35.2235,15,1.8,0.7898,3,0,3,0
2016+,G+B+H,180,4,2016-07-01,False,10.6789,-36.679,0.5933,14.3524,-32.2603,6.1826,-36.679,15,1.0,0.5882,3,0,3,0
2016+,G+B+H,180,5,2016-07-11,False,9.072,-39.8797,0.5302,10.3991,-39.8797,6.7883,-33.4971,15,1.0,0.5956,2,0,2,0
2016+,G+B+H,180,6,2016-07-18,False,8.1757,-29.9669,0.6072,16.3187,-26.1947,-4.5655,-29.8094,14,0.9527,0.3529,1,0,2,0
2016+,G+B+H,180,7,2016-07-25,True,3.011,-53.2656,0.2581,8.5809,-40.8496,-5.9091,-35.655,14,1.0,0.4949,1,0,2,0
2016+,G+B+H,180,8,2016-08-01,False,10.744,-43.3234,0.6286,13.3795,-43.3234,6.3385,-35.1523,14,1.0,0.5714,0,0,2,0
2016+,G+B+H,180,9,2016-08-08,False,15.165,-34.6546,0.7915,21.3517,-31.5024,5.2745,-34.6546,14,1.0,0.5714,0,0,2,0
2016+,G+B+H,180,10,2016-08-16,False,12.4468,-29.2906,0.693,14.5301,-25.3099,8.9499,-29.2906,14,1.0,0.5685,1,0,2,0
2016+,G+B+H,180,11,2016-08-23,False,10.6517,-29.6444,0.6181,7.9474,-29.0437,15.3632,-29.6444,14,1.0,0.5672,0,1,3,0
2016+,G+B+H,180,12,2016-08-30,False,10.2238,-31.5138,0.6481,9.5164,-26.7811,11.3995,-31.5138,14,1.0,0.4286,0,0,3,0
2016+,G+B+H,180,13,2016-09-07,False,9.5922,-31.3347,0.5835,9.3117,-25.3802,10.0375,-31.3347,14,1.0,0.5,0,0,5,0
2016+,G+B+H,180,14,2016-09-15,True,14.348,-31.5746,0.7603,16.1839,-25.8588,12.2185,-31.5746,14,1.0,0.6429,0,0,4,0
2016+,G+B+H,180,15,2016-09-22,False,11.9901,-62.7549,0.6026,2.8995,-62.7549,29.6118,-32.5264,14,1.753,0.784,1,0,3,0
2016+,G+B+H,180,16,2016-09-29,False,0.8467,-81.4966,0.1687,-9.9277,-81.4966,22.4676,-33.3532,14,1.0,0.7088,1,0,2,0
2016+,G+B+H,180,17,2016-10-06,False,27.4314,-39.0804,1.0876,28.7564,-39.0804,25.7238,-23.9368,14,1.0,0.7124,0,1,3,0
2016+,G+B+H,180,18,2016-10-17,False,3.962,-90.8523,0.29,-5.0023,-90.8523,21.4416,-31.6159,14,1.8014,0.7857,0,0,2,0
2016+,G+B+H,180,19,2016-10-24,False,27.565,-53.0409,1.1557,22.4111,-53.0409,37.503,-30.0412,14,1.0,0.7143,0,0,1,0
2016+,G+B+H,180,20,2016-11-01,False,29.3328,-29.1033,1.3738,30.154,-25.2562,28.9429,-29.1033,14,1.0,0.7143,0,0,1,0
2016+,G+B+H,180,21,2016-11-08,True,25.2671,-35.9358,1.1701,20.1872,-35.9358,35.6125,-27.1375,14,1.0,0.7128,1,0,1,0
2016+,G+B+H,180,22,2016-11-16,False,18.2397,-38.8406,0.9839,9.8555,-38.8406,35.0697,-14.028,14,1.0,0.5685,1,0,1,0
2016+,G+B+H,180,23,2016-11-23,False,13.7363,-39.8727,0.7912,3.6949,-39.8727,33.7198,-12.8054,14,1.0,0.5683,1,0,2,0
2016+,G+B+H,180,24,2016-11-30,False,17.3607,-53.9203,0.9213,8.7804,-53.9203,34.4988,-9.4303,14,1.0,0.5714,0,0,0,0
2016+,G+B+H,180,25,2016-12-07,False,18.5159,-39.9492,0.9995,20.316,-37.1455,15.6001,-39.9492,14,1.0,0.4919,2,0,0,0
2016+,G+B+H,180,26,2016-12-14,False,20.7182,-43.3997,0.9977,18.5807,-43.3997,26.0197,-41.5752,14,1.0,0.6399,1,0,1,0
2016+,G+B+H,180,27,2016-12-21,False,20.7405,-38.7286,1.0474,15.0692,-38.7286,30.3886,-18.7221,14,1.0,0.5714,0,0,1,0
2016+,G+B+H,180,28,2016-12-28,True,25.531,-37.0058,1.1567,23.8818,-37.0058,28.1376,-23.0105,14,1.0,0.6347,2,0,2,0
2016+,G+B+H,180,29,2017-01-04,False,23.6692,-38.0367,1.1365,16.7784,-38.0367,37.0738,-14.1047,14,1.263,0.7103,1,0,2,0
2016+,G+B+H,180,30,2017-01-11,False,26.117,-52.708,1.1076,19.2085,-52.708,39.5623,-30.6883,14,1.3333,0.7857,0,0,3,0
2016+,G+B+H,180,31,2017-01-18,False,28.4396,-43.1547,1.2152,25.9468,-43.1547,33.577,-31.9717,14,1.3327,0.7838,1,0,3,0
2016+,G+B+H,180,32,2017-01-25,False,25.2898,-41.663,1.1537,28.9306,-37.4151,19.6539,-41.663,14,1.0,0.712,1,0,3,0
2016+,G+B+H,180,33,2017-02-02,False,24.5987,-51.3398,1.0982,17.044,-51.3398,38.6429,-35.5301,14,1.0,0.7143,0,0,2,0
2016+,G+B+H,180,34,2017-02-09,False,29.8964,-47.5521,1.2003,28.9072,-47.5521,32.3977,-41.3991,14,1.2806,0.779,2,0,3,0
2016+,G+B+H,180,35,2017-02-16,True,20.3066,-53.6965,0.8873,17.474,-53.6965,25.7347,-31.0862,14,1.4493,0.7857,0,0,3,0
2016+,G+B+H,250,0,2016-06-03,True,19.6875,-36.679,0.9249,13.9337,-31.3,30.4371,-36.679,11,1.0,0.7273,0,0,2,0
2016+,G+B+H,250,1,2016-06-10,False,17.4157,-33.9557,0.8866,10.2993,-30.7157,30.9411,-33.9557,11,1.0,0.7253,1,0,2,0
2016+,G+B+H,250,2,2016-06-17,False,19.3518,-31.2653,0.9324,10.922,-30.0974,36.7038,-31.2653,11,1.8947,0.811,2,0,4,0
2016+,G+B+H,250,3,2016-06-24,False,26.3693,-38.2273,1.1477,23.5986,-31.7302,31.8635,-38.2273,11,1.8182,0.8182,0,0,3,0
2016+,G+B+H,250,4,2016-07-01,False,24.651,-36.4482,1.1759,21.4889,-29.0234,30.9801,-36.4482,11,1.0,0.7238,1,0,2,0
2016+,G+B+H,250,5,2016-07-11,False,30.1222,-35.0804,1.3043,33.6116,-33.6303,24.7611,-35.0804,11,1.0,0.7211,2,0,2,0
2016+,G+B+H,250,6,2016-07-18,False,29.7108,-30.5377,1.345,27.9208,-30.5377,33.5679,-29.9164,11,1.0,0.7182,2,0,2,0
2016+,G+B+H,250,7,2016-07-25,False,18.2584,-40.9498,0.8644,9.9842,-40.9498,34.9134,-29.6444,11,1.3373,0.8081,2,0,2,0
2016+,G+B+H,250,8,2016-08-01,False,17.2736,-43.3928,0.9022,11.9072,-43.3928,28.053,-31.5138,11,1.0,0.6281,1,0,2,0
2016+,G+B+H,250,9,2016-08-08,False,23.9849,-39.8876,1.0772,9.8438,-39.8876,54.2342,-31.3347,11,1.0,0.7273,0,0,2,0
2016+,G+B+H,250,10,2016-08-16,True,38.1553,-32.5792,1.4715,35.7536,-32.5792,44.1138,-31.5746,10,1.7611,0.8941,1,0,1,0
2016+,G+B+H,250,11,2016-08-23,False,27.6065,-47.2739,1.1812,28.6974,-47.2739,27.1523,-32.5264,10,1.6949,0.7976,1,0,0,0
2016+,G+B+H,250,12,2016-08-30,False,19.9892,-75.0195,0.7682,14.6857,-75.0195,31.2075,-38.3345,10,1.9804,0.9958,1,0,0,0
2016+,G+B+H,250,13,2016-09-07,False,5.6009,-69.4815,0.3577,0.5863,-69.4815,14.6107,-28.2667,10,1.0,0.7,0,0,1,0
2016+,G+B+H,250,14,2016-09-15,False,23.9473,-35.3149,1.0984,23.5814,-28.1085,26.3281,-35.3149,10,1.7012,0.8,0,0,3,0
2016+,G+B+H,250,15,2016-09-22,False,19.982,-46.0449,0.9505,23.6608,-46.0449,14.002,-27.8387,10,1.0,0.7,0,0,1,0
2016+,G+B+H,250,16,2016-09-29,False,9.7238,-51.5529,0.594,16.4449,-51.5529,-0.6742,-26.9081,10,1.0,0.6,0,0,2,0
2016+,G+B+H,250,17,2016-10-06,False,16.0507,-42.5388,0.9172,15.6279,-42.5388,18.0985,-8.0359,10,1.0,0.5944,1,0,3,0
2016+,G+B+H,250,18,2016-10-17,False,20.2642,-45.6665,1.0715,14.1737,-45.6665,32.6137,-13.8771,10,1.0,0.6,0,0,1,0
2016+,G+B+H,250,19,2016-10-24,False,21.1015,-45.5668,1.0123,17.6494,-45.5668,28.0793,-14.214,10,1.3182,0.6973,0,1,0,0
2016+,G+B+H,250,20,2016-11-01,True,16.3475,-51.0527,0.9121,17.9772,-51.0527,13.6638,-14.7542,10,1.0,0.4885,2,0,1,0
2016+,G+B+H,250,21,2016-11-08,False,16.503,-39.245,0.8665,11.8204,-39.245,25.6541,-35.3439,10,1.0,0.6,0,0,1,0
2016+,G+B+H,250,22,2016-11-16,False,34.049,-37.3649,1.4119,40.3364,-37.0058,25.2388,-37.3649,10,1.0,0.5941,1,0,2,0
2016+,G+B+H,250,23,2016-11-23,False,12.5471,-67.4782,0.635,1.5767,-67.4782,33.9546,-16.2706,10,1.0,0.6,0,0,1,0
2016+,G+B+H,250,24,2016-11-30,False,8.0643,-84.1854,0.4078,-2.2475,-84.1854,30.2071,-19.4761,10,1.0,0.6,0,0,1,0
2016+,G+B+H,250,25,2016-12-07,False,27.7954,-47.4722,1.094,35.1191,-47.4722,16.6827,-13.4223,10,1.0,0.5,0,0,1,0
2016+,G+B+H,250,26,2016-12-14,False,5.2394,-84.9069,0.3225,-4.4111,-84.9069,24.3167,-18.3526,10,1.7321,0.7,0,0,1,0
2016+,G+B+H,250,27,2016-12-21,False,16.7733,-48.971,0.8403,20.6871,-48.971,12.0585,-15.1007,10,1.0,0.4929,1,0,0,0
2016+,G+B+H,250,28,2016-12-28,False,13.5554,-50.6105,0.7219,20.2321,-50.6105,4.83,-23.2113,10,1.0,0.5,0,0,0,0
2016+,G+B+H,250,29,2017-01-04,True,11.6079,-59.6369,0.5923,13.794,-59.6369,9.258,-25.7017,10,1.0,0.6941,0,1,0,0
2016+,G+B+H,250,30,2017-01-11,False,6.9927,-64.0271,0.4186,12.6525,-64.0271,-0.2474,-21.3161,10,1.0,0.6,0,0,1,0
2016+,G+B+H,250,31,2017-01-18,False,3.9384,-65.1441,0.2907,8.4921,-65.1441,-1.5926,-27.3712,10,1.0,0.5979,1,0,1,0
2016+,G+B+H,250,32,2017-01-25,False,5.9798,-58.4953,0.4049,11.4867,-58.4953,-2.2072,-26.3994,10,1.0,0.4923,1,0,4,0
2016+,G+B+H,250,33,2017-02-02,False,8.0138,-55.8287,0.514,14.3978,-55.8287,-1.365,-29.293,10,1.0,0.4,0,0,2,0
2016+,G+B+H,250,34,2017-02-09,False,4.642,-23.3554,0.4715,7.6957,-23.3554,0.0,0.0,10,0.0,0.2,0,0,2,0
2016+,G+B+H,250,35,2017-02-16,False,5.5346,-22.548,0.5577,9.2131,-22.548,0.0,0.0,10,0.0,0.2,0,0,1,0
2016+,G+B+H,250,36,2017-02-23,False,6.1387,-21.2556,0.6252,10.2514,-21.2556,0.0,0.0,10,0.0,0.2,0,0,1,0
2016+,G+B+H,250,37,2017-03-03,False,11.3235,-24.9401,0.8362,9.9677,-22.73,13.4316,-24.9401,10,1.0,0.4,0,0,1,0
2016+,G+B+H,250,38,2017-03-10,False,-5.7956,-72.4657,-0.1639,-10.9089,-71.2954,4.3541,-29.4491,10,1.0,0.5,0,0,3,0
2016+,G+B+H,250,39,2017-03-20,True,11.1075,-62.0242,0.5688,1.358,-62.0242,30.0233,-27.937,10,1.4184,0.8,0,0,6,0
2016+,G+B+H,250,40,2017-03-27,False,4.4549,-68.6789,0.3106,-5.5381,-68.6789,23.7569,-27.147,10,1.0,0.6958,1,0,3,0
2016+,G+B+H,250,41,2017-04-03,False,5.1631,-64.3609,0.3341,-4.6696,-64.3609,24.0939,-28.6958,10,1.0,0.6957,1,0,3,0
2016+,G+B+H,250,42,2017-04-11,False,13.533,-65.959,0.6046,2.2856,-65.959,35.186,-29.2647,10,1.9117,0.9,0,0,4,0
2016+,G+B+H,250,43,2017-04-19,False,10.6473,-67.6678,0.5442,-1.0408,-67.6678,31.1055,-30.2942,10,1.1939,0.7887,2,0,3,0
2016+,G+B+H,250,44,2017-04-26,False,15.1801,-67.5687,0.6581,2.1647,-67.5687,38.1047,-30.3617,10,1.8299,0.8958,1,0,3,0
2016+,G+B+H,250,45,2017-05-04,False,28.3425,-37.6458,1.2473,18.3813,-37.6458,44.9046,-32.1253,10,1.2507,0.8,0,0,4,0
2016+,G+B+H,250,46,2017-05-11,False,20.9502,-39.4751,1.0071,7.9291,-39.4751,43.5075,-29.3131,10,1.3095,0.8,0,0,3,0
2016+,G+B+H,250,47,2017-05-18,False,14.5062,-68.0083,0.6367,2.3356,-68.0083,35.492,-33.5135,10,1.3031,0.7932,2,0,3,0
2016+,G+B+H,250,48,2017-05-25,False,19.1614,-33.2858,0.9461,10.9631,-25.2491,32.5026,-33.2858,10,1.0,0.5968,1,0,2,0
2016+,G+B+H,250,49,2017-06-01,True,20.3213,-35.2235,1.0103,12.2326,-30.5222,33.4034,-35.2235,10,1.0,0.7,0,0,2,0
2016+,EW market,30,0,2016-06-03,True,15.1156,-54.6332,0.841,13.2608,-54.6332,19.3985,-26.6684,85,0.3583,0.9997,20,2,46,0
2016+,EW market,30,1,2016-06-10,True,14.9661,-54.126,0.8353,13.2232,-54.126,18.9301,-26.6461,85,0.3452,0.9998,18,3,47,0
2016+,EW market,30,2,2016-06-17,True,14.6711,-54.5909,0.8208,12.8678,-54.5909,18.7717,-26.6122,85,0.3459,0.9997,19,2,46,0
2016+,EW market,30,3,2016-06-24,True,15.2321,-54.3856,0.8472,13.5578,-54.3856,19.1182,-26.5196,85,0.36,0.9996,25,3,46,0
2016+,EW market,30,4,2016-07-01,True,15.4486,-54.9168,0.8617,13.656,-54.9168,19.5487,-26.3917,85,0.3575,0.988,24,2,42,0
2016+,EW market,30,5,2016-07-11,True,14.1535,-55.4644,0.7948,11.8475,-55.4644,19.1883,-26.7192,85,0.3558,0.9997,23,1,45,0
2016+,EW market,60,0,2016-06-03,True,15.2413,-54.8458,0.8492,13.3289,-54.8458,19.6315,-26.6388,43,0.4361,0.9997,9,1,44,0
2016+,EW market,60,1,2016-06-10,False,14.9141,-54.4486,0.8348,13.0115,-54.4486,19.2069,-26.835,43,0.4228,0.9997,11,0,45,0
2016+,EW market,60,2,2016-06-17,True,14.9743,-53.3041,0.8367,13.1829,-53.3041,19.015,-26.982,43,0.4286,0.9996,11,0,48,0
2016+,EW market,60,3,2016-06-24,False,15.0104,-53.105,0.839,13.3317,-53.105,18.8271,-27.1507,43,0.4395,0.9996,12,0,44,0
2016+,EW market,60,4,2016-07-01,True,14.5547,-53.4138,0.8268,12.4761,-53.4138,19.0901,-27.0861,43,0.4574,0.9763,17,1,40,0
2016+,EW market,60,5,2016-07-11,False,14.3649,-54.3752,0.8075,11.9596,-54.3752,19.4928,-26.2687,43,0.4502,0.9996,9,2,38,0
2016+,EW market,60,6,2016-07-18,False,14.5849,-54.2397,0.8178,12.1199,-54.2397,19.8236,-26.2805,42,0.4303,0.9997,12,0,42,0
2016+,EW market,60,7,2016-07-25,True,14.0974,-54.6404,0.7948,11.6754,-54.6404,19.2299,-26.729,42,0.4362,0.9997,9,3,41,0
2016+,EW market,60,8,2016-08-01,False,13.977,-54.9359,0.7884,11.3639,-54.9359,19.4869,-26.3319,42,0.435,0.9997,11,4,46,0
2016+,EW market,60,9,2016-08-08,True,14.5216,-55.1245,0.8148,11.7051,-55.1245,20.4218,-25.501,42,0.4364,0.9994,13,5,42,0
2016+,EW market,60,10,2016-08-16,False,14.4912,-55.5582,0.8116,12.0619,-55.5582,19.6731,-26.6277,42,0.4352,0.9997,12,0,40,0
2016+,EW market,60,11,2016-08-23,True,14.3488,-55.6432,0.8046,11.8688,-55.6432,19.6228,-26.5104,42,0.4317,0.9995,17,1,43,0
2016+,EW market,90,0,2016-06-03,True,15.3181,-55.3763,0.855,13.4,-55.3763,19.7192,-26.7955,29,0.4627,0.9998,4,0,40,0
2016+,EW market,90,1,2016-06-10,False,15.0945,-54.5623,0.8453,13.1434,-54.5623,19.4589,-27.2574,29,0.477,0.9997,6,3,44,0
2016+,EW market,90,2,2016-06-17,False,15.0549,-53.5089,0.8426,12.9726,-53.5089,19.6694,-26.5922,29,0.4819,0.9994,10,0,48,0
2016+,EW market,90,3,2016-06-24,True,15.629,-53.0315,0.8688,13.8132,-53.0315,19.7815,-26.5282,29,0.4944,0.9996,8,1,43,0
2016+,EW market,90,4,2016-07-01,False,14.8864,-53.6442,0.8331,12.4104,-53.6442,20.2416,-26.0413,29,0.5108,0.9999,6,0,43,0
2016+,EW market,90,5,2016-07-11,False,14.6826,-54.669,0.8236,12.071,-54.669,20.278,-25.5276,29,0.509,0.9996,8,1,39,0
2016+,EW market,90,6,2016-07-18,False,15.2208,-53.7368,0.8477,12.8103,-53.7368,20.4315,-25.6818,28,0.5031,0.9998,4,1,38,0
2016+,EW market,90,7,2016-07-25,True,14.7573,-53.4594,0.827,12.1067,-53.4594,20.3531,-26.1013,28,0.5077,0.9995,9,0,37,0
2016+,EW market,90,8,2016-08-01,False,14.2679,-54.3983,0.8043,11.5188,-54.3983,19.9894,-26.6208,28,0.4916,0.9998,5,3,37,0
2016+,EW market,90,9,2016-08-08,False,14.2594,-54.538,0.8057,11.358,-54.538,20.2376,-26.2729,28,0.4891,0.9995,8,1,35,0
2016+,EW market,90,10,2016-08-16,True,14.3424,-53.9118,0.809,11.644,-53.9118,19.9287,-27.1802,28,0.476,0.9994,14,0,37,0
2016+,EW market,90,11,2016-08-23,False,14.3012,-53.952,0.8047,11.5652,-53.952,19.95,-27.1102,28,0.4784,0.9996,10,1,38,0
2016+,EW market,90,12,2016-08-30,False,14.1247,-53.8304,0.797,11.3065,-53.8304,19.9209,-26.6402,28,0.4883,0.9995,9,0,42,0
2016+,EW market,90,13,2016-09-07,False,13.5138,-54.533,0.7684,10.7719,-54.533,19.1404,-26.8132,28,0.4894,0.9997,7,0,41,0
2016+,EW market,90,14,2016-09-15,True,13.8572,-54.1457,0.7835,11.2896,-54.1457,19.1938,-26.5568,28,0.4843,0.9996,7,1,43,0
2016+,EW market,90,15,2016-09-22,False,14.0913,-54.554,0.7941,11.6891,-54.554,19.1473,-26.3313,28,0.4841,0.9996,8,2,44,0
2016+,EW market,90,16,2016-09-29,False,15.4853,-55.2087,0.8795,13.8307,-55.2087,19.2207,-26.4252,28,0.4984,0.9639,8,0,38,0
2016+,EW market,90,17,2016-10-06,True,13.9855,-55.5554,0.7906,11.4813,-55.5554,19.2169,-26.6168,28,0.4614,0.9996,7,1,41,0
2016+,EW market,100,0,2016-06-03,True,15.3067,-55.5392,0.8548,13.2496,-55.5392,19.8996,-26.4265,26,0.5065,0.9997,7,1,42,0
2016+,EW market,100,1,2016-06-10,False,15.4296,-55.1493,0.8619,13.3332,-55.1493,20.1137,-26.1139,26,0.4929,0.9993,10,1,40,0
2016+,EW market,100,2,2016-06-17,False,15.6795,-54.4795,0.8716,13.5635,-54.4795,20.3961,-26.3802,26,0.488,0.9995,8,0,42,0
2016+,EW market,100,3,2016-06-24,False,15.558,-54.5763,0.8658,13.563,-54.5763,20.0538,-26.9074,26,0.4899,0.9996,7,0,42,0
2016+,EW market,100,4,2016-07-01,True,14.9441,-54.0198,0.8379,12.7274,-54.0198,19.8517,-27.1348,26,0.4903,0.9994,10,0,41,0
2016+,EW market,100,5,2016-07-11,False,15.1315,-53.8627,0.8455,13.1087,-53.8627,19.5082,-26.8401,26,0.4897,0.9997,5,0,40,0
2016+,EW market,100,6,2016-07-18,False,14.9595,-53.5991,0.8375,12.8662,-53.5991,19.5018,-26.5012,26,0.4969,0.9998,6,0,43,0
2016+,EW market,100,7,2016-07-25,False,14.4848,-54.0521,0.8149,12.2002,-54.0521,19.3935,-26.2731,26,0.4808,0.9996,9,3,40,0
2016+,EW market,100,8,2016-08-01,True,15.0089,-53.0523,0.8596,12.7869,-53.0523,19.8051,-26.2156,26,0.5116,0.9609,11,0,42,0
2016+,EW market,100,9,2016-08-08,False,14.2928,-53.9792,0.8056,11.6296,-53.9792,19.9165,-26.4001,26,0.481,0.9996,6,1,41,0
2016+,EW market,100,10,2016-08-16,False,14.4149,-54.6066,0.8122,11.7191,-54.6066,20.0815,-26.6034,25,0.4978,0.9995,7,0,38,0
2016+,EW market,100,11,2016-08-23,True,13.8802,-54.5992,0.787,11.1691,-54.5992,19.5671,-26.7688,25,0.5074,0.9996,8,0,39,0
2016+,EW market,100,12,2016-08-30,False,13.9055,-53.9295,0.7865,11.1436,-53.9295,19.6689,-26.7467,25,0.5223,0.9998,3,2,39,0
2016+,EW market,100,13,2016-09-07,False,14.1841,-53.6994,0.8003,11.3818,-53.6994,19.9627,-26.6943,25,0.5179,0.9993,9,3,39,0
2016+,EW market,100,14,2016-09-15,False,14.4585,-54.0959,0.812,11.7147,-54.0959,20.0749,-26.4942,25,0.5207,0.9993,10,0,41,0
2016+,EW market,100,15,2016-09-22,True,14.2648,-54.1082,0.803,11.4959,-54.1082,19.9024,-26.7383,25,0.5028,0.9996,9,0,40,0
2016+,EW market,100,16,2016-09-29,False,14.9462,-54.1487,0.834,12.396,-54.1487,20.1767,-26.2212,25,0.4945,0.9997,6,1,37,0
2016+,EW market,100,17,2016-10-06,False,14.0481,-54.5275,0.7933,10.9207,-54.5275,20.3061,-25.5033,25,0.5019,0.9998,6,1,37,0
2016+,EW market,100,18,2016-10-17,False,14.1368,-54.4611,0.7958,11.4476,-54.4611,19.5981,-25.9936,25,0.5221,0.9999,3,0,40,0
2016+,EW market,100,19,2016-10-24,True,13.9858,-54.989,0.7885,11.2729,-54.989,19.462,-26.5253,25,0.5108,0.9995,8,1,43,0
2016+,EW market,180,0,2016-06-03,True,15.6711,-55.6386,0.8725,13.4909,-55.6386,20.5613,-26.746,15,0.6165,0.9995,4,0,40,0
2016+,EW market,180,1,2016-06-10,False,15.6623,-54.6427,0.8735,13.5113,-54.6427,20.3893,-26.3682,15,0.5974,0.9998,2,0,44,0
2016+,EW market,180,2,2016-06-17,False,15.5699,-54.8674,0.8692,13.4095,-54.8674,20.3292,-26.2389,15,0.5951,0.9992,7,0,46,0
2016+,EW market,180,3,2016-06-24,False,15.6548,-54.4235,0.8726,13.6701,-54.4235,20.0927,-26.6872,15,0.6088,0.9995,6,0,45,0
2016+,EW market,180,4,2016-07-01,False,14.9019,-54.9758,0.8362,12.2472,-54.9758,20.5802,-26.3796,15,0.614,0.9998,4,0,46,0
2016+,EW market,180,5,2016-07-11,False,14.9582,-55.0799,0.8387,12.3001,-55.0799,20.6339,-26.0428,15,0.6253,0.9995,4,0,45,0
2016+,EW market,180,6,2016-07-18,False,15.4556,-54.3626,0.862,13.0481,-54.3626,20.583,-26.1011,14,0.618,0.9996,4,1,41,0
2016+,EW market,180,7,2016-07-25,True,14.5577,-54.8332,0.8207,11.8101,-54.8332,20.2772,-26.46,14,0.6259,0.9996,4,0,39,0
2016+,EW market,180,8,2016-08-01,False,14.9545,-54.5964,0.8386,12.1675,-54.5964,20.7327,-26.6058,14,0.6106,0.9996,2,2,39,0
2016+,EW market,180,9,2016-08-08,False,15.4445,-54.7071,0.8611,12.5695,-54.7071,21.3212,-25.9065,14,0.616,0.9995,4,1,37,0
2016+,EW market,180,10,2016-08-16,False,15.0105,-54.2322,0.8408,12.4276,-54.2322,20.3601,-25.8992,14,0.6102,0.9998,6,0,36,0
2016+,EW market,180,11,2016-08-23,False,14.739,-54.2542,0.8273,12.0911,-54.2542,20.1761,-25.9028,14,0.591,0.9993,6,1,41,0
2016+,EW market,180,12,2016-08-30,False,14.5269,-53.7831,0.8175,12.0376,-53.7831,19.6279,-26.345,14,0.6112,0.9995,4,0,39,0
2016+,EW market,180,13,2016-09-07,False,14.3655,-53.6201,0.8106,11.759,-53.6201,19.6751,-26.6706,14,0.6178,0.9995,5,0,38,0
2016+,EW market,180,14,2016-09-15,True,14.9065,-52.7661,0.8357,12.7911,-52.7661,19.3089,-26.6836,14,0.6273,0.9995,3,0,37,0
2016+,EW market,180,15,2016-09-22,False,14.7214,-51.9217,0.8263,12.7004,-51.9217,18.9419,-26.9656,14,0.6165,0.9995,5,1,33,0
2016+,EW market,180,16,2016-09-29,False,16.4426,-52.5308,0.9473,15.1716,-52.5308,19.3705,-26.3282,14,0.5921,0.9282,4,0,32,0
2016+,EW market,180,17,2016-10-06,False,15.0272,-52.2782,0.842,12.7886,-52.2782,19.6309,-25.9718,14,0.5811,0.9994,4,1,32,0
2016+,EW market,180,18,2016-10-17,False,14.95,-52.5492,0.8376,12.4923,-52.5492,19.9875,-25.8972,14,0.5699,0.9996,4,0,33,0
2016+,EW market,180,19,2016-10-24,False,14.9035,-52.9033,0.8333,12.4142,-52.9033,20.0135,-26.5367,14,0.5853,0.9995,4,3,34,0
2016+,EW market,180,20,2016-11-01,False,14.9761,-51.9724,0.8364,12.6394,-51.9724,19.8156,-26.5317,14,0.5828,0.9997,3,0,35,0
2016+,EW market,180,21,2016-11-08,True,16.5584,-52.3942,0.9044,15.2038,-52.3942,19.7335,-26.8623,14,0.5872,0.9994,5,1,36,0
2016+,EW market,180,22,2016-11-16,False,16.6189,-53.0494,0.9136,14.9249,-53.0494,20.3651,-26.5786,14,0.6112,0.9997,3,0,37,0
2016+,EW market,180,23,2016-11-23,False,16.4561,-54.1918,0.907,14.731,-54.1918,20.2548,-26.4441,14,0.6225,0.9996,5,0,37,0
2016+,EW market,180,24,2016-11-30,False,16.0104,-52.8756,0.8871,13.8813,-52.8756,20.4878,-26.5204,14,0.6114,0.9997,3,0,40,0
2016+,EW market,180,25,2016-12-07,False,16.2854,-52.7478,0.902,14.0511,-52.7478,20.8905,-25.8235,14,0.5894,0.9994,7,0,36,0
2016+,EW market,180,26,2016-12-14,False,16.3365,-51.761,0.9051,14.3398,-51.761,20.4846,-26.246,14,0.5811,0.9996,4,0,37,0
2016+,EW market,180,27,2016-12-21,False,16.1226,-53.1102,0.896,14.1162,-53.1102,20.2672,-26.4033,14,0.6093,0.9997,3,0,37,0
2016+,EW market,180,28,2016-12-28,True,16.1899,-53.3835,0.8996,14.2833,-53.3835,20.1532,-26.9379,14,0.6025,0.9991,7,0,36,0
2016+,EW market,180,29,2017-01-04,False,15.5418,-53.8398,0.8668,12.9208,-53.8398,20.7127,-26.9534,14,0.5893,0.9998,2,0,38,0
2016+,EW market,180,30,2017-01-11,False,14.9394,-54.668,0.8393,12.0628,-54.668,20.5444,-27.0498,14,0.5789,0.9996,4,0,45,0
2016+,EW market,180,31,2017-01-18,False,14.5911,-54.687,0.8227,12.0451,-54.687,19.6044,-27.0545,14,0.586,0.9998,2,0,43,0
2016+,EW market,180,32,2017-01-25,False,14.2066,-54.6684,0.8037,11.3312,-54.6684,19.8047,-26.4603,14,0.6026,0.9996,4,1,43,0
2016+,EW market,180,33,2017-02-02,False,14.4747,-55.2635,0.8166,11.6724,-55.2635,19.9609,-26.4322,14,0.6125,0.9991,5,3,45,0
2016+,EW market,180,34,2017-02-09,False,14.1837,-56.6117,0.8015,10.8915,-56.6117,20.4925,-26.1723,14,0.6123,0.9996,4,0,43,0
2016+,EW market,180,35,2017-02-16,True,14.4842,-56.6115,0.8158,11.2538,-56.6115,20.6848,-26.3306,14,0.6102,0.9994,5,0,46,0
2016+,EW market,250,0,2016-06-03,True,16.116,-52.5101,0.8972,14.1968,-52.5101,20.3275,-25.983,11,0.7212,0.9993,4,1,39,0
2016+,EW market,250,1,2016-06-10,False,15.5062,-53.0965,0.8695,13.4518,-53.0965,19.9688,-26.6821,11,0.7281,0.9995,3,1,37,0
2016+,EW market,250,2,2016-06-17,False,15.8831,-52.145,0.8844,14.1787,-52.145,19.678,-26.9381,11,0.7058,0.9995,5,1,44,0
2016+,EW market,250,3,2016-06-24,False,15.8982,-52.7459,0.8817,14.1148,-52.7459,19.8252,-27.2418,11,0.722,0.9998,1,0,44,0
2016+,EW market,250,4,2016-07-01,False,14.9939,-53.7567,0.8389,12.6243,-53.7567,20.0087,-27.2389,11,0.7391,0.9996,4,0,43,0
2016+,EW market,250,5,2016-07-11,False,15.0281,-53.1171,0.8392,12.7311,-53.1171,19.8888,-26.7302,11,0.7192,0.9994,5,0,40,0
2016+,EW market,250,6,2016-07-18,False,14.9367,-53.282,0.8356,12.6673,-53.282,19.8012,-26.7728,11,0.689,0.9995,4,0,43,0
2016+,EW market,250,7,2016-07-25,False,15.1301,-52.4236,0.8471,12.7122,-52.4236,20.2849,-26.5667,11,0.6617,0.9996,2,0,44,0
2016+,EW market,250,8,2016-08-01,False,15.3391,-51.8575,0.8571,13.0292,-51.8575,20.2967,-26.8506,11,0.6628,0.9995,5,0,44,0
2016+,EW market,250,9,2016-08-08,False,15.273,-51.759,0.8529,13.2937,-51.759,19.6555,-27.5904,11,0.6711,0.9998,2,0,49,0
2016+,EW market,250,10,2016-08-16,True,15.0971,-52.6577,0.8449,12.9866,-52.6577,19.7029,-28.0116,10,0.6564,0.9996,2,1,41,0
2016+,EW market,250,11,2016-08-23,False,14.8576,-52.9736,0.8325,12.6213,-52.9736,19.6868,-28.3658,10,0.6472,0.9992,5,0,40,0
2016+,EW market,250,12,2016-08-30,False,15.008,-51.5323,0.84,12.5434,-51.5323,20.2356,-27.7805,10,0.6676,0.9999,1,0,41,0
2016+,EW market,250,13,2016-09-07,False,14.8861,-53.0818,0.837,12.4934,-53.0818,19.9269,-27.5339,10,0.6715,0.9989,5,2,40,0
2016+,EW market,250,14,2016-09-15,False,15.1259,-53.1477,0.8479,12.9342,-53.1477,19.7541,-27.2048,10,0.6836,0.9991,5,0,41,0
2016+,EW market,250,15,2016-09-22,False,14.6515,-54.2632,0.8223,12.2753,-54.2632,19.5863,-26.8682,10,0.6912,0.9997,2,0,39,0
2016+,EW market,250,16,2016-09-29,False,15.0913,-54.5408,0.8435,12.4205,-54.5408,20.5379,-26.3185,10,0.6711,0.9999,1,0,38,0
2016+,EW market,250,17,2016-10-06,False,14.3086,-54.3182,0.8069,11.3158,-54.3182,20.3254,-26.8902,10,0.6553,0.9996,4,0,38,0
2016+,EW market,250,18,2016-10-17,False,14.571,-53.1793,0.8629,11.7305,-53.1793,20.303,-26.6027,10,0.705,0.8996,2,0,37,0
2016+,EW market,250,19,2016-10-24,False,14.7138,-53.5913,0.8279,11.9821,-53.5913,20.2254,-26.6745,10,0.6406,0.9995,2,1,37,0
2016+,EW market,250,20,2016-11-01,True,15.1466,-53.9012,0.8493,12.6926,-53.9012,20.1942,-26.2395,10,0.6851,0.9993,4,0,38,0
2016+,EW market,250,21,2016-11-08,False,16.3474,-54.2516,0.9013,14.7422,-54.2516,19.9449,-25.7359,10,0.6822,0.9993,5,0,39,0
2016+,EW market,250,22,2016-11-16,False,16.192,-54.2528,0.9016,14.4655,-54.2528,19.9929,-25.7423,10,0.6996,0.9994,3,0,42,0
2016+,EW market,250,23,2016-11-23,False,15.7746,-53.9317,0.8828,13.9001,-53.9317,19.8322,-26.0279,10,0.7155,0.9996,2,0,43,0
2016+,EW market,250,24,2016-11-30,False,15.0171,-54.5031,0.8454,12.5956,-54.5031,20.0196,-26.2069,10,0.7185,0.9991,4,0,39,0
2016+,EW market,250,25,2016-12-07,False,15.8413,-54.2481,0.8858,13.6464,-54.2481,20.2792,-25.6876,10,0.7028,0.9997,2,0,39,0
2016+,EW market,250,26,2016-12-14,False,15.1748,-55.4708,0.8513,12.5227,-55.4708,20.4253,-25.8503,10,0.7186,0.9996,3,1,42,0
2016+,EW market,250,27,2016-12-21,False,15.7598,-55.7889,0.8767,12.8366,-55.7889,21.5091,-25.0949,10,0.7452,0.9995,3,1,38,0
2016+,EW market,250,28,2016-12-28,False,15.8219,-56.4613,0.8765,12.9683,-56.4613,21.4654,-25.603,10,0.7351,0.9999,1,0,38,0
2016+,EW market,250,29,2017-01-04,True,14.6802,-56.4701,0.8249,11.3097,-56.4701,21.2095,-25.4781,10,0.7442,0.9996,2,1,36,0
2016+,EW market,250,30,2017-01-11,False,14.8015,-56.1079,0.8307,11.6794,-56.1079,20.8784,-25.4631,10,0.7696,0.9996,3,1,39,0
2016+,EW market,250,31,2017-01-18,False,14.9444,-55.4139,0.8378,11.7674,-55.4139,21.1095,-25.8834,10,0.7386,0.9995,2,0,39,0
2016+,EW market,250,32,2017-01-25,False,14.7354,-54.9006,0.8286,11.4886,-54.9006,20.9782,-25.7254,10,0.7215,0.9995,4,0,36,0
2016+,EW market,250,33,2017-02-02,False,15.0183,-54.885,0.8413,12.1018,-54.885,20.708,-25.2858,10,0.7212,0.9997,2,0,37,0
2016+,EW market,250,34,2017-02-09,False,14.6729,-54.4674,0.8281,11.629,-54.4674,20.5061,-25.3915,10,0.7368,0.9993,6,0,35,0
2016+,EW market,250,35,2017-02-16,False,14.9274,-54.3598,0.8407,12.1843,-54.3598,20.2332,-25.753,10,0.7112,0.9991,7,0,33,0
2016+,EW market,250,36,2017-02-23,False,15.1336,-53.5513,0.8509,12.6869,-53.5513,19.9557,-25.09,10,0.7011,0.9996,3,0,33,0
2016+,EW market,250,37,2017-03-03,False,14.9781,-54.2454,0.8444,12.1985,-54.2454,20.3137,-25.1132,10,0.6712,0.9995,3,3,37,0
2016+,EW market,250,38,2017-03-10,False,14.7545,-54.0146,0.8354,11.9958,-54.0146,20.0441,-25.5503,10,0.6668,0.9992,4,0,41,0
2016+,EW market,250,39,2017-03-20,True,14.4172,-53.9692,0.8195,11.5429,-53.9692,19.873,-25.6424,10,0.67,0.9993,4,0,38,0
2016+,EW market,250,40,2017-03-27,False,14.3503,-53.5546,0.8187,11.2639,-53.5546,20.1589,-25.7992,10,0.6499,0.9998,3,0,37,0
2016+,EW market,250,41,2017-04-03,False,14.0243,-53.8288,0.8021,10.4165,-53.8288,20.6981,-26.1369,10,0.648,0.9992,4,0,37,0
2016+,EW market,250,42,2017-04-11,False,13.9312,-53.8762,0.793,10.0299,-53.8762,21.0848,-26.1235,10,0.6576,0.9999,1,0,40,0
2016+,EW market,250,43,2017-04-19,False,14.4147,-53.6783,0.8169,10.3485,-53.6783,21.833,-25.7052,10,0.6496,0.9982,8,2,37,0
2016+,EW market,250,44,2017-04-26,False,14.4436,-53.4606,0.8156,10.4817,-53.4606,21.5948,-26.2065,10,0.6564,0.9995,3,0,33,0
2016+,EW market,250,45,2017-05-04,False,14.9071,-53.1507,0.8339,10.9924,-53.1507,21.9371,-26.1789,10,0.667,0.9998,2,0,34,0
2016+,EW market,250,46,2017-05-11,False,14.5805,-52.6551,0.818,10.5824,-52.6551,21.7266,-26.2583,10,0.6655,0.9996,2,0,33,0
2016+,EW market,250,47,2017-05-18,False,14.8545,-52.5519,0.8278,11.3342,-52.5519,21.1443,-26.1935,10,0.6611,0.9999,1,0,30,0
2016+,EW market,250,48,2017-05-25,False,15.3279,-51.9351,0.8493,12.2735,-51.9351,20.8711,-25.9182,10,0.6898,1.0003,3,0,34,0
2016+,EW market,250,49,2017-06-01,True,14.6793,-52.5494,0.8197,11.4402,-52.5494,20.4854,-25.9272,10,0.7049,0.9995,4,0,34,0
