date,ic_E,pic_E,ic_G,pic_G,ic_H,pic_H,ic_P_H,pic_P_H,ic_F5_H,pic_F5_H
2019-01-01,,,,,,,,,,
2019-01-02,,,,,,,,,,
2019-01-03,,,,,,,,,,
2019-01-04,,,,,,,,,,
2019-01-07,,,,,,,,,,
2019-01-08,,,,,,,,,,
2019-01-09,,,,,,,,,,
2019-01-10,,,,,,,,,,
2019-01-11,,,,,,,,,,
2019-01-14,,,,,,,,,,
2019-01-15,,,,,,,,,,
2019-01-16,,,,,,,,,,
2019-01-17,,,,,,,,,,
2019-01-18,,,,,,,,,,
2019-01-21,,,,,,,,,,
2019-01-22,,,,,,,,,,
2019-01-23,,,,,,,,,,
2019-01-24,,,,,,,,,,
2019-01-25,,,,,,,,,,
2019-01-28,,,,,,,,,,
2019-01-29,,,,,,,,,,
2019-01-30,,,,,,,,,,
2019-01-31,,,,,,,,,,
2019-02-01,,,,,,,,,,
2019-02-04,,,,,,,,,,
2019-02-05,,,,,,,,,,
2019-02-06,,,,,,,,,,
2019-02-07,,,,,,,,,,
2019-02-08,,,,,,,,,,
2019-02-11,,,,,,,,,,
2019-02-12,,,,,,,,,,
2019-02-13,,,,,,,,,,
2019-02-14,,,,,,,,,,
2019-02-15,,,,,,,,,,
2019-02-18,,,,,,,,,,
2019-02-19,,,,,,,,,,
2019-02-20,,,,,,,,,,
2019-02-21,,,,,,,,,,
2019-02-22,,,,,,,,,,
2019-02-25,,,,,,,,,,
2019-02-26,,,,,,,,,,
2019-02-27,,,,,,,,,,
2019-02-28,,,,,,,,,,
2019-03-01,,,,,,,,,,
2019-03-05,,,,,,,,,,
2019-03-06,,,,,,,,,,
2019-03-07,,,,,,,,,,
2019-03-08,,,,,,,,,,
2019-03-11,,,,,,,,,,
2019-03-12,,,,,,,,,,
2019-03-13,,,,,,,,,,
2019-03-14,,,,,,,,,,
2019-03-15,,,,,,,,,,
2019-03-18,,,,,,,,,,
2019-03-19,,,,,,,,,,
2019-03-20,,,,,,,,,,
2019-03-22,,,,,,,,,,
2019-03-25,,,,,,,,,,
2019-03-26,,,,,,,,,,
2019-03-27,,,,,,,,,,
2019-03-28,,,,,,,,,,
2019-03-29,,,,,,,,,,
2019-04-01,,,,,,,,,,
2019-04-02,,,,,,,,,,
2019-04-03,,,,,,,,,,
2019-04-04,,,,,,,,,,
2019-04-05,,,,,,,,,,
2019-04-08,,,,,,,,,,
2019-04-09,,,,,,,,,,
2019-04-10,,,,,,,,,,
2019-04-11,,,,,,,,,,
2019-04-12,,,,,,,,,,
2019-04-15,,,,,,,,,,
2019-04-16,,,,,,,,,,
2019-04-18,,,,,,,,,,
2019-04-22,,,,,,,,,,
2019-04-23,,,,,,,,,,
2019-04-24,,,,,,,,,,
2019-04-25,,,,,,,,,,
2019-04-26,,,,,,,,,,
2019-04-30,,,,,,,,,,
2019-05-02,,,,,,,,,,
2019-05-03,,,,,,,,,,
2019-05-06,,,,,,,,,,
2019-05-07,,,,,,,,,,
2019-05-08,,,,,,,,,,
2019-05-09,,,,,,,,,,
2019-05-10,,,,,,,,,,
2019-05-13,,,,,,,,,,
2019-05-14,,,,,,,,,0.5272727272727272,0.434219866449216
2019-05-15,,,,,,,,,0.6121212121212121,0.47867290890672487
2019-05-16,,,,,,,,,0.34545454545454546,0.11316720278249101
2019-05-17,,,,,,,,,0.01818181818181818,-0.29315098498896436
2019-05-20,,,,,,,,,0.04242424242424241,0.21353038633349117
2019-05-21,,,,,,,,,-0.12727272727272726,0.13919646236980437
2019-05-22,,,,,,,,,-0.19999999999999998,-0.30525717427547594
2019-05-23,,,,,,,,,-0.1515151515151515,-0.16251015447229483
2019-05-24,,,,,,,,,-0.18787878787878787,0.11336137087647064
2019-05-27,,,,,,,,,0.07272727272727274,0.5042734131728305
2019-05-28,,,,,,,,,0.009090909090909092,0.20697247100644497
2019-05-29,,,,,,,,,-0.006060606060606061,0.1067010865745673
2019-05-30,,,,,,,,,0.09090909090909088,0.011188236228738694
2019-05-31,,,,,,,,,-0.13939393939393938,-0.17536310496483126
2019-06-03,,,,,,,,,-0.3939393939393939,-0.3832708774535481
2019-06-04,,,,,,,,,-0.33333333333333326,-0.3693898050232415
2019-06-06,,,,,,,,,-0.5272727272727272,-0.6345201841265933
2019-06-07,,,,,,,,,-0.5272727272727272,-0.6728384948943099
2019-06-10,,,,,,,,,-0.49090909090909085,-0.6640151126353535
2019-06-11,,,,,,,,,-0.3696969696969697,-0.5481185336752601
2019-06-12,,,,,,,,,-0.35757575757575755,-0.49573800826596526
2019-06-13,,,,,,,,,-0.23636363636363633,-0.49506823999753746
2019-06-14,,,,,,,,,-0.3939393939393939,-0.679112170042963
2019-06-17,,,,,,,,,-0.16363636363636364,-0.21186224316658117
2019-06-18,,,,,,,,,,
2019-06-19,,,,,,,,,,
2019-06-20,,,,,,,,,,
2019-06-21,,,,,,,,,,
2019-06-24,,,,,,,,,,
2019-06-25,,,,,,,,,,
2019-06-26,,,,,,,,,-0.18787878787878787,-0.2751723310627897
2019-06-27,,,,,,,,,-0.23636363636363633,-0.34668362571781797
2019-06-28,,,,,,,,,-0.16363636363636364,-0.24726445021020116
2019-07-01,,,,,0.3578132236660672,0.46885657357168226,0.3853373177942262,0.41560470999476773,0.18181818181818182,0.017251808721704908
2019-07-02,,,,,0.3698668696315507,0.5434780372389613,0.3698668696315507,0.45493685344713203,0.15454545454545454,0.04070562755752405
2019-07-03,,,,,0.18223281903128208,0.26139316086762154,0.2687934080711411,0.2859435785050558,-0.08181818181818183,-0.18460620656499876
2019-07-04,,,,,0.20005410523567121,0.24655824617940106,0.30000000000000004,0.2846310449793878,0.22727272727272727,0.14256880209470515
2019-07-05,,,,,0.08839599998785475,0.1074153594816972,0.08181818181818183,0.06890209154501142,0.05454545454545456,-0.025820715250824695
2019-07-08,,,,,0.20053213245300738,0.3172339530817411,0.10000000000000002,0.10473169805126799,0.2545454545454546,0.19781943194881849
2019-07-09,,,,,0.11009637651263607,0.21932071548507576,0.10045766829498909,0.11011300351175612,0.08181818181818183,-0.013023487693585944
2019-07-10,,,,,0.1926686588971131,0.39242845553652916,0.15454545454545454,0.2525726272167291,0.20909090909090913,0.10422118697958814
2019-07-11,,,,,0.1926686588971131,0.3350172468915841,0.11872269889407801,0.24530723635544516,0.13636363636363638,0.1403617589343627
2019-07-12,,,,,0.22936745106799178,0.33779009128745235,0.2191803671890671,0.35273577689564356,0.26363636363636367,0.26336988827319757
2019-07-15,,,,,0.24386910579748175,0.270986765019722,0.3039527718400323,0.3499250107410112,0.17575757575757575,0.17895921772800666
2019-07-16,,,,,0.08839599998785475,0.18313256047163215,0.086560589039859,0.24736366666798068,0.11818181818181818,0.15797071048670713
2019-07-17,,,,,0.0,0.058999810940026966,-0.07744894808829489,-0.013414361519162001,0.0,-0.014775874236782428
2019-07-18,,,,,0.10366046366424772,-0.001009338492870113,0.01818181818181818,-0.12300436070639058,0.18787878787878787,0.18932936389998212
2019-07-19,,,,,0.032186034291019204,0.035605547863773505,-0.10478387094298722,-0.1171033285090797,-0.009090909090909092,-0.009100315103865752
2019-07-22,,,,,0.027524094128159017,0.03752817903607791,-0.12300715284611541,-0.1396606761370478,-0.06363636363636364,-0.06329117043218058
2019-07-23,,,,,0.03669879217087869,0.08929137578766315,-0.054669845709384636,-0.030024954851136775,0.14545454545454548,0.15554870350722197
2019-07-24,,,,,0.3027650354097492,0.3543091007435992,0.30523997187739754,0.33074343925478206,0.05454545454545456,0.04028029974975273
2019-07-25,,,,,0.2512307368075871,0.32330827067669166,0.2935903373670295,0.3228383019486906,0.4000000000000001,0.4020382183189776
2019-07-26,,,,,0.15818231576774008,0.242470047399342,0.13334214206279385,0.1726941103508794,0.08181818181818183,0.07290237103034485
2019-07-29,,,,,0.14887747366375534,0.3031852376879433,0.10092167846991638,0.17726016941194694,0.11818181818181818,0.15043098737916583
2019-07-30,,,,,0.11927107455535574,0.4125908313426559,-0.03644656380625642,0.09824486575508548,0.19090909090909092,0.2353785738529868
2019-07-31,,,,,0.08257228238447704,0.15738113509922735,-0.027334922854692318,0.009040541904876633,0.18181818181818182,0.1947273147902357
2019-08-01,,,,,0.09118583155200968,0.19074274126659688,0.05471149893120582,0.12162007319556341,-0.06666666666666665,-0.06639183235952471
2019-08-02,,,,,-0.1106096491156406,-0.009274825038750678,-0.27397545898633385,-0.2170625873981026,-0.33636363636363636,-0.33918600259925774
2019-08-05,,,,,0.13794014696151086,0.2868456257766565,0.14545454545454548,0.27976132251850694,0.16363636363636366,0.17125099565049806
2019-08-06,,,,,0.13794014696151086,0.2733120831139363,0.10478387094298722,0.1843226624141815,0.13636363636363638,0.09841143931288446
2019-08-07,,,,,0.2896743086191728,0.34533890455453914,0.1138955118945513,0.13819159104393797,0.17272727272727276,0.17259764546812298
2019-08-08,,,,,0.1425381518602279,0.20843683501335278,0.11818181818181818,0.15763507437602678,0.15034207570080774,0.14095490042504086
2019-08-09,,,,,0.13242147184339473,0.2248688401771393,0.045454545454545456,0.09449410069113823,-0.10909090909090911,-0.11472725865975043
2019-08-13,,,,,0.26484294368678946,0.2771111737399057,0.1913444599828462,0.18871165357643327,0.28181818181818186,0.28540686697289586
2019-08-14,,,,,0.374433127281323,0.41484587518365806,0.30523997187739754,0.32220143741877166,0.27272727272727276,0.27047618247981864
2019-08-16,,,,,0.3105055201845118,0.3345303332270521,0.43636363636363645,0.4525415390267257,0.20000000000000004,0.19014278555568048
2019-08-19,,,,,0.009132515299544463,0.02667025263621167,0.10478387094298722,0.12213461790929482,-0.10909090909090911,-0.1172099575555501
2019-08-20,,,,,-0.03653006119817785,-0.03752107488162845,-0.07744894808829489,-0.07746181122541862,0.03636363636363637,0.03651483716701111
2019-08-21,,,,,-0.08219263769590017,-0.0803094218795919,-0.1412304347492436,-0.14336598509080312,0.02727272727272728,0.025876142691624422
2019-08-22,,,,,-0.17808404834111702,-0.15601309890822276,-0.16400953712815386,-0.1854990584950097,-0.018181818181818184,-0.02447815016204057
2019-08-23,,,,,-0.18678863950706415,-0.17899237727417158,-0.16400953712815386,-0.1767477187091254,0.0,-0.017662656644127875
2019-08-26,,,,,-0.3789993849310952,-0.36346959983433247,-0.39090909090909093,-0.4055637063271441,-0.19090909090909092,-0.20391498219681484
2019-08-27,,,,,-0.2465779130877005,-0.1897799006554951,-0.20956774188597443,-0.19344764061403655,-0.06363636363636364,-0.07205326880542468
2019-08-28,,,,,-0.26484294368678946,-0.2298616175363701,-0.19090909090909092,-0.17681006315391787,0.07272727272727274,0.03860374914928714
2019-08-29,,,,,-0.2876742319356506,-0.27269600667160443,-0.22727272727272727,-0.24144011484700245,0.07272727272727274,0.00620282743237587
2019-08-30,,,,,-0.2785417166361061,-0.2613008331377277,-0.1272727272727273,-0.1282110319096651,0.05454545454545456,0.019133916084369505
2019-09-03,,,,,-0.0915353377452523,-0.09067712381395232,0.16363636363636366,0.10131841745440603,0.22727272727272727,0.16748181703136011
2019-09-04,,,,,-0.04566257649772231,-0.028243186427178827,0.2545454545454546,0.2307645342276398,0.19090909090909092,0.15985734208339025
2019-09-05,,,,,-0.05479509179726678,-0.013106361763134318,0.10022805046720515,0.08149460144065095,0.27272727272727276,0.259374890849278
2019-09-06,,,,,-0.23780929899445064,-0.26495652043833773,-0.04242424242424241,-0.042462533059065666,0.06666666666666665,0.06880414929276485
2019-09-09,,,,,-0.6,-0.5991559848187649,-0.41945482513924454,-0.39754478716009484,-0.34545454545454546,-0.35382168323089136
2019-09-11,,,,,-0.8024353176576852,-0.8235372746732615,-0.709090909090909,-0.7428212636015273,-0.11515151515151514,-0.14562601368615533
2019-09-12,,,,,-0.7234075969792769,-0.693806623239655,-0.5227987675648555,-0.5986970195444508,0.0303030303030303,-0.08421237474615147
2019-09-13,,,,,-0.7538028741632801,-0.7361135124503781,-0.6322217654272672,-0.6769816732852134,-0.06666666666666665,-0.144256822615438
2019-09-16,,,,,-0.8181818181818182,-0.8104852000256461,-0.709090909090909,-0.7558389793626776,-0.11515151515151514,-0.1800205749557738
2019-09-17,,,,,-0.7575757575757575,-0.7407873473354332,-0.7333333333333332,-0.7800628364697075,-0.05454545454545454,-0.14936574323218058
2019-09-18,,,,,-0.8328305948416885,-0.8284124775535058,-0.709090909090909,-0.7558389793626776,-0.11515151515151514,-0.1800205749557738
2019-09-19,,,,,-0.8024353176576852,-0.7893107796190109,-0.7963562622208846,-0.8414349662237589,-0.06666666666666665,-0.17472835103779039
2019-09-20,,,,,-0.8328305948416885,-0.8283608198578216,-0.6930123197952736,-0.8213849929701837,-0.13939393939393938,-0.3400310250820083
2019-09-23,,,,,-0.5957474328064633,-0.5865796351119319,-0.6200636545536659,-0.7284870681306232,-0.13981827504641486,-0.20440579436179857
2019-09-24,,,,,-0.8181818181818182,-0.8062511917477736,-0.8085143730944859,-0.8880331078742802,-0.498482545817653,-0.6018566258694089
2019-09-25,,,,,-0.6606060606060605,-0.650523723280776,-0.7212121212121211,-0.7499596641539908,-0.3708223816448394,-0.44782567830106257
2019-09-26,,,,,-0.5531940447488588,-0.554300305323734,-0.44985010232324774,-0.47536109344505495,-0.16363636363636364,-0.20100277397870436
2019-09-27,,,,,-0.4863244349440517,-0.48842060259150316,-0.37690143708164003,-0.4014812353410715,-0.16363636363636364,-0.2149720510478029
2019-09-30,,,,,-0.36363636363636365,-0.38897834851634155,-0.24545454545454545,-0.3046225209705731,-0.1272727272727273,-0.2916916755984741
2019-10-01,,,,,-0.15034207570080774,-0.07203874384737437,-0.05454545454545456,-0.03000870967380625,0.14545454545454548,0.00497413685645035
2019-10-03,,,,,-0.12300715284611541,-0.06832905597066788,-0.050114025233602574,0.020672750998248363,-0.05454545454545456,-0.10759573758660093
2019-10-04,,,,,-0.07744894808829489,0.043103383548849905,0.004555820475782052,0.08628156948297433,0.06363636363636364,-0.048514422081785046
2019-10-07,,,,,0.2414584852164488,0.2691587476219,0.3599098175867821,0.3535099594480061,0.26423758759535904,0.1977739594509293
2019-10-09,,,,,-0.06833730713673078,-0.027068207067079693,0.03636363636363637,0.0607810776590974,0.07272727272727274,0.01794643474654057
2019-10-10,,,,,-0.06833730713673078,0.001068837480626497,0.045454545454545456,0.07989412889541216,0.13636363636363638,0.09022381606281703
2019-10-11,,,,,-0.08181818181818183,-0.08223036670302644,-0.02727272727272728,-0.027282875684194272,0.045454545454545456,0.04750928897408042
2019-10-14,,,,,0.16363636363636366,0.16809964083042334,0.30000000000000004,0.30490770342585855,0.4000000000000001,0.44422127502054054
2019-10-15,,,,,0.25968176711957697,0.2540211476791629,0.3486385256233475,0.33662407769236047,0.5363636363636364,0.5274989609097691
2019-10-16,,,,,0.25968176711957697,0.2603712652256392,0.3963563813930386,0.3931392246515716,0.45454545454545453,0.4541822107759501
2019-10-17,,,,,0.2505701261680129,0.25063453013148307,0.3690214585383462,0.3724676426273963,0.5363636363636364,0.5692759150686106
2019-10-18,,,,,0.13636363636363638,0.1279774734861294,0.2004561009344103,0.19262045179070353,0.36363636363636365,0.3622826109579538
2019-10-22,,,,,0.15945371665237182,0.15920137485370967,0.21818181818181823,0.2183922314783434,0.15454545454545454,0.15624415323912041
2019-10-23,,,,,0.13636363636363638,0.14677263893740047,0.16363636363636366,0.17291519211469428,0.07272727272727274,0.026562904813865584
2019-10-24,,,,,0.17272727272727276,0.174006775147451,0.23636363636363636,0.2419968514747238,0.20000000000000004,0.19285089602896854
2019-10-25,,,,,0.086560589039859,0.08814606354378701,0.2870166899742693,0.28710933762677293,0.16363636363636366,0.1948026464416073
2019-10-29,,,,,-0.018265030599088926,-0.012164516214194728,0.09132515299544462,0.09922549851654446,0.05922566618516668,0.1324023487339956
2019-10-30,,,,,-0.02727272727272728,-0.026749535238258185,0.004555820475782052,-0.002421557172296071,-0.009090909090909092,0.006136374492304235
2019-10-31,,,,,-0.05454545454545456,-0.07586133675881493,-0.06363636363636364,-0.08199642942244628,-0.018181818181818184,-0.04608622086012368
2019-11-01,,,,,-0.15214748343076964,-0.16057351252820584,-0.17331515708242978,-0.18038352073233355,0.11538461538461539,0.13143540071586018
2019-11-04,,,,,-0.14360792600936098,-0.10986840594083089,-0.04203158810030077,0.002692087999115552,0.2657342657342658,0.3090491975796166
2019-11-05,,,,,-0.21052761174675116,-0.2233651339268682,-0.1328671328671329,-0.13494603237841515,0.16783216783216784,0.18303161141824292
2019-11-06,,,,,-0.2651974176527183,-0.2424913653916031,-0.17881722556123708,-0.14077578691432105,0.30769230769230765,0.343694543066725
2019-11-07,,,,,-0.11065271522237792,-0.18328264336979336,-0.01100413695761459,-0.05417976755384839,0.09890109890109891,0.08818644072628325
2019-11-08,,,,,-0.09958744370014014,-0.1875016646852966,-0.02751034239403647,-0.08652796243995034,0.17032967032967034,0.1565396372409816
2019-11-11,,,,,-0.14364860122855577,-0.15605717931370786,-0.15934065934065936,-0.1611078032863294,0.19780219780219782,0.20305016460766584
2019-11-13,,,,,-0.060774408212081285,-0.05203938738940674,-0.12087912087912088,-0.11696747565094118,0.18131868131868134,0.17987665737192474
2019-11-14,,,,,-0.005524946201098298,-0.01609980357687168,-0.02200827391522918,-0.024449455364876783,0.24175824175824176,0.24062837394209663
2019-11-15,,,,,-0.011049892402196596,-0.03968073351654016,-0.14325123227581624,-0.14239277631240013,0.11538461538461539,0.12404545387082835
2019-11-18,,,,,-0.13001694038629405,-0.1192701135867716,-0.2613482527433465,-0.259336882935835,0.13186813186813187,0.1329927626022502
2019-11-19,,,,,-0.01659790728335669,-0.054838274810317306,-0.17881722556123708,-0.1885896201440068,0.13736263736263735,0.1390485019701672
2019-11-20,,,,,0.07182430061427789,0.0401242854197995,-0.14364860122855577,-0.1420093478236706,0.12087912087912088,0.12377524910925532
2019-11-21,,,,,0.027624731005491492,-0.01932075652871116,-0.2148768484137244,-0.2296343058367773,0.06593406593406594,0.08440477035056207
2019-11-22,,,,,0.0746905827751051,0.03701745736591207,-0.11845774976654036,-0.14465730384303796,0.17032967032967034,0.16501924665406473
2019-11-25,,,,,0.2545012450114692,0.22761808904401928,0.05785145918831041,0.035784618383619377,0.15384615384615383,0.1514794966960874
2019-11-26,,,,,0.16321275495300744,0.1252728003553486,0.02200827391522918,-0.007223702166098053,0.15384615384615383,0.14762918003867273
2019-11-27,,,,,0.22099784804393194,0.2143861918806,0.06639162913342676,0.05691354004333699,0.11538461538461539,0.11165708092813309
2019-11-28,,,,,0.28177225625601326,0.2423951983862451,0.21547290184283366,0.1845243991950963,0.25274725274725274,0.24457862357259585
2019-11-29,,,,,0.09944903161976938,0.052342493956066244,0.02751034239403647,-0.011797117541329097,0.12637362637362637,0.10448975752609449
2019-12-02,,,,,0.22099784804393194,0.19410681392975462,0.1404964008858967,0.11252680219977788,0.17032967032967034,0.13425974031599847
2019-12-03,,,,,0.11618535098349683,0.02627585289428188,0.04132247084879315,-0.029338903938921888,0.15934065934065936,0.053404586983455224
2019-12-04,,,,,0.2932296953393015,0.26103944011561486,0.25068965648267844,0.2223517163422759,0.26373626373626374,0.22624221217174337
2019-12-05,,,,,0.3756963416746843,0.28779125312651654,0.3108668690526121,0.24513201251620492,0.2912087912087912,0.1939480673562651
2019-12-06,,,,,0.24236334051323563,0.03458181329104393,0.2920121273314715,0.18221639334065468,0.3516483516483516,0.2844497428056766
2019-12-09,,,,,0.2651974176527183,0.10457778751071543,0.28532841215171306,0.1933062595174943,0.2692307692307692,0.15534364542062504
2019-12-10,,,,,0.2683328344142665,0.12510994671805672,0.319560441230667,0.23319219523453572,0.1868131868131868,0.0827526679838044
2019-12-11,,,,,0.06128728150909406,-0.17080145097690647,0.12947707532621852,0.016140372899432136,-0.1043956043956044,-0.22307201600417034
2019-12-12,,,,,0.00835735656942192,-0.11800568572814907,0.1652898833951726,0.12428627902181708,-0.08241758241758242,-0.12188277560749682
2019-12-13,,,,,-0.0753226723190944,-0.13888909991406947,0.07427792446389848,0.06174533154815394,-0.07692307692307691,-0.10486761851092931
2019-12-16,,,,,-0.10043022975879252,-0.16779381122018833,0.013774156949597716,-0.0010829299908543203,-0.06043956043956044,-0.08935447935839029
2019-12-17,,,,,-0.047425386274985354,-0.13629083834040948,0.05234179640847132,0.036626072958487146,-0.027472527472527472,-0.05656152762357135
2019-12-18,,,,,-0.07004147683506572,-0.1548496798206085,0.02766317880559448,0.019864680697057928,-0.049450549450549455,-0.06616557869480193
2019-12-19,,,,,-0.19078556275306807,-0.24637063422524502,-0.06085899337230786,-0.07097240684075942,-0.14285714285714285,-0.17057082503820997
2019-12-20,,,,,-0.23489855248313274,-0.24347574936333286,-0.11845774976654036,-0.08454222180369488,-0.08241758241758242,-0.08180976663222334
2019-12-23,,,,,-0.3943759765142393,-0.3733304281918581,-0.08391608391608392,0.023365233966353538,-0.02097902097902098,0.07398882651543301
2019-12-24,,,,,-0.3943759765142393,-0.4087317389672859,-0.08391608391608392,-0.0390612306598967,0.006993006993006993,0.052734741225823736
2019-12-26,,,,,-0.48625899626414265,-0.48724657073048405,-0.13636363636363638,-0.12480711461042476,-0.07272727272727274,-0.059951661917536855
2019-12-27,,,,,-0.3450789794499594,-0.48312225104327977,-0.01751316170845866,-0.03160938443986617,0.006993006993006993,0.0002582930909177366
2019-12-30,,,,,-0.21870338906000641,-0.2723205309108277,0.15061319069274445,0.19362659988921932,0.1958041958041958,0.23809457086268634
2019-12-31,,,,,-0.3396267367954419,-0.3134488559783487,0.10933969141876927,0.07478244562583869,0.13636363636363638,0.17279806373178136
2020-01-01,,,,,-0.40010821047134243,-0.4295098866860066,0.022831288248861156,0.023062923259795854,0.27272727272727276,0.27222715168562533
2020-01-02,,,,,-0.32566947363946475,-0.3302954138506076,0.11872269889407801,0.12999778547871324,0.45454545454545453,0.46123902302354686
2020-01-03,,,,,-0.4481274169454284,-0.44584652626145715,-0.10700568419582415,-0.10852202229524836,0.3454545454545455,0.3405638269410912
2020-01-06,,,,,-0.47708429822142295,-0.4850642400134536,-0.06833730713673078,-0.06896361051093157,0.2545454545454546,0.25418613847790394
2020-01-07,,,,,-0.42203610996510493,-0.4468960671515395,-0.04555820475782052,-0.0350085619616956,0.2545454545454546,0.25965421948503203
2020-01-08,,,,,-0.17431926281167376,-0.1522836970531436,0.2004561009344103,0.20687427723448773,0.5181818181818182,0.5146744184031613
2020-01-09,,,,,-0.14679516868351475,-0.05929281922034269,0.2779050490227052,0.3509912315889836,0.6181818181818182,0.5749175503366716
2020-01-10,,,,,-0.1284457725980754,-0.07120008550569136,0.12756297332189748,0.12892779264284907,0.5727272727272729,0.49851246337085736
2020-01-13,,,,,0.009132515299544463,-0.038133586259533454,0.3545454545454546,0.2555917708829859,0.33636363636363636,0.15271716775984048
2020-01-14,,,,,0.0867588953456724,0.11976591462665814,0.4090909090909091,0.4752931878933585,0.43636363636363645,0.336257923669184
2020-01-15,,,,,0.08219263769590017,0.11924630158713795,0.3272727272727273,0.3521050184800226,0.5090909090909091,0.4328063787497712
2020-01-16,,,,,0.018265030599088926,0.13089432648040852,0.19090909090909092,0.25974008737190074,0.4090909090909091,0.42604755340026373
2020-01-17,,,,,0.08070225116958794,0.10538075428790306,0.3076923076923077,0.3349228548947789,0.5034965034965035,0.4922168592220396
2020-01-20,,,,,0.02811989875378381,0.019521292468538117,0.3426573426573427,0.3229306906146542,0.4755244755244756,0.4484485293308751
2020-01-21,,,,,0.05623979750756762,0.014960581554605641,0.4125874125874127,0.34528670383486815,0.5034965034965035,0.4122172451458098
2020-01-22,,,,,0.03887144210071207,0.03199150931177788,0.3216783216783217,0.26951470057961147,0.4125874125874127,0.3434028346365212
2020-01-23,,,,,0.05623979750756762,0.03397772463503067,0.4125874125874127,0.3335898302218177,0.4895104895104896,0.42875281630835244
2020-01-24,,,,,0.017574936721114886,-0.01864292991579092,0.37762237762237766,0.27913216846663763,0.43356643356643365,0.333445954685446
2020-01-27,,,,,0.03163488609800679,0.013783733271067728,0.32867132867132864,0.2570035769681494,0.3846153846153847,0.2823462196578911
2020-01-28,,,,,0.06338185336835989,0.024234407346662826,0.3537658665108649,0.3294084205317186,0.44755244755244755,0.4216573242477557
2020-01-29,,,,,-0.21052761174675116,-0.27047808903711973,0.0979020979020979,0.0796363482137864,0.18881118881118883,0.13569546536484206
2020-01-30,,,,,-0.3017562435036767,-0.37726471197240424,0.006993006993006993,0.0021463251801645687,0.06293706293706294,0.014114650369162594
2020-01-31,,,,,-0.38528955758609046,-0.4778045134894148,-0.21366057284319562,-0.22501130779871856,0.11188811188811189,0.01951128117439269
2020-02-03,,,,,-0.4140376364352773,-0.38678506036155,-0.20979020979020982,-0.16525048268861647,0.18181818181818185,0.26861143497839296
2020-02-04,,,,,-0.3450789794499594,-0.2841474633639376,-0.1225921319592106,-0.05559621923086416,0.09090909090909093,0.1814635009939532
2020-02-05,,,,,-0.28772106938722664,-0.2389192103306999,-0.0979020979020979,-0.02781208153910472,0.06293706293706294,0.12161067997019057
2020-02-06,,,,,-0.3052650370327892,-0.34468808261369266,-0.17482517482517487,-0.19558062127805714,0.1398601398601399,0.12193900655956738
2020-02-07,,,,,-0.3052650370327892,-0.3116550073187872,-0.17482517482517487,-0.1757451181911614,-0.034965034965034975,-0.03497872191959952
2020-02-10,,,,,-0.33684417879480183,-0.3178604372688568,-0.1786342494262783,-0.17109127136419852,0.0979020979020979,0.11745752290325988
2020-02-11,,,,,-0.2350891664505388,-0.2627459712088667,-0.10858160259244368,-0.12113789314372647,0.15384615384615385,0.1285049060424839
2020-02-12,,,,,-0.277194688799889,-0.2980354928603914,-0.1225921319592106,-0.14120257727081809,0.17482517482517487,0.15754755511658164
2020-02-13,,,,,-0.27768400019361517,-0.2562743809052134,-0.1188811188811189,-0.07685068422826836,-0.1258741258741259,-0.08312784603577256
2020-02-14,,,,,-0.31579141762012675,-0.2931186914893316,-0.18181818181818185,-0.132877975207752,-0.0979020979020979,-0.045116917704406206
2020-02-17,,,,,-0.3993000869528574,-0.3283193192458791,-0.3706293706293707,-0.3035467223632754,-0.1258741258741259,-0.019177335306958202
2020-02-18,,,,,-0.4771959199593026,-0.3301688903422267,-0.4055944055944056,-0.2906959448153796,-0.2027972027972028,-0.17852466632806016
2020-02-19,,,,,-0.49737379252022584,-0.3445619633756405,-0.3706293706293707,-0.2465406996997445,-0.1398601398601399,-0.0703344361006826
2020-02-20,,,,,-0.4763579984700754,-0.2176796244981867,-0.39860139860139865,-0.2743788466580994,-0.11188811188811189,-0.19235894152112273
2020-02-24,,,,,-0.4378290427114664,-0.2774755859873811,-0.34965034965034975,-0.23228233109940466,-0.16783216783216784,-0.31052473178008566
2020-02-25,,,,,-0.3712790282193235,-0.29891779274672725,-0.29422111670210543,-0.3814896499878028,-0.0979020979020979,-0.2774072985175078
2020-02-26,,,,,-0.3403529723239144,-0.31280951119153816,-0.29422111670210543,-0.3256848983928754,-0.08391608391608392,-0.18063117222025687
2020-02-27,,,,,-0.43859919113906487,-0.48754323685112616,-0.34965034965034975,-0.4702230780008847,-0.2867132867132868,-0.5464044554436511
2020-02-28,,,,,-0.3894760817314897,-0.3650642102221614,-0.35664335664335667,-0.46085759154311223,-0.2027972027972028,-0.4640649128517629
2020-03-02,,,,,-0.38528955758609046,-0.45853896936314165,-0.3117342784105641,-0.50346960576168,-0.1188811188811189,-0.5434311918885962
2020-03-03,,,,,-0.3082316460688724,-0.32610634490352175,-0.3636363636363637,-0.3515948624704715,-0.09090909090909093,-0.46805536999791636
2020-03-04,,,,,-0.2575056032480721,-0.2695897641252814,-0.33275007246071453,-0.34515320789155324,0.06293706293706294,-0.3189740066840396
2020-03-05,,,,,-0.31963803548405617,-0.396124244740225,-0.4000000000000001,-0.4459516446760648,-0.09090909090909091,-0.5109780870522315
2020-03-06,,,,,-0.22831288248861156,-0.2608892293266963,-0.3105055201845118,-0.31790301171118696,-0.05454545454545456,-0.45054794040653917
2020-03-09,,,,,-0.21150822534098335,-0.3189862696363494,-0.22831288248861156,-0.29692368615371273,-0.07272727272727274,-0.38037478220526283
2020-03-11,,,,,0.21412356236175645,-0.1306861985254559,0.14578625522502567,-0.2214736195471092,0.09090909090909091,-0.2816689580306055
2020-03-12,,,,,-0.027524094128159017,-0.4901424018492032,-0.09589141064521686,-0.4745561969250556,-0.018181818181818184,-0.423630555957793
2020-03-13,,,,,0.050114025233602574,-0.29311210106404617,-0.13636363636363638,-0.44671062534822514,0.02727272727272728,-0.36827918870671855
2020-03-16,,,,,0.11009637651263607,-0.4232073695151591,-0.17767699855550007,-0.5762485790340354,-0.10000000000000002,-0.5782288350902272
2020-03-17,,,,,0.1767919999757095,-0.3655033493768117,-0.04566257649772231,-0.5133568971606989,-0.02727272727272728,-0.5295863341416663
2020-03-18,,,,,0.03644656380625642,-0.16763210815243754,-0.07272727272727274,-0.2361872558206195,-0.08181818181818183,-0.3852516055723382
2020-03-19,,,,,0.2687934080711411,0.0856055158483877,0.22727272727272727,0.01370327928065132,0.19090909090909092,-0.12585578635908332
2020-03-20,,,,,0.12300715284611541,0.04559826696089634,0.0,-0.12728457811433364,-0.045454545454545456,-0.2513603994588108
2020-03-23,,,,,0.02739754589863339,-0.1438332960583065,0.02727272727272728,-0.11467310811467539,0.045454545454545456,-0.154732906348284
2020-03-24,,,,,-0.018265030599088926,0.1576150701568533,-0.1272727272727273,-0.03750115728434061,-0.08181818181818183,0.059352068677337014
2020-03-25,,,,,0.09196009797434057,0.1978903033380612,0.0,0.052603941798510044,-0.05454545454545456,-0.004320954725360002
2020-03-26,,,,,-0.041002384282038465,-0.08172103753299706,-0.10909090909090911,-0.1639812044557891,-0.09090909090909091,-0.15408812540421102
2020-03-27,,,,,-0.13698772949316693,-0.27007293222531986,-0.14545454545454548,-0.2470635589126508,-0.20909090909090913,-0.41407759974149916
2020-03-30,,,,,0.0730601223963557,0.2912496163331303,0.0,0.19025485853694027,0.045454545454545456,0.23808861085822053
2020-03-31,,,,,0.1284457725980754,0.36064226080541056,0.013667461427346159,0.16735126872562103,0.1272727272727273,0.3611575592573075
2020-04-01,,,,,0.22936745106799178,0.33731806467192044,0.16400953712815386,0.2332781260949719,-0.009090909090909092,0.032482438498516016
2020-04-03,,,,,0.0917469804271967,0.2244266162990941,0.027334922854692318,0.10615561172079609,-0.10909090909090911,-0.034385919538777635
2020-04-07,,,,,0.16283473681973237,0.4814336608477578,0.20501192141019234,0.4285329788390068,-0.1272727272727273,0.13897821752037176
2020-04-08,,,,,-0.06513389472789297,0.26226661613419056,0.06378148666094874,0.3110758471045408,-0.22727272727272727,0.058701075772104254
2020-04-09,,,,,0.07443873683187767,0.1966055447534124,0.29157251045005134,0.39759784485630595,0.07272727272727274,0.2080788977218335
2020-04-13,,,,,0.30705978943149537,0.5352284380566986,0.36446563806256416,0.6063809350800544,0.24545454545454545,0.4786799576562347
2020-04-15,,,,,0.3117122104834878,0.6135341220117987,0.39180056091725646,0.6185061592506921,0.29090909090909095,0.5909751805596841
2020-04-16,,,,,0.27524094128159016,0.448380495319127,0.15454545454545454,0.27571062139356545,0.10000000000000002,0.2225816639404319
2020-04-17,,,,,0.3302891295379082,0.34691381594834614,0.4272727272727273,0.4453581022509904,0.3181818181818182,0.32883238173127366
2020-04-20,,,,,0.521139683250959,0.42203895095599187,0.5113843218869928,0.42283156770521735,0.5244755244755246,0.4220943873019316
2020-04-21,,,,,0.535224539555039,0.574722120794071,0.6655001449214291,0.6899473424378346,0.5454545454545455,0.6100586559183677
2020-04-22,,,,,0.3302891295379082,0.3807671589285397,0.3545454545454546,0.40054510817354577,0.30000000000000004,0.3516733325807414
2020-04-23,,,,,0.40141840466627926,0.38465888459948094,0.4055944055944056,0.3798251721647981,0.5244755244755246,0.5289302486735384
2020-04-24,,,,,0.3677763958776317,0.5018911411708401,0.5779343363791357,0.6505286288501306,0.5174825174825175,0.671316016719742
2020-04-27,,,,,0.43082377802808297,0.5960171953485345,0.6339764538462033,0.7043815837561648,0.5174825174825175,0.6744080757146901
2020-04-28,,,,,0.38528955758609046,0.39502290884807617,0.5324001159371432,0.5306908132431841,0.5594405594405596,0.59895274823548
2020-04-29,,,,,0.4763579984700754,0.43476799682829737,0.5709290716957522,0.5369498084405602,0.5734265734265735,0.5521028512186228
2020-04-30,,,,,0.5000123987948392,0.36903816153897395,0.3916083916083916,0.22481714093511185,0.4895104895104896,0.3537064108950037
2020-05-04,,,,,0.31579141762012675,0.13953436761638865,0.3817869252443987,0.2595011760546764,0.34965034965034975,0.21628750673321454
2020-05-05,,,,,0.29473865644545166,0.21724574496212162,0.3642737635359401,0.3094359813500291,0.3216783216783217,0.24946207656240574
2020-05-06,,,,,0.2561419276252139,0.25000008574276433,0.416813248661316,0.4574392527363207,0.37762237762237766,0.40038693806039494
2020-05-07,,,,,0.3152369107522558,0.33031829004461605,0.5244755244755246,0.5988767258209221,0.4685314685314686,0.48200372011727943
2020-05-08,,,,,0.32574480777733106,0.24576684793203749,0.5384615384615385,0.5482627744612454,0.44755244755244755,0.4025915075862172
2020-05-11,,,,,0.21127284456119966,0.17260907366408987,0.45534220441992507,0.5832069075589948,0.5664335664335665,0.5944440271047103
2020-05-12,,,,,0.25919479328518813,0.15659185296438122,0.4125874125874127,0.39410143772747996,0.4055944055944056,0.35119258398226727
2020-05-13,,,,,0.29772374904379717,0.068786489077241,0.5008764248619176,0.36665106019476906,0.4825174825174825,0.3803310734097767
2020-05-14,,,,,0.2504506552138783,0.21425657222981442,0.44055944055944063,0.43634845794932303,0.39860139860139865,0.3830960427754072
2020-05-15,,,,,0.4162419340174316,0.4063495839853169,0.6433566433566434,0.6616972410573972,0.6363636363636365,0.6410124955035194
2020-05-18,,,,,0.06315828352402535,0.189989061258269,0.14010529366766927,0.24039497929113177,0.25874125874125875,0.3726070302403242
2020-05-19,,,,,0.4350903976099524,0.4853026559774984,0.5569185423289853,0.6165205719053062,0.5594405594405596,0.6117124119318645
2020-05-20,,,,,0.5754421387744533,0.5969067259752017,0.6865159389715795,0.709226691734861,0.5944055944055945,0.6186200383350194
2020-05-21,,,,,0.41125351927408826,0.45974632069156257,0.547371790541553,0.601506702210036,0.49650349650349657,0.551742909666184
2020-05-22,,,,,0.47100830412587885,0.5277995276276515,0.45263436525551504,0.5096828697977942,0.3916083916083916,0.4669005581648156
2020-05-26,,,,,0.16000136981545068,0.300771628699962,0.13204964349137507,0.2793848901950496,0.19780219780219782,0.36345017769387705
2020-05-27,,,,,0.18457370312460938,0.3210851115489784,0.1758241758241758,0.32103650300837555,0.21978021978021978,0.37325876846591755
2020-05-28,,,,,0.18181887173468986,0.37819568453808516,0.20329670329670327,0.4116344950659128,0.25274725274725274,0.47352086011716393
2020-05-29,,,,,0.01673837162646542,0.22499885545439458,0.07142857142857142,0.28186148887290835,0.26373626373626374,0.42957838860686487
2020-06-01,,,,,0.1873285345145289,0.3148173808558682,0.2802197802197803,0.34984498744252185,0.2857142857142857,0.3796878230043885
2020-06-02,,,,,0.17729144056028776,0.2525124617896476,0.2090786021946772,0.26113695308571944,0.2967032967032967,0.39676225562581074
2020-06-03,,,,,0.362893417396839,0.447538741081803,0.42916134134696904,0.4597511007159067,0.41208791208791207,0.5205787072357753
2020-06-04,,,,,0.41552681381317447,0.4615295176057882,0.4419956960878639,0.46631475163796765,0.38461538461538464,0.45457774333641854
2020-06-05,,,,,0.23164651873501346,0.3140667694157969,0.3142857142857143,0.37408431790704655,0.2879120879120879,0.3959963988505497
2020-06-08,,,,,0.318236901183262,0.36324636833858676,0.45054945054945056,0.46859884941546087,0.37142857142857144,0.4871304682415967
2020-06-09,,,,,0.46035353964296316,0.5022535380201839,0.521452460756461,0.5506532667276054,0.42857142857142855,0.5075215548402018
2020-06-10,,,,,0.41630056934220117,0.447505306932287,0.4901098901098901,0.5105691711591143,0.3626373626373627,0.44134940452400084
2020-06-11,,,,,0.4353657606465459,0.47042261248043454,0.46864714827479403,0.47112735048822996,0.3494505494505495,0.43810621157976404
2020-06-12,,,,,0.4397857176074246,0.45642860164985166,0.4378440493271549,0.4387488394529352,0.4021978021978022,0.4661846108222634
2020-06-15,,,,,0.23788603962411498,0.26007080784264053,0.3362637362637363,0.3542300311822101,0.4593406593406593,0.6332241980994158
2020-06-16,,,,,0.09502907465889074,0.1294378676545898,0.22222235669368165,0.25398942053326024,0.42857142857142855,0.558369472245621
2020-06-17,,,,,0.17439463566885974,0.2079323118249628,0.3142857142857143,0.3394080428756826,0.410989010989011,0.5425427991557603
2020-06-18,,,,,-0.013284223283101429,0.037137798467488534,0.1323529411764706,0.1619039496266157,0.3294117647058824,0.4696245010207249
2020-06-19,,,,,0.031019506922901265,0.0035527115159837484,0.16764705882352943,0.15001704836057103,0.3029411764705882,0.28972581814683757
2020-06-22,,,,,0.0694246107322076,0.046822185219889415,0.1764705882352941,0.16174440023765613,0.31764705882352945,0.3044639215892265
2020-06-23,,,,,0.032544948447766626,0.012996590568511853,0.06627400412765899,0.05492894748288625,0.35761599085594553,0.3624674768126523
2020-06-24,,,,,-0.03542459542160381,-0.03974236806332039,0.10081877064416278,0.10289977578264052,0.35000000000000003,0.342088006724236
2020-06-25,,,,,-0.20959552291115588,-0.2099401988149746,-0.031135208581285566,-0.030433643799710718,0.22352941176470587,0.21442278329675604
2020-06-26,,,,,-0.038376645040070795,-0.036534500262209356,0.11119717350459131,0.11291130100632614,0.3941176470588235,0.4433845525144189
2020-06-29,,,,,0.05325537018725448,0.061594612166893214,0.30191490769266877,0.3191606986346273,0.4058823529411764,0.5386921646045182
2020-06-30,,,,,0.06494509160627365,0.07649793721305918,0.30169250257394586,0.32709993781621094,0.3294117647058824,0.5079188100859808
2020-07-01,,,,,0.13404831089945207,0.135171811800669,0.21071428571428572,0.21924411494672782,0.2178571428571428,0.22934017294651537
2020-07-02,,,,,0.20554074337915984,0.20494805868116509,0.3107142857142856,0.30860713124805167,0.1464285714285714,0.20644448485730651
2020-07-03,,,,,0.20017881094318177,0.20158627647343066,0.3166373581715552,0.3168828630693639,0.2571428571428571,0.28972259655244675
2020-07-06,,,,,0.33065250021864845,0.30710351319809087,0.3491507668828404,0.33288709100171393,0.17857142857142855,0.3024151710814495
2020-07-07,,,,,0.3467382975265827,0.3298238680650352,0.33124559935038705,0.31620845099257466,0.0964285714285714,0.18857490433338714
2020-07-08,,,,,0.32989726499101363,0.3119855165175086,0.2823529411764706,0.2873016679805976,0.02058823529411765,0.10982709624260878
2020-07-09,,,,,0.4182626038278923,0.4131146040162713,0.3588235294117647,0.35432225838417564,0.21176470588235297,0.2395973031116303
2020-07-10,,,,,0.4123715812387671,0.4096632133842006,0.3411764705882353,0.3496919018643528,0.09705882352941177,0.15108983074894225
2020-07-13,,,,,0.46686354018817555,0.4686780465566006,0.4282561865805768,0.4402973480055031,0.18529411764705883,0.20540440828073983
2020-07-14,,,,,0.602801767853071,0.6058983347338999,0.49889638552092025,0.495403303452558,0.21176470588235297,0.20050960107110136
2020-07-15,,,,,0.6254600663118389,0.6332549029320644,0.5117647058823529,0.527036243155531,0.2647058823529412,0.2983009855476399
2020-07-16,,,,,0.6350636279711983,0.65132536406062,0.5464285714285714,0.5801840539827892,0.028571428571428564,0.11216026422371934
2020-07-17,,,,,0.5939186605251771,0.6139888589297577,0.5857142857142856,0.6444108086192303,0.06428571428571428,0.1743400358650925
2020-07-20,,,,,0.5396488861843349,0.5504832230639084,0.5824175824175825,0.6117885490873594,-0.06373626373626373,0.06783155808885762
2020-07-21,,,,,0.5528647772745635,0.6046817774010557,0.6043956043956044,0.648945390776659,-0.178021978021978,-0.08008986656681324
2020-07-22,,,,,0.4581508911279251,0.5488325353958136,0.4945054945054946,0.5854402197847957,-0.14725274725274726,0.053656498241605614
2020-07-23,,,,,0.39073228497959717,0.3896735287253414,0.3784380727852797,0.3632411422447744,-0.1076923076923077,-0.04688776772394092
2020-07-24,,,,,0.30446323905164474,0.29967447364579425,0.16281638015180636,0.1601128928144729,-0.47252747252747257,-0.4077648722220082
2020-07-27,,,,,0.3266868331430057,0.3313399316521735,0.20682080721986212,0.21925291148736936,-0.45494505494505494,-0.4010366698470013
2020-07-28,,,,,0.16114947346616154,0.19222195250199506,0.04175824175824176,0.0801012138601538,-0.3054945054945055,-0.23557058227593777
2020-07-29,,,,,0.13907420312833116,0.19357102428152814,-0.057205755188472505,0.015053298867691044,-0.27472527472527475,-0.2056211818956885
2020-07-30,,,,,0.33333658210123823,0.33674166017351864,0.11001106767013943,0.13051211600493895,-0.2967032967032967,-0.24466596926399145
2020-07-31,,,,,0.43929787972282386,0.43004999449765957,0.178021978021978,0.19329022815480953,-0.3450549450549451,-0.2922344574804733
2020-08-03,,,,,0.5856442973164198,0.5845097500950526,0.2527472527472528,0.26022039951526454,-0.12967032967032965,-0.12976054477235388
2020-08-04,,,,,0.5922742327577376,0.584034379872566,0.2351648351648352,0.24990529638948325,-0.059340659340659345,-0.051621996707885934
2020-08-05,,,,,0.5281848568249973,0.507328027811536,0.2332234634606956,0.23106466242429027,0.02857142857142857,0.012941371489326491
2020-08-06,,,,,0.5502846416293905,0.484278715239477,0.2750276691753486,0.20941436755972326,0.032967032967032975,0.012047632606223867
2020-08-07,,,,,0.5166500326033099,0.4458619979252927,0.1850224752632005,0.1203272253399911,-0.05054945054945055,-0.06956963773907654
2020-08-10,,,,,0.5790143618751017,0.4955678490423649,0.24422457022770955,0.2173601889184349,-0.03736263736263736,0.02822022756160815
2020-08-11,,,,,0.5844805246027927,0.5741956981470351,0.24449398516922927,0.28301995981743444,-0.054945054945054944,0.005597008791006591
2020-08-12,,,,,0.55969189813792,0.5393897864002997,0.19646990600669006,0.27959088384977304,-0.06373626373626373,0.0629425418758613
2020-08-13,,,,,0.6226291396955977,0.545396282100324,0.3267140009998891,0.36212763552499144,0.04615384615384615,0.14393229381899822
2020-08-14,,,,,0.672538245981366,0.6155040483486418,0.30430155432115,0.3862353858547963,0.1032967032967033,0.24923946493861937
2020-08-17,,,,,0.5776739671543993,0.5162358537532353,0.159118450591631,0.18931075241427395,-0.002197802197802198,0.11392979349234036
2020-08-18,,,,,-0.0666707822740828,-0.15613311443360198,-0.370044950526401,-0.39659115488908303,-0.38461538461538464,-0.3724960949716976
2020-08-19,,,,,0.07417603469297736,-0.06828693609607937,-0.3109168055020446,-0.2979805862076001,-0.3362637362637363,-0.32603790566149465
2020-08-20,,,,,0.14627253684888364,0.05019507249940652,-0.0706408650810571,-0.0007075863334308757,-0.2879120879120879,-0.2691426006109057
2020-08-21,,,,,0.2047815515884371,0.12083981246684633,-0.006607945545114304,-0.03637416807627273,-0.18681318681318684,-0.1826201798328098
2020-08-24,,,,,0.3491486243775878,0.33866717881417446,0.10017905117292142,0.13761243680243437,0.024999999999999998,0.08684837642729068
2020-08-25,,,,,0.25849224211189076,0.260323690722266,0.09251123763160025,0.09466331433315887,-0.007142857142857141,0.010920928545556253
2020-08-26,,,,,0.35739362170252725,0.3593628642239345,0.028697851439179446,0.028066221168058014,-0.05357142857142857,-0.03904938813206142
2020-08-27,,,,,0.1730774142836138,0.1728220024677323,-0.10561062496333386,-0.1072852000308472,-0.19999999999999998,-0.19919825513813533
2020-08-28,,,,,0.27905192317767585,0.27362422488771104,0.04180420571465299,0.0222152591570505,-0.1964285714285714,-0.22795921958127194
2020-08-31,,,,,0.3795106155216392,0.3767243290124998,0.07048475248121926,0.08156430569005262,-0.1857142857142857,-0.18648516290772274
2020-09-01,,,,,0.3393271385840539,0.33616473682689335,0.017601770827222307,0.028975931367617384,-0.06428571428571428,-0.11148082764581523
2020-09-02,,,,,0.3214678155006826,0.32320322631225235,0.04615384615384615,0.0657214120971297,-0.125,-0.10030811750764528
2020-09-03,,,,,0.21877670777129787,0.24012573325763414,0.01978021978021978,0.06728750237571875,-0.20357142857142854,-0.16477880616159363
2020-09-04,,,,,0.23806009046584578,0.23643181793077236,-0.015384615384615385,0.05091508924538172,-0.028571428571428564,0.06133439454758967
2020-09-07,,,,,0.2165778910830533,0.21476549652764493,0.1252747252747253,0.1461294576144013,-0.028571428571428564,-0.03164096265623333
2020-09-08,,,,,0.2461294146736798,0.2397237265998234,0.059340659340659345,0.10958690683489157,-0.11428571428571425,-0.05766052462734224
2020-09-09,,,,,-0.04132247084879315,-0.13727031114404042,-0.28335652665857564,-0.29683928558528977,-0.35824175824175825,-0.21996747353447496
2020-09-10,,,,,0.14108221190853185,0.029656958067244454,-0.11845774976654036,-0.1450404758055579,-0.2087912087912088,-0.04155665392229435
2020-09-11,,,,,0.24896860925035036,0.155153188401099,-0.08815460447742537,-0.07103320160133099,-0.2967032967032967,0.04820595519207511
2020-09-14,,,,,0.2130064768030775,-0.13532659809862602,0.14305378044898964,-0.28445464390918596,-0.38461538461538464,-0.18809079840830464
2020-09-15,,,,,0.15768011919188854,-0.06241273152126827,-0.01100413695761459,-0.25436857204886143,-0.43736263736263736,-0.3416876114378277
2020-09-16,,,,,0.2333477379592898,-0.061930029842651904,0.12379654077316414,-0.27913964000744285,-0.3098901098901099,-0.22273706886751418
2020-09-17,,,,,0.25557133205065075,0.04018232109562936,0.008253102718210942,-0.3080799041375969,-0.3142857142857143,-0.23216577490874704
2020-09-18,,,,,0.06111488375124256,-0.18782473995318574,-0.20632756795527354,-0.4508468402596921,-0.3142857142857143,-0.24254273778573754
2020-09-21,,,,,0.09405480793902123,-0.24203981602957045,-0.16276001412261362,-0.45548111874528247,-0.3626373626373627,-0.2689152668647519
2020-09-22,,,,,0.287342046254323,-0.20009929751286037,0.013755171197018235,-0.4640308979966647,-0.38461538461538464,-0.37106614630508045
2020-09-23,,,,,0.1023435902937281,-0.15994599341487534,-0.08370064357144787,-0.36501363372617296,-0.5252747252747253,-0.4411685993641981
2020-09-24,,,,,0.0756452623910164,-0.16347198392871154,-0.1343615594173242,-0.36178424571544027,-0.4813186813186813,-0.420424605832914
2020-09-25,,,,,0.18911315597754105,0.015653430771875653,0.013259870882635917,-0.19193394472858707,-0.3626373626373627,-0.34615189170297583
2020-09-28,,,,,0.3070307708811843,0.1917722194943222,0.14553552597968045,0.058552882250196364,-0.46373626373626364,-0.3596873642484541
2020-09-29,,,,,0.2055279986808567,0.16583819650726103,0.013201328120416732,-0.044609944332083575,-0.4945054945054946,-0.3689296461921414
2020-09-30,,,,,0.1723783214742669,0.17803857063244666,-0.004400442706805577,-0.07088263883574063,-0.432967032967033,-0.33338291583291163
2020-10-01,,,,,0.12556180058348065,0.17117275520344494,-0.08214285714285713,-0.14588220414092695,-0.2571428571428571,-0.23309088333359354
2020-10-05,,,,,0.09660122791674566,0.21331289307071793,-0.06428571428571428,-0.13387702654528918,-0.3214285714285714,-0.26439483130807173
2020-10-06,,,,,0.012522381396615177,0.22707556720618455,-0.2285714285714285,-0.16400212405389278,-0.45933887868212253,-0.44896262232859346
2020-10-07,,,,,0.00715564651235153,0.18778565460502522,-0.22499999999999998,-0.17458835903701356,-0.33422712184263387,-0.270352319630613
2020-10-08,,,,,0.08586775814821837,0.24640727299310422,-0.18214285714285713,-0.14368556496709436,-0.4107142857142856,-0.33345950509779904
2020-10-09,,,,,0.19030796680105788,0.3739155110419383,-0.10196796280100931,-0.0862381982717643,-0.36428571428571427,-0.29140235543537935
2020-10-12,,,,,0.008976790886842351,0.041582050786761214,-0.11806816745380026,-0.2420782066050544,-0.4428571428571427,-0.46396201676677506
2020-10-13,,,,,0.05376378620494905,0.06878833079354232,-0.01431129302470306,-0.07503906275249157,-0.38214285714285706,-0.3321400489338436
2020-10-14,,,,,0.07533708035008839,0.05799101627009033,0.0930234046605699,-0.018257395376017747,-0.3428571428571428,-0.2989255529566162
2020-10-15,,,,,0.05729653610385073,0.039737844126088294,0.11459307220770146,-0.03177354859307968,-0.3285714285714285,-0.3489280832370588
2020-10-16,,,,,0.121645990709976,0.14631079363657157,0.17889116280878825,0.055464378038035146,-0.19999999999999998,-0.21000075538862364
2020-10-19,,,,,0.08430578039176558,0.16638874539273835,0.11806816745380026,0.10969796822634571,-0.2178571428571428,-0.19420167826990287
2020-10-20,,,,,0.032200409305581885,0.034392474711579045,0.121645990709976,0.04857638999043399,-0.27499999999999997,-0.30216025019983506
2020-10-21,,,,,0.01431129302470306,-0.0348046685569148,0.08586775814821837,-0.018088070525628306,-0.25,-0.3065326598259369
2020-10-22,,,0.11078234188139946,0.11553540467439777,-0.2883593319244137,-0.30562704285739306,-0.1646196615129278,-0.1705475600406814,-0.40196078431372556,-0.3806483629532197
2020-10-23,,,0.1661735128220992,0.1731281535117479,-0.27867360697497734,-0.3418341701805714,-0.1302215232863459,-0.18974683927839645,-0.34803921568627455,-0.32663995125046463
2020-10-26,,,,,-0.11495975034850744,-0.15215190259364403,-0.060382981538533755,-0.08339471140644823,-0.40294117647058825,-0.38064861640988434
2020-10-27,,,,,-0.10355210869743926,-0.1387933689510084,-0.08535690316726273,-0.11596652613654491,-0.3735294117647059,-0.3649298491160838
2020-10-28,,,0.12309149097933272,0.1323403364991765,-0.15271121250380934,-0.18006837487183983,0.02329859420136533,-0.025575554556095916,-0.3308823529411765,-0.2885171321625688
2020-10-29,,,,,-0.18935242733246035,-0.23090989707088216,-0.03840510380930633,-0.09143044810655827,-0.3411764705882353,-0.2904252972400906
2020-10-30,,,,,-0.10651074037450896,-0.1291661508457284,-0.007358353721315752,-0.06599487635889217,-0.2352941176470588,-0.3053228164016498
2020-11-02,,,,,-0.1686420055929725,-0.17428727004140843,-0.06181017125905231,-0.10992871819992957,-0.27058823529411763,-0.2595166865265859
2020-11-03,,,,,-0.15384884720762404,-0.18376940217370588,-0.019131719675420957,-0.08961366016809896,-0.07647058823529412,-0.11067177277312612
2020-11-04,,,,,-0.20073937405575493,-0.20907970417736896,-0.02207506116394726,-0.07813578688236356,-0.16176470588235295,-0.16104938250941617
2020-11-05,,,,,-0.35599341398948864,-0.35647772106912495,-0.32171594615868493,-0.3620434935334808,-0.3,-0.26576988020454395
2020-11-06,,,,,-0.3452599442209613,-0.3627638095590853,-0.31099208128672884,-0.37956236426891343,-0.15,-0.12093767264816094
2020-11-09,,,,,-0.36233548168375845,-0.37278229980052346,-0.2714285714285714,-0.30914571281201897,-0.035714285714285705,-0.027066598098038283
2020-11-10,,,0.4862113893683642,0.5383449785355332,-0.41973516195049243,-0.4192328721625669,-0.1764705882352941,-0.17527831974902763,-0.0058823529411764705,-0.012557028534887696
2020-11-11,,,0.473902240270431,0.5681789528070886,-0.3971383814355099,-0.39768968858317333,-0.1411764705882353,-0.13924721090599584,0.02647058823529412,0.023899879759237005
2020-11-12,,,0.44312936752559784,0.5181017021555852,-0.34619182160873946,-0.3461282137276284,-0.08241356167873642,-0.08278156462170863,-0.1264705882352941,-0.12809651902127528
2020-11-13,,,0.7020800705051397,0.6839880262832941,-0.3372231215670623,-0.342176014279904,-0.16482712335747285,-0.15793470517319347,0.0058823529411764705,0.023120753788676635
2020-11-14,,,0.7269324623814278,0.7107374298083208,-0.37224759904143917,-0.36247640904970757,-0.15728335145535713,-0.15090879605934218,-0.14285714285714282,-0.16835306409286382
2020-11-17,,,0.7269324623814278,0.7145359188858659,-0.3584149741813508,-0.3549629553251885,-0.12142857142857141,-0.14047894828188742,-0.075,-0.10982377991668932
2020-11-18,,,0.6905138345412429,0.692939060070526,-0.28806092877367306,-0.27568628506572357,-0.05392156862745098,-0.07062508305783859,0.03186274509803922,0.010348108127307704
2020-11-19,,,0.3677458160699932,0.11198454100728468,-0.22272752224768536,-0.20429437064940384,-0.1508277414088387,-0.17552918655373387,-0.06372549019607844,-0.09923649357870624
2020-11-20,,,0.6247506122039815,0.6045705708561533,-0.21661739442396544,-0.21726973748490974,-0.08359133126934985,-0.08233441254694931,0.023735810113519093,0.025874393011345597
2020-11-23,,,0.3677458160699932,0.17249240064595217,-0.18168568340556454,-0.17305979366093394,-0.10049019607843139,-0.10411953993259593,0.002450980392156863,-0.002717697024998411
2020-11-24,,,0.4300756154038903,0.2331288961347992,-0.03397374567746329,-0.018238978562428555,0.04166666666666667,0.03585717938750485,0.20098039215686278,0.195849086115735
2020-11-25,,,0.41137667560372115,0.03125944632779588,-0.16076766112377572,-0.14286549912805058,-0.10294117647058824,-0.11154122610159704,0.06862745098039216,0.06547769578997062
2020-11-26,,,0.5966090870502337,0.31246957558146954,-0.287824837800531,-0.2951699755701924,-0.20968734781228798,-0.24622434498408396,0.07107843137254903,0.055974450129628026
2020-11-27,,,0.39992477263806875,0.13667948232936586,-0.3276775076498352,-0.33271927615978897,-0.2983996267559309,-0.3313841619386192,-0.021671826625386997,-0.04236110385656813
2020-12-01,,,0.5048230736578901,0.23279087273618615,-0.29372893703746494,-0.3112443862443723,-0.2581311650137811,-0.29661593513770845,0.007223942208462332,-0.023490011226950967
2020-12-02,,,0.4402043892400667,0.11090858786116792,-0.2532475096063793,-0.27310702247592167,-0.22146931928443236,-0.23699252368040732,0.09774436090225563,0.09502902750731754
2020-12-03,,,0.25336082569532675,-0.12212148796645186,-0.38908691906445325,-0.4121613442735148,-0.263243544031248,-0.2918761726386738,-0.06883116883116883,-0.10508405573881685
2020-12-04,,,0.24766732399430816,-0.07636643327969703,-0.45422816795759696,-0.5090185132150294,-0.28070181364274227,-0.350196966341933,-0.0016939582156973462,-0.10131695434269244
2020-12-07,,,0.2511100593761594,-0.19475485365577103,-0.3495298100271313,-0.5169131887533044,-0.2968496421583402,-0.45089483103167255,-0.11298701298701298,-0.23322580211047853
2020-12-08,,,0.2903685867519475,-0.06527865210835726,-0.2851496374303982,-0.3780868762083291,-0.1827676932405474,-0.2966927449276626,0.019999999999999997,-0.08923655855195917
2020-12-09,,,0.5309573245312402,0.33805667870304346,-0.4021951882078092,-0.4134485487122764,-0.22598663017518072,-0.32379632527520036,-0.07213675213675212,-0.12605563471145229
2020-12-10,,,0.5401513907568894,0.35474746804175106,-0.323645324503441,-0.3414989954883573,-0.18402318436752363,-0.2756461152473483,-0.10085470085470086,-0.20565579709001627
2020-12-11,,,0.4940917061237299,0.33281553547044734,-0.3744971236120868,-0.4079296099047705,-0.18878881326548624,-0.26902260973592107,-0.12972085385878487,-0.18705397474456606
2020-12-14,,,0.571645199007752,0.39113058320036903,-0.28022276306929145,-0.2918951032349916,-0.03729046374108869,-0.09787537224273513,0.004884004884004884,-0.057615175520333684
2020-12-15,,,0.583462154026,0.4472351981786444,-0.35109505059709367,-0.3578410253733378,-0.0810394951150003,-0.12257842977098678,0.018925518925518924,-0.00843993688028123
2020-12-16,,,0.5007434688982634,0.3051450433572259,-0.339656912370893,-0.34730377218080394,-0.03829714537080183,-0.06593428981347586,0.06471306471306472,0.044205695003131
2020-12-17,,,0.5919342027506945,0.5513099497473516,-0.14485254030549533,-0.14722970548407346,0.07195075561447023,0.06132961339016595,0.15213675213675212,0.13843004148070345
2020-12-18,,,0.5768043833946623,0.4445719382950539,-0.19552413764120496,-0.19735817074982573,0.04201681185604481,0.03654426394126621,0.11913043478260868,0.11972256987887799
2020-12-21,,,0.5237648998641188,0.33929224236141314,-0.18295189314567079,-0.17544883216721277,-0.0014829463008015815,-0.0030376015536248443,0.09999999999999999,0.07776734848901268
2020-12-22,,,0.5906728403542268,0.3842959206344438,-0.24603368319044291,-0.22692742129038462,-0.0878451858122344,-0.12470125124446116,-0.011304347826086955,-0.035204413867329046
2020-12-23,,,0.6068310639505431,0.42860475046022584,-0.20486272410817122,-0.2082696330995311,0.0021743857874315445,-0.038486385457432354,0.041739130434782605,0.03341009161675657
2020-12-24,,,0.5410271965531783,0.34640101240364224,-0.12701675842555119,-0.15930508321773057,0.1262023948745788,0.09243467512261715,0.13153846153846155,0.12061253086982524
2020-12-28,,,0.5657367214986279,0.4532664430638687,-0.21478343714004394,-0.24042149311516356,0.043854588231890444,0.01746741562038501,0.09615384615384616,0.10164302584041361
2020-12-29,,,0.4488395443421177,0.19264230457858422,-0.02438354912407501,-0.03522243195447405,0.1469565217391304,0.15709655680781978,0.2008695652173913,0.1976006271959741
2020-12-30,,,0.5036977076528254,0.14382077161304407,-0.0738725321338988,0.0011428781626723942,0.10848240246836059,0.1475986886006601,0.19589743589743588,0.2069961586267109
2020-12-31,,,0.4344766789231699,0.09902487536255881,0.0005668978875355828,0.02493504241850527,0.14350946197048195,0.12465796015084121,0.25076923076923074,0.21869660185646003
2021-01-01,,,0.35009484458685175,-0.1278951884241409,-0.015841615217391917,0.008252266749591432,0.061538461538461535,0.019487542370804013,0.14153846153846153,0.0705827173643004
2021-01-04,,,0.20639417061618842,-0.09094141774509805,-0.17247412933606726,-0.18658940906323332,-0.01094204153451481,-0.06766950558584797,0.08376068376068375,0.029826318984410058
2021-01-05,,,0.19154566913300938,-0.10237009086023093,-0.10714301973907209,-0.11897144244757556,0.027692307692307693,-0.03773218268229896,0.1323076923076923,0.08211458294663546
2021-01-06,,,0.2850912284770373,-0.010096934230886178,-0.1581357863239333,-0.19507323937443335,0.0003419387979535878,-0.07971866278462869,0.09675213675213674,0.029413759346733428
2021-01-07,,,0.3155574123138956,0.15068863331282667,-0.1627857329344956,-0.16795337803991472,0.04945054945054945,0.03182671685019012,0.07631257631257632,0.04624318421296676
2021-01-08,,,0.3649996260498839,0.20656644072475763,-0.1777006181038269,-0.1836386320247337,0.039999999999999994,0.017402257580494157,0.16854700854700852,0.14223075373660793
2021-01-11,,,0.3115850466279497,0.26124753225693165,-0.13904023235526974,-0.13606746178780002,0.10615384615384615,0.10454939148321046,0.23076923076923078,0.22785314119088518
2021-01-12,,,0.28784523355153446,0.2548357866320412,-0.09372307559051471,-0.09136663954424618,0.10495726495726496,0.10506085409387116,0.15350427350427348,0.15430698369194715
2021-01-13,,,0.07497676080566722,0.07934695527533908,-0.10982816472949922,-0.11526696025847516,-0.0037606837606837602,0.004217395025089367,0.039999999999999994,0.05004342169195331
2021-01-14,,,0.20730676435516526,0.194663292826594,-0.1202879899418325,-0.1288040252575987,0.0641025641025641,0.06558246593533147,0.0641025641025641,0.06739924980976063
2021-01-15,,,0.17750641697911024,0.10605350604894406,-0.1810260505481784,-0.18616222151330314,0.002442002442002442,-0.007724679961981922,0.006105006105006104,-0.009038814869407222
2021-01-18,,,0.20730676435516526,0.10411015227696142,-0.1411459910990479,-0.13176971057657078,0.031135531135531136,0.008183653591542593,0.024420024420024417,0.00224776879777751
2021-01-19,,,0.11920138950422002,0.0692118132879566,-0.2035752386082343,-0.20651240045151212,-0.042436269766282314,-0.04280014359371065,0.040903540903540904,0.038396899762062835
2021-01-20,,,-0.09140179582588942,-0.06054376377667682,-0.1514103597890126,-0.15872198409431035,-0.14803418803418802,-0.13768287971989684,-0.094017094017094,-0.07395906639870707
2021-01-21,,,-0.10933427420751245,-0.08305326454787232,-0.14536220021676582,-0.13512881782934294,-0.10846153846153846,-0.11185966498387467,-0.03461538461538462,-0.03485490668954119
2021-01-22,,,-0.2916418095111622,-0.09656725889781509,-0.1555432103486794,-0.12237864021648029,-0.21043478260869564,-0.1562780955561337,-0.08173913043478259,0.00595236626595856
2021-01-25,,,-0.2959675585729572,-0.21026366899067864,-0.19431402130318323,-0.18280852665447225,-0.1954222001912311,-0.16822279938457257,-0.10538461538461538,-0.06353748929694167
2021-01-27,,,-0.3617262753626818,-0.29759228503493534,-0.22706614495814392,-0.19894708616665913,-0.23320158102766803,-0.21816048131595753,-0.191699604743083,-0.172071778378036
2021-01-28,,,-0.38888143595287655,-0.36853058012433193,-0.2608983499375808,-0.21569785323004026,-0.25747468045726746,-0.2590840771120648,-0.1847826086956522,-0.17587338999172009
2021-01-29,,,-0.3617262753626818,-0.30586150926668293,-0.22706614495814392,-0.1666371357221778,-0.2653817723715022,-0.23320738947367012,-0.1422924901185771,-0.0842796645009041
2021-02-01,,,-0.42728916277216794,-0.3766251972941479,-0.25996053420506976,-0.21278694471791515,-0.30354425592544365,-0.2530453051033568,-0.25478260869565217,-0.18274326155708412
2021-02-02,,,-0.37303022146776565,-0.11921125887195573,-0.2326942932424365,-0.10333965409805962,-0.37262170645831033,-0.17838380650009553,-0.3557312252964427,-0.09149594993752415
2021-02-03,,,-0.4385931088772517,-0.39490342114196014,-0.30133498289815575,-0.1973446541642257,-0.49344883781317267,-0.37012238872935105,-0.41798418972332013,-0.23907154249969798
2021-02-04,,,-0.46346179030843615,-0.43617693067212393,-0.2546821456203358,-0.14216069744605334,-0.49847764611215584,-0.38712781076391667,-0.4495652173913043,-0.2802229563700622
2021-02-05,,,-0.436332319656235,-0.5059728239498708,-0.3165106395686782,-0.2362335161012015,-0.6070193524614473,-0.521387931557432,-0.5543478260869565,-0.4479257001497168
2021-02-08,,,-0.5085838053764807,-0.4969325294581613,-0.2463203530544177,-0.10821333275575762,-0.5054371943999346,-0.32911792655132804,-0.47130434782608693,-0.25565632277444755
2021-02-09,,,-0.4717632583808984,-0.5210581660645145,-0.26062473537506603,-0.14150090143898686,-0.49151809782437705,-0.33744986415299716,-0.4530434782608695,-0.2655544153713997
2021-02-10,,,-0.4717632583808984,-0.481910517442699,-0.21756499648701164,-0.15405005609077316,-0.4684645941211098,-0.32474170883204034,-0.41478260869565214,-0.25929967050840935
2021-02-11,,,-0.4717632583808984,-0.46274731607669645,-0.23399568632587445,-0.19804788981275318,-0.4510657234016629,-0.3411168845565476,-0.3808695652173913,-0.2652960144651712
2021-02-12,,,-0.3668351328674536,-0.3370409997108533,-0.2621837778937075,-0.328580578359204,-0.4466886655809101,-0.3902515952026345,-0.41128205128205125,-0.32158021698157446
2021-02-15,,,-0.47266434542021846,-0.4874499571453561,-0.1443846330878242,-0.18336388510814108,-0.30477171789979235,-0.23483447076796427,-0.28820512820512817,-0.2134024301490425
2021-02-16,,,-0.3847772597200324,-0.4655910083957804,-0.16065009458047808,-0.18082706184409414,-0.28859370870373674,-0.24495008328142187,-0.3101343101343101,-0.24948965579150725
2021-02-17,,,-0.4705636651658101,-0.48413469541091353,-0.24455261448774118,-0.2626397526976953,-0.327683650200116,-0.27502887668078735,-0.3455433455433455,-0.2917424388351607
2021-02-18,,,-0.450378628590333,-0.4568614534447889,-0.2716673198395932,-0.2981965701312355,-0.32660605438318197,-0.2536781532821575,-0.34432234432234426,-0.2671253042219044
2021-02-19,,,-0.4592095820921043,-0.4243362824509014,-0.30409619667028975,-0.2712347352771888,-0.35135975651680723,-0.24412725789663475,-0.3614163614163614,-0.22660845738477106
2021-02-22,,,-0.4806561834535487,-0.4708356761203882,-0.3748174635867643,-0.34628513556774526,-0.4274367820582725,-0.32662423064574464,-0.4413919413919414,-0.3530511085976468
2021-02-23,,,-0.4831793130254833,-0.4116558449507128,-0.3508094712280542,-0.2891373814156747,-0.42407594960463346,-0.2996691873975166,-0.39865689865689863,-0.29035479164834227
2021-02-24,,,-0.4491170638043657,-0.3890948501150259,-0.305317572397883,-0.26584667474988877,-0.4409834025060274,-0.3534558367738717,-0.3852258852258852,-0.2948351158263427
2021-02-25,,,-0.49453339609918917,-0.46182094797410866,-0.1726161921216284,-0.18481198410780333,-0.35980290170983575,-0.31029655845159987,-0.3442802408319649,-0.29437957574229434
2021-02-26,,,-0.49705652567112385,-0.4082607014360663,-0.19959132736498494,-0.22179238182614994,-0.3769504658074582,-0.3188570161907608,-0.3442802408319649,-0.2752920758998742
2021-03-01,,,-0.4932718313132219,-0.3430154336543404,-0.16543804867278583,-0.17366099905670754,-0.3448747808401439,-0.26672110787803094,-0.2665352896187083,-0.17144472364385746
2021-03-02,,,-0.5260725157483722,-0.4264014166187018,-0.20010452775152307,-0.20045627719725628,-0.34848071385104884,-0.2770166606890919,-0.20394088669950733,-0.11226997634902434
2021-03-03,,,-0.4554248877342023,-0.4387928061916105,-0.12983926024461923,-0.1170889002957621,-0.2490762306067706,-0.19211903455326132,-0.15615763546798028,-0.08943820899851508
2021-03-04,,,-0.5525653762536858,-0.5278145790786822,-0.23129883397609852,-0.2479777233868139,-0.33835205209732633,-0.29910502786541504,-0.23694581280788174,-0.19074429253280048
2021-03-05,,,-0.4251473328709866,-0.31461709071527577,-0.17879331231683576,-0.19013066383064295,-0.301204864445068,-0.24750690650300863,-0.14975369458128074,-0.09720759082116735
2021-03-08,,,-0.47434835952371207,-0.36064535724344843,-0.14457036364968154,-0.20859206896520635,-0.31321015646031614,-0.2826219074603316,-0.23546798029556643,-0.18987411005820073
2021-03-09,,,-0.4831793130254833,-0.3499267888305296,-0.20030840419244386,-0.2707152941261081,-0.3476594710061524,-0.3084493734482579,-0.26945812807881764,-0.21814708247051295
2021-03-10,,,-0.47434835952371207,-0.42032933376989556,-0.275091917984803,-0.34044465882000424,-0.4360305546777258,-0.4144157962301491,-0.17679255610290093,-0.13240980754392306
2021-03-12,,,-0.47213109948129944,-0.320103173367812,-0.2658547542072461,-0.33891472218963276,-0.42585947113944045,-0.3498380389999687,-0.18376068376068375,-0.10990276303343736
2021-03-15,,,0.19317538273082077,0.1739241595417645,-0.26846884711655367,-0.4054430199290216,-0.3349872910859275,-0.33844068611205497,-0.06471306471306472,-0.06339137824531817
2021-03-16,,,0.1161971804898973,0.0781684459738243,-0.21948018555760998,-0.318401784785873,-0.17962430776716168,-0.22620960481690364,-0.07334428024083196,-0.07040227718565177
2021-03-17,,,0.1285585826696736,0.09525338597484113,-0.11031868729257727,-0.18929180712799976,-0.09952679096264772,-0.12154491200659155,0.0421455938697318,0.04463598482185067
2021-03-18,,,0.1557536674651815,0.14104540819280148,-0.14870740634399335,-0.18834997149576393,-0.12791940310843372,-0.13455341519586084,0.05473453749315818,0.06227373213055961
2021-03-19,,,0.11001647940000914,0.06762269988069886,-0.1093095999879224,-0.14721332400295367,-0.1416577638241366,-0.13937580760902255,0.051450465243568694,0.06422899341478366
2021-03-22,,,0.07659295717020316,0.029169848354183278,-0.11360245769634049,-0.16308060062672372,-0.11849138516089933,-0.12254245355577728,0.14668856048166393,0.16867604836004121
2021-03-23,,,0.09635888160122333,0.07733487800952153,-0.12519454521637524,-0.17695924420015538,-0.1477637019200046,-0.15342788593028087,0.044882320744389706,0.06159897264992694
2021-03-24,,,0.14330295212489624,0.1255597508696821,-0.1333348892117337,-0.18269230710873863,-0.1386259606608456,-0.14301025706208007,0.05008895626487805,0.06280697683550654
2021-03-25,,,0.1346553601863249,0.12220718563144449,-0.11353636491985712,-0.16570173037288868,-0.12769210994332242,-0.14131192732126693,0.05911330049261084,0.06207980784398001
2021-03-26,,,0.13712610074020243,0.13087797007980628,-0.18734038201301492,-0.28754820861383806,-0.22036683004720684,-0.2704189596534913,-0.019211822660098517,-0.04821987917669957
2021-03-30,,,0.09512351132428457,0.08601791951630108,0.03854177356013503,-0.05637564856322774,-0.052855003487330535,-0.1267486791944197,0.08669950738916254,0.05872805216042765
2021-03-31,,,0.16924572794061019,0.13955818558450642,0.044032491863294276,-0.07305815388582985,-0.02382583058755314,-0.11010178735170774,0.051231527093596047,0.013455977604608179
2021-04-01,,,0.18036406043305905,0.16611177322476042,0.05423434557357135,-0.08014175235245187,-0.0663196018592143,-0.15052385293319134,-0.05911330049261083,-0.08893108136294615
2021-04-05,,,0.20047843214385233,0.2000415887050714,-0.08983635565663148,-0.10754491803553229,-0.09813524152254641,-0.10973229347561457,-0.022441160372194853,-0.02265248089663211
2021-04-06,,,0.23119623000962253,0.2247696765737628,-0.04754941746358422,-0.04113289232082568,-0.07706812785264187,-0.07434255787232787,0.01465201465201465,0.008842919829698537
2021-04-07,,,0.2911625680365541,0.28832743244671627,-0.2017929061610813,-0.20717457170374604,-0.22545335417777476,-0.2249937755956057,-0.06837606837606838,-0.07365948617043802
2021-04-08,,,0.21244729376438082,0.20436905383568948,-0.15146621757500445,-0.15084676859150647,-0.21747102408286767,-0.21780573604695483,0.0010946907498631637,-0.004811906868537151
2021-04-09,,,0.2737877095695893,0.2540856781058356,-0.20023724378384739,-0.19331129911373351,-0.24679295991426556,-0.2547683033946728,-0.0180623973727422,-0.046088942149504084
2021-04-12,,,0.29323710970294814,0.28180761282458944,-0.21947685704599112,-0.20799039048035933,-0.24064745233708423,-0.22866376292813992,-0.025725232621784347,-0.03487784454764954
2021-04-13,,,0.2451845183701007,0.14003208657159483,-0.24614009056572483,-0.23983584477997819,-0.28254622505860694,-0.27887539417974494,-0.07438423645320195,-0.08413332113016468
2021-04-15,,,0.28604860476511745,0.216688681180889,-0.2800240901272828,-0.27797686504897584,-0.30006847157386934,-0.30289518021153355,-0.10197044334975366,-0.1061002552526157
2021-04-16,,,0.2103743707002715,0.09440123071634904,-0.4340990255908058,-0.4265108389549666,-0.46442750256640114,-0.4660953832164461,-0.2922824302134647,-0.29019287997580984
2021-04-19,,,0.15777154049226513,0.012566579066451752,-0.34401689052344797,-0.3402285122488081,-0.35317320320554474,-0.35466059976387576,-0.19421579532814237,-0.20167488267411765
2021-04-20,,,0.1628609450242737,0.06001072047230869,-0.3148724244830887,-0.3168656268566773,-0.33776793338440125,-0.34252613757165706,-0.17374860956618463,-0.17796913253234553
2021-04-22,,,0.2543221365138574,0.232346625002634,-0.3076646822456847,-0.32086212785207413,-0.2662595543970426,-0.28224618882444275,-0.09250136836343732,-0.1125824175775117
2021-04-23,,,0.21188785538156849,0.29930813562026815,-0.43163150727410476,-0.41537063434083626,-0.4177099431366449,-0.41336393815736905,-0.21839080459770116,-0.20403716991186366
2021-04-26,,,0.19977997793119318,0.3070573545075136,-0.3995394556139068,-0.3866422030960508,-0.4061068891606269,-0.39378071692312383,-0.21674876847290642,-0.23354553886843615
2021-04-27,,,0.11502483577856575,0.09478946499410276,-0.3933630002614213,-0.3669139535844705,-0.3456488710750599,-0.32843179748122714,-0.20415982484948003,-0.2145006336708764
2021-04-28,,,0.15134846812969177,0.22047449421744714,-0.3757299012103046,-0.35952015075812366,-0.3679167945135975,-0.3644201809901342,-0.19113300492610832,-0.2144985328090851
2021-04-29,,,0.1181087698098504,0.2477264520169081,-0.41377316865775865,-0.386110446110937,-0.40871502340820076,-0.38521470644232614,-0.22287390029325513,-0.22858740415961398
2021-04-30,,,0.1855994954154792,0.29436011740224144,-0.32700302166536277,-0.287204402362858,-0.23280214067772145,-0.1971768128490595,-0.11546920821114366,-0.1107816155628087
2021-05-03,,,0.19833606957490296,0.21779578572404237,-0.32243892837088867,-0.31735091368645696,-0.2537880027743686,-0.24561537627460941,-0.04846256684491979,-0.03465617188635799
2021-05-04,,,0.2045812619920623,0.25699351086212135,-0.22218082968167166,-0.19219724274245162,-0.2074961735506364,-0.1563388906371087,-0.08211143695014662,-0.05601148510112786
2021-05-05,,,0.24254479514522853,0.30849997794660944,-0.20008817739758367,-0.17222254338483195,-0.2101227073930495,-0.1572604433669049,-0.07001466275659823,-0.04661359251065292
2021-05-06,,,0.20563580457965025,0.2534731385465318,-0.3345162954504773,-0.31647686713667356,-0.30237978134548016,-0.263576637425604,-0.10227272727272728,-0.07255818886998684
2021-05-07,,,0.23585910976474952,0.28644105733378755,-0.3195552328124018,-0.2970881202960379,-0.26105416743475063,-0.21082847266778765,-0.11693548387096771,-0.05833187682159092
2021-05-10,,,0.2304986754519143,0.2656363934176337,-0.1850183528267182,-0.1864163916630923,-0.14920265254004697,-0.10892450816067122,0.018695014662756596,0.04193922626699728
2021-05-11,,,0.16579673806321626,0.13910778472175211,-0.06571989339862233,-0.04574416623263816,-0.03410654067001971,0.012611904491652243,0.15207219251336898,0.21518192902286928
2021-05-12,,,0.09092079184111859,0.051305876843207705,0.0035646689934329817,0.017880818640427943,0.034932308694517314,0.06600229588204366,0.1526355996944232,0.19853895701444355
2021-05-14,,,0.1927511813770507,0.35540510613416254,-0.15039883746853447,-0.13060055351387728,-0.13723542807280278,-0.07324433524029056,0.0565826330532213,0.12026190533840533
2021-05-17,-0.13373921960961418,0.11735849407546282,0.2321398388287419,0.314765329257879,-0.16322433715910464,-0.15617181914715877,-0.20274626983816454,-0.18337612575869902,-0.004890604890604891,0.02609063607685051
2021-05-18,-0.07294866524160776,0.17251742884329085,0.25255604615244237,0.30452469232922696,-0.2132362164216158,-0.20130604037318833,-0.2530297878505952,-0.2241220647267739,-0.05997425997425997,-0.024063866807879183
2021-05-19,0.03647433262080388,0.3462650903416072,0.12479822251870061,0.22718809194597014,-0.23293193562473002,-0.2046031383753134,-0.28874872223778747,-0.22581830832858585,-0.1474719936204479,-0.08836709155624761
2021-05-20,0.09118583155200968,0.16951900579673104,0.11434392115587752,0.1984533584021593,-0.21086122914672495,-0.19288303220974842,-0.31486130470448986,-0.2517999796611649,-0.19511616880037932,-0.14008852328888358
2021-05-21,-0.17629260766721871,0.2123022608295763,0.13002537320011218,0.23347061948836867,-0.2590528384307407,-0.2634172785093033,-0.39013402207785075,-0.32350515575299055,-0.23470839260312945,-0.17644558902980495
2021-05-24,-0.2006088294144213,0.22210191356412948,0.05423168831964477,0.16350763549433617,-0.20780437489440537,-0.22452992361384208,-0.41598484785686946,-0.36122654545199034,-0.297165991902834,-0.28023723088881636
2021-05-25,0.006079055436800646,0.20235127696145197,0.023823274200565934,0.12025698231376622,-0.22518449221522907,-0.2236653420731446,-0.3971103541593102,-0.3477740771636855,-0.326454033771107,-0.30781649823116175
2021-05-26,0.0790277206784084,0.2027815459481143,-0.03460046967225052,0.040422271466516974,-0.25005340482262217,-0.250301816098904,-0.43927297551770744,-0.3893736958325531,-0.3666041275797374,-0.3455895798405078
2021-05-27,-0.21276694028802262,0.07512940035133978,-0.08989282175737527,-0.01400664265389311,-0.20096794188483044,-0.1933468571217034,-0.41537537027858223,-0.35306041125701054,-0.32787456445993035,-0.2996563451490726
2021-05-28,-0.12766016417281356,0.23902150858213692,-0.0669202117527127,0.004484870381167237,-0.22910278479852275,-0.17332197824971968,-0.4023094295894974,-0.31038031419903994,-0.35209059233449486,-0.3068591749411371
2021-05-31,0.006079055436800646,0.31987205870957713,-0.003995236522550013,0.06017990141971704,-0.27063624236786926,-0.23667117988175979,-0.412291829665011,-0.3302183669023498,-0.33675958188153315,-0.2917225223165826
2021-06-01,-0.06686960980480709,0.17266340411108683,0.010487495871693783,0.08410740239141672,-0.32959359205002087,-0.28927166914430064,-0.47769693178012795,-0.387388969397543,-0.2960600375234522,-0.25922620865609997
2021-06-02,0.0,0.24540615314400424,0.003495831957231261,0.06627703018541863,-0.3311356708368296,-0.28839586462259226,-0.4544907563590952,-0.37701943988172193,-0.28667917448405256,-0.25506173794624376
2021-06-03,-0.07294866524160776,0.15702889167847425,0.026468441961893834,0.08412720790546466,-0.26937545871959284,-0.22330774143406645,-0.38510822784778065,-0.30947978056781966,-0.25703564727954975,-0.2282827977350838
2021-06-04,-0.07294866524160776,0.15702889167847425,-0.004494641087868764,0.03404002070835105,-0.24831617933888211,-0.21532141984880207,-0.37558180879098313,-0.3443997403974982,-0.2482176360225141,-0.22631166182031648
2021-06-07,-0.07294866524160776,0.15702889167847425,0.22040436525371845,0.25706261402864966,-0.2871566584998085,-0.24795046054802294,-0.3403207518112782,-0.2922833828941165,-0.23621013133208257,-0.20939135170101972
2021-06-08,-0.06686960980480709,0.379662908867938,0.2698681330001585,0.26889336915892,-0.2608360545826473,-0.23490564268718692,-0.283703759018016,-0.24769513575282506,-0.1653310104529617,-0.14621416850510524
2021-06-09,-0.18237166310401937,0.36805051992686166,0.294120988090042,0.29795845694365886,-0.21135401784919314,-0.1688630460599919,-0.2534170411519492,-0.18999475283420672,-0.15209059233449482,-0.1255491901923173
2021-06-10,-0.07294866524160776,0.5125033758944261,0.24221121417959451,0.23268661056712275,-0.1871715020060536,-0.14170401430658425,-0.2312828495971947,-0.17661156815022291,-0.1352720450281426,-0.10861160948102358
2021-06-11,0.15197638592001614,0.5913445187410719,0.30164035745252593,0.29548075527656303,-0.19600431446027186,-0.15836608476099048,-0.20501314590418626,-0.13976715020457522,-0.1384615384615385,-0.09862799195408387
2021-06-14,0.2006088294144213,0.5501839450966657,0.40766384960494884,0.38385322028179264,-0.08557812351656882,-0.06424160117403946,-0.015322316225665461,0.022154717823286645,0.017448405253283304,0.031659789781515894
2021-06-15,0.1580554413568168,0.5716785135162801,0.3693832198249719,0.3530415723073054,-0.13305322378728474,-0.10708775480260753,-0.0577965123693647,-0.009142987709641923,0.030393996247654785,0.05642027486433377
2021-06-16,0.15197638592001614,0.41183120558851766,0.3665860523009296,0.33909144992522194,-0.20597141600081917,-0.2024309373605349,-0.0717865685737949,-0.059257520447550456,0.01271777003484321,0.021306707911541246
2021-06-17,0.15197638592001614,0.3890793769771705,0.38758382140647213,0.3780819746828676,-0.18506232166775755,-0.18444433298656715,-0.03918987844126018,-0.014919039468943044,0.03083623693379791,0.03973041794953964
2021-06-18,0.23100410659842457,0.4280558009592805,0.39473792266625535,0.39851703805162436,-0.1937214707880904,-0.19754947355401153,-0.05780600822293561,-0.0141073065918017,0.03864915572232646,0.06778121054984529
2021-06-21,0.21884599572482327,0.27495432553957105,0.41909832343533154,0.4157991978367584,-0.192624777025189,-0.19656722989118883,-0.02912196626382741,0.0038769124092398704,0.06360225140712947,0.07875682433884947
2021-06-22,0.26747843921922837,0.2826748031926805,0.40120088613560206,0.3828462541887196,-0.12184739504210275,-0.13319691452677562,-0.010620246081681804,0.020527790353681,0.037335834896810506,0.044538046293980886
2021-06-23,0.18845071854082002,0.22923474787011777,0.3235794005492186,0.3218905084139908,-0.14465523856093254,-0.15615176361263267,-0.05040024151894901,-0.015242171385255911,0.023481781376518216,0.02192337776168604
2021-06-24,0.1702135522304181,0.4964490221044265,0.3599749746004488,0.3600617658873301,-0.11300612370517021,-0.10134870021667924,-0.028225809627574365,0.02285655177465202,0.05283400809716599,0.06322816240587419
2021-06-25,0.2006088294144213,0.26109134562120945,0.35408129855814796,0.37007025740253696,-0.1548318317849538,-0.1458206004482418,-0.08713739204278066,-0.0353257936704857,-0.004502814258911821,0.013862736101938378
2021-06-28,0.23708316203522517,0.2924435215443413,0.3699504884094935,0.3970803467648289,-0.12671510503167602,-0.11411677371971904,-0.05485302357652148,0.0018107819707151617,0.03470919324577862,0.07223572157090363
2021-06-29,0.21884599572482327,0.32610139426180274,0.4536474255641863,0.47404596234912943,-0.16406112442914483,-0.16382710642832737,-0.05693275820304367,0.002591484907049019,0.019230769230769235,0.05583831709450487
2021-06-30,0.17629260766721871,0.6401183680526163,0.3611123362895497,0.4151036089077713,-0.16234931286301788,-0.18588969692605548,-0.07415320014727653,-0.01382169640205641,0.01639676113360324,0.022201532097696524
2021-07-01,0.19452977397762067,0.5284678251151026,0.3065189752127044,0.3702167359432776,-0.18373941190373777,-0.206900694893085,-0.09752628883369807,-0.05307868282548441,-0.005263157894736842,0.007096618936352094
2021-07-02,0.10334394242561099,0.508860316597291,0.2513995798451207,0.2932918648174792,-0.17228539867296566,-0.19496584558173366,-0.10769731274817984,-0.07498221250919763,-0.020024072655651603,-0.014168191013119627
2021-07-05,0.11550205329921229,0.5254874230715633,0.2802057817023741,0.32128921109651437,-0.16462229140396156,-0.18095111250874732,-0.09818328982860734,-0.06349055769789315,0.0031732136995294884,0.005560224302572419
2021-07-06,0.04863244349440517,0.45406463213704135,0.26273055018231806,0.33208584592309853,-0.14004876613146322,-0.15085547370868463,-0.03465054782602518,0.012623691911692166,0.09838056680161945,0.12552915501891912
2021-07-07,0.14589733048321551,0.39046666139538044,0.27637889045152936,0.3249616598804147,-0.11099453706158148,-0.13700027712225996,-0.004390651608092232,0.011114244416208457,0.13137651821862348,0.13097061883123487
2021-07-08,0.3100318272768329,0.5510031099982169,0.3099310602800073,0.3717121085364316,-0.13808890394485246,-0.16989495481919903,0.009255968254897138,0.010035144114010158,0.13421052631578947,0.11612962205807069
2021-07-09,0.3100318272768329,0.593599785172643,0.3571315703776964,0.43677700512291745,-0.1334991816464576,-0.1620351857626378,0.030497228737289286,0.04055350979296651,0.12753036437246965,0.10909777144049027
2021-07-12,0.33434804902403553,0.5267559164758971,0.31959863463736526,0.3784838225741906,-0.08541312993518824,-0.1094465077114588,0.09805328087163517,0.11441009414453311,0.15040485829959513,0.1333932037260179
2021-07-13,0.43769199144964654,0.4844915657482568,0.3121493614506518,0.34041678336409803,-0.07138632614251599,-0.08568169004022935,0.0812014902493831,0.08936279631239538,0.1730769230769231,0.1600002994228898
2021-07-14,0.3039527718400323,0.30536383476570245,0.2917177668829728,0.30098265134262214,-0.0830853500303087,-0.10721152856723061,0.033240376125478456,0.01964048343681612,0.13724696356275304,0.10425570042912612
2021-07-15,0.5288778230016562,0.5337141761075553,0.31101427286355854,0.32577637026813905,-0.13832172162453246,-0.1682495157344961,0.04154800036933694,0.01847454723218987,0.16376518218623481,0.12966715401837103
2021-07-16,0.7112494861056756,0.6983664731080963,0.2968256655248926,0.3093152496772086,-0.20683828222142878,-0.23414647488643972,0.008191865390157165,-0.017198115554571722,0.07914979757085021,0.05047061084296546
2021-07-19,0.6930123197952736,0.6891354036446972,0.3325809560183308,0.3384877384432735,-0.18749939029258492,-0.1958770823085527,0.021842377337022847,0.013385205185762672,0.11801619433198382,0.10440554978839227
2021-07-20,0.7538028741632801,0.7499215548231615,0.3297432345505977,0.33469889609644354,-0.1963992795651305,-0.20054435378345406,0.013057942973220181,0.00948500565086472,0.13582995951417004,0.13017533200307876
2021-07-22,0.7112494861056756,0.7117771345335074,0.3200949815603048,0.3284507036519049,-0.2779636039534935,-0.2853577524938436,-0.03537515460017831,-0.03884039273726125,0.09554655870445346,0.0883909378359171
2021-07-23,0.7781190959104827,0.7697010978029601,0.3303107788441442,0.3419378195814085,-0.28027099413573053,-0.2868497538951595,-0.011870857248381984,-0.016176673748552976,0.17449392712550607,0.17282184023270716
2021-07-26,0.7659609850368815,0.7696434425912027,0.3410941204215304,0.33350690985007597,-0.2545432616452585,-0.2888077471322196,0.02243725388469796,-0.001022362221118652,0.19817813765182188,0.17834822565647565
2021-07-27,0.7416447632896788,0.7549287801967862,0.3882002967859015,0.36148936815179966,-0.295437466707324,-0.32090599364745,0.006053417622512089,-0.020403194465937646,0.22327935222672063,0.1870907593541782
2021-07-28,0.8267515394048879,0.8563511836562857,0.38536257531816825,0.31020960262452224,-0.24179192701987895,-0.29157372841213164,0.06955495542729578,-0.0016794713876962962,0.22975708502024292,0.1607859033883328
2021-07-29,0.7598819296000807,0.7687572822625655,0.36322834786984937,0.3185709866305205,-0.1715734584040176,-0.21534096856566193,0.08581609688384786,0.04604513100217268,0.2819838056680162,0.2296956698933167
2021-07-30,0.7416447632896788,0.7503071074882638,0.3995511826568343,0.34465514989689383,-0.1999397810274919,-0.2440611473843558,0.1456492974167836,0.09928174791328447,0.37712550607287454,0.3305664887599414
2021-08-02,0.7477238187264795,0.7527310312192088,0.3904704739600881,0.34703863412900043,-0.15340682261241279,-0.1944489377011642,0.16604317820432188,0.13732815079974442,0.3526315789473684,0.30329887370807307
2021-08-03,0.7477238187264795,0.7537387208110837,0.38933538537299484,0.3339253196438476,-0.15784040199034527,-0.20939087887220537,0.16045289928197007,0.11059159467177661,0.38177043440201336,0.32526400596420485
2021-08-04,0.7294866524160775,0.734701186122128,0.40636171417939404,0.3228141774328031,-0.12955415173266954,-0.1761357530623923,0.18436026233287886,0.13084392933461453,0.4001531896268738,0.32796932198273315
2021-08-05,0.7598819296000807,0.770901433651811,0.36493098075048935,0.22671093245261137,-0.10409753970059968,-0.09189084933078111,0.2023050479043851,0.1759385028746977,0.2927016084910822,0.24982400257931525
2021-08-06,0.7598819296000807,0.7888526541959734,0.35528272776019637,0.21792580066999506,-0.12661523899732952,-0.11948733552054824,0.18733708781280992,0.1723462562824209,0.3180161943319838,0.2594630129908761
2021-08-09,0.7841981513472833,0.7951655236323817,0.33598622177961074,0.18257256726676477,-0.0884635871487412,-0.05952961219362479,0.23332399684058966,0.2084351811450024,0.3368421052631579,0.2738878674550168
2021-08-10,0.772040040473682,0.78229715493847,0.32123007014739813,0.07933444914530113,-0.05627197450175436,0.04437825430666042,0.2964070122796697,0.29607053242539144,0.35730553211405386,0.30069479230244556
2021-08-11,0.7173285415424762,0.7177339393895138,0.3524450062924632,0.18645591788713728,-0.06248987223675483,0.0020070736939684147,0.25861308824888224,0.2754253573210523,0.3660137870664186,0.33324415746348873
2021-08-12,0.6747751534848716,0.6923908109044832,0.39501082830846124,0.23427326937572557,-0.038833732662635,0.03113416557694786,0.26032629027766474,0.2725138322281319,0.3677098150782361,0.3232433087398995
2021-08-13,0.6990913752320743,0.7013802651702051,0.3596179962656857,0.27595527066538145,0.01245508596026604,0.04488099485430188,0.27060801486034364,0.27369852899941205,0.3722143195827406,0.3363928784879503
2021-08-16,0.6383008208640678,0.6418871697607988,0.32218142252193926,0.2553218853489089,0.019966604837774897,0.03678662670539292,0.24362609463905388,0.2455262540090348,0.3084400189663347,0.2648171050337284
2021-08-17,0.6990913752320743,0.723211952426913,0.35054246323689864,0.30811823875569005,-0.014444254567624283,-0.011438322530973785,0.2257130210528711,0.22314714020874976,0.30227596017069697,0.2799421618006122
2021-08-18,0.6565379871744699,0.675190392573587,0.31026978542165634,0.2494446707449422,0.04399895670075206,0.013291660488109903,0.22135052704123323,0.20032062193518835,0.3238095238095239,0.276825980839301
2021-08-20,0.6565379871744699,0.6788280622147974,0.36585742522297676,0.3132981599242046,0.10486690349524178,0.07375288294125952,0.24600729461038323,0.22424584637657557,0.3680823680823681,0.3312873426176734
2021-08-23,0.6383008208640678,0.6603420694329124,0.2932531609926806,0.23957796940693823,0.06447480762620882,0.026070816058786847,0.2277789501852045,0.19782889286794395,0.32921492921492923,0.2944436179362457
2021-08-24,0.6383008208640678,0.7066588312766201,0.2529804831774382,0.20220429979198265,0.053274688086384726,0.027302114266335595,0.21277490053260828,0.19320322171848361,0.3338481338481339,0.2880953097049188
2021-08-25,0.6383008208640678,0.6918644279800013,0.2864465112210904,0.2365405093897152,0.042975294307393434,0.025422350004521886,0.22159966599248604,0.20633630207324224,0.33127413127413136,0.295200071191859
2021-08-26,0.6383008208640678,0.6918644279800013,0.297223706692775,0.2296872890343281,0.05253986480243458,0.01679776166081757,0.26614372021853566,0.23679022341391587,0.35263835263835264,0.3055645317204963
2021-08-27,0.6261427099904666,0.6728115612108635,0.31367311030745143,0.24078263852716078,0.048847763196803215,0.02694275232142168,0.24317131489440943,0.2220424840105768,0.33462033462033464,0.30106739311750264
2021-08-30,,,0.35321006202434646,0.29387581210840313,0.12267242316046652,0.15182003115231382,0.2965067733209269,0.2870181842238112,0.3258976317799847,0.3090537481678943
2021-08-31,,,0.2996247748368922,0.26379563620801094,0.10950077552016078,0.1248146914014569,0.2719371590716731,0.2615178824795595,0.29136745607333836,0.26923901058451905
2021-09-01,,,0.3652856197003925,0.27476146532086276,0.06626533898163534,0.09319981986851432,0.22263079034017733,0.19292699284321296,0.27944996180290294,0.23176705412867538
2021-09-02,,,0.33887033728404176,0.311425483968656,0.1726829194912965,0.19437608482527816,0.2727728602366137,0.257761362743649,0.33445378151260496,0.31374651904454176
2021-09-03,,,0.4632356940426991,0.4242234353809543,0.040720711151381164,0.02858078524151121,0.23471167772916793,0.1907037841232243,0.3201871657754011,0.26900216729158327
2021-09-06,,,0.46059366536945173,0.44356110333710674,-0.06856585418171322,-0.08411599163873987,0.1200733292402942,0.07271146895089643,0.25835561497326204,0.20469621269899255
2021-09-07,,,0.4569987446703659,0.4470315698627389,-0.016735304786862654,-0.06820882071410288,0.12281940664831141,0.060051562073783045,0.23607038123167154,0.19707710797893555
2021-09-08,,,0.4663252496636387,0.4385601790048863,0.031541491177139884,0.0002654993702114189,0.16959064672298427,0.10169912259551146,0.3020527859237536,0.2556978070460353
2021-09-09,,,0.4704703629939822,0.445791760573014,0.07573081017301955,0.050896308286917415,0.22403710881003036,0.1651247776013881,0.30608504398826974,0.2688638697224138
2021-09-13,,,-0.021795892220221172,0.06220761762103326,0.05794349667103138,0.015889320099619134,0.10548609168049096,0.11774411791954986,0.19648093841642225,0.2027533070180879
2021-09-14,,,-0.07991827147414429,0.006759103790467351,0.10224794531612647,0.09129432916801383,0.12143218891492927,0.14207791646070414,0.25073313782991197,0.2557878956040005
2021-09-15,,,-0.04149433407941541,0.0719782350561561,0.10182559094060949,0.09371906672627449,0.11172734200848032,0.13549392466773014,0.249633431085044,0.25183602093442065
2021-09-16,,,-0.021784525391693094,0.15702002784259864,0.0537207681791641,0.05081974640418523,0.05889472040287448,0.08145659602315238,0.22910557184750727,0.2495406824612805
2021-09-17,,,-0.02385924209566386,0.15261527212933138,0.12977413825366246,0.12982575388761677,0.13693657982627824,0.18482126002889596,0.30095307917888564,0.3141579975185566
2021-09-20,,,-0.03644078145465823,0.15762157651763525,0.11584283147741356,0.1373949323866684,0.11856033934634802,0.16510198653186425,0.32368035190615835,0.35214231158285303
2021-09-21,,,-0.04789359848326512,0.07325352300217845,0.12111257323170746,0.19683424467201588,0.09155071773155156,0.16840559257011248,0.29912023460410553,0.3372123026435965
2021-09-22,,,0.013535147397444488,0.1393214585767288,0.17701068395403396,0.26429328797778867,0.181891514083391,0.2532596428296878,0.33980938416422285,0.3667911717035122
2021-09-23,,,0.010378996295343416,0.11652073113690081,0.17890421701889028,0.26638306773559595,0.15184513315387296,0.20949725815955375,0.30901759530791784,0.33257431408664273
2021-09-24,,,-0.042553884810908,0.04137142660930316,0.1570725808743712,0.21140930714703027,0.11031562469068366,0.13828797013535424,0.3244134897360703,0.32333248973211165
2021-09-27,,,-0.03944018592230498,0.00653670836407621,0.1299165516169581,0.1506799905313795,0.11274708460687274,0.12425299209462906,0.32368035190615835,0.30126976448411846
2021-09-28,,,-0.09548676591715943,-0.08598913951859428,0.15030206230497964,0.1592947515106095,0.1074705116864005,0.09824672291879102,0.3203812316715542,0.28194859748319273
2021-09-29,,,-0.1349269518394644,-0.130254677490573,0.13795973967044667,0.18783415510359808,0.10768300279438003,0.14885517100282103,0.32587976539589436,0.29985124027652194
2021-09-30,,,-0.13285115258039573,-0.1497909207234367,0.038366711819380186,0.07427991401728411,0.02903518514604441,0.03440496499781285,0.2936217008797654,0.24036560575700464
2021-10-01,,,-0.023871691479289858,0.006421398517169682,0.053735520552963864,0.0836763975271028,0.008468595667596288,0.03129304002521214,0.2778592375366568,0.2660252887980245
2021-10-04,,,0.015568494443015122,0.025926657461037412,0.08670628990823978,0.15977967127705522,0.06615571332925628,0.13018278391364035,0.29032258064516125,0.3193898306016116
2021-10-05,,,-0.006227397777206049,-0.00429748876226257,0.1900717685718082,0.2352656463334425,0.13650569683244493,0.1751052027318302,0.3566715542521994,0.34797665213231654
2021-10-06,,,-0.008303197036274733,-0.0010223355591029524,0.18084682880752695,0.23695044374339985,0.14137340568221066,0.1931006764155533,0.32404692082111436,0.3157819969840462
2021-10-07,,,0.0246766940221955,0.026881528582241597,0.2410528622233419,0.2731601579189102,0.20558460467630923,0.22961696323330336,0.34959677419354845,0.35730990883891084
2021-10-08,,,-0.03578120633218348,-0.03556912458684254,0.28785627328954916,0.33293118671849603,0.2790387251993096,0.3078615170820313,0.40725806451612906,0.4320726143297766
2021-10-11,,,0.03207970222885415,0.028651097707573955,0.3243086402434196,0.3865883724851648,0.2681352981380926,0.29964861907411633,0.41975806451612907,0.45081767881442647
2021-10-12,,,0.037015041033293256,0.034306013979483,0.20468158521023366,0.24100897937875443,0.1526479788570386,0.15657455779987742,0.41330645161290325,0.44294214607993126
2021-10-13,,,-0.08168717229557564,-0.04599061726493447,0.1870798726450249,0.19212143766413803,0.15110716319827247,0.14321261402686672,0.3548387096774194,0.380890958183509
2021-10-14,,,-0.15663502188007308,-0.13125584896072634,0.18846615319806267,0.21844741825556413,0.15220294101780527,0.1467429792835611,0.3064516129032258,0.3512084953262602
2021-10-18,,,-0.2673398366037021,-0.2846328700744405,0.3256886216461506,0.343304787665347,0.2282790090886291,0.2300769171974822,0.2931451612903226,0.31400472586771777
2021-10-19,,,-0.23763541031440183,-0.22348903813812643,0.39480188783585013,0.43480243356450426,0.28190010186675735,0.29411928159514483,0.41975806451612907,0.4870081254727524
2021-10-20,,,-0.315609529323815,-0.35770676511548,0.40257051609888067,0.41746258053840757,0.2587319243604005,0.20366148054760755,0.35927419354838713,0.35787106089610676
2021-10-21,,,-0.40153263545447304,-0.4254286865254804,0.1425515657310626,0.09501712333432634,0.03270300333704116,-0.07745786086958213,0.18709677419354842,0.11025318210663505
2021-10-22,,,-0.3008386928172832,-0.35378419020344964,0.2637479989090262,0.22712899412658652,0.1934119933440497,0.08804486623282545,0.307258064516129,0.24607582878646198
2021-10-25,,,-0.3008386928172832,-0.32714185266876883,0.3735665582600757,0.34285300359209797,0.3398620412386236,0.22157216342347794,0.39798387096774196,0.3146324882083372
2021-10-26,,,-0.3605091773430253,-0.3642244473931584,0.3806620952934523,0.38129359862125756,0.3404160661847978,0.2300489206453891,0.3983870967741936,0.3317855082735425
2021-10-27,,,-0.2859210716858477,-0.31049050905075204,0.31263454973636473,0.32172305427557646,0.24963844853551834,0.14265403114224526,0.379473739200386,0.28809136964976134
2021-10-28,,,-0.23122312753725072,-0.22730380396493763,0.3099082013727877,0.3187297469648754,0.26043409708602283,0.1941983214965405,0.4540322580645162,0.3899658662393874
2021-10-29,,,-0.24987015395154513,-0.25663376615915756,0.2713790225433143,0.27759949309070303,0.21895861690280755,0.14616073418704018,0.41532258064516137,0.3365612687904117
2021-11-01,,,-0.22625058716010554,-0.20906387120290157,0.3454312758384432,0.3790269647365487,0.3183891442551932,0.253553799023524,0.5116935483870968,0.38078907272754514
2021-11-02,,,-0.22500745206581926,-0.2170574586578189,0.3452076430130955,0.35918270911998873,0.2867949734066695,0.20136738421100972,0.4379032258064517,0.3132975762165009
2021-11-03,,,-0.27597599093155734,-0.2947399383880328,0.474167475393986,0.47430166859551426,0.3607031686986291,0.30785409555237625,0.41576772063294154,0.3313155802192698
2021-11-08,,,-0.20747278683630144,-0.239284306511014,0.40740254850137037,0.3807252415830544,0.2995771496445235,0.20586039692199554,0.3455645161290323,0.22677328109312214
2021-11-09,,,-0.18522712904865782,-0.21317153696535615,0.4100379483064518,0.39950734382314057,0.29884290904519367,0.26210817859995084,0.3770161290322581,0.3208085092236929
2021-11-10,,,-0.147933076220069,-0.14803046418358293,0.34990128790207786,0.3476246143828163,0.25528602573719794,0.21818376664340564,0.43427419354838714,0.38286740932148966
2021-11-11,,,-0.1366587218682225,-0.12981058007279334,0.20294484889136208,0.20817687748042113,0.11637739495952071,0.10542794383247842,0.2766129032258065,0.2593047668228987
2021-11-12,,,-0.2447433473458167,-0.23277637278098823,0.20571427712512724,0.21805052875213674,0.1646823280805915,0.14582917999972314,0.3165322580645162,0.2691728454977684
2021-11-15,,,-0.15422933763872188,-0.12978508858967316,0.2232123852950714,0.23887523634119673,0.127100743107794,0.108513245393105,0.1866935483870968,0.13234542875550492
2021-11-16,,,-0.15176166823650233,-0.13320203597462807,0.2648496074972987,0.2660883467272053,0.18210155441359915,0.162527433974875,0.22540322580645164,0.19450455372890754
2021-11-17,,,-0.025910528723305275,-0.0009229403571079538,0.24735664385031605,0.24123717950429824,0.20280503187137996,0.16505710772589416,0.2266129032258065,0.16667807169798685
2021-11-18,,,-0.11474662720320908,-0.08102142770453954,0.2237297599796461,0.2242006939065803,0.15715083123310436,0.12444690043925881,0.23024193548387098,0.16680650426967067
2021-11-22,,,-0.18507520516646625,-0.1376459637019927,0.21420280591457877,0.19632513568840027,0.154702305534005,0.11781314444132886,0.25362903225806455,0.18616437207013317
2021-11-23,,,-0.1628661805464903,-0.12148156826873416,0.16492940138027395,0.1548793004178094,0.09371175630189367,0.06538794981171629,0.1649193548387097,0.11957129422237844
2021-11-24,,,-0.2541699484286137,-0.2370074238891541,0.11455990077251806,0.09159576848961672,0.035013486266120664,-0.022563118483758342,0.06129032258064517,-0.014770852452855124
2021-11-25,,,-0.21948629221922994,-0.18302473471206473,0.08944763726066858,0.06736713687054062,0.04229271662080712,-0.0033289158504166824,0.020564516129032262,-0.09051729631973554
2021-11-26,,,-0.15552774562660654,-0.13020430750101758,0.07829423980135441,0.030484450931429707,0.02582369231293093,-0.06645573194630994,0.13731222975316837,-0.02447867402677134
2021-11-29,,,-0.11539155320683712,-0.0893776947831322,0.11150321905097041,0.06913559216028395,0.08169172105176954,0.009405285428607737,0.14395161290322583,0.01098873958866787
2021-11-30,,,-0.07650961680018548,-0.047613044689502414,0.08784510184661744,0.03836724444716947,0.07723985614431615,0.01919470127007566,0.1629032258064516,0.05242647347518732
2021-12-01,,,-0.017559584183649127,0.007152372091195681,0.08566310942971718,0.05692991787691139,0.044736260831017255,-0.005228640387480471,0.13951612903225807,0.06598738386681464
2021-12-02,,,-0.05188555163142795,-0.059111455223523936,-0.017008237107522146,-0.015106439195296672,-0.0004452360743608781,-0.004861375489976507,0.07822580645161291,0.06106322039168091
2021-12-03,,,-0.018825927470867507,-0.012712512538410046,-0.028450142070764323,-0.051166347533328924,-0.04162493688468911,-0.08678335187744747,0.13327956514955108,0.07445475002031537
2021-12-06,,,-0.16553961710979392,-0.1572333239153817,-0.07975672806403543,-0.11165123832748877,-0.04209826079249738,-0.10066078460698291,0.12701612903225806,0.054684854014224925
2021-12-07,,,-0.04769234959286435,-0.03884676606835827,0.08224761855072543,0.05900881950627839,0.12264887820034065,0.07724359422654299,0.18267970654386279,0.1297746541723346
2021-12-08,,,-0.1161248060322435,-0.09292292073689636,0.13116250931408177,0.10529467194877501,0.15290453328810377,0.10358531803405828,0.16774193548387098,0.11652645312401415
2021-12-09,,,-0.1501552393166124,-0.1318215996994469,0.1417850737702804,0.12294490914245285,0.11818385324015006,0.07593318027216539,0.11814516129032258,0.06410405509093299
2021-12-10,,,-0.2289252009253271,-0.22310017897797646,0.025735468044137975,0.017049559443130406,-0.08370438197984509,-0.11449323029922748,0.014112903225806453,-0.03254481102210131
2021-12-13,,,0.06725663500057741,0.09208953939585338,-0.026923736171151815,-0.05474061688507713,-0.07502227852980796,-0.11130152101767977,0.010483870967741936,-0.06208340231987519
2021-12-14,,,0.032382824259537264,0.04021095828357319,-0.02444989602069658,-0.0402073670038466,-0.026485646959656977,-0.04964744663314091,0.08225806451612905,0.02112562277384946
2021-12-15,,,0.02970442628930023,0.031450899888024686,0.1372460414991375,0.11364102527830129,0.14401782975611688,0.1148322165504783,0.20201612903225807,0.15248610496082513
2021-12-16,,,-0.0086637910010459,-0.01092022073444852,-0.0992973224938803,-0.10765807985170744,-0.0353726362625139,-0.039614698842030456,0.021370967741935486,-0.008900982139450847
2021-12-17,,,0.0,0.005806993134188889,-0.029094664041668473,-0.03748646136540339,-0.0073891625615763535,0.00553368314825561,0.10611790878754171,0.059507882671032665
2021-12-20,,,0.06312190586476299,0.06390989896425832,0.03490761593400968,0.023798084480847456,0.09090909366801173,0.09347527172709119,0.1408231368186874,0.09434728588386954
2021-12-21,,,0.02970442628930023,0.029080700715071073,-0.0023943906007840026,0.0007378442564277705,0.015270935960591127,0.031747502472692944,0.12525027808676306,0.10739376011661521
2021-12-22,,,0.006188422143604215,0.005718403686731971,-0.017111576438240038,-0.019932763680096187,0.01822884605525362,0.028529171883955557,0.06295884315906564,0.04358261670162886
2021-12-23,,,-0.011139159858487587,-0.010658278666956653,-0.12763050007666082,-0.128946156787965,-0.03128849565267612,-0.028252180474199345,0.053170189098998885,0.048847760301518814
2021-12-24,,,-0.037130532861625286,-0.03572828640110204,-0.06503513138725894,-0.06513115201554044,0.021926583567623427,0.028061593464437616,0.09766407119021134,0.09562204079277582
2021-12-27,,,-0.0693103280083672,-0.06831838157553762,-0.0037690687962008565,-0.004515724125688094,0.022170218175308454,0.04254568793609874,0.0932146829810901,0.09226857293928353
2021-12-28,,,-0.011139159858487587,-0.005422897492317014,0.04590622921577566,0.0464128889162368,0.08228627990546318,0.09424613161015895,0.15061179087875418,0.14644148819608144
2021-12-29,,,-0.022278319716975175,-0.02106981064797204,-0.013691606607843989,-0.014968030075702693,0.03399433453547296,0.04575174431054667,0.11457174638487205,0.09995308170151239
2021-12-30,,,0.016296743401013895,0.014027613909350091,0.1401618185860902,0.14112416223961052,0.13581601160432158,0.14294495081110953,0.18522167487684724,0.1737064427639094
2021-12-31,,,0.029648886646530256,0.029811613066676214,0.10438061627326424,0.10642775384524458,0.13573100238438843,0.14409852015629393,0.1875417130144605,0.18217198486572408
2022-01-03,,,0.05065018135448919,0.0580216062083895,0.14784402042639394,0.13032495717079456,0.16847290640394083,0.14884656598342363,0.22758620689655173,0.2251115286104077
2022-01-04,,,0.0738065277681488,0.07151956754964625,0.148227494625473,0.1481564377332338,0.13948832035595105,0.15135453030249676,0.17661290322580647,0.17624190431191147
2022-01-05,,,0.07276699920803402,0.08791099018031147,0.06443664186348005,0.06193046831640664,0.06612903225806453,0.07331310446207848,0.17485337243401758,0.1743989999320278
2022-01-06,,,0.031169541941325558,0.06268870593596589,0.0751303824280576,0.039587210551802234,0.04717741935483871,0.033121988735112566,0.17815249266862168,0.17651942475367563
2022-01-07,,,0.15273075551249524,0.19675514463373384,0.05995731090834393,0.03278276041180593,0.07230255839822024,0.06525095597315166,0.18870967741935485,0.18984752795437007
2022-01-10,,,0.08935268689846661,0.11428235433191035,0.19000686064987712,0.18017813449852052,0.14193548387096774,0.13639632013210706,0.25659824046920815,0.2577271342094183
2022-01-11,,,0.06764022098530792,0.13022731060978845,0.10294319827716686,0.07195863260334331,0.0963709677419355,0.07580659995488556,0.19611436950146627,0.20688838566944417
2022-01-12,,,-0.037202828737312565,0.014473158697652108,-0.001972874496082112,-0.013973937294840713,0.03079178885630498,0.023240429733440152,0.07620320855614975,0.0777872069093634
2022-01-13,,,0.00532183482372016,-0.007314722473320912,0.010110981792420823,-0.00988023351377177,0.09898267844706372,0.0815499123990181,0.15106951871657756,0.15017105534564115
2022-01-14,,,-0.07716660494394231,-0.08825221043997923,0.019975354272831387,0.0128915622482451,0.09330033949917672,0.0903162726871419,0.11864973262032086,0.12106142140067626
2022-01-17,,,0.052331375766581575,0.056508068868947076,-0.048786500806559996,-0.060440322850751675,-0.00421631537790346,-0.007601545655352875,0.10895721925133692,0.11794424866537526
2022-01-18,,,0.004434862353100134,0.0024990006150650847,-0.051749636644898324,-0.06633044822116836,-0.023645862073465224,-0.028167321584623217,0.10528074866310161,0.11860480221843582
2022-01-19,,,-0.03703755546897745,-0.060912546464201016,0.007569013264134927,-0.007176457001088215,0.01871814162129801,0.01305384816286247,0.09579831932773109,0.1087841686589438
2022-01-20,,,0.003023473915834893,-0.03334982977688754,-0.03939900443096242,-0.05490411047042975,-0.00952619707512488,-0.015241314542872067,0.03284950343773873,0.042665459862681825
2022-01-21,,,0.057479765213927635,0.02959597383330644,-0.11602102245394381,-0.12299921836252223,-0.007793398624000824,-0.011074743459851698,0.03417366946778712,0.046581042787611444
2022-01-24,,,0.17794615340455508,0.18178010547893544,0.015603506833307546,0.014931558876571528,0.06710093304963897,0.06814204275683101,0.16396396396396398,0.16341441713564972
2022-01-25,,,0.14781469611879977,0.14929491084792,-0.1110908960580179,-0.11175902449767405,-0.014568887342719107,-0.013443459652134287,0.068983268983269,0.06634904307750786
2022-01-27,,,0.1353072987549013,0.13628038760397324,-0.14546822789143996,-0.14913658082597134,-0.057999441895614276,-0.06153666205948693,0.036036036036036036,0.018637413244578776
2022-01-28,,,0.15995626963237122,0.1566623139212861,-0.1401417397489504,-0.13953831185978388,-0.0494501656921139,-0.04967836180967267,0.0453024453024453,0.04410423162025954
2022-01-31,,,0.16543875604065664,0.16027859061965896,-0.1530863975362832,-0.1530060640188242,-0.03784514455565006,-0.03874470772278363,0.0822664770033191,0.0798500233816934
2022-02-01,,,0.1571201655608753,0.15907093952274418,-0.11479260620586554,-0.11437262486017566,-0.018023818120540058,-0.018252513790398488,0.15742057847321003,0.16549236740806098
2022-02-02,,,0.1718679067326542,0.16582384371226153,-0.14752870673794058,-0.14776421871066467,-0.10027030588920469,-0.10325292354678824,0.08771929824561402,0.09697711131451897
2022-02-03,,,0.2024978307048104,0.20147459674357912,-0.08550877809212432,-0.08884793828969997,-0.06937829894002738,-0.07428771992808895,0.11759127548601231,0.1293208177406156
2022-02-04,,,0.1821173655639769,0.18424399643423459,0.015257418933615615,0.016260822035205926,-0.009105554589199443,-0.007163261234890293,0.15186615186615188,0.18460163169910784
2022-02-07,,,0.2101856333749124,0.20997370481459082,-0.0023853225464462195,-0.016825198374736883,0.02661064425770308,0.023688904540276896,0.053796653796653805,0.09265397703698573
2022-02-08,,,0.2579464439035874,0.24982465323540876,-0.05419820712892252,-0.06499794073555393,0.014007564222028193,0.013874649384056949,0.0833976833976834,0.08110916938698341
2022-02-09,,,0.2669749194109912,0.24464029468931636,-0.12156755955323108,-0.12522703078504502,-0.02059202059202059,-0.017554376017725234,0.007112375533428163,-0.0033177957418796073
2022-02-10,,,0.2549214603792305,0.2161520718262829,-0.048046876936256644,-0.056058685874527295,0.05500802216374875,0.05494958841431405,0.14453781512605043,0.14423601167427208
2022-02-11,,,0.2609730084001024,0.1743757601002467,-0.1953934913372747,-0.18275022926797635,-0.04034229875953368,-0.030147920735721236,0.0669467787114846,0.03954730632758704
2022-02-14,,,0.13076524685985913,0.013313438050545318,-0.03633797415347141,-0.01242085259730921,-0.030712812374759712,-0.01585037975381281,0.10980392156862746,0.07543314657180197
2022-02-15,,,0.04913145113231702,-0.04000122588752766,-0.05874045487066297,-0.0491436157226454,-0.11215524518942105,-0.10572614329740873,0.04257703081232493,0.010475984673300104
2022-02-16,,,-0.10204224465942766,-0.16155716126124015,0.02483094900487213,0.035917695103420764,-0.08174803293779326,-0.0716196743358431,0.06750700280112044,0.047299571431845884
2022-02-17,,,-0.04021410991726605,-0.10776550115451221,0.02220653976045475,0.03681326777458864,-0.06861247023875236,-0.04821271423092501,0.08515406162464986,0.0576664051223679
2022-02-18,,,-0.0007587567908918122,-0.053410456388053876,0.02543915320709867,0.05519314889234863,-0.0936735952257354,-0.06789742895732208,0.08319327731092437,0.06449422708637098
2022-02-21,,,0.03035027163567249,-0.02302895503200868,0.1021294402621535,0.15314633513982598,0.010696821640785444,0.0436202059647279,0.11932773109243698,0.11522539401647432
2022-02-22,,,0.013657622236052621,-0.06432458472763682,0.06845056033587844,0.1508252337349235,-0.004346372693605883,0.07882268280295888,0.15966386554621848,0.16502000027474403
2022-02-23,,,-0.08270449020720753,-0.1877511306387062,0.019790009669593957,0.1380314638542428,-0.06372249463153615,0.024706008265064933,0.0761904761904762,0.08748296017963461
2022-02-24,,,-0.0976107532250926,-0.3371540065813504,0.06486136682489382,0.19121883483297722,-0.04112337240873259,0.03512635256033548,0.11566080977845683,0.11738184062456705
2022-02-25,,,-0.20498258177269446,-0.3936904356550167,0.11856493103896404,0.20933632927892132,-0.015211032655313253,0.034739828144560315,0.11382734912146676,0.11418932179828856
2022-02-28,,,-0.20675732274042338,-0.3609545258652631,0.050635916406064116,0.10946519429986963,0.013373454441864255,0.05070363477184784,0.08051948051948052,0.08031395289589482
2022-03-02,,,-0.23604054870795121,-0.3510340511143326,-0.011135864365670196,0.07372599472206023,-0.14073207617599798,-0.10544787365367461,-0.06890756302521009,-0.07212783925285933
2022-03-03,,,-0.3478492296748754,-0.40631070456936064,-0.01827504576164483,-0.013592533528420875,-0.1348708954320312,-0.1399095288186118,-0.10985485103132162,-0.11201593977067578
2022-03-04,,,-0.3647092688683005,-0.4090503891602533,0.02629823658383037,0.004690801292982943,-0.11865964777787132,-0.14601080716253292,-0.11596638655462185,-0.11247601895229674
2022-03-07,,,-0.45458119311430517,-0.4564830257284769,0.17297993843542156,0.15156291939420996,-0.016863715587277527,-0.042456870031608675,0.08288770053475936,0.09040820451385854
2022-03-08,,,-0.25190725457608165,-0.21640241161170018,0.09525971227535676,0.08167036603654472,-0.1335338853162242,-0.15029819595580482,-0.0426279602750191,-0.038217277558359256
2022-03-09,,,-0.25114849778518983,-0.2531452601229981,0.04564280177715475,0.04211758047975536,-0.13155080213903741,-0.14155295719068614,-0.0398970398970399,-0.036881268419197165
2022-03-10,,,-0.23445584838557,-0.25799397863629725,0.10861016719204233,0.1107251027971808,-0.046909618900752396,-0.04718538541203696,0.03912483912483913,0.04259312730678857
2022-03-11,,,-0.3035027163567249,-0.2594412113493997,0.18452980041394265,0.16267492552756693,-0.004512409140848627,-0.003351252472550225,0.04201680672268908,0.07564235035059143
2022-03-14,,,-0.022340036069279128,0.02817092388071698,0.17575612627354112,0.15341894161546643,0.04483106975379724,0.026659171762512316,0.08403361344537816,0.09209961444410909
2022-03-15,,,-0.03235453499688701,0.03239462036443097,0.21769188689418922,0.1880336255173594,0.09426709140530032,0.07049504244034613,0.05294117647058824,0.0666965579543345
2022-03-16,,,0.024651074283342483,0.08402581758941917,0.18539952871759888,0.16914458482476122,0.09008105655249668,0.07577204844377697,0.050140056022408966,0.07013415949956579
2022-03-17,,,0.003851730356772263,0.07816384678613365,0.13311076073285608,0.13356548060250278,0.03977605094525827,0.03509395989762849,-0.02380952380952381,0.011224925751684225
2022-03-21,,,-0.09103217533631901,0.040651060566166804,0.1652880025702193,0.18474087431815725,0.06746723144472137,0.07806476921917237,-0.013292589763177995,0.060300625300613454
2022-03-22,,,-0.09103217533631901,0.059889075968200374,0.0825989987792575,0.1305164206269362,0.05081487832104647,0.07913424360630292,-0.0761904761904762,0.02521796360871242
2022-03-23,,,0.021393127492027906,0.15494427672330927,0.016558987682721477,0.03584623549226314,-0.03010391233192475,-0.02619836699077998,-0.1173669467787115,-0.044078543047153355
2022-03-24,,,0.004584241605434551,0.10701633336939154,0.09343157923478539,0.08807308439650426,-0.0036672014775832496,-0.011003317687276401,-0.10420168067226891,-0.08077519203736402
2022-03-25,,,-0.05271877846249733,0.07370656839216029,0.12430560139230926,0.12122979634527649,0.05150542805191409,0.05476628894614026,-0.09299719887955182,-0.046297011503774556
2022-03-28,,,-0.10103075829300022,-0.01909586338831698,0.0490463517464492,0.0468884380771936,0.03392161366764506,0.027282576265812312,-0.1327731092436975,-0.09392266166372407
2022-03-29,,,-0.05849149164331592,0.028054131634528946,-0.011097663017333755,0.025251687843986414,-0.049507219947373865,-0.031898811349133915,-0.16078431372549024,-0.08214040482260845
2022-03-30,,,-0.08128038449136107,-0.023448047165875095,-0.024011307255685763,-0.0030119006622325345,-0.06570402647336655,-0.05896697484670048,-0.1728291316526611,-0.11609600979586489
2022-03-31,,,-0.04349966516833966,0.019071287156388256,0.06642445559631319,0.08786763880354377,0.010696821640785444,0.021279010824218854,-0.12436974789915967,-0.06481882309666752
2022-04-01,,,-0.15720931622242051,-0.0905567937398644,0.0037874608055225435,-0.006679267641558289,-0.03158950403475489,-0.04918229771927459,-0.1651642475171887,-0.11432205744739424
2022-04-04,,,-0.1884985490628052,-0.1272697862497161,-0.046382109520672246,-0.06029704095180674,-0.06868889469958467,-0.08361595132140376,-0.2727272727272727,-0.22446257685630586
2022-04-05,,,-0.22741930210816175,-0.1881001411411762,0.0601875350854379,0.05764433342146205,-0.025112272124532833,-0.028116424938835632,-0.11864973262032086,-0.07453474633723821
2022-04-06,,,-0.260997991010038,-0.2139674242793955,-0.01700764576405742,-0.026324369170732557,-0.06671554252199413,-0.07945088580348832,-0.16310160427807488,-0.11221764700664073
2022-04-07,,,-0.2419191904976083,-0.19429298867262174,-0.02958581320381542,-0.01546842169274604,-0.09183392944810913,-0.07896243077146618,-0.18382352941176472,-0.11657302688508434
2022-04-08,,,-0.23428767029263642,-0.18962441440612166,-0.09337985694421823,-0.10313052864657664,-0.15342315159294878,-0.16066377317295533,-0.27239304812834225,-0.2402175735624459
2022-04-11,,,-0.28236624758395923,-0.2190722605068453,-0.06706117659531494,-0.06575310378712555,-0.11840175953079178,-0.12335917873131685,-0.2914438502673797,-0.234004842533906
2022-04-12,,,-0.2709189672765014,-0.2009654650764414,-0.09144690693427977,-0.09317707222586138,-0.11290322580645161,-0.12339856345521684,-0.31183155080213903,-0.2787816842605641
2022-04-13,,,-0.13247847210488647,-0.15717245461668297,-0.09613017170988977,-0.08562664022192933,-0.11840175953079178,-0.12730544416467093,-0.26737967914438504,-0.23781952887893645
2022-04-18,,,-0.1801707220626456,-0.2247351344202415,-0.009866809030399656,0.043054554953506,-0.026764436746691527,-0.028688987821373753,-0.27473262032085566,-0.2142026775278269
2022-04-19,,,-0.14231973003267803,-0.1640555013138576,-0.03992607042519068,0.009481203736080267,-0.0819431727792542,-0.09623619567047549,-0.27139037433155083,-0.22196850729587933
2022-04-20,,,-0.15594608716346636,-0.20411808528382036,-0.09217500209272415,-0.04481421371530612,-0.13747594228758853,-0.15318557817208422,-0.2600267379679145,-0.21587259890899255
2022-04-21,,,-0.14837588875747285,-0.21540711375262883,-0.13935146623261857,-0.08017389512769924,-0.20784457478005863,-0.2023822348187493,-0.3542780748663102,-0.30809624783853395
2022-04-22,,,-0.14231973003267803,-0.20116797870437028,-0.07181041460684182,0.006251665233670366,-0.14395161290322583,-0.13941107841199518,-0.24046920821114368,-0.2148884551141672
2022-04-25,,,-0.07797304358173318,-0.12203169421536424,-0.11680855078230853,-0.04653884152156104,-0.1713709677419355,-0.15911644469733138,-0.25476539589442815,-0.22623880157630175
2022-04-26,,,-0.07570198405993513,-0.11825629867368147,-0.08058115226874615,-0.039784516436215216,-0.08387096774193549,-0.08916859726487272,-0.25769794721407624,-0.23036313311940868
2022-04-27,,,-0.07873006342233252,-0.09037208414964237,-0.1125296288022908,-0.07379490479932094,-0.11451612903225807,-0.11716818129671606,-0.25659824046920815,-0.23335703727367174
2022-04-28,,,-0.003028079362397405,-0.016285474051541588,-0.06504761469790955,-0.01684424372781911,-0.031854838709677424,-0.02550654874521086,-0.06671554252199413,-0.04288659712974259
2022-04-29,,,0.017411456333785078,0.006627757059434294,-0.07208450015877632,-0.0257468729076737,0.010483870967741936,0.037235237099103854,-0.00219941348973607,0.014084531034462706
2022-05-02,,,-0.013626357130788323,-0.042062227487389824,-0.013696760164675111,0.04463638375899883,0.16088709677419355,0.15994587537384197,-0.016129032258064516,0.010711001141085141
2022-05-04,,,-0.02271059521798054,-0.044475609462568365,-0.1022339108715725,-0.06095460131825717,0.07177419354838711,0.0951670586818895,-0.018695014662756596,0.019405716573752445
2022-05-05,,,-0.0650046891904502,-0.0897483948246298,-0.13594643375951734,-0.09847372409330021,0.06330645161290323,0.06903990600312583,0.007697947214076245,0.09725546009122488
2022-05-06,,,-0.029478870679390208,-0.03067947422515779,-0.19279752567399328,-0.18599307867952242,-0.02620967741935484,-0.027681061439857445,-0.016495601173020527,0.09488764202985187
2022-05-09,,,-0.08994834899608808,-0.08380558485449131,-0.2388060261189235,-0.22633149383666581,-0.12862903225806452,-0.1263405238260238,0.01722873900293255,0.08373334562084482
2022-05-10,,,-0.09523942834879913,-0.08684022185705345,-0.22064057766217232,-0.21316890876011318,-0.1455645161290323,-0.14692099578254517,-0.07441348973607037,-0.042341495744395954
2022-05-11,,,-0.10295469832151176,-0.11433550668057059,-0.24205918197221826,-0.23518366505888808,-0.12118157133869925,-0.11930043698327078,0.007697947214076245,0.015063815048370184
2022-05-12,,,-0.05526244836375264,-0.04677143641710772,-0.2883747081459019,-0.30220150336762464,-0.1381187626738918,-0.14569780524797457,0.0007331378299120235,-0.008717434736860884
2022-05-13,,,0.1513463013997743,0.1713770541909201,-0.24041624634797246,-0.25798492880297264,-0.033071184378798364,-0.05406320158895631,0.0219941348973607,0.006942392192070758
2022-05-16,,,0.09232124385386231,0.09375258367487743,-0.3583072459079009,-0.35716314574322267,-0.11434910274153132,-0.11412337035003947,-0.018695014662756596,-0.023785060915467178
2022-05-17,,,0.058268326038913104,0.05721281475386749,-0.3473140662614805,-0.33235616033120663,-0.14678899157166897,-0.14279632445669801,-0.04032258064516129,-0.032141573533852344
2022-05-18,,,0.09913182741685217,0.09882544150454006,-0.3083885750151267,-0.3023021199544277,-0.09255898554797833,-0.08797912316577544,0.01099706744868035,0.023343604935243775
2022-05-19,,,0.07037603015089505,0.06810662557278273,-0.47074977559292625,-0.46681658073892984,-0.23470107993052566,-0.22200616240665622,-0.11986803519061583,-0.09401417393247168
2022-05-20,,,0.029512528772955987,0.022445376870337822,-0.4841762825801518,-0.4809438961303404,-0.27119669459326207,-0.25833957477085157,-0.20161290322580644,-0.15628505655614644
2022-05-23,,,0.13469820824579914,0.12620325002006405,-0.4427132932111771,-0.44375465990585367,-0.08832035595105672,-0.087435533334163,0.08064516129032259,0.09890549827523931
2022-05-24,,,0.18766941373572016,0.19168718751827393,-0.425668692652815,-0.4246613330926187,-0.041156840934371525,-0.04148406620094881,0.2633064516129032,0.2649354761561111
2022-05-25,,,0.11805011509182395,0.14448681609833364,-0.3271675624659098,-0.3123835668589974,-0.040711902113459396,-0.027395704984872347,0.3995967741935484,0.3816614323099872
2022-05-26,,,0.09387046023431955,0.07640832101886123,-0.313264292765175,-0.2972271042933477,0.020914451125079076,0.03056420830283709,0.3451612903225807,0.32432442563517216
2022-05-27,,,0.2142366148896164,0.2244149293844253,-0.40948381459015903,-0.3983577267177963,-0.1115031762900178,-0.09461591285356652,0.18621700879765396,0.18131051301998302
2022-05-30,,,0.16730138477245665,0.20002900749769295,-0.3952884983525237,-0.38577673356872516,-0.1288436340855721,-0.11655114248011582,0.14882697947214074,0.15663743321943863
2022-05-31,,,0.26117184500677615,0.2888224808747636,-0.43471121256517326,-0.4390851137424619,-0.07862903225806453,-0.07430912329768949,0.15872434017595305,0.15750739547358492
2022-06-01,,,0.3035649560803399,0.30627512949498414,-0.40629709107264794,-0.40651240041260994,-0.001209677419354839,0.0010533513262401494,0.19538123167155422,0.17976219724241374
2022-06-02,,,0.34292998779150613,0.34725222463770783,-0.348159302562431,-0.3451880131395779,0.06733870967741935,0.07408905301199102,0.187316715542522,0.17463802429293182
2022-06-03,,,0.3171913132111282,0.3259325117938939,-0.32676518883415434,-0.3116182275111783,0.06733870967741935,0.08735418235983018,0.16642228739002932,0.16396323343565386
2022-06-06,,,0.28085436086235926,0.2823992334865721,-0.3423720684708322,-0.33921392354533,0.07177419354838711,0.08227874662842018,0.12683284457478003,0.12282486674972652
2022-06-07,,,0.20893747600542095,0.20945043058791907,-0.3416043806581274,-0.3420494977968156,0.057263837371365374,0.06243330965960968,0.126099706744868,0.12295566800312947
2022-06-08,,,0.13929165067028063,0.14245829247837502,-0.2869675728754328,-0.2857024185145528,0.047580645161290326,0.05914796869251139,0.13306451612903225,0.13053826934627258
2022-06-09,,,0.2006102577588281,0.20071329956056583,-0.27713853274692724,-0.26636486807112103,0.06855529826149376,0.09227643745311435,0.15212609970674487,0.16203784065669213
2022-06-10,,,0.21726469425201383,0.224414443642951,-0.27608883601487905,-0.2512448844292823,0.030244984527129596,0.0635426596366399,0.14882697947214074,0.1607347303580145
2022-06-13,,,0.001516932937575728,-0.0063785635522700165,-0.31453403562786647,-0.2542312227961894,-0.03891913771407368,0.02823255735838437,0.07807917888563048,0.10813398138776514
2022-06-14,,,0.011376997031817961,0.0067339338871625605,-0.21699935873143486,-0.1540914524290205,-0.017749093820044366,0.0494854946976022,0.10887096774193547,0.1347729493574597
2022-06-15,,,0.017444728782120875,0.002989701205345176,-0.3416043806581274,-0.278775565433548,-0.08247630738371055,-0.028172684545448537,0.09787390029325513,0.12061815202220025
2022-06-16,,,0.025029393469999512,0.011674230388723936,-0.3040861099004229,-0.2200619489511329,-0.013713825372882063,0.06565846857715305,0.14956011730205276,0.20899118291584584
2022-06-17,,,0.03640639050181747,0.022331779033802148,-0.30326351447237854,-0.22886438933691208,-0.03327619391949324,0.025637190586871965,0.09567448680351906,0.14104268819036614
2022-06-20,,,-0.04474952165848398,-0.06624524953678543,-0.31602064138049085,-0.19985464959269178,-0.037500000000000006,0.06409542334327382,0.14259530791788855,0.24764224027632906
2022-06-21,,,-0.03640639050181747,-0.06436632451081868,-0.2377105856321394,-0.14837681968492442,0.09677419354838711,0.18664543437174283,0.17815249266862168,0.2620273092941126
2022-06-22,,,-0.04095718931454466,-0.054140381319837394,-0.05022663919712004,0.05941862235336642,0.23996774030957346,0.3297664111384064,0.2569648093841642,0.33917680662367844
2022-06-23,,,0.0,-0.005964906682576125,-0.06203706567768362,0.03796125209368233,0.18732351243977743,0.3026754192514924,0.20454545454545453,0.30767960346787154
2022-06-24,,,-0.0568849851590898,-0.07154832821974107,-0.022459607691686593,0.0716644993472321,0.1918499443539975,0.2672346174312769,0.17998533724340174,0.24701161192280058
2022-06-27,,,-0.04019872284575679,-0.04976248627518181,-0.03760136377052156,0.09513008937851367,0.14341908026331346,0.2443508313119804,0.15579178885630496,0.2331748677818188
2022-06-28,,,-0.10997763797424029,-0.1201493346858529,0.04057023031310111,0.1460416715943596,0.22746521938588143,0.3198783659997701,0.2133431085043988,0.2856344263327436
2022-06-29,,,-0.1221131014748461,-0.1256418723239693,-0.014802651600726083,0.1074433385938063,0.22188605947910664,0.31742346221107604,0.20454545454545453,0.3102806978831834
2022-06-30,,,-0.11528690325575534,-0.11537512012489422,-0.011231343335033592,0.0826473188802002,0.17866505707082528,0.26135551170133275,0.23387096774193541,0.31987515481210194
2022-07-01,,,-0.08191437862908932,-0.0854496665588138,0.03700662900181521,0.1280045340491009,0.19598749973579976,0.26538293205362223,0.23753665689149558,0.3126965544389366
2022-07-04,,,-0.06219425044060486,-0.06421977852632996,0.023335737441861095,0.11616233005667878,0.21879411616461109,0.29718325838761545,0.23277126099706744,0.2968100444490245
2022-07-05,,,-0.1137699703181796,-0.1211571312639452,-0.02902537119051886,0.012865207397619998,0.15732087616898877,0.19425331101508184,0.23911290322580647,0.2638768462732453
2022-07-06,,,-0.20857827891666264,-0.21794671902125556,0.028711062168243765,0.09226302782855356,0.1546334418290421,0.2090019074220819,0.2673387096774194,0.2920249045167331
2022-07-07,,,-0.06275033445513252,-0.05816748560682474,0.19672771383222715,0.19793685254321586,0.341042838830809,0.34126746306786954,0.4502463054187191,0.4504869395941527
2022-07-08,,,-0.08418977803545291,-0.0845139110698145,0.13242092099106634,0.1411507533220054,0.2734326908288043,0.2770301502289707,0.3668520578420467,0.3656919002648755
2022-07-11,,,-0.11983770206848253,-0.11971193979853337,0.028742525486433,0.0300203923295239,0.20199532115281038,0.20257362036431634,0.29299221357063404,0.290231019058139
2022-07-12,,,-0.1577610255078757,-0.15547764545728446,0.017468775646598825,0.014536733511974332,0.18157182122852208,0.18158597897401849,0.26629588431590656,0.2631626627360534
2022-07-13,,,0.024196986457719026,0.03161267327310435,0.013356183964207863,0.009192204142193012,0.196551724137931,0.19948403262307535,0.3917686318131257,0.3972659317335497
2022-07-14,,,0.006805402441233477,0.028824104205314796,0.023234512011568623,0.01664959154456904,0.14838709677419354,0.1661317980116098,0.325,0.3483704946090545
2022-07-15,,,-0.01966005149689671,0.0386611159239446,0.0018348654740628202,-0.009009118504012578,0.11013460964802281,0.14126530744875868,0.30806451612903224,0.3452857032569309
2022-07-18,,,0.0,-0.009746774130043347,0.06207010764540158,0.06213538419972085,0.19915443305692357,0.2043043566920778,0.32943548387096777,0.3439390707429686
2022-07-19,,,0.018923554514888707,-0.04587456405108087,0.06609945654927749,0.09280863551724869,0.17581813846599945,0.17335755365997307,0.2663770053475936,0.2625318351373294
2022-07-20,,,0.013703263614229752,-0.03206173381706926,0.028363572773010857,0.07204986759796977,0.1802181752993508,0.18309191035306896,0.21323529411764705,0.21825407794645735
2022-07-21,,,-0.010440581801317905,-0.09540929917302475,0.1492170567623615,0.20304581545351116,0.179118166091013,0.18014729165207277,0.2396390374331551,0.23571281070432937
2022-07-22,,,0.016313409064559227,-0.16243591742070815,0.11000133440663341,0.16249359108698758,0.17836847229130723,0.16452365515925158,0.2199197860962567,0.2134174899233329
2022-07-25,,,-0.05872827263241322,-0.3618738039463763,0.20142523705174595,0.2502129990506871,0.253452970337346,0.21948948600080148,0.17705278592375365,0.13464725319092882
2022-07-26,,,-0.023440830630915312,-0.26934368979715645,0.1274322928286556,0.21013534852110732,0.23772557838323863,0.2247715227612614,0.23900293255131963,0.1972723432845942
2022-07-27,,,0.02873392141854135,-0.15513467712244441,0.12281143738111149,0.23702058664075606,0.21596847457033091,0.22818505313411025,0.25167112299465244,0.2435480102741854
2022-07-28,,,0.0015123116536074391,-0.21214068440881145,0.04414851762059951,0.17623437541921833,0.186984421107023,0.19342977249206375,0.16510695187165778,0.17844000895441733
2022-07-29,,,-0.021928518977307868,-0.2804779683437609,0.06193483479414229,0.16273373498308288,0.1699768130424683,0.12520491438604614,0.19648093841642225,0.147827935801595
2022-08-01,,,-0.043100882127812025,-0.33839917781260265,0.09935542835714456,0.21006823974444785,0.1760968453866001,0.10801281512949198,0.049853372434017586,-0.01021552109023526
2022-08-02,,,-0.06851631807114876,-0.3596670883389724,0.07354407226128234,0.21095934338153097,0.24495784558615002,0.18849160047372068,-0.03977272727272728,-0.09544208198041115
2022-08-03,,,0.014355799976812121,-0.2606073280207765,0.11031610839192353,0.25952233332913366,0.3158859776610188,0.26499571933211313,0.044451871657754015,-0.011665575131299562
2022-08-04,,,0.008482972713570798,-0.19596287545596272,0.10140421733595609,0.23188309676502888,0.2460304229585143,0.19329535500396017,0.03773873185637892,-0.02715435898738257
2022-08-05,,,-0.030016672678788985,-0.25194739352025824,0.03676064899477762,0.18920351153141277,0.210077714446175,0.18922628698537633,0.04843391902215431,0.019932442759474794
2022-08-08,,,-0.12418598274819602,-0.3031322253060634,0.08076168565120508,0.1641661977607038,0.22047364400305572,0.19449532591934815,0.111484593837535,0.019909017539452824
2022-08-10,,,-0.18486132591740595,-0.3036913438646292,0.13909542879235884,0.2170883874932061,0.21458085352712805,0.2226413225595991,0.12100840336134455,0.05600816250119164
2022-08-11,,,-0.15594130253768904,-0.28255468240025683,0.1591411407397631,0.22426955496655637,0.24623573139731794,0.24421312112010543,0.09355742296918769,0.03053593996644446
2022-08-12,,,-0.20073898581215247,-0.3498359444878567,0.14018357119114708,0.275422530272334,0.23082848995607508,0.2511445492633076,0.12521008403361344,0.01850156374148832
2022-08-16,,,-0.002976213909561809,-0.1569617187148231,0.14414877310027027,0.190565573884044,0.23664710789782095,0.21031224090995868,0.2709815078236131,0.16930182242331457
2022-08-17,,,-0.10863180769900604,-0.2359677371633436,0.1121310308865472,0.07182808753592287,0.1630112637418838,0.0818715672431619,0.21028923660502608,0.06568857043333297
2022-08-18,,,-0.13293755462709414,-0.2576661758749528,0.10940260965212073,0.08141256426960451,0.11547125155243258,0.04018591809931534,0.17449027975343764,0.03965557876747866
2022-08-19,,,-0.10168730857669515,-0.1951474428114684,0.09762079015112311,0.08010868267436179,0.10541919319975966,0.03253139858867714,0.1695116168800379,0.04026121143547384
2022-08-22,,,-0.08432606077091793,-0.14552402307754628,0.03673381369558497,0.025842823131931175,0.07813148502237674,0.01892850643068094,0.1391654812707444,0.05569766350455153
2022-08-23,,,-0.04513924429502078,-0.09833687641888546,-0.05741859770137264,-0.0834388578208002,0.007826861035883845,-0.05105147618640195,0.053816974869606446,-0.0384085566808018
2022-08-24,,,-0.040674923430678064,-0.048363804124871256,0.026188909074999985,0.0301951533388013,0.06983223775141109,0.0485040268474736,0.12873399715504977,0.10185047430366351
2022-08-25,,,-0.09970316597032061,-0.12793135432410516,-0.04884034010603206,-0.04147026717361217,0.0010669195679935942,-0.027254053597424603,0.10953058321479373,0.06452299415447313
2022-08-26,,,-0.08779831033207337,-0.10356216814861996,-0.06475656773967725,-0.061388844305954995,-0.006349902418428533,-0.02854685519933839,0.10340299813984023,0.07547946006417036
2022-08-29,,,-0.04811545820458258,-0.041031125613700835,-0.02470702212875545,-0.025156410260013338,0.01904136583955769,0.005906924078914202,0.046503993872414925,0.041472548342621256
2022-08-30,,,-0.12021656777450938,-0.12237538979118436,-0.04242948375487194,-0.04536667548561788,0.00877296983047229,-0.009330494337773092,0.0002370791844476055,-0.0074370595203223635
2022-09-01,,,-0.12872245700383786,-0.12754420560588975,-0.031704797299496046,-0.04261374770526149,0.038885596005336635,0.0260211952819275,-0.0030820293978188716,-0.01187521940985772
2022-09-02,,,-0.12815539772188264,-0.14308963904098285,-0.04775761921563668,-0.06334718176879645,-0.013396562038423904,-0.038134158818818764,-0.015884305357989566,-0.05196350365469353
2022-09-05,,,-0.13552716838730067,-0.14753952687503175,-0.119476524652708,-0.12392674207965909,-0.08215767692590943,-0.10576596494541668,-0.033902323376007584,-0.08619554251446826
2022-09-06,,,-0.1721243711029913,-0.1780106654079657,-0.06078488966904039,-0.08589103411826192,-0.04563361813273308,-0.07882104239642425,0.028996607943976366,-0.026023836289672427
2022-09-07,,,-0.15075730358778286,-0.15182662688506557,-0.09265133298283293,-0.11309453305808101,-0.06697307984947877,-0.09672837757202932,-0.046066309224203954,-0.0980539945146449
2022-09-08,,,-0.15670824978203746,-0.15670433941198697,-0.10788903667485,-0.11567305992112697,-0.06638610645293475,-0.08394196955180559,-0.09340919867235657,-0.12428920791744473
2022-09-09,,,-0.19836487314181958,-0.20085422322619664,-0.09580668611869819,-0.10668658959772222,-0.0641337206982816,-0.09298553773411718,-0.09009009009009009,-0.14521018701661054
2022-09-12,,,-0.21831782355276466,-0.2506919874096811,-0.05951413258897578,-0.10546486494546473,-0.043514646605303846,-0.11280876975522319,-0.10090090090090091,-0.2097146819020085
2022-09-13,,,-0.19732947379203097,-0.2052631233814569,-0.12754332250425535,-0.1514340374867258,-0.0655951743885973,-0.10820816362458388,-0.14580369843527738,-0.2365598499033848
2022-09-14,,,-0.1976191192479021,-0.1953381881499223,-0.13624073386566735,-0.14294703068500478,-0.03919637213651634,-0.06268320726415919,-0.17715286136338768,-0.25054029550937423
2022-09-15,,,-0.12562220394401818,-0.12612479529364223,-0.13115290563002,-0.14488578870117325,-0.014461009623904274,-0.04650137134591636,-0.19312835102308787,-0.265224717605355
2022-09-16,,,-0.24280339023171893,-0.24851949737234907,-0.0671003675587764,-0.06388351510820536,-0.015105906641993048,-0.02574922823645778,-0.26644052959842435,-0.3069951774768912
2022-09-19,,,-0.22885093572260898,-0.23090966500912,-0.01164845967442382,0.0025925155678828125,0.025493568440925,0.042660871958496514,-0.250592697961119,-0.23434052353663948
2022-09-20,,,-0.16137239637077433,-0.16079659726966516,-0.04670510792926631,-0.04245174485014142,-0.018613822039364687,0.00023023448828523037,-0.2263923842871211,-0.16186355819506013
2022-09-21,,,-0.2123561429927184,-0.2179293188000808,0.040584455359404796,0.042892454053393134,-0.027590742397771283,-0.016400834809564932,-0.24433745486377065,-0.2378086326103726
2022-09-22,,,-0.2669336563786975,-0.26841180131816494,0.07373310154911188,0.07966776776226323,0.0013138448760843468,0.019024302993998418,-0.25812452128241603,-0.24308586575199434
2022-09-23,,,-0.3473114488198666,-0.34774406771851135,0.11917955972198495,0.1193938685096819,0.0204740826523144,0.03079969893445348,-0.2598752598752599,-0.24958561198739643
2022-09-26,,,-0.3448306527568675,-0.3419372699065777,0.21160495414983363,0.21664743907917264,0.11912193543164744,0.13450146900547508,-0.20166320166320167,-0.19650291818919038
2022-09-27,,,-0.3274650803158741,-0.3221688096954995,0.22861796113973853,0.22910965245544468,0.13630393984385386,0.13921126695524327,-0.2097603676551045,-0.22662273539260117
2022-09-28,,,-0.34260601075641317,-0.33811475481212866,0.24004761379658357,0.23535058921730764,0.04589771622129643,0.060658339594315144,-0.24521282416019255,-0.22780041386493713
2022-09-29,,,-0.36246722877127774,-0.3566501331281433,0.1242450427798261,0.11024102673637971,-0.031000128139920976,-0.016444761112452137,-0.30364372469635625,-0.29266666890983273
2022-09-30,,,-0.41013415200695263,-0.4083823421509635,0.15670426104243237,0.1324518620245617,-0.0399824974242797,-0.027844976268178164,-0.3202757413283729,-0.30344461423983404
2022-10-03,,,-0.37686661183205455,-0.37069683990742736,0.20855355222447128,0.19725980449420033,0.026603901511691955,0.05178914971864789,-0.276726118831382,-0.24848694612080974
2022-10-04,,,-0.3599845765194197,-0.3462637978921325,0.22050648792341124,0.19839070839660172,0.06492227817462276,0.0794240858706858,-0.2730057993215888,-0.25011625688698497
2022-10-06,,,-0.39246193716644917,-0.3815892274121436,0.24980889560854525,0.2285477794669902,0.09153119303387615,0.11117033008671912,-0.26118831381989277,-0.2370612635830189
2022-10-07,,,-0.36173212420670453,-0.3355855766267676,0.21214089056046645,0.18661096511961478,0.08513666111899602,0.1054482782237,-0.21313418681839733,-0.18426825601733401
2022-10-10,,,-0.2532692737773787,-0.2279152007571022,0.17500652807429404,0.1548159056477853,0.07909404034222688,0.10035644398529364,-0.17188240872451396,-0.14296414757155915
2022-10-11,,,-0.25554074708479907,-0.22721829270469512,0.17942014922680444,0.1693343484631815,0.11882598118114564,0.1480460096097204,-0.18255097202465623,-0.15715332401824814
2022-10-12,,,-0.28677350506183014,-0.2793395923830572,0.20520814281010913,0.1885552594357115,0.09927252665816523,0.1246879161307046,-0.1485199485199485,-0.12438723022246576
2022-10-13,,,-0.03521789421016267,-0.038855312116296975,0.11033807423001576,0.10483065444861071,0.06050853226181305,0.07403089514362857,-0.23268983268983273,-0.23027400859748315
2022-10-14,,,-0.11247004925180984,-0.11187224498491738,0.10042100605601086,0.08841595353299367,0.04209848946726142,0.05387727618120031,-0.22512002884664836,-0.21140096811665965
2022-10-17,,,-0.12099050752846209,-0.11852116315998637,0.13385340751063618,0.10152248325150445,0.10122998225163538,0.10427789255672543,-0.19440493124703648,-0.17153409951963447
2022-10-18,,,-0.1118700603904565,-0.11585485665050911,0.15486803723821735,0.11790488630481168,0.12237542009744468,0.13754484699117792,-0.2126600284495021,-0.1679718813859512
2022-10-19,,,-0.124931031908124,-0.13531995453167853,0.2210873366270199,0.14246897718717907,0.15662034558314034,0.15065272633325524,-0.14935988620199145,-0.10938093865564014
2022-10-20,,,-0.08562274389462037,-0.09295331220353838,0.24146337350686506,0.18011481630577053,0.14733306740158442,0.153824447038072,-0.14980694980694978,-0.11227073074277044
2022-10-21,-0.14589733048321551,0.014775841033144626,-0.1334900985066641,-0.13775848380777228,0.2155988958550203,0.1798448067954134,0.07596890616758208,0.0874021723840323,-0.20952380952380953,-0.1770624503398909
2022-10-24,-0.14589733048321551,-0.02845382875221676,-0.18279041897787526,-0.16917919295403847,0.215774705184393,0.16705602345123546,0.04289019425697438,0.05075682200159989,-0.2888030888030888,-0.26871942588725306
2022-10-25,-0.03647433262080388,0.13129909674859902,-0.09404984212969515,-0.08699398639122796,0.23372579340269944,0.17505853659114998,0.11633614782120501,0.11784408522463331,-0.3614132191022093,-0.3287946475956555
2022-10-27,-0.06079055436800646,-0.01754927138626167,-0.12561743016181268,-0.11682547559259132,0.046195298069958236,0.02254316777811018,-0.044273207619483994,-0.03108563002277314,-0.4096788733626539,-0.378797588289533
2022-10-28,-0.03647433262080388,0.015226421504709991,-0.15512995893476866,-0.12510563753829193,0.045638945990429954,0.038394019688311964,-0.04931699076600749,-0.017419245767905954,-0.4131274131274132,-0.36704926984180597
2022-10-31,-0.10942299786241164,-0.04608295929483169,-0.09610490138885668,-0.09732113676839578,0.2134994219463381,0.21179745930243637,0.11922049017122067,0.1384264163741893,-0.3252100840336135,-0.2785533935569186
2022-11-01,-0.03647433262080388,-0.025826891621054882,-0.06432217809490408,-0.07309017416302821,0.10579457365491826,0.11913448340785035,0.1251528131971897,0.1394817112410984,-0.2649859943977591,-0.23321568939474677
2022-11-02,-0.03647433262080388,0.0009799326268522986,-0.01513463013997743,-0.04532391904891975,0.2170140741429504,0.23764497173782556,0.168092911498057,0.18195577465202142,-0.1966386554621849,-0.16459565288984834
2022-11-03,0.01823716631040194,0.006900903275790092,-0.03026926027995486,-0.06156915054538819,0.19306014079318157,0.24375116340321074,0.18201268912551016,0.20540114523976957,-0.1834733893557423,-0.1539885783707506
2022-11-04,0.01823716631040194,-0.043928815324293935,-0.04464715891293342,-0.06655223756205675,0.19973832176401488,0.23633115406190536,0.17941469104395374,0.18748342605716678,-0.24173669467787118,-0.24704587395929817
2022-11-07,-0.024316221747202584,-0.010510542441421663,0.020431750688969533,-0.01129830476865411,0.1549968821197495,0.18087136905610587,0.18520782612331368,0.19526447914563966,-0.20420168067226896,-0.1883861978561614
2022-11-09,-0.012158110873601292,0.018820427348245256,-0.005297120548992101,0.014110380374877097,0.17566905555100643,0.20828487312318011,0.15204767903687882,0.15870789590304013,-0.1907563025210084,-0.18372727930996283
2022-11-10,0.06079055436800646,0.058021680557692995,0.055241400010917624,0.058114638048077594,0.18210943562180887,0.2005475013928352,0.1930162229717743,0.19430665052657997,-0.1450534759358289,-0.14868082597380605
2022-11-11,-0.012158110873601292,0.037907532447401415,0.03632311233594583,0.05939367151032599,0.129620518453412,0.1690531427732533,0.14222873900293254,0.1476936412490762,-0.0875668449197861,-0.08179177510139934
2022-11-14,-0.06079055436800646,-0.02567290641908969,0.3461877633630953,0.3853540981360875,0.13435232413696885,0.15892453080909097,0.16642228739002932,0.15801865269781443,0.013034759358288772,-0.0034609802700714394
2022-11-15,-0.06079055436800646,-0.0402689329584033,0.3461877633630953,0.40036140120165314,0.05671314057221341,0.0674316484389606,0.10410557184750732,0.09205588906957478,-0.0501336898395722,-0.06693173937050417
2022-11-16,-0.10942299786241164,-0.0536928370927489,0.35614939442455196,0.4068891467974453,0.06313977939035462,0.06939994093086017,0.11326979472140761,0.09338340034211237,-0.10394385026737968,-0.12567345482197653
2022-11-17,-0.03647433262080388,0.018029265011592976,0.33724549875445897,0.3938930404838834,0.13193598192549125,0.12899658262927668,0.17412023460410556,0.14524598101671987,-0.0822192513368984,-0.10316238778505524
2022-11-18,-0.03647433262080388,0.001381836582471464,0.3599301735585705,0.4164312182838422,0.13242920054951177,0.12558202404649024,0.1821847507331378,0.14768472402336758,-0.06751336898395723,-0.08582556585808619
2022-11-21,0.10334394242561099,0.1535586248490577,0.328927784659618,0.4080307406199077,0.12043458813256974,0.09423868149108298,0.1785190615835777,0.1230333239738239,-0.024398395721925134,-0.06180056406772912
2022-11-22,0.10334394242561099,0.1535586248490577,0.3319524079668329,0.39978313223056045,0.03600495955349855,0.01717436631492777,0.08651026392961875,0.03582578627584975,-0.04913101604278075,-0.0826213115664182
2022-11-23,0.10334394242561099,0.1264624130542459,0.31531697977715106,0.3783948451214653,0.07225652841900734,0.04219911599924231,0.11803519061583577,0.06082168959005149,-0.09525401069518717,-0.13816258277283527
2022-11-24,0.2735574946560291,0.28253763731463505,0.24043387060575286,0.3028840571063452,0.13316902848554257,0.10555143781307874,0.2129765395894428,0.1675809952671135,-0.05882352941176471,-0.08517429307829182
2022-11-25,0.2735574946560291,0.28253763731463505,0.20251054716635972,0.24584236396291104,0.11886568838894725,0.0919361384568595,0.1851173020527859,0.1326621553288276,-0.028074866310160432,-0.05481826665918797
2022-11-28,0.3100318272768329,0.31251570334004114,0.19338172413149637,0.2721908128889189,0.1729242511287778,0.12097387516086912,0.22081065179746467,0.15418406726769365,0.004765395894428152,-0.02476635608077457
2022-11-29,0.3586642707712381,0.36445417689161386,0.2534271909851117,0.3236149615035912,0.16925022004759746,0.10218719248596002,0.22522431811202506,0.15583298757663872,0.032991202346041054,-0.007065569461830529
2022-11-30,0.22492505116162387,0.23051172663957897,0.254197261090754,0.2921720925090766,0.19860155480463623,0.13562597670830873,0.23933864422468554,0.1684947261552765,0.008064516129032258,-0.02042586654846069
2022-12-01,0.12158110873601292,0.07204572490523366,0.30715502381799437,0.3315576611790834,0.12400586497806426,0.04653844108612621,0.16454930764085038,0.09072893184415474,0.07184750733137829,0.032205107908371625
2022-12-02,0.09118583155200968,0.061834617441423816,0.3468733458634247,0.3665798004852695,0.11083710055561495,0.0551286669605929,0.16838072534327214,0.09933357859249126,0.15872434017595305,0.11184554098298077
2022-12-05,0.09118583155200968,0.04730821693149629,0.3336339051816146,0.34914979201502533,0.11816331305269094,0.061635947009421335,0.13450292671133235,0.06490263712605565,0.049853372434017586,0.01251621459126967
2022-12-06,0.12766016417281356,0.08231058493744303,0.34510808710585,0.34833881860682375,0.16586729558440377,0.13051538080637115,0.22625529800616925,0.17340206022339483,0.11473607038123164,0.0894578600079002
2022-12-07,0.38905954795524134,0.3805827721664098,0.33010338766646524,0.32675175764347164,0.15431165586232024,0.12277626862126068,0.21355112351919184,0.1856671306071374,0.16422287390029325,0.17302639567769018
2022-12-08,0.4012176588288426,0.371542404409092,0.39630059107551574,0.38970754952691256,-0.04347290525121266,-0.059939512517166636,0.15366001522344117,0.13372807943159923,0.10190615835777124,0.11012266298173393
2022-12-09,0.4012176588288426,0.37038075308893925,0.34952123399978674,0.34722019399971776,-0.020635872745828798,-0.032907656626674484,0.15285340097029973,0.13782613798861634,0.09934017595307917,0.10887388159865867
2022-12-12,0.42553388057604524,0.40121442044245087,0.3715869684694703,0.36452107088958996,0.011279383794848047,-0.011089801052511394,0.20042343079977878,0.18028061493442393,0.16202346041055718,0.1711549289375971
2022-12-13,0.2613993837824278,0.2584510780850216,0.35067992034557,0.3454174181968562,-0.01334328604004131,-0.030323419443838612,0.1004767210937202,0.0899124593184345,0.04512032085561497,0.05192273250065816
2022-12-14,0.2613993837824278,0.24485160368427256,0.3620656320451015,0.3623062166172822,0.06593265914366861,0.0633421604648149,0.16978365644668783,0.16735769545837187,0.09391711229946524,0.11865650125145775
2022-12-15,0.38298049251844074,0.38246626545927764,0.23226851867044246,0.22203070084830256,0.18601860391268868,0.18630167053988422,0.2588925733290747,0.2649958073151082,0.1911764705882353,0.21046971668700445
2022-12-16,0.6504589317376691,0.6602848109340742,0.15408663166699288,0.14158537598449408,0.15983271810293434,0.17205352622190756,0.2194920923764172,0.22023823333290987,0.2560160427807487,0.2524729232846454
2022-12-19,0.6261427099904666,0.6727291105472393,0.12676092358811727,0.13287650160158426,0.28941567961796094,0.3152204817131051,0.3687540499323099,0.374186011304058,0.3973930481283423,0.39393616858355907
2022-12-20,0.6504589317376691,0.681119735801109,0.21928071256773374,0.2229344706140943,0.30845798869669855,0.3237402189873707,0.433721897728214,0.4374320131402108,0.49298128342245995,0.4905319669812162
2022-12-21,0.6443798763008685,0.680498889439696,0.2238332533130846,0.21579768438277477,0.409673290807788,0.44021264514485603,0.48055074993405,0.4821376655391234,0.5474598930481284,0.5476216947936859
2022-12-22,0.6626170426112704,0.7562639514565597,0.12220663890830469,0.12790029155688826,0.3308242650502039,0.3320720353749152,0.4153296484816917,0.41613389581786453,0.48094919786096263,0.4867394178602166
2022-12-23,0.686933264358473,0.813168256735267,0.20418376314493145,0.2007757057649039,0.3737510103075079,0.3649029146883779,0.4270652323681501,0.4468747541057212,0.4842914438502674,0.519976114895758
2022-12-26,0.7234075969792769,0.7907838118060977,0.305868372398536,0.3146089690347029,0.3196168865031966,0.333739693797757,0.43469496197952256,0.4557580433033791,0.45491202346041054,0.4912525807185608
2022-12-27,0.6747751534848716,0.6956592524395417,0.12417614588680373,0.15314838605636444,0.2423248891674418,0.24112332724903315,0.3424077504585342,0.3391474182650779,0.4567448680351906,0.4631591943294982
2022-12-28,0.6990913752320743,0.7060409399200158,0.12234734895941439,0.16136564344911608,0.22426673742773234,0.21989592304977,0.3571284605783652,0.34909288374828773,0.47470674486803516,0.46818454261788844
2022-12-29,0.6990913752320743,0.6746019941368774,0.05225071185221898,0.113289069232231,0.20878463947027842,0.22785138662068258,0.3204272442480111,0.325879426253988,0.44556451612903236,0.4524298318550903
2022-12-30,0.7112494861056756,0.7243397219321139,0.04180056948177519,0.1112353614001281,0.22133894938082008,0.23643828178158333,0.3633126366784765,0.3670613436431982,0.467741935483871,0.47221446545659024
2023-01-02,0.6990913752320743,0.6851492138739287,-0.08569116743763913,0.005157377823114247,0.2566426653014779,0.2870216090299873,0.35351744304253724,0.36129156030574117,0.33548387096774196,0.355721027302139
2023-01-03,0.6747751534848716,0.70948797981573,0.19048438646221832,0.24496027256217143,0.21175313782292082,0.22915396758398787,0.3529267459806979,0.3532160910265115,0.3103448275862069,0.31237594645729555
2023-01-04,0.6504589317376691,0.6794458658069616,0.14471865724726976,0.1847710951889451,0.20455764284835556,0.21921486886162161,0.31390910114928,0.3142629919105503,0.2876529477196885,0.2915136705252622
2023-01-05,0.6261427099904666,0.6928102027915161,0.05813484521898871,0.15562972373948772,0.18933509262757198,0.22577367740725526,0.3451589166094429,0.35155241616761934,0.31123470522803115,0.32668727577614914
2023-01-06,0.6383008208640678,0.6872921847175163,0.15090321524928985,0.2602170127032181,0.1661864590398944,0.20134825276979373,0.33542828301657107,0.34046206210451707,0.31701890989988873,0.33132192381708553
2023-01-09,0.6383008208640678,0.6604159294173072,0.021027497206868254,0.06817526786966081,0.15938415601434322,0.19819509884371253,0.26226282743416085,0.2735774375504449,0.29343715239154616,0.3079079960023309
2023-01-10,0.6261427099904666,0.6518651500785136,0.04452881761454454,0.07570342977066472,0.2076466983014065,0.22698138402585744,0.3316485829114219,0.33281460098991633,0.303670745272525,0.3041513178758927
2023-01-11,0.6626170426112704,0.6904723028483745,0.07792543082545295,0.16002667996658607,0.1651504295900497,0.18770039914966766,0.35760943325278816,0.3618573060311795,0.3228031145717464,0.3366345968366872
2023-01-12,0.6686960980480711,0.684816973835815,0.08782072362868507,0.12276442104955253,0.17994515557415836,0.18974531063460517,0.38471972798594234,0.38508226659719713,0.3882091212458286,0.3883425015540016
2023-01-13,0.5835893219328621,0.593118574583431,-0.2526455763199557,-0.24437209717363478,0.17512826804444856,0.19404212169879517,0.3680709646070719,0.37002903542145366,0.26941045606229147,0.2702664136439354
2023-01-16,0.5288778230016562,0.5796036842025732,-0.17586113645800838,-0.17560943235206294,0.1545112172187556,0.15397076520892727,0.34191403141475707,0.34238252754077,0.2266963292547275,0.22489928284239374
2023-01-17,0.480245379507251,0.5519678251355636,-0.18948418223996677,-0.19162109614169062,0.18235359933901324,0.17879071925689538,0.35702848317528,0.3572561671607201,0.2307007786429366,0.2309537465961866
2023-01-18,0.44377104688644714,0.4896266451013451,-0.14985350360154234,-0.15108398668154233,0.011738873113942514,-0.006654719148773926,0.24590367578255995,0.24480522258385234,0.16395995550611792,0.16354452718548254
2023-01-19,0.2978737164032316,0.3220928262233183,-0.13746891652703472,-0.14001902016577106,-0.06662375396274314,-0.08379866885333502,0.16432619370342497,0.1638929161345221,0.13103448275862067,0.12665480394260664
2023-01-20,0.3161108827136336,0.3597018069873761,-0.15604579713879616,-0.1583717374127775,0.06774702769918069,0.06506548374484757,0.2815491042350091,0.2889144538112342,0.2903225806451613,0.2930114110118716
2023-01-23,0.40729671426564323,0.41418244160063,-0.14613812747919006,-0.14325405029328211,0.10993494949367047,0.11322391561850029,0.2712807539597852,0.27650807068415373,0.21693548387096775,0.21523384945011326
2023-01-24,0.395138603392042,0.45856369402806635,-0.053253724420382814,-0.027458815821945936,0.04666950764629753,0.06637641629071706,0.27550908400509766,0.2955358607698105,0.25443548387096776,0.2704330816164669
2023-01-25,0.2978737164032316,0.3152544950221462,-0.026007632856466026,-0.0031319299285116776,0.07152839834359373,0.08839004897231775,0.26549461810830494,0.28033440089078737,0.2524193548387097,0.2598990643518808
2023-01-27,0.2978737164032316,0.30272131695467375,0.06687677020234122,0.09687897903811683,0.13630304233714854,0.1649808841475543,0.29197731681315675,0.30034667397734405,0.3173387096774194,0.3028807890715789
2023-01-30,0.43769199144964654,0.4313235287243624,0.10031515530351182,0.12823364690161151,0.25518651888459437,0.28497639029586663,0.4212283148343646,0.42882432180355584,0.35766129032258065,0.33491253944844773
2023-01-31,0.5410359338752574,0.5304793169682936,0.04086913734587519,0.042821614371591384,0.14825272306280432,0.17411149543521073,0.3139741955791275,0.318311940962528,0.3653225806451613,0.3531278809450947
2023-02-01,0.44985010232324774,0.4496337808737516,-0.0030013659323195356,0.01046874282536838,0.10870521428750776,0.15901067443672803,0.2890943247453622,0.27676475392933053,0.13548387096774192,0.07694954950121999
2023-02-02,0.04863244349440517,0.043598404238995185,-0.024010927458556285,-0.01382348807336267,0.09231362958393248,0.15220361254813705,0.13696268117190558,0.15540203034505548,0.12080088987764183,0.05588035447929512
2023-02-03,0.14589733048321551,0.1497374229801771,-0.026007632856466026,-0.017422438657803695,0.2767460646596907,0.30443582816215964,0.2387096774193548,0.2513811366652889,0.21814516129032258,0.1794696574831639
2023-02-06,0.10942299786241164,0.08748563694235312,0.053253724420382814,0.07412791692683954,0.22890982410574118,0.2513960787380717,0.2503337845687587,0.2875758274220905,0.1745967741935484,0.1243758190161677
2023-02-07,0.10942299786241164,0.10550878183219743,0.05696910054273511,0.09258900662008446,0.1975540884200677,0.22638610383991523,0.17441274410644733,0.21287011244667617,0.12060117302052785,0.0697677994883244
2023-02-08,0.18237166310401937,0.17080683996050738,0.026007632856466026,0.06782557507653646,0.1493076050449907,0.15314644276316652,0.15000000000000002,0.16527512603300537,0.12580645161290324,0.0748918399433993
2023-02-09,0.22492505116162387,0.2295631690480748,0.14576312581863293,0.18463651834580358,0.1875513681379868,0.1550449714569931,0.21427916871225464,0.20731071729672773,0.11950146627565982,0.049617778772910986
2023-02-10,0.24316221747202585,0.23594723995501796,0.18428623764212881,0.25145552605751104,0.18780352641583642,0.1634654071447934,0.21519567499417186,0.2087423418399762,0.12390029325513194,0.06874429854027143
2023-02-13,0.3161108827136336,0.339092889679634,0.3347281963569565,0.37913747564192346,0.22005034859575964,0.1796672144455543,0.29514207645324225,0.2852740392508569,0.126099706744868,0.07217487416247685
2023-02-14,0.2796365500928297,0.2859851354322143,0.38982321004303944,0.405542724739346,0.21012699578422595,0.20301859400563121,0.32997250783592297,0.3291593489508982,0.1510263929618768,0.1518496313985393
2023-02-15,0.2796365500928297,0.2985455049363546,0.3763093387615474,0.40096007941735495,0.1344782330244129,0.13008023352519918,0.263587206679403,0.2615443995520499,0.13196480938416422,0.11771490077873341
2023-02-16,0.4012176588288426,0.49193762975375627,0.3418621509287309,0.36488818743198553,0.16176287003343054,0.14876563777828802,0.31051517447853055,0.3027533764317137,0.17016129032258065,0.12747167863683018
2023-02-17,0.3039527718400323,0.3607933300394241,0.3344033403630131,0.35999084377223683,0.2107319021183806,0.20261355372237821,0.3570924506503101,0.3482910918780034,0.24046920821114368,0.20107233539009922
2023-02-20,0.498482545817653,0.5766200766855074,0.3575978246794815,0.3711010119165629,0.21109295927949598,0.1941968492642412,0.3622032826136999,0.35171598553799616,0.2914438502673797,0.2576353660908947
2023-02-21,0.38905954795524134,0.4128556994471907,0.28898893971190653,0.29431881663699383,0.21252066246752074,0.179433995796925,0.3193107886199723,0.293432639378246,0.29745989304812837,0.2383324777433099
2023-02-22,0.26747843921922837,0.2988215323640774,0.30458186811362814,0.3085761812672051,0.24839434821582165,0.2177712880387498,0.3119787383646342,0.2841636043433209,0.3058155080213904,0.2445247548320554
2023-02-23,0.23100410659842457,0.27556346524665987,0.3492815961985633,0.3506298300541442,0.27090817858199673,0.2567068457795375,0.34017595307917886,0.3289537727958921,0.32419786096256686,0.290567114289075
2023-02-24,0.18237166310401937,0.25248912458791734,0.369032638840744,0.36675316373062555,0.2681867265597119,0.25067282033345734,0.34274193548387094,0.33451765453874427,0.3379010695187166,0.3198279271454575
2023-02-27,0.09118583155200968,0.1627082470372045,0.3617559389199405,0.35952195274182697,0.30331819812011696,0.2862705928346788,0.36290322580645157,0.35623501310449185,0.34024064171123,0.31416807768296345
2023-02-28,0.13373921960961418,0.20749579354581765,0.231673309409358,0.24322971131939178,0.3258802818681229,0.29315505185581975,0.32987196457589346,0.31420861821707535,0.32074780058651026,0.2917550515707691
2023-03-01,0.1580554413568168,0.22576604756946403,0.2945208561108328,0.28999155673346405,0.18207043787098842,0.13319859742708323,0.22703901718365282,0.20635318185683918,0.346041055718475,0.32293397214343095
2023-03-02,0.09118583155200968,0.16624244860905885,0.34566684122704383,0.34402489580427925,0.1558843499894295,0.12264070123918051,0.19963336724073336,0.16962957073597298,0.32787433155080214,0.28871257483460494
2023-03-03,0.29179466096643103,0.38104789063001876,0.25092080944493245,0.2505507397395263,0.0563150272054537,0.03947425502723815,0.1191895238468431,0.09231665378959687,0.2807486631016043,0.23537531459979838
2023-03-06,0.2857156055296304,0.3842808041686216,0.29673207755936,0.2896036325504891,0.032824073087214044,-0.004416881084780983,0.12607162470403788,0.09399385119466706,0.2694281524926686,0.22074628800271562
2023-03-08,0.3404271044608362,0.3696875352944019,0.23862803243501102,0.23648798594672976,0.13173250857310975,0.08603501137224916,0.15763908048976816,0.1084569965198619,0.31417112299465244,0.25319037024930274
2023-03-09,0.32218993815043423,0.3696217415872573,0.2227194969393436,0.22134523645441434,0.19368797061447765,0.13584152846040395,0.22326093027504373,0.1514699265720016,0.38268716577540113,0.3195743872076038
2023-03-10,0.2796365500928297,0.3113540752037659,0.18029673561756385,0.18197477191906553,0.17107391575878902,0.10625759226528463,0.16878342245989306,0.08099852553722212,0.29961802902979373,0.23014301431411263
2023-03-13,0.16413449679361747,0.060798980531241685,0.08550122511892888,0.07908988383289986,0.024356760072229765,-0.03329310393657277,0.026740202316140015,-0.07271488614816797,0.24430863254392665,0.15741058313279765
2023-03-14,0.10334394242561099,0.1323843912041358,0.10136743184202908,0.12417823627652821,-0.025245982591315407,-0.033958803150568595,-0.10144564253685617,-0.14472940190937875,0.2137509549274255,0.15253313848044275
2023-03-15,0.05471149893120582,0.0777625496485879,0.09255287255141785,0.11825605280629144,-0.04587464724114193,-0.017200336816681646,-0.1129679144385027,-0.13118569653379436,0.16455309396485868,0.10644424428323578
2023-03-16,-0.05471149893120582,-0.0616524833735291,0.02115494229746694,0.07138107805160084,-0.05079653315641999,-0.02632592238365392,-0.14204545454545453,-0.1648855528450933,0.1388846447669977,0.09210294486857455
2023-03-17,-0.012158110873601292,-0.03460695378359166,0.041428428665872756,0.05825245742748968,-0.05552824247915613,-0.0338458896526616,-0.15159013902911425,-0.17267886239383562,0.13703208556149735,0.06681289871687073
2023-03-20,0.07294866524160776,-0.005272988438689045,0.11547072670700703,0.12014165250374446,-0.2360925694851307,-0.21596065988147345,-0.25109970674486803,-0.2622693269110831,0.12543926661573718,0.05053369111344498
2023-03-21,0.07294866524160776,-0.02032012965396843,0.122522374139496,0.11628069636781586,-0.22430373398974282,-0.2359337188333984,-0.20307917888563048,-0.22502780049195342,0.13399541634835752,0.04103424258662191
2023-03-22,0.13981827504641486,0.08013451318392778,0.08373831326080663,0.06829399443288599,-0.11929272455529658,-0.16261766392655813,-0.13790322580645165,-0.20554078569427525,0.2212566844919786,0.12059664765582206
2023-03-23,0.18845071854082002,0.115427555639791,0.14680591235778107,0.10416621636508813,-0.1619156963383715,-0.1662023872851364,-0.17395289230789532,-0.21212608618102596,0.18747135217723448,0.11693928561893985
2023-03-24,0.18845071854082002,0.05407179965586927,0.07491641919288829,0.0037316399603266356,-0.251910347403865,-0.27392687911819186,-0.23996334042067954,-0.29063433494756646,0.11902215431627194,0.05836505561110601
2023-03-27,0.09118583155200968,0.042118172868213746,0.07188949316489279,0.007530749435486808,-0.3219297573480925,-0.27311866497216425,-0.3173899792558767,-0.3064927197266849,0.07902187902187902,0.04528084848338162
2023-03-28,0.24316221747202585,0.18803221873228843,0.06205198357390747,0.006475497854099506,-0.3439505229538184,-0.31582339671240184,-0.2993810730452346,-0.2996951935221311,0.0453024453024453,-0.004705879253832523
2023-03-29,0.2796365500928297,0.22654648383708745,0.018973386212788382,-0.04367278589950476,-0.29851335038250304,-0.3048999398526587,-0.1993276388794612,-0.1929369581779319,0.033902323376007584,-0.03628471774900809
2023-03-31,0.18237166310401937,0.1345573780709785,0.007196801666919731,-0.05718335357604841,-0.2656267575034826,-0.2522396448959858,-0.2046505132838319,-0.19291566953198985,0.10550023707918445,0.041929341980572916
2023-04-03,0.4012176588288426,0.34612049799705313,-0.11804921305770107,-0.18421635264401806,-0.191177996859675,-0.21264802587344506,-0.12318187770984453,-0.13287316745375158,0.08414487361855782,-0.02528574332281684
2023-04-05,0.3404271044608362,0.28107018948792234,-0.04710617636437109,-0.11478965170701054,-0.09060480358675976,-0.112603211345235,-0.046466727119387534,-0.05509150615239337,0.14345114345114346,0.04500683580946222
2023-04-06,0.3404271044608362,0.2756143620401564,-0.041430733428904694,-0.09090918334423358,-0.04388253408589299,-0.05646678592482985,-0.039392380296372244,-0.03497059544249742,0.11062479483532114,-0.009890785030893768
2023-04-10,0.43769199144964654,0.3678933353936912,0.027999065758958244,-0.07722562341722958,-0.09064295563864908,-0.05451536284175985,-0.10605134598150141,-0.08439471429017427,0.1093951093951094,-0.04699961996342069
2023-04-11,0.43769199144964654,0.44325719687007736,0.03405291781494922,-0.04756464071095864,-0.08295449065144224,-0.016232704322976025,-0.10238386427608927,-0.05012989092795782,0.11583011583011583,-0.01426183098993817
2023-04-12,0.44985010232324774,0.44190655398375706,0.09232124385386231,0.0427663098441305,-0.12969630961719866,-0.08710396944749527,-0.1290187042561952,-0.06451225961442049,0.12043622569938359,0.03837694124750523
2023-04-13,0.44985010232324774,0.5521087844744377,-0.06129525206690859,-0.09000690746180239,-0.14431308099781356,-0.07936917088350252,-0.144688003716399,-0.07117072756925569,0.12920815552394496,0.09946136304277872
2023-04-17,0.5106406566912542,0.61361161056767,-0.03783657534994358,-0.057399323368731485,0.010276179435847093,0.08023302388891035,0.0015407241441242876,0.08517530578052149,0.1896633475580844,0.17664271374428925
2023-04-18,0.43769199144964654,0.5266924084830426,0.007375972301932102,-0.008955191426229714,0.08259411280314093,0.1641671184282941,0.06199988156229442,0.15980661166571702,0.2453441295546559,0.23736734029329526
2023-04-19,0.43769199144964654,0.496198386069044,-0.03727700496035363,-0.037869328798316115,0.039674770261117466,0.08277716826671298,0.040709126967330235,0.11437879152978679,0.21181988742964356,0.18781531423427236
2023-04-20,0.43769199144964654,0.4929792958786638,-0.02485133664023576,-0.0336265537034591,0.06814840429216298,0.13697164071374973,0.06653170661597055,0.14946343281600533,0.2527204502814259,0.23194494600397655
2023-04-21,0.36474332620803873,0.4446104746934775,-0.0263424168386499,-0.04523663252148769,0.11671474821682522,0.16907626693654812,0.14206753664882915,0.19410008970256892,0.3084427767354597,0.2841908010632158
2023-04-24,0.46808726863364974,0.5358364492736382,-0.045229432685229075,-0.06536317445894241,0.14801800571000215,0.18343520442307862,0.1530799853824845,0.1940568273227651,0.28643724696356276,0.2676631259695294
2023-04-25,0.36474332620803873,0.41152388276402346,-0.02485133664023576,-0.02949291075685103,0.16549732924846922,0.17968951457229532,0.1584017666908337,0.17400859425814105,0.28630393996247655,0.26111415254964093
2023-04-26,0.36474332620803873,0.4761992245151219,0.0021872676151606777,0.00660436611435206,0.1430140196573781,0.17448291494332116,0.1260145472155833,0.15413107888758937,0.266510007292764,0.24895411187140726
2023-04-27,0.36474332620803873,0.396910481509309,-0.0034996281842570847,-0.004683318460137502,0.16982898858447135,0.21455847082749552,0.14496833614897706,0.17715881192422178,0.28774005348026904,0.2621664086539306
2023-04-28,0.36474332620803873,0.3828471543989771,0.09448996097494126,0.09884116892758363,0.13034831103865682,0.15125975494363125,0.16429744763550733,0.1799986372071954,0.2989222915484969,0.2814595239943897
2023-05-02,0.38905954795524134,0.4220239328691764,0.08267871585307363,0.10192145976456304,0.09461117466681787,0.1328616838772355,0.07899427748433438,0.10513984142380361,0.16295275909569726,0.1634715513509301
2023-05-03,0.38905954795524134,0.39465517424236807,0.11592518360351595,0.11290559438969741,0.11538044742860408,0.21795430075117386,0.11408037309179903,0.1640977916439322,0.2026220656131667,0.22399126703850789
2023-05-04,0.40729671426564323,0.4418351678563556,0.06561802845482033,0.0761090783855018,0.05693457818466732,0.10091135919766718,0.06742597026898833,0.10527612281388982,0.15139372822299654,0.17231385228243667
2023-05-05,0.33434804902403553,0.3457062073764356,0.13692295270905844,0.10691298489394707,0.08312897370757334,0.12237217125851046,0.10822576909541821,0.13516241969668857,0.1834494773519164,0.20728233959583647
2023-05-08,0.3465061598976368,0.3700472051005318,0.1649199781831151,0.10958546786116548,-0.02847132671934387,0.0780905976831887,0.030873570357585364,0.07002443273972658,0.1501742160278746,0.18223066755735498
2023-05-09,0.2857156055296304,0.2582882878736407,0.13128071423586218,0.050282544566945024,-0.08413547063422112,-0.0064079262582063855,0.0,0.021015881723252135,0.07979094076655055,0.11034045743511096
2023-05-10,0.38905954795524134,0.3897657201830392,0.10989787062926339,0.0272673886414802,-0.1354346794067747,-0.07465473496142393,-0.02145966201904294,-0.0019559244880393532,0.10000000000000002,0.1382025351388841
2023-05-11,0.38905954795524134,0.392716932746214,0.13625346856297815,0.0825388066678911,-0.11977111487731958,-0.060703302110657886,-0.039680129771060536,-0.021843382914895508,0.10975609756097562,0.13275805483084652
2023-05-12,0.2796365500928297,0.28643460151847955,0.15017718067890296,0.09558712592575196,-0.09750777822953546,-0.03635382634898698,-0.04180585100879592,-0.019913012532898,0.12386759581881537,0.1452203689785733
2023-05-15,0.2492412729088265,0.24941600132044053,-0.045445815444006395,-0.11818248160336621,-0.1032621721310957,-0.038432119737045405,-0.11883192484473065,-0.08687999843521624,0.12195121951219513,0.13353068879160246
2023-05-16,0.2735574946560291,0.263813621648217,-0.018963020241575233,-0.07352261811995223,-0.08874873465905013,-0.057282851408635475,-0.09828432625573548,-0.09456041348745332,0.10662020905923347,0.10919284286165369
2023-05-17,0.37690143708164003,0.33909320086255834,-0.06237835605781326,-0.1080867129528647,-0.06309151753013043,-0.02940166390520439,-0.0934257807765642,-0.07695843713947959,0.10766550522648086,0.1035077374621909
2023-05-18,0.35258521533443743,0.3422893166725706,-0.1721642627195646,-0.24764192138118435,-0.003227169673409781,0.026311230424249318,-0.051925704808642954,-0.043839910618495986,0.13362369337979096,0.11986903369054701
2023-05-19,0.3465061598976368,0.3147992080052499,-0.17995095639865336,-0.2870901222246354,0.05827379418724409,0.1321310112250252,-0.04962709325784123,-0.014030056398805392,0.1153067012397699,0.10690637768902461
2023-05-22,0.12158110873601292,0.07367689781450246,-0.17241320176463693,-0.3065869238658498,0.07154376029783577,0.13278484571509364,-0.05065666041275797,-0.03726105618284859,0.06814682764767847,0.049168999765479136
2023-05-23,0.12158110873601292,0.11521621783933984,-0.16758738695697536,-0.3021531231596992,0.1201402165678007,0.2035651696718252,-0.02177700348432056,0.006282330402892334,0.08864391422530958,0.07398929432374293
2023-05-24,0.12158110873601292,0.18782971687831604,-0.20487777410708768,-0.31375847078458324,0.0821805323164162,0.14072952715885154,-0.03824374960064585,-0.02981756667578911,0.07459981878586529,0.04172613494719338
2023-05-25,0.17629260766721871,0.28809547654392714,-0.15574220515635145,-0.2351015084301789,0.03644569810900673,0.08733128570996192,-0.055400696864111504,-0.043699101800798695,0.07580791301721534,0.04585194320418503
2023-05-26,0.13373921960961418,0.2889586566569686,-0.18996161924704275,-0.2502885356408066,0.023029463061861048,0.06556895697224434,-0.061324041811846704,-0.05515111918408521,0.012684989429175475,-0.029836905122510006
2023-05-29,0.10942299786241164,0.3175818329533868,-0.14421875920566427,-0.21618500599592766,-0.051990085500112054,-0.014601989365097155,-0.06379286089854826,-0.08118141168909489,0.018718094157685765,-0.051009180727227155
2023-05-30,0.13373921960961418,0.07356611046393376,-0.16276157214931375,-0.20885904816979245,0.04900707163497933,0.09990049696038145,-0.032842582231078554,-0.0013715866959971075,0.05043793415886439,0.031308627548573206
2023-05-31,0.13373921960961418,0.10784206232549583,-0.08160014129318696,-0.09383517821061468,0.061262495805599976,0.11027045039268943,-0.021169091464594402,0.018332524629021487,0.060558009632769465,0.03449280128064669
2023-06-01,0.18237166310401937,0.1834872040297422,-0.08949692916026956,-0.1028069072429392,0.06138145210813512,0.11804946867381026,-0.016464848916906756,0.03094570612051523,0.036846874056176385,-0.005485447611162848
2023-06-02,0.22492505116162387,0.22888034007995564,-0.0811614308561268,-0.0741523184670447,0.03687645378589513,0.08680049622084819,8.711560273495638e-05,0.06331473290742502,0.09513742071881606,0.06601907395836892
2023-06-05,0.2824608694984872,0.25979852974442746,-0.03209637136300007,-0.052431106925863294,-0.001212016859302782,0.11671109377865994,-0.02942010839658775,0.0812928642907504,0.035940803382663845,0.020949524536241475
2023-06-06,0.33257489473208984,0.3350871909147778,-0.014694724238481963,-0.022257463749945368,0.06192304317528758,0.14413528961942368,0.010698221235122818,0.10865425101392348,0.11952078928823114,0.11000127925027095
2023-06-07,0.41457966329616674,0.4191189706563708,-0.025909119052060302,-0.04626657114795022,0.030894751660504014,0.1499676791015705,0.006402204350556588,0.13141311625654628,0.1306553911205074,0.1597204543741835
2023-06-08,0.2796365500928297,0.28251108762817423,-0.10441308402031449,-0.07672365085599808,0.1101535361475448,0.19674437732806616,0.029967767340824993,0.1377229425690747,0.14799154334038053,0.17843203805886024
2023-06-09,0.3826889199656924,0.3969270212002244,0.05041866177150955,0.06893524762621944,0.16180994884959074,0.2635542226530778,0.09238249625147593,0.20492454013799508,0.21761804087385483,0.2426126799422117
2023-06-12,0.2961283309258334,0.30044513700479986,-0.0410224582398269,-0.03474062466495493,0.09170137258474172,0.17044154979130474,0.012318664559259574,0.08524928875904124,0.14432699083861872,0.157172328686649
2023-06-13,0.2870166899742693,0.2922799960043863,0.022882315727069717,0.0506786811129698,0.009122473186786826,0.05864972476081655,-0.05778192027780819,-0.003333537031120518,0.060887949260042276,0.06455356192734336
2023-06-14,0.2870166899742693,0.3109389955920449,-0.04072276527698849,-0.01852931758674081,0.005274773716747153,0.08745297373747074,-0.08114133397605094,-0.00239968514847944,0.08047921071176886,0.10899381475997195
2023-06-15,0.17767699855550007,0.17885631227912413,-0.03529306324005669,-0.017681436073472667,-0.03988659819736033,0.01627860577369664,-0.08722576902807999,-0.029670636771831734,-0.015678524374176547,-0.010630618635399674
2023-06-16,0.25968176711957697,0.26359776200436436,0.036068734959618376,0.06881794285533147,-0.05138452063690553,-0.012407339927356103,-0.08465808405236161,-0.04152652261080699,-0.029644268774703556,-0.047488842378420264
2023-06-19,0.2779050490227052,0.3151989752596126,-0.012410747512986967,-0.01169730112513824,-0.007110978067371457,0.036730575731191976,-0.06375345188944277,-0.02288939177417636,-0.032806324110671935,-0.06769778070438134
2023-06-20,0.37813309948991036,0.3791955140372827,-0.04060384329054227,-0.02615115998895232,0.013729435795712223,0.06894552305553385,-0.027042340967322887,0.028364950430439555,0.01040843214756258,-0.010284617389696778
2023-06-21,0.2870166899742693,0.29518729951349815,-0.035576700787903696,-0.027790781396827897,-0.08277918351013767,-0.003964832762158454,-0.1453556687079425,-0.08039442493027482,-0.05224150995949786,-0.07944798399572969
2023-06-22,0.2414584852164488,0.25457561633207976,0.0007734065388674717,0.027785321148789916,-0.0451407525929009,0.031663407163944016,-0.08787308416302562,-0.025571691137179282,0.024769433465085634,0.014361325244839957
2023-06-23,0.2277910237891026,0.23856615249200733,-0.03712351386563864,-0.017098479381590533,-0.04901416242250512,0.02079106462502559,-0.1055295470230288,-0.04737509525562947,0.0011857707509881422,-0.008050253587407286
2023-06-26,0.2414584852164488,0.24271469066422824,-0.05027142502638566,-0.01836423915352286,-0.18088657488917298,-0.10296273453601913,-0.21758021095575594,-0.14894478089067714,-0.10527009222661396,-0.10916424542042043
2023-06-27,0.2414584852164488,0.24271469066422824,-0.06341933618713268,-0.03270355090174151,-0.2053847412811377,-0.12422325921170604,-0.22548725688170437,-0.15209856978947905,-0.11106719367588931,-0.09590939573422408
2023-06-28,0.2414584852164488,0.24341549775510632,-0.0951687779536464,-0.09832146915650362,-0.21268730447622494,-0.14278541890298432,-0.23428532535658023,-0.19470224069097697,-0.10131752305665347,-0.09803704062866009
2023-06-30,0.2414584852164488,0.24277700132936972,-0.10883300871036965,-0.08346248100851972,-0.26308709480918735,-0.18736926698891648,-0.23110037599428057,-0.1703803192300486,-0.08814229249011857,-0.08161909858350552
2023-07-03,0.3234632537805257,0.35526987814260574,-0.14020480125677515,-0.13016795516889948,-0.30945377631580673,-0.2281696149081187,-0.30659417550269064,-0.2679678332802815,-0.1171277997364954,-0.15951180448876234
2023-07-04,0.30523997187739754,0.3324703808395255,-0.17816079717711758,-0.16348035675055386,-0.28593225156279145,-0.19717877122178593,-0.2909616729583135,-0.2400352109930253,-0.09010175763182238,-0.16233374747001747
2023-07-05,0.3599098175867821,0.36529058902237105,-0.1444651681457932,-0.12836471454269138,-0.26837816945946685,-0.19277413907697974,-0.273900193710455,-0.2337663792097269,-0.07369719395621338,-0.14005555968667913
2023-07-06,0.2277910237891026,0.2550995387542439,-0.11070653761954785,-0.0861685344178229,-0.22289721075073124,-0.15307905555335857,-0.2295544480620956,-0.18391659993260723,-0.05815602836879432,-0.09962676172671556
2023-07-07,0.29157251045005134,0.2883316809874953,-0.09439188997035133,-0.07800813034901101,-0.20279682722409884,-0.12809592649066537,-0.19395094797875465,-0.1614541586296289,-0.014492753623188406,-0.06601147687284535
2023-07-10,0.29157251045005134,0.2656777315699027,-0.09439188997035133,-0.09119370355460618,-0.19724784111983368,-0.1105990002949787,-0.20417373513139714,-0.16870936782072896,-0.05038544557508479,-0.10436583950769217
2023-07-11,0.3143516128289616,0.337168258674652,-0.03143314952375265,-0.009585481488803754,-0.19228432954312208,-0.11189124271259554,-0.12967298875234634,-0.08621335787230512,-0.05149552883132902,-0.07887464754803201
2023-07-12,0.23234684426488467,0.2930498328928485,-0.05394083683705701,-0.04758157087286931,-0.08429010469393533,-0.0275724034091724,-0.09447927136236765,-0.07416879798287442,-0.07468393462843045,-0.10252404876101819
2023-07-13,0.2004561009344103,0.3597880842098027,0.31351408614203197,0.28805690305993303,-0.0661152457967026,-0.007643516936874438,0.030058153478994664,0.03826746359646311,0.04767190872648781,0.014835786621113694
2023-07-14,0.2004561009344103,0.25827374474377807,0.3584678982464519,0.3430296125820659,-0.05828328538034488,0.012107955127089386,0.008760667848149198,0.03178307971898502,0.0524822695035461,0.033008384869887
2023-07-17,0.18223281903128208,0.1676743687315801,0.3448854703438824,0.3008284098363176,-0.08703875091322544,0.0028860098770973563,0.00014097413439880449,0.02226412235085805,0.05064754856614247,0.019145656993545677
2023-07-18,0.18223281903128208,0.18036714669770365,0.3531544526498296,0.3104483138412597,-0.07472395225538996,0.0031368050209195663,0.03397596409749209,0.04548035798349073,0.054925994449583716,0.025339939117551735
2023-07-19,0.24316221747202585,0.25645557819670345,0.2640645899325046,0.2534121280681951,-0.025633519501974632,0.03490304620926356,0.08928167416708065,0.09999624191973205,0.14150197628458497,0.10075371944341392
2023-07-20,0.21276694028802262,0.19902868177034694,0.30555491463555595,0.291963616799403,0.024414123658695754,0.10265080360179099,0.14615356409018174,0.1702937240462646,0.19538866930171273,0.1780827473522065
2023-07-21,0.2735574946560291,0.20566878401778724,0.3245551567892898,0.31185221092616106,-0.08321541400410602,-0.02272920823485755,0.07885494620679573,0.09268029839657538,0.1193675889328063,0.10303655762384202
2023-07-24,0.2857156055296304,0.14477610329090593,0.3171877159541685,0.3031161830228828,-0.1883873583063399,-0.1070377345231402,-0.03067160661548983,-0.021788057467803917,0.050329380764163364,-0.024587136590939227
2023-07-25,0.1702135522304181,0.10091606454569718,0.1456397095483672,0.09965173978965411,-0.14401667928242068,-0.04007985197799823,-0.03961652490773974,-0.009979210965734371,0.02152328091273512,-0.04595778315240832
2023-07-26,0.07294866524160776,-0.06411607907204185,0.1267031042879412,0.10207554460383841,-0.0901733142774028,-0.009370603855257734,-0.03299027341071565,-0.010187836662336861,0.02793709528214616,-0.03272402416601237
2023-07-27,0.09726488698881033,-0.2345400316607535,0.10329057414777816,0.053675034803058415,-0.11148926714381885,-0.0073256785867580575,-0.03637389119643008,-0.0018929013834637445,-0.02028985507246377,-0.09324952936233165
2023-07-28,0.12158110873601292,-0.17240361919748226,0.05474400429832243,-0.021464837371820873,-0.09064872896555502,0.008667441608540914,-0.049626394190478255,-0.022880163291705922,-0.010669133518347208,-0.10306760854513888
2023-07-31,0.20668788485122197,-0.007723195770306016,0.10707789519986335,0.05517636591671158,-0.0701101583614377,0.07718953898524818,-0.006839415728051754,0.048267774882249995,0.0062288004933703355,-0.0768881401990042
2023-08-01,0.2553203283456271,0.014976389197561588,0.06025283491953726,0.006847215670549129,-0.07375393631750438,0.07721589770060241,-0.022208907045376442,0.033576808191881406,0.16114708603145236,0.08431326174469754
2023-08-02,0.13373921960961418,-0.1887231508701826,0.0653112799412795,-0.009799390337848615,-0.10598189671815396,0.01971029092178641,-0.018122509345506826,0.01733420635726005,0.18015726179463462,0.05115412013960654
2023-08-03,0.3690214585383462,0.34963699268145787,-0.06379335788926055,-0.12791098824816616,-0.20657638597788994,-0.14987586490545918,-0.14504288735081045,-0.12806145357064921,0.100412505427703,0.012115938011941956
2023-08-04,0.39180056091725646,0.3443120432523212,-0.06687516261821036,-0.17808901783452633,-0.24458702826178916,-0.15021777643532394,-0.16176199516538703,-0.13054334100019663,0.16608771168041686,0.061950373163970784
2023-08-07,0.3690214585383462,0.3351913769633828,-0.06256063599768065,-0.14331907884251494,-0.22476162574349295,-0.13654484953967264,-0.13323873719244245,-0.10617653196651845,0.1323273990447243,0.008470757575065446
2023-08-08,0.23117373455165427,0.20373830366686144,-0.04406980762398193,-0.13634013906517345,-0.30879991856844763,-0.2351705680744495,-0.21272790679300088,-0.2173814578596684,0.11783071230342276,-0.034314934589907975
2023-08-09,0.3826889199656924,0.39527369249562566,-0.08676408228413365,-0.14829486034433903,-0.2236408564622627,-0.1855180111814388,-0.19150904896923274,-0.21635267351737225,0.14338575393154487,0.029846414931617177
2023-08-10,0.3690214585383462,0.3921685416288107,-0.06810788450979026,-0.11139324193143742,-0.2848953975182855,-0.22846278118404673,-0.23710481509896816,-0.2470488709112878,0.09541901867129832,-0.027105698248221483
2023-08-11,0.3690214585383462,0.3221988293508731,-0.03477449329641864,-0.1308125019780091,-0.22722486237131204,-0.1484044716333464,-0.16874465375089112,-0.1950853243644394,0.16743755781683625,-0.006945775793098401
2023-08-14,0.2503441157857319,0.21204842888923553,0.3095483672447072,0.109054793689414,-0.2837970341111414,-0.20162324121075723,-0.08500124165241392,-0.13744429284947807,0.1363265306122449,-0.051868592966484
2023-08-16,0.36313651960128146,0.3647071376990288,0.29580663251305345,0.07927626395702347,-0.26446075957323056,-0.18720122545938397,-0.10220667879053914,-0.1517575125295119,0.1265740338688667,-0.0787202769498233
2023-08-17,0.5218922189120679,0.5400098216908618,0.3192232227469156,0.13765898041051036,-0.13409963645442427,-0.07493101895078069,-0.02529849482562302,-0.08002544001178333,0.2215541165587419,0.03493280855081639
2023-08-18,0.6287032256579232,0.6516659224399174,0.27375859103134836,0.07432237076029019,-0.1422077941531671,-0.0649409294584155,-0.03519641934052714,-0.10043307260233611,0.19605303731113166,-0.024800813111734404
2023-08-21,0.5375868161422822,0.5706265522591528,0.3617051852961763,0.21707741189304305,-0.18021908855922034,-0.13267351943254824,-0.04516846309264218,-0.1021117691809902,0.1859389454209066,-0.01258683591770062
2023-08-22,0.5603659185211924,0.662443887122891,0.39546107997757696,0.2623727280791797,-0.11776433467333851,-0.040643795546521096,0.024642798503683443,0.00044776986366488043,0.228831958315241,0.07653325509623966
2023-08-23,0.6287032256579232,0.705008720324129,0.3761449560449495,0.23344585518434655,0.03999292055960663,0.1673273362456189,0.1430334664600336,0.14810066808932743,0.268154486586494,0.1281127137955872
2023-08-24,0.5785892004243207,0.6428989805284525,0.41155896927404445,0.28866571859631984,0.05416949047332045,0.182686344764426,0.15088290813710514,0.16228182700695162,0.2930157261794635,0.17042862364691408
2023-08-25,0.5831450209001027,0.6459994956432987,0.4160484089274586,0.32716037683010296,-0.03668469774235772,0.06373668268343217,0.076393346771156,0.07986097001462482,0.2531480677377334,0.13977285529965605
2023-08-28,0.5831450209001027,0.6556094867732395,0.29740894605016577,0.17234943503279654,0.08931980560951647,0.18016600487884724,0.1739503305235048,0.14363237053791816,0.3070613629355535,0.17381840797602505
2023-08-29,0.5603659185211924,0.6281343405465034,0.3341982607638857,0.2134528036855029,0.003423461170560917,0.061283151198521076,0.11847313834207411,0.05905265875161323,0.3539315448658649,0.2184036104970683
2023-08-30,0.2004561009344103,0.3114704175952202,0.265177087817132,0.13908661259530794,-0.050196367417909615,-0.012963330814666753,0.059988907397891644,0.00023706975480142418,0.323427382053654,0.21251684324068468
2023-08-31,-0.021015794050150385,0.021000205178735524,0.22062242068679117,0.1297126229078658,-0.12914521726131278,-0.07184992925689954,-0.002834992583298819,-0.03866506888605952,0.205601389491967,0.11370786929567182
2023-09-01,-0.0665500144921429,-0.013091148445890764,0.23383518404268536,0.1989250575173338,-0.09085543990910355,-0.03331670779369635,0.013246950369350956,-0.008544020134912433,0.2151020408163265,0.13800923657901576
2023-09-04,-0.09457107322567676,-0.04947719029303691,0.24305339103516965,0.21321536194667734,-0.06120362342551903,-0.005999816564547242,0.031130666388776193,0.018544912659319908,0.22418367346938772,0.1615011690716865
2023-09-05,-0.09457107322567676,-0.07077634381258562,0.2593388900552252,0.23365136891430133,-0.02678789299599645,0.035881044984854865,0.06882384792527294,0.0598019630261715,0.24071428571428566,0.18282048017496275
2023-09-06,0.056042117467067706,0.09439457438016156,0.3367718287920935,0.324400307725156,-0.08970955777901676,-0.04354462487785668,0.05568422346855557,0.047358467232016505,0.2602040816326531,0.22982851318451816
2023-09-07,0.12959739664259406,0.14083507046043392,0.31925723550637336,0.3033849496558381,-0.13811329564551306,-0.08327168592742235,0.012387134950385542,0.01670855490019473,0.27469387755102037,0.24248932220106795
2023-09-08,-0.01751316170845866,0.023695954944125925,0.3306263574637706,0.3197506869508947,-0.13469429709420586,-0.07425824372837227,0.01302461164964614,0.021251125795301144,0.25571428571428567,0.217947759539986
2023-09-11,0.14360792600936098,0.11988367525294025,0.36381190263671415,0.33746418076214973,-0.13059072947602152,-0.10572044557125908,0.04101823219958113,0.03133937176147144,0.26448979591836735,0.2105924530495717
2023-09-12,0.21182963643408084,0.14754600821018823,0.3493522996355111,0.2850476679967895,-0.09331781755359628,-0.11620440913739723,0.05338765467653226,-0.004275745801342172,0.3053541416566627,0.18124336772075172
2023-09-13,0.3136179032920158,0.27703803848485264,0.5197243805873857,0.4947647298195225,-0.11833436951564869,-0.11892306272233161,0.07339503044586124,0.035939093883114163,0.3381032412965186,0.25696115803774033
2023-09-14,0.3108668690526121,0.2859114815889821,0.5375890472918701,0.5121117224423918,-0.13779020843187817,-0.1281652838890254,0.0648370444038571,0.03614991540910441,0.36259303721488595,0.2991578411249794
2023-09-15,0.3658875538406851,0.3067701474314771,0.5010351908042326,0.47305704697315343,-0.15941259423276707,-0.1375604504656353,0.045864664415735196,0.025423923584144664,0.3047779111644658,0.24911890250851482
2023-09-18,0.374140656558896,0.3635814893039296,0.35317071869634614,0.3010688256743443,-0.08883919193762985,-0.07092079508431189,0.09985249593234433,0.08597472074400077,0.2820168067226891,0.22087205603853613
2023-09-20,0.3082316460688724,0.2894190547723354,0.3658989359640971,0.3097977845625027,-0.09981805048139138,-0.060356660397296535,0.07030561047749402,0.06602440173177289,0.2444897959183673,0.18219439822388833
2023-09-21,0.2837132196770302,0.2844971576841832,0.4476949563630055,0.39536873554970664,-0.077593060349935,-0.0542716791354961,0.103694938977611,0.0854803623586241,0.2742075553625705,0.20492280081326542
2023-09-22,0.2767079549936468,0.2600149199038527,0.4655615240766481,0.41274833825843604,-0.07499035811597492,-0.05938393247739405,0.13138208098053322,0.11165364132494167,0.28614850195397307,0.22290449247369667
2023-09-25,0.24868689626011292,0.2456104358419778,0.4119618209357203,0.3924579963233115,0.03660199427647471,0.025996448893637312,0.15201559394937764,0.12135679851216834,0.3237082066869301,0.28030028987667976
2023-09-26,0.14711055835105272,0.15631274555558067,0.3604236448386744,0.34617290170504006,0.040097881291947544,0.05236765638995582,0.13296420338070022,0.12634655475442583,0.26161528441163695,0.22468055719444552
2023-09-27,0.18563951410966176,0.2011169611205816,0.3332802054275636,0.33019369368307483,0.015534878958949254,0.032364467871849247,0.11688314761530108,0.11603511068545347,0.24565783760312634,0.21162646317559972
2023-09-28,0.1576184553761279,0.16598676210494911,0.2821685004920112,0.27545345128992793,0.020460881041533617,0.0075755888172716074,0.10028080725345291,0.08038626207814807,0.2607142857142857,0.22203185455318142
2023-09-29,0.17513161708458658,0.19228069525604097,0.3060914820554643,0.32651993911299265,0.019154401618803607,0.02274456877266602,0.07742373745295587,0.06816878838083883,0.24999999999999997,0.22175649492819213
2023-10-03,0.21716320518488735,0.24366264251955938,0.37049950934168424,0.38595034749519874,0.10569342218766593,0.10571488316091188,0.14503393657247796,0.13583438374560622,0.22755102040816325,0.2051923925259678
2023-10-04,0.16812635240120308,0.19387133233437426,0.3692726897743277,0.37058014496476055,0.13361607663493363,0.1448946146332396,0.1817452832959426,0.1923662173971807,0.21591836734693873,0.2012171993498116
2023-10-05,0.24868689626011292,0.25915485367650976,0.41435830887468167,0.40775279793078917,0.13228387861412755,0.16739721354308965,0.18476353041036184,0.21916531196010544,0.2278571428571428,0.20585372690418843
2023-10-06,0.24168163157672948,0.2925670854866415,0.3723397386927191,0.38345506587771416,0.15342157513254473,0.17394898177676232,0.1903792556165552,0.21079400923888086,0.2327551020408163,0.2222517420173036
2023-10-09,0.1786342494262783,0.2063954943609742,0.3606849528028317,0.3743952999337693,0.10741897805422418,0.13278691417838745,0.146806569143285,0.16920439216561242,0.18663265306122448,0.16848075747721683
2023-10-10,0.1786342494262783,0.2038288805625498,0.3616050674783491,0.37731954577129534,0.10576159468264852,0.12024516641130432,0.16285100292943636,0.17506058841197433,0.21091836734693878,0.19231609610526734
2023-10-11,0.1225921319592106,0.1586327237655435,0.36436541150490137,0.3948282722507708,0.15248885208389035,0.1691049140721956,0.17087321982251208,0.1798462657413584,0.27153061224489794,0.2486101139652639
2023-10-12,0.07355527917552636,0.11194940319428516,0.3976945663260616,0.41946193303704093,0.17541976824274164,0.1957075128714501,0.22816155617034542,0.2290635583676673,0.26338535414165665,0.2272511211392989
2023-10-13,0.03852895575860905,0.07640141185530769,0.3824734261702605,0.39991417947277663,0.19198173160386992,0.2071742253303297,0.23059126848250425,0.23087835206652024,0.27058823529411763,0.2462706726838774
2023-10-16,0.12609476430090233,0.14134951134097015,0.3783370877473665,0.4048973936012542,0.25058884387850827,0.2778018338402923,0.2860118493169847,0.29883568838254176,0.3243697478991596,0.3193689529732705
2023-10-17,0.1541158230344362,0.16381537831940102,0.34331608910019773,0.3630323926447101,0.25607387549826216,0.3069698601537821,0.28161522703784014,0.30199810558632684,0.32081632653061226,0.31726312802754353
2023-10-18,0.16112108771781963,0.16971752103655058,0.3686856314272806,0.39206809899495676,0.3120748268444698,0.3753766326499857,0.3016314284665773,0.3220080304602355,0.3393877551020407,0.33753185479469694
2023-10-19,0.26269742562687987,0.26636702252253447,0.3904703471211888,0.4300265088277318,0.36028105791873527,0.43915797299982273,0.3095080262097579,0.3378372786933109,0.36428571428571427,0.36213841330343666
2023-10-20,0.16812635240120308,0.17312740403498358,0.37254621395531495,0.40747058872466857,0.35178064113194396,0.4422048457497728,0.3117064009753599,0.34788504924907343,0.3418367346938775,0.3425423276154419
2023-10-23,0.2206658375265791,0.22299441605949896,0.44258821124965253,0.44170066954868903,0.3827886678712322,0.5244484956361074,0.3531964845958291,0.4239405554575321,0.35462184873949576,0.3697283722512456
2023-10-25,0.3187395430939476,0.316789663618288,0.46189112388982423,0.4707695281239924,0.30220231434521955,0.38211845882442536,0.27566462521298996,0.3260129254540789,0.39150060024009603,0.3989960005489474
2023-10-26,0.2451842639184212,0.24540327153819674,0.45279117935945756,0.4615301424464381,0.3635749510752907,0.4633216448471802,0.3141270917862514,0.3653453075553115,0.40533013205282115,0.41337278103985153
2023-10-27,0.26269742562687987,0.2655923432768372,0.46057633557048183,0.4651484816170014,0.42027894329578397,0.49649714772167997,0.3796136236282471,0.42245282730662104,0.421656662665066,0.4292826342091149
2023-10-30,0.234676366893346,0.22796028785983508,0.4382370043242489,0.4513268771198519,0.25944783986046466,0.35120348698096254,0.3219461992256641,0.364612054548158,0.3679711884753902,0.37383050014425107
2023-10-31,0.29422111670210543,0.28011487110736266,0.42218227503004235,0.4263846944342589,0.19809731049698465,0.2931787444276625,0.3132684040982877,0.3804000449177448,0.36662665066026406,0.3844873141943329
2023-11-01,0.2662000579685716,0.25434900263562105,0.45858205315150913,0.46664072931774464,0.16798042809159877,0.253244651990994,0.29158483238366545,0.35020959999675794,0.4029291716686674,0.41609199152324317
2023-11-02,0.29422111670210543,0.29405539921090806,0.47319711557906774,0.47296141699714805,0.10673652697762015,0.20370491134608715,0.22666400872707132,0.29073226671545777,0.33685474189675874,0.3595791005486235
2023-11-03,0.25218952860180466,0.24689947300230614,0.46244263567954347,0.45947448795606605,0.10210228397500033,0.22198513469807607,0.22203585132580392,0.2892362095049234,0.34376950780312115,0.3639426135917464
2023-11-06,0.23117373455165427,0.24801308456977575,0.47464184042922114,0.47611513049492854,0.0932382246989089,0.18194303574396653,0.20953376177712754,0.25431797600987427,0.3168787515006002,0.3306189558888039
2023-11-07,0.25919479328518813,0.27995389553688105,0.4356943138781626,0.4470342410644362,0.07876736415225319,0.13663111049461657,0.23123431416082285,0.25628226249446934,0.2619447779111645,0.2708261434035368
2023-11-08,0.234676366893346,0.25444086199119176,0.4890380303342996,0.5093735518258129,0.053169726325071325,0.08648247550736364,0.22989923644546031,0.24417942750197894,0.1818492273542218,0.17933556028963737
2023-11-09,0.1996500434764287,0.21539012747652553,0.482838258144463,0.4758879121146597,0.05125701733134227,0.09962056099480303,0.20978994629518094,0.23339329054906174,0.20618116622556135,0.1856623495428203
2023-11-10,0.25919479328518813,0.26732771142408157,0.4515914063076873,0.4431711952896054,0.018783216673678972,0.07398595849981338,0.1908434832777729,0.22284619884549708,0.21266968325791855,0.19668036566518185
2023-11-13,0.25919479328518813,0.2534964244293605,0.36880849623360235,0.34725712995811603,-0.037752315718615016,-0.020265287034096535,0.13487507748416316,0.13367286915712542,0.17322632971911547,0.13313650957441858
2023-11-15,0.25919479328518813,0.23398805489538171,0.344254332731836,0.3037063128747329,-0.11743773770597377,-0.11108849977964716,0.0698386898462059,0.050929244112862246,0.13941774097157003,0.0848138310778955
2023-11-16,0.25919479328518813,0.2670939054616538,0.3348295022968145,0.28842484206002184,-0.14104705396446246,-0.14653552119152138,0.067388209500725,0.038606819708387995,0.12498932809698626,0.05223147749951041
2023-11-17,0.25919479328518813,0.25195623914214754,0.3080431421130694,0.2400570056736603,-0.15389731630183925,-0.14425709312181334,0.04512967969594007,0.029318468037231822,0.12123281823614787,0.05727189694979357
2023-11-20,0.25919479328518813,0.20097540858681218,0.26765294929765093,0.24634942098356657,-0.08587443203887299,-0.03274165113216238,0.0686676798899681,0.0963026137587441,0.10867346938775509,0.07356776644320225
2023-11-21,0.24868689626011292,0.17520415476611056,0.3028577952080504,0.26055943050270647,-0.08157811035192566,-0.057735592415481596,0.09767028938474978,0.0992768066478372,0.1545809813287017,0.11609081718358305
2023-11-22,0.3187395430939476,0.2214532954933812,0.28146531480039666,0.2402815969546852,-0.05749158013260248,-0.026547538482836835,0.13935264410068526,0.14861538560192128,0.18826530612244896,0.17043672372364324
2023-11-23,0.3187395430939476,0.14057326084646013,0.33247304925823107,0.26236955331161793,-0.10192920707542057,-0.08146039096317492,0.1676233256097466,0.16134820141666986,0.1880612244897959,0.13715400721524404
2023-11-24,0.3187395430939476,0.2314646581818661,0.32350661175100315,0.2384580171068343,-0.051433403598825575,-0.035549971431508884,0.18415802799454145,0.17337218847668665,0.19279711884753903,0.14296479245730226
2023-11-28,0.3187395430939476,0.17477332897534076,0.3637725668368057,0.19991186957613133,-0.08441309631360262,-0.08194642247716974,0.19925389649535027,0.14913014639776961,0.16062424969987996,0.06510505268165373
2023-11-29,0.3712790282193235,0.26714197047594396,0.37894124854721084,0.22749867104300117,-0.10471760637351739,-0.10720593834686197,0.15662233447391036,0.09845542138526528,0.17685474189675868,0.07566559517307582
2023-11-30,0.32574480777733106,0.27653395288461213,0.37011583373388424,0.24566351518280866,-0.0982170695690575,-0.0954251716158264,0.16391452617353344,0.12090662970839691,0.18626650660264102,0.08637835177179934
2023-12-01,0.29772374904379717,0.2771614820577445,0.39933749901493903,0.2794654508747464,-0.09111689708595819,-0.09613560949621752,0.16546364265200916,0.11630228734747351,0.23755102040816325,0.1366801203296433
2023-12-04,0.32924744011902274,0.3725164354203392,0.3830781617409577,0.2663680005702821,-0.15683046429650246,-0.13943519941328997,0.10297074557830223,0.07903207297687058,0.2401809954751131,0.134489998976353
2023-12-05,0.3152369107522558,0.33153558468697797,0.3055799879114335,0.13914397495996714,-0.23193997962858942,-0.22466960238963274,0.03986830251868146,-0.00592735792928156,0.1553829078801332,0.035221471905267775
2023-12-06,0.3152369107522558,0.4312520693423849,0.3246097886026689,0.18475095995505042,-0.2033667353532687,-0.20402047978303503,0.08131908567510827,0.052468820886921265,0.19124050200631776,0.07779962832411723
2023-12-07,0.3152369107522558,0.39786507483642586,0.40541749298719065,0.2949777102375731,-0.10996938478502616,-0.08236163679774113,0.11705251943064864,0.0820885500375691,0.2224878340305643,0.12229317280930836
2023-12-08,0.33975533714409795,0.4077133925761231,0.49449902375920596,0.43558890736762645,-0.13964325129297359,-0.04600091026299795,0.13870860827701417,0.1704553986033668,0.2648868778280543,0.2265822222604191
2023-12-11,0.33975533714409795,0.44498570475480864,0.5196426422303623,0.4575301256052163,-0.16689369336568607,-0.07775458204159065,0.11583184936931937,0.1269564108029405,0.25954751131221715,0.21368905487634268
2023-12-12,0.3537658665108649,0.41271144485651967,0.6006473807328683,0.5409022151193676,-0.19642496480442337,-0.16068419012826538,0.08512923625095094,0.07130993300446657,0.23093998121745068,0.17806673768803233
2023-12-13,0.416813248661316,0.3776777537092713,0.6199518481994215,0.5770450953852001,-0.2005537755093625,-0.15744245621533107,0.07083038433117513,0.06475128116183422,0.24912490395287284,0.2027669532398176
2023-12-14,0.4413316750531582,0.39857603514257695,0.6275764130879539,0.5835094869834005,-0.17145054746241903,-0.12794789748752577,0.09963235748386638,0.09836874022934343,0.24041663109365663,0.20187981996715873
2023-12-15,0.4518395720782334,0.39031933179091444,0.7154205885048285,0.6874055921460807,-0.03988862904979326,0.012302176962190388,0.25927045777434843,0.2715808689758893,0.33330316742081445,0.29164467375848085
2023-12-18,0.4238185133446995,0.34541021075539957,0.7079855015573187,0.6830676282677681,-0.016843747042458068,0.01671103524305283,0.2611671209635994,0.25140608734464437,0.33728506787330315,0.260446524820605
2023-12-19,0.4378290427114664,0.34303061857801675,0.6263602618648518,0.6011043121730305,-0.0248637935533192,0.015415959733344116,0.2001489601034552,0.2103754765940031,0.31559425899048543,0.22630208544112543
2023-12-20,0.4378290427114664,0.3433125130898676,0.6151295267906413,0.5899216967011481,0.0013448122593608227,0.06055857383789971,0.25488147820201856,0.27545073519428026,0.39161615299240154,0.310197501552647
2023-12-21,0.469352733786692,0.3772545880705926,0.6562703412335287,0.6341967312001945,0.0742681402455879,0.10757515581794531,0.33774536474490874,0.3536334963400914,0.41904531527173033,0.3214964274484673
2023-12-22,0.4413316750531582,0.36376857045564664,0.706085423781844,0.6830192825071162,0.07018740127638509,0.10386191798796011,0.35119752720985536,0.36650339349622385,0.4384776648927592,0.3602704685712722
2023-12-26,0.469352733786692,0.39057694939713833,0.6927062065024436,0.6962961619317212,0.07894614883943138,0.0999829922805516,0.30214821760295246,0.3138373565925357,0.43220888126548496,0.3642741976830715
2023-12-27,0.4098079839779326,0.32615551651519264,0.6504189090124689,0.6524745130468671,0.039650995975411746,0.09021989224099718,0.30798836145533204,0.3365246467911396,0.45210596531351244,0.40638528981673994
2023-12-28,0.37828429290270704,0.2964187321851782,0.6446016088286628,0.6510036470348641,0.054577829623621885,0.115755427976926,0.3127348841756452,0.34612851593980937,0.45477415666094906,0.40563134702422415
2023-12-29,0.34676060182748136,0.2545169388217876,0.656236209196275,0.6474917549976493,0.058718296170913904,0.1276567677905306,0.3143717745032817,0.33748434530838267,0.43754526396035825,0.3717035108883129
2024-01-01,0.37828429290270704,0.3360441799185752,0.6788341829872139,0.6884294810442709,0.0019816866142425686,0.06923206299146561,0.269319604221325,0.2986780240682012,0.37023060796645696,0.32638927889060815
2024-01-02,0.37828429290270704,0.33993967796826,0.7211411887479098,0.7402390939663093,0.038412940004112404,0.1279649885456118,0.3168545822735004,0.3720975901655785,0.45957690108633503,0.43211589023963426
2024-01-03,0.37828429290270704,0.32539349288232844,0.7146329533490973,0.738708796618083,-0.0023512797828117633,0.09547697968152692,0.28989908584643376,0.36656898126747894,0.436562541770573,0.4248854230606542
2024-01-04,0.4063053516362408,0.3663004560949944,0.6748068213215019,0.6884671639352784,-0.05078387759311199,0.03387029940584851,0.25592147511513685,0.3290775843515097,0.4209262435677529,0.40350558188352575
2024-01-05,0.40990410167114344,0.36510808077251933,0.630724450411468,0.6331862777603889,0.036525519151301006,0.12538631999886324,0.2800385366773698,0.3379804975176695,0.43535353535353544,0.41985896062513345
2024-01-08,0.40990410167114344,0.35933224769341693,0.5605192412626216,0.5394474846804375,0.05532867688607893,0.13116449222329535,0.29191507568519726,0.34399236396585015,0.410894660894661,0.3818956950839503
2024-01-09,0.40990410167114344,0.3775627852212523,0.6022794451324588,0.5849114799254018,0.010338070488291827,0.06338945935268724,0.225426760648039,0.24115718459187177,0.43243758338097954,0.3859599195744942
2024-01-10,0.40990410167114344,0.40651690069334606,0.5755204795459612,0.5300970383778665,-0.01009045203348244,0.04762113020341283,0.22484327202878385,0.23442876785058792,0.40781398894606435,0.3625656776940542
2024-01-11,0.34938134840426316,0.3108649915920875,0.5694388964581208,0.5423141226353195,-0.01550809146675889,0.030455230799832127,0.2132787243624764,0.2201169758115915,0.3994949494949496,0.3626247387635006
2024-01-12,0.3548834168830705,0.3106766510552939,0.5651817882966326,0.5311750713164938,-0.006629948626824469,0.03306735657103407,0.20516991809097598,0.20307499181535474,0.41356421356421363,0.3780621822613591
2024-01-15,0.49793719733206016,0.47873880179965383,0.23769301957032823,0.10420905141907412,-0.04330067769519706,-0.006798243118813428,0.12620160521157048,0.10852281873761316,0.3665223665223666,0.3132208727745753
2024-01-16,0.6299868408234353,0.6042313159204411,0.23201918790113027,0.08808400312762568,0.12295827344805635,0.18205216826943527,0.25910506864199057,0.26510614678069006,0.46154401154401165,0.41352998895506604
2024-01-17,0.48143099189563826,0.4288845024567371,0.2966875751427915,0.18336168949556172,0.09370181197434369,0.14897621355952978,0.239581405596749,0.2498723155905618,0.45584415584415594,0.41348767915870055
2024-01-18,0.5199454712472894,0.5038712987828579,0.27820806156442457,0.20311833931951326,0.08079932919221423,0.13979992873005792,0.24901750356196165,0.28034188484699835,0.45822510822510826,0.43007574097705564
2024-01-19,0.4869330603744456,0.4604600581478253,0.298718290920634,0.23298790485430457,0.1483267155191419,0.19274070906575722,0.2772984415201052,0.2891173681723372,0.4863978127136022,0.44824377805061416
2024-01-20,0.5529578821201331,0.5372716380209804,0.27739577525328757,0.2371419175911123,0.15997583168603471,0.1846316594603503,0.33704480608180687,0.3429554680876741,0.5110731373889269,0.48082322293039503
2024-01-23,0.6024764984293989,0.5784935763763802,0.25871319009713645,0.1795468814877241,0.2516706823209345,0.27352125338132244,0.40403962341061267,0.4000139063476965,0.5290043290043291,0.4753577015665348
2024-01-24,0.6409909777810497,0.6100571160852938,0.2824725646978939,0.19571218013657224,0.25398455097997696,0.2816107348692393,0.4069051712494198,0.3976406427902925,0.553896103896104,0.5118012536186167
2024-01-25,0.67125235441449,0.677448746718427,0.2649407111659264,0.19804984320787428,0.21186055170501933,0.23685972247372267,0.38816718611018414,0.3685109851402357,0.5270117722947911,0.46907432237101254
2024-01-29,0.5804682245141696,0.5826167682902735,0.2754577833152495,0.21908580680038986,0.3185959658231153,0.314198697060755,0.4373086383206138,0.41175777140624115,0.5303176906950492,0.4815473594872535
2024-01-30,0.5529578821201331,0.5444749643341634,0.2607439058749789,0.20151162213606108,0.2961546291396343,0.29500765691700787,0.4065052936287099,0.37229223904787473,0.4810748999428244,0.4239947440379903
2024-01-31,0.5529578821201331,0.5834647287450846,0.24226439229661206,0.1773882854909969,0.3172403283504866,0.3080431067156118,0.4124628230472136,0.37542093598299525,0.44882790165809033,0.39318027294382474
2024-02-01,0.662999251696279,0.7392116481109156,0.19799478833964523,0.10437200734944355,0.36627215353682635,0.34508743206967213,0.43845494736504037,0.3969545688533783,0.44966647608157034,0.3826870440305526
2024-02-02,0.13755171197018234,0.1375640939335185,0.15941118856063746,0.0829982283772105,0.35100359466447223,0.3305173323782341,0.32203516072334615,0.2912023786624218,0.3807509052792071,0.3346759716566901
2024-02-05,0.0577717190274766,0.04217138082843678,0.11595387091480762,0.04056285182404006,0.3040606638395545,0.27467596568634123,0.248288484353014,0.20890949673668807,0.25184394599477655,0.1851506899771917
2024-02-06,0.08253102718210943,0.073102037145272,0.11981223089270843,0.0586230565891861,0.30138553702931165,0.27691734653623123,0.2490631653671235,0.21914837275028726,0.24962835906232128,0.19549732059205785
2024-02-07,0.03576344511224741,0.008379546007604583,0.128341237159647,0.07358424086856491,0.27617422365990935,0.2524766282419618,0.24632920386475476,0.2221345374626548,0.2696779111873451,0.2239801193912197
2024-02-08,0.0027510342394036474,0.00027929600273168977,0.08143170269148486,-0.004737309939362748,0.2794544883833992,0.24375128940297838,0.2468638487440971,0.20499040225816537,0.24124261482752046,0.17032710862135278
2024-02-09,-0.03301241087284377,-0.024229111229494164,0.08996070895842342,-0.011383505808644823,0.3261742122455777,0.2943190088091051,0.2748312951607156,0.22830759578982407,0.2952925481227368,0.2257844099376361
2024-02-12,-0.2090786021946772,-0.2171722394507465,0.1588019738272847,0.0011955170593671675,0.2875227626136709,0.2396963868044914,0.21045048724820128,0.1420616124605726,0.2198970840480274,0.12715788955019733
2024-02-13,-0.008253102718210942,0.006378637931172316,0.13132204937128944,0.007248923563029632,0.3294681880584802,0.29178614628192023,0.1700605146841353,0.13272758940846555,0.21509433962264146,0.1254269870995571
2024-02-14,-0.19257239675825533,-0.17230082020744583,0.07721250125071183,-0.04730550753928487,0.31915837827570404,0.26359391741260957,0.12664489613726765,0.07653082339031468,0.18284734133790737,0.09008049227294647
2024-02-15,-0.21182963643408084,-0.20425258939998606,0.02715610280208763,-0.06464540049480134,0.25314298087961323,0.217680544559313,0.07247316578148645,0.03497455697981254,0.15723270440251572,0.08604799945181667
2024-02-16,-0.26409928698275015,-0.25196865297928384,0.01763120107299719,-0.08885032229410003,0.2191427290625507,0.17533381767991987,0.03515596908684432,-0.012983873711057367,0.10554602630074326,0.033095397920462594
2024-02-19,-0.30261376633440124,-0.3026789373535421,-0.038540267323907966,-0.11854576814756042,0.18824761483357128,0.1529052499709464,-0.006697893415545931,-0.05016077018054003,0.07806637806637808,0.01461848995539368
2024-02-20,-0.18914214645135352,-0.18771570872953175,-0.06510168933516565,-0.1371452240584977,0.2067256034529258,0.18288600910464065,-0.004899488674574125,-0.03327559182138507,0.05058128454354868,-0.007116790872761678
2024-02-21,-0.21366057284319562,-0.2151865694623394,-0.02284228547995794,-0.08007980706608134,0.24194107386195002,0.22135925621081293,0.037369711912659635,0.008962624667114151,0.07901658090337334,0.029814918440468997
2024-02-22,-0.2767079549936468,-0.27675039942121127,-0.04384856051440711,-0.09267942403691447,0.24659053928375402,0.22663686992672097,0.01854075681013704,-0.006024766842376519,0.09708404802744425,0.045166879933439846
2024-02-23,-0.29422111670210543,-0.29655030691283646,0.009405646962335621,-0.062412398322768896,0.278881368170871,0.23179553144829942,0.0617239504590956,0.009035700588256236,0.13146559939012767,0.030427421368461955
2024-02-26,-0.18914214645135352,-0.1891839288928156,-0.07927616725397166,-0.10317912690089132,0.2546321939111995,0.24248014185728922,0.042893512516716,0.027280364759058335,0.07124070897655803,0.029428865398670966
2024-02-27,-0.11208423493413541,-0.09583524599294849,-0.08534083417918975,-0.08867430605455093,0.24662055550829046,0.24209539686880183,0.0504158805723757,0.042865383484031926,0.039348492178680854,0.017756419789375703
2024-02-28,-0.37828429290270704,-0.37085477881197204,-0.05209760226055189,-0.05892991128452634,0.26193296640907454,0.24908222759582394,0.05220186824447404,0.04058133222244047,0.004837929366231253,-0.032195165068944216
2024-02-29,-0.3537658665108649,-0.347871211688122,-0.05600179208602058,-0.06840020848359318,0.2784545330578979,0.2660068949585285,0.020008674690592372,0.011063642377421502,0.03239819004524887,0.0030872918601890877
2024-03-01,-0.19614741113473694,-0.18697665455429874,-0.08680283131534308,-0.09526225112875594,0.2414233059692663,0.23361620302216163,0.0120865143182816,0.011478467261429152,0.02271493212669683,0.012686193375798578
2024-03-04,-0.1541158230344362,-0.15363613821299263,-0.10802130119242696,-0.10674070588737353,0.3271057008564048,0.3202535499387911,0.06175909420407141,0.0631086487253392,0.060995475113122165,0.05521251428223678
2024-03-05,-0.03502632341691732,-0.043933578067951416,-0.1504582409465947,-0.14917882300192117,0.2548117889092084,0.26586469623721226,-0.0007517492740195959,0.005964136401697471,0.042986425339366516,0.03532256055403307
2024-03-06,-0.04203158810030077,-0.05969482803482086,-0.13889334030476463,-0.12457724011567164,0.23636647028927688,0.2394294309735304,0.004395477507589624,0.009531901194295315,0.0485972850678733,0.05226078355481811
2024-03-07,-0.06304738215045116,-0.08812843690370198,-0.1369565805793994,-0.13671240766622011,0.2518637950956583,0.24495496643006087,0.04742077388033929,0.045151787821138815,0.08262443438914027,0.06837242115145178
2024-03-11,-0.024518426391842117,-0.05488123989940241,-0.09573126642519636,-0.09942200266655322,0.1831576934329845,0.17341473833564894,0.04337265903689569,0.04295392833276163,0.08027149321266969,0.066906275147937
2024-03-12,-0.04553422044199251,-0.06696529016742557,-0.12173918273724389,-0.11902311716335252,0.11613136673284698,0.11961252753794709,-0.02382535830209265,-0.020578381412095642,-0.02733031674208145,-0.03805422048378067
2024-03-13,0.05954474980875943,0.05925137764427908,-0.256870360921482,-0.25872165902069405,0.07589789524287326,0.10829471784453845,-0.03664404862784002,-0.027220956430683566,-0.07313325330132053,-0.06717700419891895
2024-03-14,0.028021058733533853,-0.003172796259401644,-0.31808953895765946,-0.3192988110357075,0.11140959564976678,0.146226194707476,-0.06934205649173099,-0.05950746819602798,-0.09051620648259305,-0.08892228573507123
2024-03-15,0.01751316170845866,-0.018502173747831238,-0.29056598919401655,-0.2905429709293177,0.16366733419155635,0.1782412179435943,-0.05084010885904584,-0.04682732390831142,-0.029864253393665156,-0.034710030615226345
2024-03-18,-0.16812635240120308,-0.1893772029304047,-0.2252299935213581,-0.22601741197684,0.22321512669477786,0.22065314988950946,-0.03955472106463925,-0.0385135972071845,-0.025791855203619908,-0.03796727133371187
2024-03-19,-0.22416846986827083,-0.23966488511067205,-0.2268997773066702,-0.22681600812789218,0.1979154846490349,0.19838811427468317,-0.05946579664091665,-0.0592541064715123,-0.015990396158463382,-0.029642771631451046
2024-03-20,-0.21366057284319562,-0.23955026964519915,-0.26773559649718054,-0.2685970453978227,0.18951697364414768,0.18904197030225448,-0.03472950571456024,-0.034571042173770515,0.007058823529411764,-0.015086645984252954
2024-03-21,-0.0665500144921429,-0.10700720581752508,-0.25086816903847725,-0.2581135578914571,0.1640833451398992,0.16240614387740532,-0.05190574713474523,-0.051880658717934756,-0.056091522240245884,-0.06668986295408977
2024-03-22,-0.10507897025075195,-0.13286441489536036,-0.17731602826749027,-0.20004310973552733,0.12591782116515374,0.1264638293893445,-0.08812032175699949,-0.09218290803178134,-0.07376419363100828,-0.0731861106892767
2024-03-26,-0.05253948512537598,-0.10555029221870202,-0.18961991446964802,-0.21760688231579167,0.06716592127595669,0.06569475918325164,-0.17948914943212263,-0.18647188300504952,-0.1435252378648605,-0.14346037244836565
2024-03-27,-0.20665530815981217,-0.2214779278357892,-0.19806955679201763,-0.21083140526101046,0.029820270763772964,0.02938871465318872,-0.19048592849757232,-0.1948285829278404,-0.2298016448959845,-0.23543407663940238
2024-03-28,-0.12959739664259406,-0.14121110154660435,-0.26575485159680445,-0.27224955245837146,0.03056444103267585,0.03046322095852058,-0.18182312413234863,-0.18465240988588014,-0.20916929906941004,-0.2145068556616499
2024-04-01,-0.16112108771781963,-0.17084784746096382,-0.24232211053277092,-0.2426152733723942,0.11987771747002575,0.13000756772101746,-0.12059838645635264,-0.1151312244113155,-0.022453683940920344,-0.02651351462572312
2024-04-02,-0.09106844088398502,-0.10714573538705767,-0.22744415272132054,-0.22770797588994576,0.05905041004727512,0.07260541813835723,-0.13686582563227373,-0.12897066708806892,-0.0655681721164518,-0.07027711604530301
2024-04-03,-0.09807370556736847,-0.10583056556172116,-0.2340687396937862,-0.23231966261555673,0.03171007804289191,0.05214225125640437,-0.13536775210971957,-0.11711145271096987,-0.05353026551694697,-0.06367813265328055
2024-04-04,-0.14711055835105272,-0.14238626073809404,-0.23793308209439118,-0.2315049977601865,-0.014101710294573579,0.005944191588182674,-0.18890670260317463,-0.17168672648981012,-0.0472124989328097,-0.04755030317017747
2024-04-05,-0.12609476430090233,-0.14589334489076675,-0.2589109408405324,-0.25078532436454654,-0.046852286367977135,-0.03154388213460113,-0.211277947636951,-0.1960237085543134,-0.07888670707760607,-0.07783441077561849
2024-04-08,-0.1786342494262783,-0.18155445337831067,-0.2578675890768865,-0.2545496988397415,0.004185021138953551,0.011870131626046184,-0.20688161626456528,-0.1974227289220321,-0.05054213267309826,-0.05128381353825642
2024-04-09,-0.1576184553761279,-0.15517737960934638,-0.2429747015793979,-0.24140557744762586,-0.001826121029185714,0.005622285299649371,-0.20438317721280103,-0.19100445435286648,-0.022453683940920344,-0.031004257897057935
2024-04-10,-0.17162898474289487,-0.16517781451871422,-0.30806213582768155,-0.29821446875673085,-0.0040458133781134395,0.0025819105174818245,-0.2143714539897095,-0.1902835572765735,0.007418158361554588,-0.005286268238229645
2024-04-12,-0.1576184553761279,-0.1567903860166104,-0.2573160006510537,-0.2535204276374895,-0.028661012587006835,-0.0249426327123085,-0.20214515142048603,-0.1850339214048025,0.0026608611514271894,-0.007971084068618227
2024-04-15,-0.1015763379090602,-0.12672948060625366,0.2529208601614439,0.25442581171548195,-0.0015590362757207576,0.02069020772787243,0.06693045396058804,0.08870332068043234,0.1440896629575875,0.13888162917170394
2024-04-16,-0.1015763379090602,-0.10234826940929206,0.25539439669144115,0.2571479249029308,0.006713807744169239,0.041228175233713256,0.05039443825747333,0.08022757928319445,0.1387679406547331,0.1292860453220409
2024-04-18,-0.11908949961751886,-0.10917460682813711,0.22821887999680357,0.2281188200624962,-0.05149826431615193,-0.01772765205365888,-0.0011746986698709337,0.02099707441635299,0.12820512820512822,0.11637610194671436
2024-04-19,-0.11908949961751886,-0.08093764528757805,0.1785819668504757,0.18097301267629123,-0.0976203362036946,-0.0681376825036656,-0.04244237368098896,-0.016177692631867812,0.07958393807450412,0.06507458075503592
2024-04-22,-0.09807370556736847,-0.03612460129605641,0.155631575372966,0.15342113938478683,-0.053759941437671196,-0.006475530271714498,-0.01848873558666426,0.013652138232138544,0.06902112562489922,0.06383437877103193
2024-04-23,-0.09807370556736847,-0.02161899571508311,0.17637689073322962,0.17868851523883927,-0.02819636432579952,0.0016884455680042016,4.806654740422538e-05,0.023915384208411213,0.05629883743091289,0.05397208963052647
2024-04-24,-0.17162898474289487,-0.07529699651148777,0.17956782197251386,0.1900779480255602,-0.05322525835143818,-0.0069425745086550555,-0.01321830053616198,0.02283065887833921,0.07497617686296931,0.06722780553205027
2024-04-25,-0.11208423493413541,-0.01489689306970181,0.19097682723596088,0.20202786431732295,-0.08311074502827055,-0.046923652419950286,-0.029608993201002836,0.001633037399102719,0.0814560701353154,0.08271787781471023
2024-04-26,-0.1015763379090602,-0.05398522631170513,0.25545361922072973,0.2596532915459414,-0.053654632491544355,-0.014551347336558993,-0.021965588721182372,0.022055818857229254,0.10533910533910536,0.09405729916196065
2024-04-29,-0.09106844088398502,-0.062411462912270614,0.2213332764074161,0.23015311649091344,-0.01777380446376119,0.03616012019666857,0.0019935227185140262,0.05187340278446667,0.10064935064935067,0.09996488160356684
2024-04-30,-0.03502632341691732,-0.045498672347243876,0.08799456830801938,0.08504592876204166,-0.022603612943704294,0.036871719470999625,-0.03932676635614033,0.019971967320297882,0.0896825396825397,0.08490339594214315
2024-05-02,0.03502632341691732,0.08667292415570685,0.11452164461417938,0.11063184523285116,0.09140135410441115,0.13762749500656815,0.0749292706295408,0.11788766037861702,0.13290043290043294,0.12402991403063145
2024-05-03,0.0770579115172181,0.14559562546353963,0.1187881372566684,0.11923637535252563,0.039984169511511465,0.060211337994858005,0.06662140414197787,0.08806125827650287,0.09054834054834057,0.08604107342678875
2024-05-06,0.05954474980875943,0.06230104049806445,0.08083880796295015,0.07415423334118197,0.09409903065202904,0.13483018277455813,0.09697135522643775,0.13533192393315904,0.11565656565656568,0.10374143238577853
2024-05-07,0.12959739664259406,0.13956197383134022,0.09857843526593088,0.06865637151716503,0.06212907271075831,0.13549189333021097,0.053919467660341086,0.10634789902979291,0.1523809523809524,0.13454811160900257
2024-05-08,0.15061319069274445,0.15051019915592467,0.051647016198551485,0.03388166260754461,0.09481156355418952,0.14718886990026558,0.10562058610543724,0.14387632254899066,0.13434343434343438,0.1259584824625156
2024-05-09,0.10858160259244368,0.11295423917348237,0.037487481906732754,0.006977970262543588,0.12133793632593341,0.1883042225599469,0.09778845520263371,0.14157606313306642,0.1547619047619048,0.15204573139394426
2024-05-10,0.10858160259244368,0.10803629762038694,-0.02605692073063364,-0.06841883916971882,0.11456489060269742,0.1962406020337889,0.08570071560119705,0.1266648580074956,0.10721500721500724,0.09176599849473219
2024-05-13,0.10858160259244368,0.11078285615224515,0.04968238163573441,0.0007145602112454336,0.09732454298772839,0.1980569547289111,0.0955248335544246,0.13546892984637487,0.14062049062049062,0.11878490372247785
2024-05-14,0.1366026613259775,0.135178866059032,0.044666611901906655,-0.007609236876813195,0.11890857276451958,0.235928832293163,0.1227017594449012,0.17228782416755434,0.1343814080656186,0.09671366826793623
2024-05-15,0.12959739664259406,0.12803505355082948,0.018413284036005312,-0.053966724864829486,0.129634444440588,0.26285461419615347,0.09213566136147006,0.1323622176070592,0.12445887445887448,0.06509107646946896
2024-05-16,0.12959739664259406,0.13122705688546582,-0.04835555036172965,-0.11957597083484589,0.12134713462345371,0.2543504715351643,0.09638500978074406,0.1370217487996002,0.11652236652236654,0.05026351315863395
2024-05-17,0.3712790282193235,0.3803262555802682,-0.09617681113991321,-0.1257056269615194,0.10765697674819256,0.19380389842682483,0.07456520691546599,0.09864387137161461,0.09502572898799314,0.0241365673691921
2024-05-18,0.15061319069274445,0.14882510013070283,-0.13171501267223257,-0.1248445450419792,0.11880032896807043,0.1831040040981542,0.05539541467366771,0.07092709366183655,0.12399466361730511,0.07336388278699553
2024-05-21,0.22767110220996253,0.2350472755121635,-0.07853196981967073,-0.08558525929660872,0.11928205052635005,0.2152439648343556,0.0790813985714285,0.10653816789103517,0.11858204688393366,0.07252441597830689
2024-05-22,0.19264477879304523,0.21111943932682598,-0.18961471414741682,-0.1693859047530325,0.05812571315469228,0.136831474579585,0.0387620835153264,0.055028084943498805,0.08168037413320432,0.03730655992182788
2024-05-23,0.2767079549936468,0.30486555121904213,-0.16237203002116665,-0.16130521552426944,0.04948745948309932,0.12806472463006702,0.05186553904392332,0.0564831038501107,0.10057201400153674,0.03882002862496196
2024-05-24,0.2556921609434964,0.29128741044895795,-0.1663622689441821,-0.15059832996500078,0.08207586242948793,0.18596703245951166,0.04741087473512627,0.06648172226047003,0.08733885426449244,0.04284451334811074
2024-05-27,0.2767079549936468,0.28540232260653803,-0.2607202319526981,-0.20079652206626827,0.11888034678513011,0.19784524790138897,0.05577430510077284,0.07671736477374042,0.14129599590198924,0.13066321445012194
2024-05-28,0.3012263813854889,0.32526492991828154,-0.24445966780342834,-0.1965049853918476,0.08488763041844036,0.18220824723093998,0.06457219938151791,0.09154874883122159,0.1413813711260992,0.13610315121350075
2024-05-29,0.3117342784105641,0.3462328924576152,-0.2563105874376419,-0.2622269639884237,0.17340674545917018,0.27771878671585015,0.13741041371619267,0.1670137021625513,0.20310765815760265,0.19362401493636602
2024-05-30,0.3012263813854889,0.31050983586608205,-0.25090300942042965,-0.22993834201137803,0.14786568112110837,0.23590554096248673,0.1276919611021247,0.15068029747338085,0.26568769743020576,0.2620490206492834
2024-05-31,0.2837132196770302,0.28926391540555535,-0.1412473035332969,-0.043127883576164816,0.08273120441701472,0.12492709269157654,0.10401110400279402,0.10351918861949966,0.272005464014343,0.27177958495458243
2024-06-03,0.28021058733533855,0.26838162878694377,-0.1912309443963122,-0.028140358816053247,0.14878197871542498,0.13005057185930222,0.13458616805878476,0.10975503730118959,0.09200129011449766,0.10491197568819009
2024-06-04,0.3012263813854889,0.3886954298177213,-0.10256694451032947,-0.07046396090791385,0.09042129588791935,0.13784475450370698,0.1453345187995377,0.14753726866266223,0.1123076923076923,0.10174693159923326
2024-06-05,0.3082316460688724,0.36285757368687416,-0.0892742640289676,-0.00017668660830230215,0.09017087893364037,0.11100547487545841,0.12460953143786103,0.12401802060794001,0.0867412276957227,0.08950083242083104
2024-06-06,0.2556921609434964,0.3323518005034103,-0.21698974550975617,-0.1419497090885647,0.18018318003253844,0.21164990305198797,0.1427381582629148,0.14263161410093533,0.0881447963800905,0.09366655725839167
2024-06-07,0.37689169079829965,0.46589941966776016,-0.21952675553743117,-0.13116250741228835,0.14794103125383606,0.17516325440188452,0.15503878563299334,0.15529984919785023,0.07222743959702894,0.08097051530098193
2024-06-10,0.2861075608979793,0.38055255913934094,-0.19298510260804685,-0.151538147927135,0.0978340859725815,0.12846461212893995,0.12295769975178343,0.12153572231616606,0.05822590284299496,0.056073681238393784
2024-06-11,0.26960135546155745,0.4091572514177137,-0.1108897706531386,-0.09629788836245572,0.07123420125135227,0.1024781228916808,0.12416864033257077,0.1225229008397524,0.10030640219319464,0.10287848813438417
2024-06-12,0.28060549241917204,0.35975527172477556,-0.14919714596967737,-0.09221322874936272,0.11056483769238855,0.12789449025306285,0.14056519887233307,0.1450973111564836,0.13565847150752808,0.14007106708716924
2024-06-13,0.37964272503770335,0.4395061989020006,0.10924557521585024,0.17972471598251755,0.11180112088134592,0.13198360961084124,0.2546560427196111,0.2563811949990051,0.2200495521250238,0.22598670004882232
2024-06-14,0.43466340982577634,0.469775301990955,0.10853944922648975,0.20192148332832466,0.1339334129323013,0.1418243892839863,0.2592100066412749,0.26315889554721766,0.25084810367829236,0.2627970990082594
2024-06-18,0.3246220402496304,0.3411870631423001,0.07142926861879415,0.16585038702840957,0.1771579599372303,0.18105900529507832,0.22084136539026253,0.2238479218737956,0.25427793621986006,0.2648148446661599
2024-06-19,0.18431929404004438,0.24414837811167733,0.12481712402974854,0.19206040570357286,0.1951894886281611,0.206408763379522,0.23756866031429547,0.23721171879763556,0.27001753360607833,0.27654427920442803
2024-06-20,0.187070328279448,0.1852059241136793,0.2216516479820313,0.30093295085105254,0.17652301306313462,0.17374762757583928,0.22364734697601002,0.2250444873361277,0.23571933925989727,0.2437365577831338
2024-06-21,0.2751034239403647,0.27600089743562706,0.25187512551759494,0.31782001968349494,0.19189624194685165,0.20926150872647742,0.2691806979867128,0.26926651081870384,0.27074504442925496,0.27317665443745254
2024-06-24,0.23933997882811733,0.24919869520963947,0.22150433064007144,0.29887398012598804,0.18574124509572823,0.20374138630092611,0.26434350082610814,0.2631238730705975,0.26943308007013445,0.27068436014723174
2024-06-25,0.3878958277559143,0.38493822488036306,0.20267443781600683,0.2922956975889903,0.11271200991578738,0.11591907809341229,0.2164855164958509,0.21539030507950052,0.20778861238426286,0.20990488175782138
2024-06-26,0.39889996471352884,0.4007969119382372,0.18769151234309522,0.2852051092547503,0.12213250268128516,0.10898583998476344,0.22552087250387598,0.22614204835187712,0.20187025131502048,0.20700000304636745
2024-06-27,0.40440203319233614,0.41039976244851584,0.13257870702140181,0.22561389968788467,0.12639726263875511,0.12962864738075686,0.2055584970612384,0.20447339065047745,0.1718293395675044,0.17483377615878276
2024-06-28,0.35213238264366686,0.3496736798282417,0.047433370729495494,0.12092185201886724,0.08367525963182408,0.10606994118379712,0.1713151077732217,0.17131696651066253,0.13162508843704823,0.13340414729685346
2024-07-01,0.3438792799254559,0.3351772752559687,0.07521103770678267,0.14699301963706524,0.07738963472992455,0.08009008115533858,0.17619796978631366,0.17692266408750182,0.15081977298594237,0.16141796148921658
2024-07-02,0.38239375927710695,0.37685420023463234,0.10786846197420145,0.17942168583875548,0.08290029820378118,0.0870566426246178,0.20489383722497873,0.20438785309279917,0.15457257990095052,0.16683229947026737
2024-07-03,0.38514479351651065,0.37347754016422996,0.13260893490406417,0.2085542313041379,0.09931138125958529,0.09483266210801677,0.21878422043276308,0.2196781045135142,0.15168107293364916,0.17551497111559478
2024-07-04,0.3328751429678413,0.3245039083665441,0.13533038692634905,0.1951565207400566,0.09293408619516627,0.09152884438732642,0.21309244149745446,0.21346931451568993,0.18238026392691256,0.2024051464024249
2024-07-05,0.3411282456860522,0.33486114661689426,0.12023869843913282,0.17094847255806095,0.13054734800542553,0.13285847619425256,0.24253312571476873,0.24307546965766672,0.19290042757390263,0.2062957540709116
2024-07-08,0.3328751429678413,0.32285226839060815,0.16056120362661652,0.21883170605173846,0.0870912006608786,0.08264636034355201,0.20681593609960167,0.21424859585951447,0.21127995324371715,0.2313369890520858
2024-07-09,0.3053648005738049,0.2952702852881936,0.1920730794773356,0.2185066206543576,0.14615122994514046,0.15075454178356515,0.25454013916188817,0.2575641204020799,0.22944415392660497,0.2387624745228691
2024-07-10,0.2943606636161903,0.2833284893071993,0.2276112034651058,0.2431894015824603,0.15689071653740166,0.16488228015876175,0.27327399688433057,0.27522377428359185,0.21525423728813564,0.22450348135082943
2024-07-11,0.2310868761099064,0.21144783046106322,0.2114653841060047,0.22716335144555672,0.14784052454927893,0.16315880970695115,0.2612082961949604,0.2617152421350986,0.21437755698421979,0.22075951334819516
2024-07-12,0.2310868761099064,0.2190048764754451,0.1672886283595753,0.1819518882151566,0.20526764341254064,0.24014061413599788,0.3121029171077954,0.31112629372017975,0.23348918760958506,0.23562315736510028
2024-07-15,0.24209101306752098,0.23052401639190903,0.21941138862513446,0.2298558169845515,0.2116556794593183,0.22849916690921165,0.33233116998220363,0.33233708553551317,0.21005260081823499,0.21554974393579143
2024-07-16,0.2503441157857319,0.2221921311609453,0.21817751159903304,0.2232471147150942,0.24061151873079403,0.25609758186605047,0.3402547597802008,0.34028367156100314,0.20557384109015966,0.2165126124807981
2024-07-18,0.22008273915229176,0.19961805448479025,0.2613171559379327,0.2614550759751079,0.20719826996498297,0.20720263557317511,0.3015176829556209,0.3064143831677705,0.14169043297899925,0.1638389702994289
2024-07-19,0.2613482527433465,0.23603329439994716,0.26156508492838615,0.26087898917044344,0.19386475349690782,0.19520876095620276,0.3107143383826649,0.31351639474191556,0.13002333419756287,0.14635158545369972
2024-07-22,0.2255848076310991,0.14087387997843356,0.22242006010667018,0.22147235753888117,0.2752994859923694,0.28023750706562806,0.38306965119302167,0.3819716786928662,0.21490088858509912,0.22294932065249098
2024-07-23,0.28060549241917204,0.26726621312964743,0.2504395325615796,0.253858101260721,0.32528473064234725,0.3299533931910146,0.4225340683746865,0.422997031066475,0.21537935748462067,0.22250914774331543
2024-07-24,0.14305378044898964,0.1346780134267853,0.2439400379938793,0.25779340482290075,0.31173816135571397,0.3113726858819486,0.3660078724928877,0.3691202576687646,0.21500721500721506,0.22547785523386216
2024-07-25,0.046767582069862,0.04195082292225522,0.29164849037485024,0.3116866613865242,0.34182091438414297,0.3441135588477766,0.401596003562303,0.4024017389073613,0.19878025538402894,0.20438760835231892
2024-07-26,0.11279240381554954,0.09899749810497471,0.2644538642504589,0.2769329239230829,0.3573358738189083,0.3598929439236234,0.40241183145140197,0.4030680966773234,0.2179912330855727,0.22152776488524528
2024-07-29,0.041265513591054716,0.04763946076072529,0.25390900922263365,0.2727477868626431,0.3002578448117655,0.30413588629786237,0.36780267408248635,0.36685396855837743,0.20483405483405487,0.20791113816765944
2024-07-30,0.08253102718210943,0.09578719005832767,0.26865410570304327,0.28672389782061086,0.2720230429888846,0.2748189978345238,0.36269809058195707,0.3647574139210946,0.21024531024531032,0.2124237677988065
2024-07-31,0.008253102718210942,0.02293747056185161,0.29493590899773436,0.291956768337551,0.2491590019953786,0.250887221223627,0.32856626171974773,0.3310888734515968,0.22539682539682543,0.2276360204345863
2024-08-01,-0.041265513591054716,-0.038771782267632185,0.2519359073120833,0.23768343648192122,0.2064132807651511,0.2152938106496383,0.2871367898040456,0.2854265500518697,0.19466089466089473,0.18317814103656757
2024-08-02,-0.08803309566091672,-0.05089097675892076,0.27067949779044403,0.25087547946279143,0.21485473537975985,0.2184450758507703,0.2777300111580322,0.27674611484248507,0.23023088023088029,0.221033963464476
2024-08-05,-0.024759308154632828,0.013619716233779146,0.3206256448001838,0.2884524414376818,0.2330905669525037,0.24599801318463915,0.2825716374208468,0.2799756777154053,0.29216695254431096,0.2768121455384844
2024-08-06,-0.02751034239403647,0.01750291718863491,0.23385363728228378,0.1602800419551479,0.21558510967177943,0.24085169084832836,0.24157141735701793,0.23979523533062544,0.29887554793215165,0.2752784968120735
2024-08-07,-0.02751034239403647,0.023994103490422063,0.18523669689991426,0.09825070733521282,0.268681687883486,0.28061447496291786,0.26515861383670425,0.26439512083549804,0.3229655040975795,0.3112428269807604
2024-08-08,-0.08528206142151305,-0.045120743136679915,0.14187269743693792,0.09903166547355152,0.2900262658932562,0.30843401759723127,0.261748676944401,0.2612576685264457,0.3198399085191537,0.30666099910980893
2024-08-09,-0.06327378750628389,-0.026767256748698554,0.208266961075365,0.15614311415846657,0.28472627959517227,0.3195651892891987,0.2709870143089941,0.2755175035092285,0.30555555555555564,0.2867177737061092
2024-08-12,0.030261376633440123,0.11164772297831115,0.1900713516696925,0.13699769231233205,0.28861891800857314,0.31572417193851243,0.2896970031341317,0.2902671266067594,0.33838383838383845,0.3195965535892865
2024-08-13,0.03851447935165106,0.10100483317499306,-0.010321901849378106,-0.11196929395530457,0.18766791129603225,0.2208514952599299,0.15729689856119752,0.15890602012398156,0.17537640556508477,0.15400936085406056
2024-08-14,0.02200827391522918,0.02644461991767363,-0.01341847240419154,-0.06027295566084438,0.19181918764317898,0.21378066947065413,0.17640455378411216,0.17660694252926468,0.16884373488147075,0.14345404695596453
2024-08-16,-0.013755171197018235,-0.05710190591462328,0.007569394689543945,-0.0217763937312874,0.17436823392389164,0.18622418979480823,0.19068758925408208,0.1880365692263626,0.17392356071601356,0.14708221918031497
2024-08-19,-0.05502068478807294,-0.11240473863130525,0.04610449492722221,0.052421914317801424,0.21827490211797726,0.22803254330239187,0.22747799649309555,0.22382161267589215,0.18972746331236895,0.15487846819481438
2024-08-20,0.1349867381060576,0.06376556481203487,0.0,0.003745021356737284,0.1585656846088504,0.16033707131461827,0.1972089706518488,0.19006814811487197,0.20722464118690534,0.1461411091746311
2024-08-21,0.005509662779839086,-0.08480095421997047,0.02064380369875621,0.01568162387639206,0.13836943541323457,0.14841547358099116,0.16788284117724295,0.16309404029094152,0.18198677632639895,0.11384503575123518
2024-08-22,0.05509662779839086,-0.030852085607312913,0.06984486918079187,0.12791356585628483,0.1590649987896989,0.1734588263392784,0.21846853169772393,0.22439850450258586,0.23383325270117722,0.1592118785765026
2024-08-23,0.0385676394588736,-0.03937026163823219,0.10253089170382253,0.11498688337933817,0.14155579886001257,0.16515935195540415,0.22865745024778897,0.24586171756943387,0.2440735365263667,0.19013745801350446
2024-08-26,0.022038651119356344,-0.11313870914079584,0.16300140979787256,0.15953622438678877,0.1105424067546925,0.1341026052325075,0.23396438504488118,0.25003169471569114,0.28366392517335914,0.22450523780817247
2024-08-27,0.13774156949597716,0.059848024120008246,0.03954675554167794,0.03756003832752137,0.11759029500736294,0.1507619091027704,0.23486491381900645,0.2528153081684234,0.2815674891146589,0.21928281496631277
2024-08-28,0.20661235424396576,0.1413992562669216,-0.008941005600727185,0.016673736864353587,0.09433618617447594,0.12232877443128799,0.19579527708117972,0.22402419576795046,0.267134333172069,0.21966069666597773
2024-08-29,0.18181887173468986,0.14132581572306402,0.011004314585510383,0.0670508724601877,0.09647944352047609,0.12230952272069298,0.19351382205040157,0.23006510310106076,0.31430414449282373,0.26924001648159707
2024-08-30,0.10468359281694264,0.060307135328484265,0.008956509350191032,0.020946504918920816,0.10122085708604109,0.11099696977723739,0.18386875022352236,0.19463519624508568,0.3199483954200935,0.25255676737925037
2024-09-02,0.16804471478509211,0.16045916643274158,0.0739736299205431,0.054693036512310354,0.03221459646266345,0.04704217527817756,0.13332374303506322,0.1379596132989019,0.26919191919191926,0.21694473196056874
2024-09-03,0.18181887173468986,0.16476090593908524,0.1802892189691376,0.17085670299868908,0.004834344008745688,0.0032671490873427264,0.12227642580417677,0.12700965624170263,0.2692640692640694,0.22369951046427475
2024-09-04,0.09917393003710355,0.08405208069680585,0.17653508782454705,0.17661511232984436,-0.003641344440616401,0.004142508653889545,0.10398099393556733,0.11763377991814722,0.2630591630591631,0.22340452816949288
2024-09-05,0.18181887173468986,0.17288267753138345,0.24708029835872275,0.2470800929015342,-0.007528751749180192,-0.000619440140561578,0.11291484767230132,0.11984313186028235,0.2564935064935065,0.20701515730061934
2024-09-06,0.07989011030766675,0.05191894693570739,0.19098825290959767,0.20315743997907634,0.030739925571864935,0.04912366283365076,0.1115754114787762,0.12387488422173702,0.2617604617604618,0.2115889617369791
2024-09-09,0.09090943586734493,0.08864211076018907,0.20096781927784693,0.2252490922272881,0.058270455683390905,0.06082618560807847,0.15666122533172813,0.16753912719477568,0.23203463203463207,0.201537747170592
2024-09-10,0.09917393003710355,0.09404797719856312,0.08909777504412027,0.08960375802927288,0.03297096772078976,0.026816446090449975,0.08455591694580376,0.08813563931516653,0.21578044596912518,0.16545697198911527
2024-09-11,0.14876089505565535,0.12135487598238844,0.14216905843996583,0.14596072641225194,0.056624521041438954,0.06666197536054949,0.11251722334219476,0.12568638548890226,0.23346674290070513,0.19885278426990094
2024-09-12,0.14325123227581624,0.14429646161364265,0.11156590962046364,0.10272231441643508,0.0704147460695361,0.10541910529029262,0.14533949504207375,0.1726844058121631,0.27089765580331615,0.24790241694101015
2024-09-13,0.13774156949597716,0.1737331518061336,0.12825170617487178,0.2122633683440653,0.13061174563629124,0.18220906076197904,0.16957109958413152,0.22726481596523568,0.2705164856108252,0.2690430006155366
2024-09-16,0.17079954617501167,0.17421104535038323,0.1153497495093751,0.1865202785513904,0.1664964221009943,0.21634554229713462,0.19116146550525695,0.2468519323718454,0.2887364208118925,0.2896642771801112
2024-09-17,0.07438044752782767,0.07444661833964657,0.06851310625221274,0.13425245601545702,0.2388538088319052,0.2886686174854662,0.22081037406333337,0.2672155544911565,0.33017591345644837,0.3376308723008924
2024-09-18,0.12396741254637945,0.12104241593442633,0.06967434534123329,0.11082958737767798,0.1582238798676617,0.22074834173731564,0.16656460849149993,0.20466901962626174,0.26442280208351215,0.2742321011981457
2024-09-19,0.1652898833951726,0.1667711707261746,0.08244797532045939,0.11500225801475707,0.15354771906909373,0.21528505689679406,0.1776337639639969,0.21905036211819173,0.27864072123835576,0.29376768062562053
2024-09-20,0.21763167980364392,0.2192393102890931,0.11651098859839565,0.1279188746688917,0.170605571869853,0.21182019820763878,0.16812557056751187,0.18643284133331056,0.25756160785329274,0.26343669322660374
2024-09-23,0.21763167980364392,0.21650656960163756,0.07625470017901642,0.07968877796216976,0.1538251467667913,0.17889759941967245,0.16140225733848618,0.1757100229207122,0.28744044215742326,0.2849333538993928
2024-09-24,0.1542705578354944,0.1669099872339615,0.06735186716319218,0.06968521893239274,0.14564089043750145,0.17122120424934748,0.14404531149607108,0.15308577144210697,0.24589289117590998,0.24417714492983367
2024-09-25,0.16804471478509211,0.18976895920755085,0.08710990058691725,0.08610855389111993,0.17501163319041685,0.20317965062904877,0.18547337860788363,0.19052463678800208,0.23468648751667617,0.22918281236252874
2024-09-26,0.2093671856338853,0.23036437397167997,0.08943283126923504,0.08956561170815333,0.1926514476521672,0.21145834754765444,0.1998622349400496,0.20479543482112053,0.259996188298075,0.25442317002963094
2024-09-27,0.13774156949597716,0.16029052935779037,0.0410304478120596,0.04088425112498751,0.1767677628878808,0.19271917197026436,0.17868714494767773,0.1850391629773004,0.28744044215742326,0.2836761882202279
2024-09-30,0.08815460447742537,0.25530477984739913,0.053804077791285695,0.05467917689906871,0.20850395912389766,0.21852407837424606,0.18825317666039873,0.19040241157358975,0.2653604257377842,0.2647754685853514
2024-10-01,0.08815460447742537,0.26827164917593493,0.01355571282869373,0.018424065308574152,0.19922910218641093,0.21585757473423572,0.17537367437092627,0.17902188467934943,0.2817382395628788,0.2826930588323201
2024-10-03,0.10468359281694264,0.15029355622653623,0.04415289321345958,0.04723594606609118,0.21585675871839072,0.23087264142528166,0.19780283351942743,0.20240946554250852,0.2808844873217793,0.28240020462258575
2024-10-04,0.1542705578354944,0.19286921541105656,0.005034979050657671,0.008367541784357498,0.2022730211225646,0.21838085431150192,0.1951431052698239,0.2009737840181771,0.2958314657778308,0.2970311954754603
2024-10-07,0.11019325559678173,0.17093818191102347,-0.010069958101315342,-0.00977041651615931,0.17980461568063322,0.2102728648348018,0.16045099766629967,0.17776227418374008,0.28498249807905746,0.2852409963116808
2024-10-08,0.17630920895485075,0.18716095521263248,-0.06041974860789206,-0.06342700022084699,0.1939228481393111,0.22406102194116312,0.16507661201343624,0.1831177178672497,0.3121318193460258,0.31032397025663305
2024-10-09,0.10192876142702309,0.12880621180474142,-0.08985501075019844,-0.08944790586458978,0.14978917204578443,0.15485723742571367,0.11974559141149788,0.12239234020747604,0.2466115985279262,0.23930344235708145
2024-10-10,0.002754831389919543,0.06589641951437146,-0.1371063526102166,-0.13849426679216556,0.15852295756515597,0.16533600048542,0.10153223491964763,0.10711762665446131,0.21796294715273626,0.20777874116935946
2024-10-11,0.05234179640847132,0.10726180179797601,-0.08210888913380202,-0.08752080766946452,0.15415863682348913,0.15816150540324975,0.10488883788620515,0.10760001364614226,0.22479296508153335,0.20939949836120758
2024-10-14,0.049586965018551775,0.10436283418181445,-0.009297159135038636,-0.024627971781185372,0.1799062820393542,0.18481108793881004,0.12056204544597225,0.1253153034989726,0.260479808759498,0.25267492547247045
2024-10-15,0.13223190671613808,0.20508473465332158,-0.053846046657098766,-0.06896831811321333,0.11947240128123,0.12271970362480475,0.06580126654603169,0.06580883330883683,0.21027917698283957,0.20863236933651044
2024-10-16,0.02754831389919543,0.12851995063223703,-0.03370220186451506,-0.04246087663252323,0.1520402703912648,0.151862522717677,0.06059729994748787,0.05924120780057537,0.19644839067702552,0.19852357901617498
2024-10-17,0.049586965018551775,0.16079517806851165,-0.029423788642692048,-0.03174973014154383,0.12535543810208563,0.12494028244752069,0.04244123870367949,0.040532468362536975,0.1817638521301118,0.1862686074990794
2024-10-18,0.08815460447742537,0.22967190894851724,-0.03602649164827472,-0.03427192239498934,0.12670988085508056,0.12485819395362717,0.06701552541902524,0.060106883539443795,0.158114915051652,0.16047523164486177
2024-10-21,0.08815460447742537,0.17071584571382767,-0.02713259819138935,-0.01786466544558696,0.1945127024558862,0.18941186146763703,0.16253110245361563,0.15069368524282176,0.19200887902330743,0.19559533567812398
2024-10-22,0.049586965018551775,0.1664037636707022,-0.03062107510171084,-0.03056586735914444,0.24680974453338797,0.23998764479749635,0.17804377553260908,0.16246163298858526,0.1453940066592675,0.14349076057808072
2024-10-23,0.11294808698670128,0.20971053805782017,-0.03759802892235381,-0.03930684197243672,0.3085209809491996,0.303283572198061,0.2345968162831423,0.22470182318424595,0.15469990608725348,0.15993744339556154
2024-10-24,-0.04407730223871269,0.08707361296509414,-0.10381827700793145,-0.0997949345025069,0.2133838044555937,0.20335555316986978,0.12521327373594127,0.10509405994339005,0.1453940066592675,0.14705588645060638
2024-10-25,0.02754831389919543,0.0882766077895625,-0.02634195088260947,-0.02552774985582551,0.208267193339333,0.2084154653555726,0.12514457887445637,0.11544385168384731,0.15085802100230514,0.1509152470885403
2024-10-28,0.09641909864718401,0.11719870198439147,-0.09142206482787991,-0.09487462922030103,0.31350589548678237,0.30955892830108567,0.17230610470082597,0.15572194624356234,0.20413216084692223,0.20746563320952893
2024-10-29,0.11845774976654036,0.15787302779310827,-0.11466496266547652,-0.11584257993143263,0.3854780660460047,0.38363411231174244,0.22095007025336125,0.20769319890168073,0.2165115683428669,0.2220209342909401
2024-10-30,0.17079954617501167,0.1793707582477065,-0.14216905843996583,-0.16047937303622073,0.3215255627303531,0.3094328156467517,0.18121892106843024,0.17927213423342192,0.17467770852898487,0.1547263271859293
2024-10-31,0.00826449416975863,0.0493206681051722,-0.2595456925198286,-0.2612778918546294,0.26284074039255,0.26282061729298745,0.11264022279556546,0.1126633132414158,0.08503372321352343,0.0885378739405929
2024-11-01,-0.00826449416975863,0.011112296757007816,-0.24095137424975133,-0.24811714976168056,0.3062491877096896,0.3030509060037913,0.15813361863738437,0.15820712666004497,0.10142576624263637,0.0903730579607018
2024-11-04,0.06336112196814948,0.06750266345052626,-0.24012977010828893,-0.24323320125181833,0.20875864639470829,0.20263467828173776,0.11153190140823196,0.11187845423098929,0.05771365149833518,0.046095268696454236
2024-11-05,0.20385752285404618,0.21706259175665843,-0.25018339125208916,-0.25121649079016495,0.16280701704605333,0.1581667814953994,0.10134071555937608,0.10085857118283413,0.06103854217061764,0.044419559004321006
2024-11-06,0.12947707532621852,0.1301093512665417,-0.21498517620696767,-0.21549808362677336,0.2660418366906985,0.26913068339494906,0.1487814147553561,0.15101607879207726,0.06716658603451056,0.06372174383938482
2024-11-07,0.06611595335806904,0.09133549748154275,-0.2781349149643916,-0.2782897740708477,0.1845559017060185,0.18603088053283845,0.1101878137887419,0.11361592512723719,0.004040404040404041,0.005617497398019674
2024-11-08,-0.013774156949597716,0.033543432786678484,-0.3367986067062607,-0.3355848292914149,0.20561021773407825,0.20791750446528798,0.09513975701476193,0.09700684830085465,0.010245310245310247,0.0036593150651177474
2024-11-11,0.06336112196814948,0.06425680367836353,-0.26191612960046295,-0.2572012735965401,0.28215008823864,0.2716432938527075,0.18609677166185806,0.18279222635222533,0.055555555555555566,0.03812175567438987
2024-11-12,0.0771352789177472,0.09700869467470136,-0.3088470829939584,-0.30256149481289196,0.19268001688056463,0.1875688901878021,0.1206838597508236,0.11697896908124336,-0.013708513708513712,-0.039702581675964944
2024-11-13,-0.013774156949597716,-0.015312712029505486,-0.3311610920577031,-0.31724981973311844,0.18779535732278396,0.17738770453268327,0.09100513896848815,0.08161520521353989,-0.03181818181818182,-0.09217977245196045
2024-11-14,0.030303145289114975,0.06034364398215267,-0.38893374363163263,-0.38699678165032947,0.10994068197606241,0.1226371130142854,0.022523171596950366,0.023767219964581757,-0.12496392496392497,-0.13132801129623772
2024-11-18,-0.05234179640847132,-0.012907349197994121,-0.3700840897154366,-0.37335382354096935,0.10938592446769504,0.1278470186182073,0.0007685103176497619,0.005847877256263913,-0.12070707070707073,-0.09724938477362043
2024-11-19,0.022038651119356344,0.0772379132923164,-0.4037906332025303,-0.4125363038990115,0.06797966247451152,0.09908061196111696,-0.064040362903303,-0.050617966253767785,-0.19141414141414145,-0.151555244196722
2024-11-21,-0.09090943586734493,-0.03237752763977356,-0.4223636265525615,-0.4283081873928342,0.11585010699000751,0.1521743776258675,-0.04972376264435004,-0.03526490822164354,-0.20822510822510829,-0.15495059657191282
2024-11-22,-0.04132247084879315,0.025189412970991205,-0.39450413652751465,-0.397647647641376,0.17342855533553136,0.20401130425397201,-0.0037473881152351187,0.009726309797473267,-0.20115440115440117,-0.14528705731690744
2024-11-25,0.04132247084879315,0.08358938966631191,-0.3793705863904522,-0.3825020514886077,0.19016241079642124,0.2024159358176084,0.04741773307243816,0.054887604622820906,-0.15822510822510824,-0.1162074361713616
2024-11-26,0.011019325559678172,0.024998617176934128,-0.45744594732484267,-0.47003859373953577,0.1473482356550067,0.1715698159077615,-0.02887341193164674,-0.019963414831532956,-0.22669552669552673,-0.16970472324365088
2024-11-27,0.04407730223871269,0.12118760691924776,-0.4247712368016396,-0.42936095849537387,0.17054929260869772,0.1948105391353216,0.03838578391578327,0.05363647937780958,-0.1835497835497836,-0.11766610010940898
2024-11-28,0.01652898833951726,0.08887801287445937,-0.40138302295345213,-0.4011887086611453,0.1776763985599877,0.21533804933930775,0.0679798300886525,0.09727731837314783,-0.20764790764790766,-0.1161926212734036
2024-11-29,-0.04132247084879315,0.04924202517776585,-0.4344016777979521,-0.4380151948199446,0.21046336825701317,0.23779112320030513,0.0761470181558404,0.0971674039424202,-0.21161616161616165,-0.14702502639247467
2024-12-02,-0.06060629057822995,0.024858904422974285,-0.40241485591734283,-0.41124094217494667,0.1932651739981279,0.24021818894204228,0.06591718034021864,0.09685441748884957,-0.13492063492063494,-0.03797396638873226
2024-12-03,-0.06887078474798858,0.02060338909312229,-0.4419684528664833,-0.45890764422218444,0.08470968762083905,0.10978415928277774,0.018267636326722344,0.030579679328621642,-0.18078902229845623,-0.10728848564933846
2024-12-04,0.12947707532621852,0.1915946833154134,-0.4749871077109833,-0.5010366802175344,0.0007765356995873357,0.0371035599284826,-0.017194316187130305,-0.005831131516099629,-0.20686106346483701,-0.12933601483153553
2024-12-05,-0.04683213362863223,0.007286703538241965,-0.4354335107618427,-0.451799756662685,0.02541389562285826,0.06955158304441643,0.0034694762632785183,0.03702861305105403,-0.21021536115875733,-0.11060123043692908
2024-12-06,0.022038651119356344,0.08120953342549142,-0.45331861546928015,-0.44907898067118185,0.006140388902546776,0.07232722733039512,0.016991963398878606,0.0654420022571341,-0.2127310844291976,-0.08009756087199126
2024-12-09,0.049586965018551775,0.12137620977475445,-0.42167573790996776,-0.43118870521941627,0.01857743268472221,0.10246305795776933,0.024745529230736495,0.06639738632533893,-0.19374880884314843,-0.03954510366771681
2024-12-10,0.0771352789177472,0.157888558436726,-0.4630005718134985,-0.4393138473067535,0.020904001717714265,0.07604269464275783,0.013189676233586968,0.03581472505952602,-0.14376713433317206,-0.031009322945098523
2024-12-11,0.09090943586734493,0.20891929130353915,-0.44097132924808163,-0.41240613084122457,0.001694799119116495,0.03324954590478352,0.006187917286432177,0.007764284934812335,-0.15328172875342685,-0.06324011055648449
2024-12-12,0.07162561613790812,0.14847406938152083,-0.4649329615122193,-0.44503625238097183,0.009463632958152612,0.0539610621898022,-0.004233838143348332,0.006669138007819246,-0.14949201741654572,-0.054308757185210645
2024-12-13,0.07989011030766675,0.1992982994757981,-0.34992004549152717,-0.2611606599358516,-0.015376482788361946,0.050057607670359584,-0.06139065307855081,0.03486788886925207,-0.196903725205612,-0.04890248051483059
2024-12-16,0.03581280806895406,0.15313226988259201,-0.3159185727952199,-0.21262837259575995,0.039362321678572176,0.0765085073596857,-0.040166092233968546,0.03204643163989056,-0.19134010643444607,-0.05464935069765947
2024-12-17,0.030303145289114975,0.3209001683082763,-0.34992004549152717,-0.24403683600828655,0.018645429250107853,0.08336797500270922,-0.06568233672407223,0.06382436080043842,-0.22496371552975325,-0.04018021512045015
2024-12-18,0.08815460447742537,0.379387495538876,-0.43043262233028556,-0.35283603232409744,0.010323917478673181,0.09316373961052504,-0.09946521604253154,0.04053754906409081,-0.22722141590066117,-0.04131881126727598
2024-12-19,0.10192876142702309,0.3735552722996164,-0.3565004003293103,-0.268977828275373,0.030581132236688766,0.0863315862672324,-0.0598854439382709,0.05373318595670474,-0.19948395420093532,-0.03944362335635
2024-12-20,0.20385752285404618,0.41322264393213337,-0.3723706678792579,-0.2841335859862102,0.13377156389920122,0.18681191795967547,0.007437164204809629,0.13671211474763253,-0.14787937429446862,0.01966438611084094
2024-12-23,0.12396741254637945,0.41339806222865305,-0.40333704358647265,-0.32241169660943475,0.09294621393387938,0.10192903303290261,-0.07757240252744262,0.016285997707472213,-0.1981132075471698,-0.060247353238121776
2024-12-24,0.01652898833951726,0.26743642704999204,-0.374693146057299,-0.2854264145915655,0.13867339148076466,0.12056418712149543,-0.06074423962785745,0.025777973375546607,-0.2077890662796323,-0.07968042410381175
2024-12-26,0.1873285345145289,0.37743217472240514,-0.31856659008797217,-0.24436394417121057,0.1381062077963885,0.0822072989582249,-0.023885134438120896,0.009944669499935478,-0.16069988711498145,-0.06308844280813941
2024-12-27,0.15151572644557487,0.3660414309946322,-0.38613061290835765,-0.2749501840414404,0.2034046827284493,0.1287986722190069,-0.0029861282108838622,0.034999045938624386,-0.12756007095629737,-0.01824611233998508
2024-12-30,0.12396741254637945,0.3089754974605019,-0.38260966507028754,-0.26309393317268176,0.11266030395010837,0.08891794073709443,-0.035176288899778044,-0.001719854941678963,-0.1264312207708434,-0.04265815809332843
2024-12-31,0.03305797667903452,0.18933303964395679,-0.35248600023346527,-0.20854237080481075,0.1566747114147397,0.11546350562201606,0.010585457307803577,0.026802619027620923,-0.16061925495887758,-0.0982818089572989
2025-01-01,0.030303145289114975,0.18345210702160017,-0.31186154770788194,-0.15583058953839235,0.25534236448448133,0.19089159592477176,0.09523292936646773,0.08451570940135886,-0.21036929527495565,-0.08813013752816207
2025-01-02,0.049586965018551775,0.17568553166560216,-0.25238481589910144,-0.14543196512725262,0.29411604723084184,0.20605403745412057,0.1454318460195985,0.10894196627037003,-0.18972746331236895,-0.08693472469567355
2025-01-03,0.0826449416975863,0.16752681743130887,-0.25512387591661106,-0.17133179989406105,0.3184411840607901,0.25012397457856694,0.171493719335706,0.14062106600173344,-0.18408321238509914,-0.08684496620479089
2025-01-06,0.11294808698670128,0.20203678424429589,-0.19838620412534022,-0.10188838577757144,0.23869806062681964,0.1873202251854342,0.12724262527944405,0.11975711035400188,-0.1861796484437994,-0.09202619205128355
2025-01-07,0.1212125811564599,0.20196682776984418,-0.2144292699421823,-0.10389661342134403,0.2461618167691854,0.17359587247152758,0.1277889382344662,0.09625888068464963,-0.16610224157393969,-0.08779990254755268
2025-01-08,0.005509662779839086,0.10467021534151581,-0.1803866668674198,-0.07155862524693442,0.2658715168040209,0.17855499717730616,0.12422630695010155,0.08003146069383921,-0.18513143041444927,-0.12916643860599847
2025-01-09,0.05785145918831041,0.08685460485730517,-0.21129891563645706,-0.11851212451846467,0.30474798270023673,0.23091111849042836,0.1338328370877949,0.09105076790105882,-0.1674729882277052,-0.11585656764455578
2025-01-10,0.06336112196814948,0.1074265843272466,-0.22186386141827988,-0.13858418509155718,0.30597620180274615,0.24322560222359346,0.12400239340647483,0.09204704607422484,-0.12014191259474277,-0.0652544511855201
2025-01-13,0.06336112196814948,0.08568614076168488,-0.32663164862654626,-0.24488857576883608,0.2641996882936684,0.23236734624204475,0.04032892774302517,0.05782064212423361,-0.14876632801161105,-0.08971155301551982
2025-01-14,0.06060629057822995,0.08759671088234199,-0.33436835007662247,-0.2807382631820573,0.2547998554611849,0.2212701888445213,0.037560724089062476,0.037161643078440915,-0.19029188840509595,-0.1525357716478823
2025-01-15,0.06060629057822995,0.10646303253760162,-0.2643239526207714,-0.19973080772872143,0.28562418395373274,0.24952760732421614,0.08125491901925798,0.09935654153575725,-0.17505241090146748,-0.11489114226754571
2025-01-16,0.049586965018551775,0.10148116109382908,-0.2716770347580989,-0.22505660905367011,0.28297084814524603,0.2539489387453529,0.09037370752642923,0.10434178746929175,-0.18118045476536043,-0.1283875605971152
2025-01-17,0.0385676394588736,0.06539869231304356,-0.2832871644486159,-0.26540548373199263,0.36029879391990144,0.34187221868960704,0.1422058184976118,0.14405665456201788,-0.12280277374616998,-0.0614329041680212
2025-01-20,0.13223190671613808,0.14600709257851494,-0.2805781341874953,-0.24994671811059463,0.42084854839707864,0.39689993832147796,0.2094834859016103,0.20628774816778725,-0.12264398172105057,-0.05505718018000193
2025-01-21,0.06887078474798858,0.08614824757721178,-0.2983030521822274,-0.2822447632974599,0.4305454784495376,0.38807408263121906,0.21219770572412402,0.19850822765395945,-0.14441219158200289,-0.08554929568979011
2025-01-22,0.13223190671613808,0.12393965695581598,-0.3498519080075803,-0.3215042458435986,0.44606118642387516,0.41205356410646693,0.23695782302185425,0.23231332303577265,-0.09035015221462009,-0.03957751073594175
2025-01-23,0.17079954617501167,0.1892392066264604,-0.3475298820694769,-0.3206030313931322,0.3425391358447844,0.3073169659274883,0.15357472653581342,0.15826613367733422,-0.15771649733913884,-0.08791244884420965
2025-01-24,0.2093671856338853,0.2413733731729792,-0.32663164862654626,-0.3094984495643078,0.3439881922654009,0.3153892858711246,0.18272623878386282,0.1954795855183978,-0.08974358974358973,-0.019784122955016827
2025-01-27,0.26721864482219565,0.25683048879722525,-0.40596753484507936,-0.3883420042983136,0.2104786735474829,0.22094528981921407,0.026551557545818727,0.06946484911833539,-0.13989679084018708,-0.08274457153058315
2025-01-28,0.4187343712677706,0.423007996453049,-0.3928093878624934,-0.3952868784616319,0.1335555705779866,0.14375777997532518,0.005918284609111639,0.015259848903763161,-0.10933720367682631,-0.11168980112408905
2025-01-29,0.319560441230667,0.32434498694972963,-0.4404109195936133,-0.4428800863588013,0.16884695521617604,0.16612169763840454,0.043089739590431345,0.04812976605803449,-0.11926918808161871,-0.11665167853290062
2025-01-30,0.34159909235002334,0.3439935385805786,-0.45240805360714753,-0.4516398271757827,0.1884633512659233,0.1908321308518861,0.0383458669705327,0.03858949814492284,-0.10996328865363271,-0.12760758608171396
2025-01-31,0.3333345981802647,0.3338744664614075,-0.4535690665761993,-0.45153402572553947,0.21427301207320518,0.21450370483218667,0.07055081827318697,0.06903137051185083,-0.029795953214377183,-0.033766223442290765
2025-02-03,-0.23140583675324164,-0.291856466925181,-0.32701865294956345,-0.3385044195153915,0.18459582813018618,0.1933771073060009,-0.06788874213069274,-0.07572013490857081,-0.10782890805088363,-0.1063849935348611
2025-02-04,-0.18181887173468986,-0.07421027570503733,-0.3366937610249944,-0.3442519712718432,0.275486889816919,0.2722593404410315,-0.006997253287750513,-0.016860339986333215,-0.049944506104328525,-0.05101745911745897
2025-02-05,-0.14876089505565535,-0.046614469055795284,-0.3154085232590464,-0.31492393347466957,0.20591557162847168,0.20467533910135408,-0.11351414037695898,-0.11667630445363321,-0.07128831213181933,-0.07114484703556939
2025-02-06,-0.17906404034477028,-0.11428063509854765,-0.3386287826400805,-0.3380791601619887,0.15164622212437984,0.14905233701695245,-0.1604695565695676,-0.16604216036772326,-0.08648510202339281,-0.08557657055623334
2025-02-07,-0.1652898833951726,-0.052481095316575986,-0.35217393394568375,-0.35505597123789867,0.12222726019398986,0.11573470930421562,-0.19046444356351536,-0.20088258491521616,-0.06850678733031675,-0.06871665370263057
2025-02-10,-0.13223190671613808,0.009011846821284133,-0.37694221061878674,-0.3777612033479936,0.07465767164445998,0.0704446535950519,-0.22211299703917445,-0.2184776041485389,-0.12592845556219584,-0.11898172783078556
2025-02-11,-0.08815460447742537,0.14966836263570837,-0.37326521814511876,-0.3728084871086267,0.11465404037481268,0.11700011534140796,-0.18030938637360408,-0.1644669866056226,-0.08144796380090498,-0.08373671027687403
2025-02-12,-0.0826449416975863,0.18004181649838608,-0.37983406773980505,-0.3809013537194688,0.12114131304317279,0.12102390543050902,-0.177186645236922,-0.1673274649701382,-0.06659267480577136,-0.07068742786130403
2025-02-13,-0.08815460447742537,0.194215495960345,-0.2025931326536698,-0.20690483088698494,0.12387468344192105,0.12454957246576284,-0.16493176476430202,-0.15008892521740072,-0.03799197472893366,-0.039162278585038915
2025-02-14,-0.01652898833951726,0.2617971448438662,-0.23506989437677717,-0.2406427242295968,0.050395486262605725,0.05165113492473611,-0.19869311581010243,-0.19778900771013852,-0.08392384530009392,-0.09126867818045764
2025-02-17,0.005509662779839086,0.21944213429653417,-0.18276857989921447,-0.1770082321061453,0.05336965526234026,0.05058212538730803,-0.1712683229431861,-0.16695075392103947,-0.12814821138905488,-0.12952587106584573
2025-02-18,0.09917393003710355,0.14218091165703162,-0.16422123986715886,-0.15184894875456337,0.01814265901269357,0.029409939392669057,-0.1637514823008451,-0.16440091045157898,-0.13412447707675232,-0.13545022874126553
2025-02-19,-0.0192838197294368,0.06952110291599954,-0.1939742645019147,-0.19484847453836082,0.06390388456698474,0.07267851441764299,-0.18346873352421667,-0.18369318553140415,-0.15905404251686162,-0.16195713302115539
2025-02-20,-0.09641909864718401,0.01332970863707015,-0.2426610320860606,-0.25271255672383974,0.03266915106605507,0.04380449210988946,-0.21914481564978916,-0.21851574478811814,-0.18902074617945872,-0.19005261315080604
2025-02-21,-0.1597802206153335,-0.14489810364868735,-0.316077586379614,-0.3188073466673376,-0.05270925530796385,-0.03740528484301231,-0.2896874739856052,-0.28970048708582313,-0.18552036199095023,-0.18658772677189492
2025-02-24,-0.09641909864718401,0.007218311095642277,-0.25502592544076436,-0.27225749310555886,-0.11597404036195398,-0.08886539832277066,-0.24957354179887653,-0.24802467868965936,-0.1562366601212328,-0.1542207445155527
2025-02-25,-0.04132247084879315,0.09569576540720612,-0.1897238324112353,-0.20256899560364605,-0.0836074202834962,-0.056658739425576615,-0.2514672304118557,-0.24971745188563782,-0.11807393494407922,-0.11693996097294182
2025-02-27,-0.0826449416975863,0.029244903435136433,-0.10587439934965065,-0.14209434988037728,-0.0685300428371159,-0.035442338229322114,-0.1338152405607825,-0.14401458120513827,-0.024673439767779394,-0.028491037674095974
2025-02-28,-0.0771352789177472,-0.06733755198779544,-0.08694065640026058,-0.1453070038802737,-0.08551669929324152,-0.05585113608096561,-0.14728077177056034,-0.16973621738129974,0.04191923503799197,0.03165071576862897
2025-03-03,0.03305797667903452,0.08733324319757299,-0.07959900097090523,-0.14216391099455453,-0.05018709388635641,-0.02857426180340846,-0.09320612909480183,-0.14295127582237332,0.00725689404934688,-0.011535934391815295
2025-03-04,0.13223190671613808,0.16580632366432563,-0.10587439934965065,-0.14320718998170037,0.06377755436351447,0.11593921390654513,0.008673026900881063,-0.004193209423827189,0.03636984547084436,0.032574230738470746
2025-03-05,0.03305797667903452,0.08699311450384907,-0.1267401568857132,-0.15494810197623785,0.07867592219625566,0.11935186122839246,-0.0196010407959912,-0.02364698554653115,0.04670024758814991,0.04085717486299871
2025-03-06,-0.10192876142702309,-0.0967052358511714,-0.19551987617125266,-0.22493293160546238,0.03479061901728851,0.06121733593126482,-0.07377449747690719,-0.07590777091154108,-0.003305918400258023,-0.0039025974115520046
2025-03-07,-0.12396741254637945,-0.09294061225365075,-0.20092951701393555,-0.22722376484796894,0.006280659416914154,0.019859244981085062,-0.09044025960009373,-0.09044155344096318,-0.03120464441219158,-0.030857288146696773
2025-03-10,-0.09366426725726446,-0.07234363505364654,-0.16113001652848294,-0.193149056997628,0.09326942586997031,0.116564109965753,0.024160491888060336,0.020079978647390997,0.037977745524915334,0.03866491887307435
2025-03-11,-0.09366426725726446,-0.1972098514581512,-0.22295448330200154,-0.27340345719898457,0.015950331584548845,0.045445162048199976,-0.05265729400485649,-0.05937775508679221,0.010804708917916465,0.010364135186972316
2025-03-12,-0.12672224393629897,-0.21660352815215758,-0.276933382342563,-0.30197160771785087,0.07725459317972688,0.09193404168836913,-0.016723680417407297,-0.02730221798533436,0.030156426382841474,0.025275620718982553
2025-03-13,-0.22865100536332209,-0.397304198552184,-0.15364071623784223,-0.2122314538937454,0.13093944122728737,0.15503576878111444,0.06623775304142385,0.052509299784591144,0.05063699403322045,0.043413949584245416
2025-03-17,-0.011019325559678172,-0.12266410217469217,-0.13155775347804868,-0.1765123541500352,-0.007484413307320247,0.009942540247063633,0.061247508954439624,0.03945865871778313,0.021343806027490822,0.007652707833321501
2025-03-18,0.013774156949597716,-0.031128040842243715,-0.19370068599139043,-0.21328522896463536,0.05242921589798955,0.05770459710903717,0.06471754231588296,0.053510747691866666,0.01894855668440574,0.0169258131549997
2025-03-19,-0.00826449416975863,-0.02526121166360197,-0.18692308801732446,-0.19152320819102034,0.08622517455477574,0.08629168454979254,0.057496541369563815,0.05560717380262087,0.02006317766584137,0.02258537917927794
2025-03-20,0.030303145289114975,0.04410556709738708,-0.10797420612180854,-0.12155710950329533,0.1703126666514333,0.16799196095206437,0.1609688805440026,0.14860548261318818,0.11892768718517885,0.11181729583763308
2025-03-21,-0.022038651119356344,-0.07247471373374978,-0.13042045685680817,-0.1404646795742782,0.06437054503687216,0.0676112236888065,0.04094822399803575,0.04146161792859679,0.06266541449671305,0.07079557460900436
2025-03-24,-0.1404964008858967,-0.11289338912968812,-0.15751075946801457,-0.15597591504251304,0.022697670890057874,0.03126942373201796,0.00988808470225897,0.021534659003657107,0.04729787415691967,0.06638427729724629
2025-03-25,-0.08815460447742537,-0.043718191250213034,-0.12461539201154963,-0.12543147441420005,0.0434615311164446,0.04997562921783133,0.02607846514881487,0.032793987544385554,0.07880133185349611,0.08881921535381623
2025-03-26,0.0826449416975863,0.12658031948174356,-0.14590062977749754,-0.1612756489569783,0.1270348228027977,0.13453613167537612,0.10139301618611771,0.1044234606398824,0.10313327072483566,0.10450049427652773
2025-03-27,0.2479348250927589,0.22987321391031337,-0.10939322197287174,-0.1336916115442196,0.12542364076302648,0.13226440299849962,0.13003649495395178,0.12379632072702237,0.11522335107240768,0.11094167395440738
2025-03-28,0.26446381343227615,0.19545589375550815,-0.07980889150222087,-0.10573030264409296,0.2046796300848925,0.2033699960052925,0.19189058910002305,0.17884881325202384,0.16174810514433158,0.15133033810374732
2025-04-01,0.07989011030766675,0.08203771602319927,-0.05091256871693401,-0.054644886260856014,0.1679956052204947,0.17726066085909936,0.19619849630236708,0.20715545035713628,0.15908724399290436,0.1613898161782406
2025-04-02,0.07989011030766675,0.0707679900526899,-0.015824176763371382,-0.03582058756671333,0.16614352591070136,0.17674666862100644,0.15302972442413493,0.15999818139057292,0.13522012578616352,0.137287842453477
2025-04-03,0.22865100536332209,0.07003805959020756,-0.006192069168275758,-0.024120209987829492,0.19167951180289777,0.18840463862452675,0.2086810156462751,0.19151272399338565,0.14957264957264957,0.143290884292474
2025-04-04,0.5206631326947936,0.4151389229553689,0.031992357369424754,-0.02307804134224325,0.23854077683865776,0.2038529348158057,0.29151038429237547,0.2253097758522169,0.19835510401548137,0.17279486025965182
2025-04-07,0.4958696501855178,0.3548040235370702,0.046784522604750176,-0.025308106593725052,0.22803328030830675,0.16658713264093591,0.26058333721933985,0.1516388903568727,0.22883405902273826,0.18457345085422952
2025-04-08,0.476585830456081,0.30273229429960746,0.043688488020612294,-0.028221451294481448,0.2525850415105196,0.19819415436582985,0.2840082788142629,0.18085985011101124,0.28189001773907435,0.24880787848602556
2025-04-09,0.47383099906616144,0.30512383754741856,0.06604873779494143,-0.004853959099580507,0.186602813602465,0.10273751981957942,0.2567164199992741,0.13325046323969786,0.2580903373356203,0.22764486649874802
2025-04-11,0.47383099906616144,0.3531268066115842,0.07541519501787974,0.003173701755977472,0.23002310709167603,0.1524548542236142,0.3110090598083036,0.20932373206614285,0.23056984943777392,0.20560195003221288
2025-04-15,0.4628116735064833,0.37284372753080103,0.0237527143952261,0.018002562626633523,0.17364627808362415,0.11577688864878916,0.24559881902312172,0.1718299747407516,0.15997712978845052,0.1493769910747862
2025-04-16,0.47383099906616144,0.41196344112942423,0.03270301257313738,0.026267182466618903,0.13123554208740873,0.07741911685427601,0.23396438504488118,0.16592477320446325,0.16470364017533826,0.15182269835033296
2025-04-17,0.4600568421165637,0.3246280858808083,0.035456950474033154,0.026880798951450933,0.11336777178356641,-0.021181611597858623,0.27511419163336365,0.14278735637479817,0.18078902229845623,0.1414771961360907
2025-04-21,0.4683213362863224,0.36810070112055604,0.05439027354269165,0.053501974238538516,0.13924288541499164,0.025152110410062975,0.3042768337002901,0.18758898091421422,0.16882027825424048,0.135314818586983
2025-04-22,0.5013793129653569,0.45699111069057574,0.06402905619582687,0.0622580690315009,0.20257657450898992,0.12410672804066072,0.35397103808431507,0.27024604134028085,0.23529635982466166,0.20132959068899048
2025-04-23,0.5344372896443913,0.48249911678683066,0.05301330459224375,0.05675503162147075,0.07648080816569881,0.024863540447056652,0.2703958094026564,0.1939471080830844,0.18406708595387838,0.15929532369972624
2025-04-24,0.5179083013048741,0.4100471239827332,-0.04612845984000431,-0.050917444902643376,0.10082202478670074,0.06546636204292104,0.2222619273339086,0.1547559656957421,0.1462550028587764,0.12332287493094751
2025-04-25,0.4848503246258396,0.38534800175756545,-0.02362567093000907,-0.03072181986332909,0.008692370702036973,-0.015675515448482773,0.18698591924152766,0.13471656612294644,0.13513949363005964,0.12326808394773664
2025-04-28,0.4297536968274488,0.3812924801472752,0.010844570262954984,0.007817577787143037,0.1324618785295864,0.08374093707248118,0.26722757586205387,0.2052891583199842,0.17077890662796325,0.1533242264476218
2025-04-29,0.38016673180889693,0.3605895631906231,0.054570264489639815,0.05410466198199998,0.10940259942715888,0.08758901823908162,0.25465585011973335,0.21565858515760616,0.17903563941299788,0.17050663811680666
2025-04-30,0.30303145289114974,0.2808076873643415,-0.0792838450522285,-0.08385973714558821,0.08214070469173729,0.035931030409332224,0.2033427905680642,0.14192554447571457,0.11909502262443437,0.1234255549358902
2025-05-02,0.2093671856338853,0.10770258401281362,-0.04292716472441103,-0.042700374609108235,0.1288727195737198,0.06669945618430835,0.19114880720705704,0.0999063228575434,0.09565610859728507,0.08027385201376315
2025-05-05,0.20661235424396576,0.15767142840901238,0.03153832510364891,0.031520668142691215,0.12975223047269985,0.06450864761611773,0.19269082727165093,0.11109205003180081,0.08787330316742081,0.06459595953439853
2025-05-06,0.2424251623129198,0.15747592250262407,0.056506165810704306,0.05541818087242151,0.07024948442790739,0.007655648900221941,0.14698988655318912,0.07615002615228694,0.10651583710407238,0.07872956691300503
2025-05-07,0.17079954617501167,0.11098436493467957,-0.025843905293267858,-0.025043345673009258,-0.004054822515739432,-0.028011547006180963,0.10392894669835602,0.06589170936072164,0.08751131221719456,0.08204722613436137
2025-05-08,0.1212125811564599,0.12813857869205986,0.07534155441427239,0.0697156332011774,-0.0360141321506717,-0.04894197898218016,0.07358292784043842,0.05984511181344613,0.05040838029299856,0.049056381393121774
2025-05-09,0.19559302868428755,0.16649580974995123,0.02243889064866882,0.02356918856025351,-0.08920609534626751,-0.11959651996685047,0.022017330177910813,0.001940032997004347,-0.007058823529411765,-0.006337561874853124
2025-05-12,-0.06336112196814948,-0.026767058786671984,0.0411025442359887,0.021770481015822737,-0.1611138141944936,-0.1486317638918388,-0.08222304606605166,-0.06274464908502993,-0.08579185520361991,-0.08927442793184956
2025-05-13,-0.09917393003710355,-0.02910605234587864,0.029539131259150975,0.017420826607459375,-0.248364497396148,-0.26357879679250135,-0.16876320219929636,-0.16205137569163958,-0.07342269273456842,-0.07369005965196253
2025-05-14,-0.25619931926251754,-0.22656346228805613,0.027595767360522622,0.00959441853224341,-0.26055751172812575,-0.24802205904108293,-0.20921155565994792,-0.18951147313609296,-0.1416374967984291,-0.1523881125860082
2025-05-15,-0.36914740624921877,-0.37253519901795973,0.027595767360522622,0.012067287465730521,-0.3215004468566427,-0.29716578592190507,-0.2838638824584534,-0.24876502770560566,-0.16964057030649704,-0.19217721899386436
2025-05-16,-0.4628116735064833,-0.4605647407367006,0.09254810747244453,0.08540227913734585,-0.39054860721086604,-0.4034393085666871,-0.3554553258111294,-0.3541163972817143,-0.21813369760095616,-0.22897831573265814
2025-05-19,-0.25344448787259793,-0.2518177157192829,0.12681402196641928,0.11528143854632945,-0.33648771941485256,-0.33404371618391615,-0.25298522830632175,-0.24516336388637042,-0.17134807478869632,-0.19139952560804313
2025-05-20,-0.22314134258348303,-0.22626543854236011,0.1308584284372357,0.12659832363094542,-0.31554739844955665,-0.3180490049110175,-0.2341852681324641,-0.23465436209766588,-0.17075044821992658,-0.1732599762096718
2025-05-21,-0.024793482509275887,-0.0028840959616155027,0.13967554497986487,0.14092296205793003,-0.283336136778703,-0.2834320146420892,-0.14733433659296755,-0.14770902861569687,-0.1304533424400239,-0.12874539401805515
2025-05-22,-0.0826449416975863,-0.10280893744854765,0.11212842360883594,0.11691678235833017,-0.2467665467955042,-0.2401589854827764,-0.13969271376307343,-0.13455756881805608,-0.06910175778100305,-0.05874454461320167
2025-05-23,-0.18457370312460938,-0.23593531777295365,0.08729721561241553,0.08256157030741229,-0.21600911187973215,-0.21396708603605946,-0.15060535871697076,-0.14803462505609535,-0.06103854217061764,-0.06332785703311714
2025-05-26,-0.23967033092300027,-0.23997919374758184,0.11833622560794106,0.11560227162900284,-0.23639188349532847,-0.23621947261071585,-0.13566872978838004,-0.13557050530033196,-0.04776062511911568,-0.05320985173097925
2025-05-27,-0.15702538922541395,-0.14751728824391608,0.09893684436073762,0.09510572815819947,-0.29882125438335727,-0.2952336179814915,-0.20034205633020816,-0.19786976199929537,-0.12437583380979605,-0.11607948321183836
2025-05-28,-0.1074384242068622,-0.09173266062714973,0.1257079904818784,0.12831749767076542,-0.27302144376607945,-0.24415604981145855,-0.18176562106674068,-0.15747942835878564,-0.10716013546202226,-0.06855478093701595
2025-05-29,-0.08539977308750583,-0.061290796617920036,0.11612390890205548,0.1158112984744853,-0.3205428717759349,-0.29068831967199743,-0.2135214940928137,-0.17897828809070296,-0.09256571520722463,-0.03940145610249052
2025-05-30,0.1983478600742071,0.21657479610458852,0.14192017608707294,0.1435113285634424,-0.2967134251937199,-0.27131364463652813,-0.16846915284191938,-0.13767592755626853,-0.11796484437993872,-0.03718223837504403
2025-06-02,0.18181887173468986,0.24496997376205462,0.19194122175710687,0.19336224083913905,-0.2172987113868557,-0.18143650290199345,-0.10456307186343639,-0.05779044546147703,-0.11030478955007257,-0.023706226084895313
2025-06-03,0.07989011030766675,0.0995707511637144,0.3196793358536032,0.3213508194352782,-0.1489741962700778,-0.10030639618987658,-0.005900900686615945,0.048891327559371846,-0.015239477503628448,0.06165198474787693
2025-06-04,0.11294808698670128,0.14099816097118636,0.294166837466254,0.2939356980232301,-0.1694883178744885,-0.13004495161932303,-0.10670291348896027,-0.056052511016432265,-0.02427027898726012,0.05147388388690956
2025-06-05,0.18181887173468986,0.2202245457997096,0.3405531981705253,0.33795885145143534,-0.13789003542878708,-0.09281015247084701,-0.06286507694444433,-0.0025634909907211426,-0.019674246089340427,0.037574115345417346
2025-06-06,0.22865100536332209,0.21777982458386574,0.27406608116106973,0.26163189112814045,-0.12904972759810365,-0.10745048089146923,-0.07865363812736366,-0.05507995079998194,-0.012739880664408966,0.015422589039266974
2025-06-09,0.23140583675324164,0.19661362973865093,0.267494680061298,0.2556725480535344,-0.058520781820395586,-0.0236697183738685,-0.0006362059376709801,0.0302258796525863,0.055958716336074826,0.08711202076823421
2025-06-10,0.19283819729436802,0.17412787093728202,0.2815715207560098,0.27844816135741485,0.0743154271197845,0.13994836005420852,0.12469114363327598,0.18609092713146153,0.11949685534591192,0.17653235711105317
2025-06-11,-0.05785145918831041,-0.05830019988800822,0.3449908491675871,0.3418590037404798,0.01746332765101254,0.05132523210966991,0.09172868633003821,0.12731530661945212,0.08717362302267963,0.13202411033436526
2025-06-12,0.03305797667903452,0.03753589792893352,0.31987953315874823,0.2882687256438454,0.08207104395505377,0.09091476795420587,0.1375078291286824,0.15233583863606015,0.11416047265103867,0.14054222968118274
2025-06-13,0.10192876142702309,0.10148275809386939,0.4225509341744246,0.4122799818249173,0.06949980194714707,0.09317685655105745,0.11889438758697438,0.14766778903315636,0.09273870783304743,0.12635787025885742
2025-06-16,-0.013774156949597716,-0.023063517540985137,0.4180068295625188,0.4213309496460579,-0.04618817876590903,-0.022254795461726255,-0.007820350471773405,0.03196706571551574,0.0706308366685725,0.09731864503919913
2025-06-17,-0.07989011030766675,-0.07988073569007957,0.43145897403328043,0.4485678124229755,-0.12276323468930697,-0.08704060691804785,-0.025959218927136724,0.018836302863854206,0.07825424051839144,0.10045739643047376
2025-06-18,-0.13223190671613808,-0.12120102983695812,0.4217763220127849,0.44282231097863606,-0.08785330451633967,-0.06278913066963196,-0.01107943189624881,0.020573227121488954,0.1010482180293501,0.11788247007941424
2025-06-19,-0.23140583675324164,-0.21810310159395155,0.5321585550464338,0.5480534618632997,-0.026574427777023544,-0.007282743598933343,0.06939241419950172,0.09088820199383395,0.12010672765389745,0.14142031432953753
2025-06-20,-0.18457370312460938,-0.18373614707308106,0.529834718561515,0.5494974396784919,-0.04304056642970536,-0.0038472299634742003,0.04615301413894871,0.08803612142606207,0.11095864303411472,0.14601856139531075
2025-06-23,-0.20110269146412663,-0.22199008858069574,0.4952724172820232,0.5031987212395318,-0.0810564206789412,-0.0460208991681211,0.07826206550242419,0.11931431927323896,0.07962645321135886,0.13056009777865185
2025-06-24,-0.11294808698670128,-0.1425387644684034,0.4666841498258065,0.4778823783066518,0.14920116443658268,0.17656198874027254,0.26126616654016116,0.2807504149745169,0.1897084048027444,0.2242296043853301
2025-06-25,-0.2809928017717934,-0.24293727562259826,0.4156525699588847,0.37094095877151495,0.0766788535762964,0.108420848577187,0.20744897056092165,0.23287915335389484,0.13586518303499434,0.16336935272881734
2025-06-26,-0.26721864482219565,-0.21473385456857852,0.362767227198606,0.3541126037582497,0.07356728422022879,0.09605579646684138,0.16772701993144018,0.2017927046608133,0.1353007579422674,0.1571142666882812
2025-06-27,-0.38016673180889693,-0.3336391751305113,0.2984208886884665,0.3105690531706485,0.07677482724025678,0.09947264970223152,0.10902674766143276,0.14961847825767088,0.08076996378883171,0.10961352425525397
2025-06-30,-0.29476695872139114,-0.2926121295459742,0.3271375931916479,0.3305827523293808,0.07726673462281225,0.08922414845082717,0.11243214163031834,0.13348950330100973,0.12872117400419283,0.14743027917540769
2025-07-01,-0.3057862842810693,-0.3130499452419783,0.24272255922206898,0.24307761263756456,0.05224732085542827,0.06560406745029197,0.10350111345992681,0.12584740952888873,0.008576329331046312,0.015976498385408423
2025-07-02,-0.34710875512986245,-0.3300079552949217,0.22560750696923076,0.22561444061714125,0.020338745586065306,0.04473484137029002,0.018348624096537623,0.059180862496888316,-0.01767676767676768,-0.005231795264587358
2025-07-03,-0.40771504570809236,-0.36443461768687635,0.22482955004864721,0.2252438687585456,-0.00975131022190636,0.0019283983244741676,0.004397155478756058,0.03773059329520561,-0.03621933621933623,-0.024120721770362757
2025-07-04,-0.48760515601575916,-0.4576576044796233,0.1905994455429708,0.19512814902823972,-0.04649056372002727,-0.04497991926924933,-0.04256012216474999,-0.01201190698200762,-0.08816738816738819,-0.07461021865845674
2025-07-07,-0.45730201072664417,-0.42443827150247293,0.24690464486237154,0.24642539621639642,-0.06596589499880653,-0.058083333337705885,-0.013318365211933258,0.018350452704616063,-0.06739576213260424,-0.055335355766545864
2025-07-08,-0.6198370627318973,-0.583481087003353,0.20822867252029376,0.2239448020416857,-0.09097353368465767,-0.0798128247092766,-0.04653892350909659,-0.010852385541401301,-0.13226247436773753,-0.11912769136301617
2025-07-09,-0.548211446593989,-0.4485862227256013,0.1484881080990486,0.1555321131874871,-0.05961520210923991,-0.04648686261734669,-0.033786716841177525,5.40080333191858e-05,-0.10109364319890637,-0.0939308878734784
2025-07-10,-0.5123986385250351,-0.43336662655934993,0.16817141545171319,0.1776800371518935,-0.033899580745621306,-0.019695447529186155,-0.01235355852691538,0.028858471596712336,-0.12535885167464117,-0.11704342486619485
2025-07-11,-0.5041341443552764,-0.4393021239540225,0.14434425391954026,0.1384433247643327,-0.016808542119703895,7.324928874109674e-05,-0.0006125731500949776,0.04035560444458358,-0.10382775119617225,-0.09822336535714656
2025-07-14,-0.4517923479468051,-0.3847998946876112,0.1982143582531486,0.19295167002085778,-0.022234014275376943,-0.011400475873761593,-0.00939528216400555,0.03028779471634862,-0.09105339105339108,-0.08400171790961634
2025-07-15,-0.4325085282173683,-0.3641581916790354,0.19257550524643172,0.2207252185029191,-0.05338428351245973,-0.03714098992805513,-0.054589578800576875,0.0019450322363322474,-0.15803144224196855,-0.1466926944481473
2025-07-16,-0.4600568421165637,-0.30475271203293064,0.2561941989439136,0.30694231241748926,-0.08210680819238336,-0.08684381218463265,-0.09503629793822416,-0.05305128375993545,-0.21633629528366372,-0.20754291525265856
2025-07-17,-0.40771504570809236,-0.26698972220445577,0.2592891624210884,0.28783861009059214,-0.0362623237019535,-0.028895321814656386,-0.047627562419884514,-0.012617999500691713,-0.18879015721120987,-0.18204486147298574
2025-07-18,-0.6225918941218167,-0.5143924378176483,0.29780426347037475,0.3280983123290201,-0.016793098002398435,-0.013240728323745071,-0.03312999786763671,-0.006871682783798142,-0.18626110731373888,-0.1829106106910913
2025-07-21,-0.3829215631988165,-0.22158577488093192,0.31212534812070986,0.34598450694014526,-0.04094171446808449,-0.03961733972823924,-0.02004019257299236,-0.002743243048929414,-0.1908369408369409,-0.18842792445810108
2025-07-22,-0.1873285345145289,0.1212108084206404,0.35094690883224094,0.3799762314394474,-0.03835704590616882,-0.031094616496635915,0.006628276558657111,0.0312898016490445,-0.1962481962481963,-0.1949601819911371
2025-07-23,-0.2727283076020348,-0.07110293652940708,0.37500954814658555,0.4026766707960635,-0.039583731005653454,-0.02963060659321669,0.006951422641576361,0.03631131337265109,-0.20173160173160176,-0.20091138718096008
2025-07-24,-0.28925729594155203,-0.0270284746838853,0.34460336856713264,0.3738219628221199,-0.1167755344284429,-0.09763148155343115,-0.0559915370583221,-0.016925112148810168,-0.25793650793650796,-0.25718390870231767
2025-07-25,-0.14876089505565535,0.04468803211438391,0.26825698451667973,0.28781847296080876,-0.18972708208228067,-0.1608710251789326,-0.05804104988184378,-0.01450837318956849,-0.2811688311688312,-0.2792347231566324
2025-07-28,-0.11845774976654036,0.029435722979627307,0.327265756798207,0.3269947866870848,-0.2226942936289024,-0.22261644271618364,-0.10595488729465219,-0.09193474805627182,-0.2782106782106783,-0.27966167609440473
2025-07-29,-0.12947707532621852,-0.008202885160236206,0.12590540642160708,0.10165739491199412,-0.22863292254862524,-0.21489150376956348,-0.1604431175623762,-0.14348370477486366,-0.31408065618591935,-0.31421302622489156
2025-07-30,-0.0826449416975863,0.11592239241335371,0.11214525271432763,0.09309811152506703,-0.1536397006576645,-0.15259510113032507,-0.11495255596934045,-0.10474763664907477,-0.294395078605605,-0.29525650297251077
2025-07-31,-0.013774156949597716,0.2394152928640059,0.13212034367203976,0.09405476014588202,-0.1596336086364576,-0.15262660216122526,-0.0898784977814479,-0.08468781958986457,-0.31052631578947365,-0.3108660575481988
2025-08-01,-0.05234179640847132,0.3380851994845652,0.16790293674988385,0.14012323265503682,-0.16991031394793765,-0.16506278850368142,-0.09141285391148342,-0.07918251287233107,-0.4684894053315106,-0.45773222622913917
2025-08-04,-0.1652898833951726,0.13044239743257938,0.2480276021980343,0.23322143309470303,-0.22027368614401815,-0.1962844996096184,-0.13332312890460093,-0.10348209900592645,-0.4496240601503759,-0.44542328201411535
2025-08-05,-0.1652898833951726,0.16334784005158604,0.2792886988739639,0.2681326735821422,-0.2715157751080615,-0.24842784679007593,-0.17363573793744924,-0.14912904414654093,-0.47026657552973344,-0.4640042402278547
2025-08-06,-0.02754831389919543,0.18790172029179938,0.29181628552673666,0.27273457742876694,-0.3955738718665588,-0.3697268087790475,-0.2366930416428025,-0.21158637030341051,-0.488174982911825,-0.4826043732435225
2025-08-07,-0.002754831389919543,0.17517183057987562,0.25970757238464537,0.2604887961513151,-0.3777012243102819,-0.3593015579918894,-0.2414857522661357,-0.2207471567963898,-0.469583048530417,-0.4687021911639253
2025-08-08,0.1212125811564599,0.20426953866654976,0.2830675127578674,0.2610255402779804,-0.3459272125621009,-0.33907637049515377,-0.19072401677971615,-0.18464379238700282,-0.44313055365686943,-0.44481121967169596
2025-08-11,-0.06060629057822995,0.006409233837435442,0.26349650119984347,0.23045183905917352,-0.2604350134094041,-0.234557463763658,-0.15718573771593838,-0.14360901369038828,-0.39408866995073893,-0.40080714516266414
2025-08-12,0.02754831389919543,-0.05024316748965366,0.23428743747290637,0.1826026593051015,-0.17189965227860418,-0.1528513064628911,-0.07237189679446525,-0.06263399343504263,-0.38287529167746953,-0.37737417406382573
2025-08-13,0.049586965018551775,-0.001110037171561861,0.2542628488896807,0.18575034811443183,-0.2104563127272402,-0.19725576210603235,-0.11786917093727389,-0.10904915351177802,-0.3898838004101162,-0.3597912278320726
2025-08-14,0.17630920895485075,0.12632989726157165,0.23293091840096594,0.16783239815613835,-0.17188933922925867,-0.1649845757532384,-0.055311766794807316,-0.05103126203586643,-0.34798359535201645,-0.32659502930873985
2025-08-18,0.20385752285404618,0.2892616496275633,0.14932351342100328,0.14130872115036397,-0.2249676620858367,-0.21001137534462405,-0.13358506039557708,-0.12118282970241691,-0.33082706766917297,-0.31845982792288713
2025-08-19,0.01652898833951726,0.040799027260657914,0.1709995073046973,0.14845010777198447,-0.25268604377045967,-0.2414888893523564,-0.18049602335613826,-0.17476103934303228,-0.31920710868079294,-0.3116701363233775
2025-08-20,-0.04683213362863223,-0.0671224645315674,0.16205385903523625,0.15187325883131916,-0.22326608727226024,-0.21686900972884388,-0.14804041949566218,-0.13941707836495604,-0.30273410799726586,-0.28359880271751403
2025-08-21,-0.2148768484137244,-0.1650892663730239,0.15310821076577527,0.15613070885197924,-0.25322815083425265,-0.2761212002872331,-0.22613975625588456,-0.23153613239075457,-0.3613807245386193,-0.3372505626277336
2025-08-22,-0.19283819729436802,-0.058775982013518274,0.15265846479337988,0.15575789506419718,-0.28392033406437245,-0.2959718258478551,-0.23956526300887485,-0.23840570265824587,-0.36028708133971293,-0.3427779687436413
2025-08-25,-0.28925729594155203,-0.19160263379619794,0.14475048125678586,0.12134592740455061,-0.29979204507678864,-0.31350654153635077,-0.24523536364868043,-0.24926816791141337,-0.42481203007518803,-0.40124560016282734
2025-08-26,-0.26721864482219565,-0.09633143601421239,0.14509430662794212,0.14770807330426872,-0.33957761042574575,-0.35342749406639756,-0.27891312894375514,-0.27473128439920574,-0.41367053998632947,-0.3833620971995217
2025-08-28,-0.25619931926251754,-0.09907492876386516,0.15956256148990056,0.1779646352978192,-0.35314188366358623,-0.3598446258526692,-0.3048027551237471,-0.30484980196494105,-0.41777170198222835,-0.3947907499277254
2025-08-29,-0.25619931926251754,-0.16825983323768276,0.21527190407904684,0.23508373995007856,-0.36058637621942274,-0.35004208259735153,-0.2973490211485809,-0.28289568951722394,-0.3849624060150376,-0.3459127874511355
2025-09-01,-0.33884426096010384,-0.2129967799993034,0.1867294631228793,0.22452919833921167,-0.37010181651783286,-0.3644173905876818,-0.287792433795293,-0.2723560050375167,-0.29632034632034643,-0.24642299414507277
2025-09-02,-0.31129594706090835,-0.12583805689320154,0.16334529462866976,0.20233066884530837,-0.37367243846790404,-0.36969051711504497,-0.31278669234648315,-0.2947004429617139,-0.3044733044733045,-0.24475796327904056
2025-09-03,-0.24517999370283936,-0.023623362480972552,0.16540860361345294,0.2174576436573814,-0.33529875160205225,-0.3229570292220367,-0.2875522539626029,-0.25092840334895644,-0.31868686868686874,-0.23965469838760967
2025-09-04,-0.3140507784508279,-0.19000031577655582,0.15749925250511734,0.22678197024858354,-0.3425528274857377,-0.3133822453214221,-0.298811268963238,-0.2507745823621131,-0.30050505050505055,-0.2184058340389326
2025-09-05,-0.2424251623129198,-0.17233292658010715,0.08128344082306013,0.14742253395836769,-0.2955714637476862,-0.2868497053385987,-0.2523001772510312,-0.21967821569989815,-0.3303030303030304,-0.22167412373031528
2025-09-08,-0.40496021431817286,-0.29426067965206704,0.13363548745486156,0.18745992694850075,-0.2517472469585212,-0.2646357281774467,-0.24377798968037453,-0.23024258367675093,-0.33448773448773456,-0.22876525975308767
2025-09-09,-0.36088291207946016,-0.20694303048856882,0.1797879496171076,0.2333076801794182,-0.25171379928382986,-0.2719838209640708,-0.22677074336837022,-0.21984433214148266,-0.30383076043453394,-0.20263573250320113
2025-09-10,-0.25344448787259793,-0.14047514451870927,0.24040610887498295,0.26705250222070637,-0.22104201479731078,-0.19675931939725,-0.21214223799555082,-0.19121090520730027,-0.24962835906232128,-0.19138105649297188
2025-09-11,-0.2975217901113107,-0.22938441827269343,0.21870756323153895,0.22411783695540188,-0.18938227442847946,-0.17831455808074853,-0.1970905935704845,-0.18475441345257354,-0.22460317460317464,-0.18114147354630838
2025-09-12,-0.24517999370283936,-0.13312714369394923,0.18219889913304582,0.20691208795497287,-0.14871109281117606,-0.13498679905977656,-0.17635564266331705,-0.1576737537771537,-0.1541847041847042,-0.09561643979637274
2025-09-15,-0.31680560984074746,-0.22632006994787773,0.20045323118229239,0.2298922267583185,-0.07875745757467374,-0.05924672507417673,-0.10981137232763254,-0.08779987068450548,-0.132972582972583,-0.08850761323998955
2025-09-16,-0.45454717933672467,-0.4075301783366248,0.2007976525417121,0.216537281931058,-0.1172469338695322,-0.09802757164332646,-0.14402041339678792,-0.11952604311061879,-0.12258297258297261,-0.09240856145139474
2025-09-17,-0.3719022376391383,-0.3430465193147253,0.17324394378813243,0.1872033948586802,-0.10408956725244232,-0.0877376995654441,-0.12338173470128956,-0.10504106976942833,-0.09949494949494951,-0.07817292515416031
2025-09-18,-0.42148920265769013,-0.3980965403092382,0.16199777533082774,0.1524992162498459,-0.10522742227362272,-0.09728227989709791,-0.12854196145669672,-0.12134433073852402,-0.11847041847041849,-0.11480515705073202
2025-09-19,-0.4187343712677706,-0.4206001369628516,0.1730039936123277,0.15313338794641929,-0.08699929285256136,-0.08716986580136941,-0.14021278988287483,-0.14199528354585497,-0.10865800865800868,-0.1318291123514152
2025-09-22,-0.4848503246258396,-0.5034293266986151,0.21354124284024276,0.19972641319070508,-0.040885748373177766,-0.048391034550749404,-0.10454323415498572,-0.10579094027058726,-0.06500721500721503,-0.06996292572042587
2025-09-23,-0.4132247084879315,-0.42873302608675135,0.19648363771923513,0.18208474346585238,-0.007331271016649892,-0.007247161018980279,-0.07658904641364739,-0.077314196466689,-0.05577200577200579,-0.06808250430264427
2025-09-24,-0.5261727954746327,-0.5692501934390266,0.1698006745721785,0.14663715393797255,-0.04446466065371034,-0.04383710346326531,-0.11752571831484485,-0.12052583134601173,-0.10505050505050507,-0.12948938080296632
2025-09-25,-0.5206631326947936,-0.5817139558467539,0.15455326705957473,0.1289619246239843,-0.05195105760050851,-0.050261852605254696,-0.12219417640956849,-0.12661354999840738,-0.08665223665223667,-0.11702715815994547
2025-09-26,-0.5399469524242304,-0.5920212549188936,0.21796862103244954,0.18635139042478563,-0.047869381075955696,-0.0459009491673353,-0.11828891096554876,-0.11875098756383841,-0.09155844155844159,-0.10970553357240381
2025-09-29,-0.476585830456081,-0.4903770779048261,0.2077023155546659,0.18303643553456622,0.0017395933369479485,0.017406390013757787,-0.07291186188978326,-0.06937194424664095,-0.07777777777777779,-0.09440193997829911
2025-09-30,-0.40771504570809236,-0.41762107311863345,-0.03715235320510391,-0.08728155212073928,0.014068015681405149,0.03836001332211436,-0.07437769976843116,-0.056910885965432076,-0.09184704184704187,-0.11471885610857534
2025-10-01,-0.42699886543752924,-0.47826803964184855,-0.01226728643564752,-0.03635517858017984,0.03539292068325309,0.041758041344265674,-0.037566841969075206,-0.03367352621743493,-0.1474747474747475,-0.1705240708276177
2025-10-03,-0.43526335960728785,-0.4908034540687278,-0.015772225417261095,-0.03903583483852486,0.030080885202336673,0.03655023606222365,-0.05835414213089061,-0.05515465239557077,-0.17474747474747476,-0.202972693799618
2025-10-06,-0.4297536968274488,-0.46262983548492675,-0.07395421251204647,-0.1396091167029975,0.019802738852749063,0.024725312208733002,-0.06600445105527655,-0.06399430023530783,-0.2611111111111112,-0.2852702365953824
2025-10-07,-0.4407730223871269,-0.3864584411727331,-0.033560598525243804,-0.11757369492641068,0.023804134272668736,0.02763679017289495,-0.06812876698566485,-0.06569535136644555,-0.2761904761904762,-0.29881638638487606
2025-10-08,-0.35812808068954055,-0.36913367000705816,0.05916352935893496,0.008155279167838592,-0.002191243150203712,0.0002495625523073947,-0.06758407358059207,-0.06681771001541288,-0.2454545454545455,-0.26028939569103016
2025-10-09,-0.4297536968274488,-0.4320511144906734,0.023873003074657968,-0.03392951117369296,-0.01745306544040168,-0.01439981608107105,-0.08652932794173797,-0.085889382590962,-0.29891774891774897,-0.31581608274214273
2025-10-10,-0.4325085282173683,-0.4208653677797424,0.0948000411950186,0.04192582879238276,0.004683841404335885,0.017188529205228415,-0.043154923715402825,-0.0273554758259132,-0.2384559884559885,-0.2617189612763327
2025-10-13,-0.3057862842810693,-0.2851771636398648,0.08755702183726748,0.043193486563338046,0.022912044266349508,0.036994904003995924,-0.03403816461648866,-0.014584585672099387,-0.17301587301587304,-0.19242631594314888
2025-10-14,-0.32231527262058657,-0.30318841993778145,0.1042345498062708,0.034776416783954434,0.02450557570309284,0.05787379643366047,-0.05912212777213253,-0.02554131115759243,-0.18419913419913425,-0.18908693997879158
2025-10-15,-0.319560441230667,-0.2380252561127393,0.07956570635212006,0.021459379436961436,-0.004160527588591554,0.02027122828173944,-0.07600640852248441,-0.04976000686353301,-0.24213564213564218,-0.23973299764649955
2025-10-16,-0.35812808068954055,-0.3427622297200414,0.1358523632475063,0.10723326359027391,-0.05427678821297494,-0.045951999939778186,-0.12583464691057458,-0.11728784842230802,-0.25382395382395384,-0.24784444601913688
2025-10-17,-0.32231527262058657,-0.24745475334319308,0.08825191883597595,0.05956188769987011,-0.07882786918688613,-0.07407484231112331,-0.14740921051339614,-0.14222004005554847,-0.24291976367448062,-0.23743571475691527
2025-10-20,-0.3305797667903452,-0.16520029323370616,0.09645788568769381,0.09009094765789681,-0.13043154207817853,-0.13441259048541884,-0.15642167586330824,-0.15142338492842997,-0.2415475509815132,-0.23618321334313314
2025-10-21,-0.3774119004189774,-0.3255026573530207,0.04538900071382157,0.037218873421049854,-0.05891668234433816,-0.06133776685786897,-0.1337856608041648,-0.13334700054723134,-0.21214320270924042,-0.21057767472680938
2025-10-23,-0.36088291207946016,-0.3241520009237987,0.14800761102333124,0.15739431173475335,-0.005762526867947665,-0.01392350130966994,-0.03349577549379433,-0.033135048024439895,-0.14529914529914528,-0.14477211528223338
2025-10-24,-0.42148920265769013,-0.4150246358877625,0.2577305866619608,0.28520604616303924,-0.05069351091285439,-0.0657824061297997,-0.04342998355892151,-0.04248236047915745,-0.15102402838251894,-0.1508775978739647
2025-10-27,-0.3884312259786556,-0.3826466550460465,0.23325999497277003,0.23338513569285083,-0.031278337535512485,-0.04677289829290698,-0.03232428402816774,-0.028188542951561275,-0.14983800266819133,-0.15323214283723352
2025-10-28,-0.3278249354004256,-0.421753013715306,0.13892981088056694,0.13536056638094873,0.030594904538223423,0.030787027561297784,0.05359930624744497,0.06129398859991753,-0.09975223937488088,-0.10123396168255527
2025-10-29,-0.1349867381060576,-0.1714216260596349,-0.21444215177246245,-0.2515737324382037,0.10477414582744522,0.10519637270977279,0.026424585950383554,0.026086656008367966,-0.1408643767134333,-0.14730565321457356
2025-10-30,-0.12947707532621852,-0.17689198751745797,-0.17002736947990135,-0.17679223832880775,0.031058727574815394,0.02605041595071726,-0.04694998562343615,-0.04761932198908142,-0.14505724883083373,-0.14967656167984314
2025-10-31,-0.2093671856338853,-0.2692288461522522,-0.12083949721578412,-0.12366703058565987,0.04137363495376116,0.032858823596294,-0.03515466903823791,-0.03703791668541437,-0.14602483470407998,-0.150389013028471
2025-11-03,-0.15702538922541395,-0.20161757515743856,-0.09760113236659487,-0.08214404802389676,-0.009908869328545457,-0.016331957993009714,-0.02758820293355068,-0.027197888057292487,-0.20109659732301244,-0.20201582456491568
2025-11-04,-0.1074384242068622,-0.17524511239274798,-0.17002736947990135,-0.14936654538250405,0.13306127267293844,0.11437248037283124,0.06754178092729908,0.06367715738291292,-0.13070472504434769,-0.13777685288038524
2025-11-06,-0.11294808698670128,-0.1617484764592423,-0.077848522244784,-0.04338023796313877,0.11514187177488189,0.10739945222520345,0.07162280883368327,0.07284443923863637,-0.12401475600721618,-0.13194305553297098
2025-11-07,-0.05785145918831041,-0.10400295095424746,-0.010457264182135164,0.04462145146261387,0.12433321619026755,0.12440196998309172,0.09728448589410135,0.10980367394470868,-0.06426382841477181,-0.0659778068042488
2025-11-10,-0.04683213362863223,-0.08023817251328372,-0.03253371078886495,0.06048904151628729,0.25723998567624073,0.26095018281482996,0.32410863095437176,0.35020446767972035,0.06595710369295274,0.07143505645546394
2025-11-11,-0.04132247084879315,-0.11403882271857832,-0.03175909862722531,0.056281528520327966,0.2782837509006334,0.2840708563366313,0.29189440764216884,0.3095404206212956,0.026689243670375746,0.02679926552006806
2025-11-12,-0.05509662779839086,-0.12207203807670473,0.09527729588167594,0.17655332163197512,0.2080751964790027,0.21200135036270254,0.28202163149181303,0.30254807565012803,0.003144654088050314,0.004290278504271789
2025-11-13,-0.12672224393629897,-0.14555683536980873,0.1444651681457932,0.18007259091520586,0.20947211718405787,0.20667512271709096,0.29184375937417284,0.29895323684475966,0.07418158361554587,0.07339883752540563
2025-11-14,-0.05509662779839086,-0.10071416023805306,0.09798843844741469,0.13449453651391252,0.22758894072898547,0.2275685019937596,0.3055483305989952,0.31056471102288796,0.08079342041606191,0.08004013951883435
2025-11-17,-0.05234179640847132,-0.05473211329657709,0.1207688652581377,0.1392638549801732,0.2509073501581333,0.2499473458780313,0.3501691302309032,0.35015275802695217,0.06442509272697952,0.06471223524769082
2025-11-18,-0.030303145289114975,-0.031506421552460986,0.2287641005370493,0.23291972569024677,0.20506436273588094,0.20307840512643505,0.3377186710782065,0.33753130255008235,0.09409772617319787,0.09417153874400527
2025-11-19,-0.14600606366573576,-0.15833226537607553,0.24579560717601742,0.25838167527952255,0.194345880469157,0.19431505566229976,0.340137633060251,0.34165583297919616,0.1119980648282535,0.11196331078920102
2025-11-20,-0.0385676394588736,-0.037039546010659646,0.26902038895642855,0.28246994352969984,0.21968567627584676,0.2188369973398717,0.3870464153298692,0.3879549389826245,0.1271569101757781,0.12747080280792683
2025-11-21,-0.0192838197294368,-0.020420862988957643,0.28798729407709756,0.3068357499538481,0.19422409630498796,0.18489485596140345,0.36172245825309746,0.36231528025252024,0.1629575874858894,0.16295609287434243
2025-11-24,0.04407730223871269,0.06375288141754679,0.37275774757559804,0.39488263109267535,0.16182926672227096,0.1525301429459553,0.3984271152303858,0.3987906671061845,0.2693114013868731,0.27180798715014
2025-11-25,0.049586965018551775,0.12029285507016388,0.3654032333451345,0.3942407014030315,0.15092206931836596,0.14713266493785593,0.41622575390832095,0.4161564800399472,0.2696339300112885,0.27006323080904304
2025-11-26,0.04683213362863223,0.11804373259057345,0.389402174518226,0.41015823422731335,0.11921582391950794,0.11214497814314418,0.3820510636388269,0.38200142454944763,0.24246089340428964,0.24321534876096057
2025-11-27,-0.002754831389919543,0.11994282816881462,0.39946624662307084,0.4191482644874385,0.12663874206004902,0.11574281758406137,0.38923264334045393,0.3882106996563558,0.23488147073052734,0.23686628438923135
2025-11-28,-0.002754831389919543,0.11234086055592543,0.30347048193070497,0.3354053719107864,0.12006047354690258,0.11234552919625444,0.3645405710322718,0.36453042784495626,0.23939687147234315,0.24124984238624955
2025-12-01,-0.022038651119356344,0.006900614660586026,0.30893988495141866,0.30779451272616604,0.19663495446936124,0.19218555252227154,0.39253662764301733,0.39313678070967356,0.26534619653376584,0.2647885529777549
2025-12-02,-0.11294808698670128,-0.07052397936112678,0.29626766901988943,0.29991941324547383,0.16298892484247732,0.1500660674580022,0.320913031922599,0.32209633018623524,0.24076327084949,0.2369773089149628
2025-12-03,-0.07162561613790812,-0.05270371941476196,0.34127588422497596,0.3446608373396317,0.16899936287190978,0.16513799215132968,0.3220433313361252,0.32260457802138437,0.2857142857793682,0.285895906353064
2025-12-04,-0.06060629057822995,0.0075736445487455265,0.3648724242354096,0.3766968584041467,0.18917406030969258,0.18534450661322807,0.32415927184097354,0.325954152380836,0.29164176555963456,0.29339946430454283
2025-12-05,-0.07438044752782767,-0.0023319780602730333,0.377981613130095,0.3741199015184207,0.1290719452466948,0.10586123780062255,0.2853528444277184,0.28452945405262675,0.26266248325122554,0.26478824564299613
2025-12-08,-0.14600606366573576,-0.09679619320635871,0.3272927494039781,0.33172242750721026,0.1294276470318676,0.12174008547266826,0.2656303115827034,0.26824417420771407,0.2817869416449439,0.2828674527573575
2025-12-09,-0.14325123227581624,-0.0779908316282278,0.40332604499315333,0.40462724427014646,0.08551383987853717,0.08212232147397798,0.23790285556554336,0.23995199614142954,0.23691624690514815,0.2373951924956578
2025-12-10,-0.08539977308750583,-0.08813454509733006,0.37448582942484554,0.3669743201834126,0.07754394219829312,0.07736869559827082,0.24986893126679185,0.2465764255560115,0.23367198838896952,0.23420815138249934
2025-12-11,-0.08815460447742537,-0.10596665800562471,0.41599826092468256,0.39410218196499813,0.02319546746260784,0.023092700942548783,0.18373011013110804,0.17278086936355375,0.24118500811064625,0.2369202752312006
2025-12-12,-0.07989011030766675,-0.0620323463945156,0.3963344775826545,0.3812393126610084,-0.056226086814638886,-0.05602981125191853,0.12208890551346588,0.11403785959027024,0.18756936736958935,0.18596609740916292
2025-12-15,-0.08815460447742537,-0.10482665164348211,0.3919647479510927,0.37537407085819774,-0.08378473897725347,-0.0820751167809908,0.07890435075882914,0.07514017839895741,0.19636301545291554,0.1997155846301305
2025-12-16,-0.09641909864718401,-0.13067252001153173,0.3797295049827197,0.35806086358193334,-0.06833257082530535,-0.0701037436212322,0.03874271483701696,0.03565227685961471,0.16426193118756938,0.16668010881387255
2025-12-17,-0.06887078474798858,-0.09207035668554005,0.3849731805405938,0.346461711841613,-0.09039618125493473,-0.09357728978556851,0.04977487239499899,0.04643013891582496,0.20558353965679158,0.20627760237601478
2025-12-18,-0.06336112196814948,-0.0843555193207079,0.36093966756700396,0.3416928493630962,-0.1073308030838814,-0.10950591916880581,0.03558872536792369,0.03428294616507918,0.2009775672268438,0.20051094358357946
2025-12-19,-0.1074384242068622,-0.1257477936422108,0.4002672342510601,0.3654261125072813,-0.0690413385964018,-0.06956012362236946,0.07673091841419133,0.07238906211365376,0.16938444463416713,0.1683468928323606
2025-12-22,-0.1074384242068622,-0.045329190850649737,0.31243566865666805,0.2950675565433201,-0.10081266734833126,-0.10271070688443845,0.02640427062140646,0.026473271546170834,0.1295142149748143,0.1298192641023199
2025-12-23,0.03581280806895406,0.059701533000977136,0.26305772382001985,0.2293116330429265,-0.035318545092615755,-0.027344874638340736,0.05798174291229449,0.07027468179722676,0.19158200290275762,0.19467063441773122
2025-12-24,0.04407730223871269,0.04477318419768084,0.21018399527812215,0.1807822327807231,0.0055230822477092935,0.022048430614334882,0.045583519161899615,0.05954383074058552,0.2067787927943311,0.21600971518009823
2025-12-26,-0.05509662779839086,-0.1085756133070654,0.14944475339941327,0.09080950123054908,0.06409965604573127,0.08323011326781753,0.08785243368249854,0.10183549143559785,0.22820797404593188,0.24011085731354126
2025-12-29,0.11019325559678173,0.02817438417799795,0.14070529413628968,0.07818046256249292,0.04067225794297627,0.04994543631063595,0.08462606114491197,0.09084413308524356,0.1980747476492258,0.20864760322464293
2025-12-30,0.3085411156709888,0.23526490142624498,0.14335861508571415,0.09181793970788311,-0.00414383009761067,-0.0061541283655832234,0.10478598761757389,0.09555332721375198,0.24553914454025438,0.24597541815068644
2025-12-31,0.27823797038187387,0.15390830691689766,0.15515947669337965,0.11690820560762616,-0.030742463600101924,-0.03046736170943526,0.05217563163672422,0.04942629241257205,0.2529468993158545,0.25303510058648426
2026-01-01,0.20385752285404618,0.05075272609277155,0.11320085764390234,0.06856865681794576,-0.04475321056599736,-0.04457210355881504,0.014554873731055887,0.009460123166650297,0.155809784000683,0.15561074315373552
2026-01-02,0.21212201702380482,0.17081511652651685,0.1136379265923344,0.06759159861378157,-0.04196934445813041,-0.037526128057348986,-0.006456075631816887,-0.0003677838373250362,0.12136021180055846,0.12157570365762396
2026-01-05,0.3746570690290578,0.368892899252609,-0.032065218903594324,-0.08447933615031582,-0.03580484803217295,-0.032343302962147644,-0.03311850505752971,-0.02655385189793162,0.06539881754280473,0.06600793859162381
2026-01-06,0.2809928017717934,0.2773727065654528,0.0900362033770034,0.08617496157838284,-0.024782518652505327,-0.0258887042644586,0.04243822306143994,0.04526297452676964,0.18868778280542986,0.18825434279557715
2026-01-07,0.32507010401050607,0.3150513712553009,0.10883016815958177,0.09875237563283432,-0.09954622838416459,-0.1022756078070118,-0.03742998555729485,-0.03254894170052146,0.15900452488687783,0.15821048863183765
2026-01-08,0.31129594706090835,0.2858138197081738,0.07604999702717764,0.06821344475472922,-0.09984768386228897,-0.10470282760630689,-0.030191173336155654,-0.027420351909264815,0.1646153846153846,0.16109865090168776
2026-01-09,0.22865100536332209,0.17976805876238525,0.07867241071776998,0.050519967947222556,-0.10889119158330483,-0.12087729628744984,-0.03627372572635624,-0.04273403414529238,0.18303581533678562,0.17609831871092776
2026-01-12,0.33884426096010384,0.2099198575152993,0.025497643947436453,0.04129581224700975,-0.044101093307920336,-0.058857536978190926,-0.04608266721379881,-0.04416951532073104,0.16195680013660035,0.15590215991905015
2026-01-13,0.3526184179097015,0.2778445986756439,0.07998361756306613,0.07934477956107475,0.050913243850629085,0.01865632073212355,0.07767271437753771,0.0634423223169295,0.21496532817287534,0.1978946849317979
2026-01-14,0.2975217901113107,0.22496229832853556,0.11232671974703821,0.1604645023045575,0.06016361804616625,0.024309013885838723,0.07478095285938664,0.06157744995227402,0.2711659409772617,0.2565259518040734
2026-01-16,0.3140507784508279,0.26403790819853207,0.13942499454982565,0.16549674037931741,0.04555785919973847,0.03909612218073908,0.05056261960884644,0.06697813549510079,0.2933397839058216,0.28593334937904685
2026-01-19,0.30303145289114974,0.23703493318082602,0.1263292359213897,0.23637214476838161,-0.009220076342934726,-0.011309446858968314,0.0273050514144882,0.05765847266469259,0.17347055460263006,0.18141341045755052
2026-01-20,0.3966957201484142,0.31927618472038866,0.19231033731010438,0.2594092184792085,-0.07048066850361881,-0.06770223580114212,-0.0006360771454558947,0.019253358319631275,0.20367682631833575,0.20606886233956706
2026-01-21,0.3526184179097015,0.14085740220629192,0.1918732683616723,0.21514693658731904,-0.0025793032982174046,-0.019179328531041945,0.09546127253924093,0.08444822595853194,0.2714078374455733,0.2553588174079051
2026-01-22,0.3829215631988165,0.17181714265618173,0.18837671677421589,0.2116752432203821,-0.013484410929623235,-0.05591362768979756,0.08571429087530841,0.04777728811797377,0.2988050087260562,0.28144032485783305
2026-01-23,0.3966957201484142,0.2810968963719742,0.18094654465087096,0.17880280272622112,0.006362946278475038,-0.03823424235292976,0.0991324524698236,0.05171247904337451,0.30253478178006477,0.2750658228924904
2026-01-27,0.3966957201484142,0.30612770856739563,0.2924502495183241,0.2791832675949882,0.023667998889751792,-0.012069954836541679,0.084394615507888,0.0354946870709691,0.334920634920635,0.31181975987838373
2026-01-28,0.42699886543752924,0.28370149201688466,0.26879740328571405,0.20029557455581706,0.043361567051701716,0.02028023761442553,0.14288605694741055,0.08693392010439974,0.34499714122355624,0.31890111834840057
2026-01-29,0.4600568421165637,0.26785007010446377,-0.3408166845967459,-0.12655159071365019,0.0580556576284083,0.04950959856167265,-0.02000751748433996,-0.01921028988133034,0.29895178197064987,0.30023401635634744
2026-01-30,0.4325085282173683,0.2460289139900553,-0.24331500420953248,-0.057999207719712974,0.110955849866516,0.09470428705618253,0.02220487489591487,0.01712747118129512,0.34545454545454546,0.3337097215285813
2026-02-02,0.3333345981802647,0.04112890761927713,-0.219686995719963,-0.07925427206537053,0.03352838745687233,0.02805393148653631,-0.02280068443209767,-0.007398948511677956,0.14365079365079367,0.18423852290401718
2026-02-03,0.2424251623129198,0.1522467318820875,-0.06987684919365336,0.009870334908977502,-0.021176259054607304,-0.028213640105515806,-0.061914599814162294,-0.046680083713026475,0.0979388125486129,0.13072296136206146
2026-02-04,0.18457370312460938,0.12609447535791335,0.021447349752507467,0.1152352671211748,-0.021922935688504966,-0.025020994072393627,-0.0373216788639287,-0.028496291054311323,0.09949442571947109,0.12464889911066357
2026-02-05,0.17630920895485075,-0.015705296935713525,-0.0771544396366796,0.009270475587249801,-0.062357803809214345,-0.06429293142710187,-0.07919579620276021,-0.08162926182419397,0.056049213943950786,0.08535541266685966
2026-02-06,0.15702538922541395,0.07290176743729436,-0.08533748626481229,-0.018339405083311385,-0.012807847125724666,-0.01880067829021953,-0.058985611083761304,-0.06317060124671602,0.05194805194805195,0.07700470254159596
2026-02-09,0.10192876142702309,-0.06215740022141476,-0.07988212184605716,-0.0008627413109636915,0.01602034211312879,-0.0038370826726659845,-0.03523918373667966,-0.04538111162281858,0.07756132756132758,0.08975394902647106
2026-02-10,0.09090943586734493,-0.044827707428170986,-0.14378781932290288,-0.030875258177463054,0.06714823667384635,0.06275530190508026,-0.04154227115090925,-0.03976051411146471,0.045796308954203696,0.07507642585387449
2026-02-11,0.13223190671613808,0.021028692997153292,-0.20223815238099346,-0.022239210932829212,0.08081549612307454,0.07665635070627314,-0.041747475673739896,-0.03207138916369451,0.01715652768284347,0.06030474953462028
2026-02-12,0.13223190671613808,0.07814004822836652,-0.10404159284340127,0.10379423612645544,0.11305967250570506,0.10333394523710784,0.023680861927108273,0.03154156612324582,0.08160487425460204,0.10977986014469902
2026-02-13,0.17630920895485075,0.1269756373980394,-0.08806516847418983,0.08760792156657306,0.13578574917774708,0.12321399546097468,0.07026391089351536,0.07039851116740484,0.11712470832253047,0.1430483153047374
2026-02-16,0.17630920895485075,0.06615614724226884,-0.09352053289294496,0.04908917397687327,0.20689430769646946,0.19135826164282002,0.13811929198038833,0.12671042650526748,0.14627477785372522,0.17788628140902035
2026-02-17,0.16253505200525303,0.07950416268822715,-0.07832344629784141,0.04663596077195051,0.19668355795573048,0.17299650493335372,0.12357458102442016,0.10811479589587744,0.15222146274777856,0.1823518859678291
2026-02-18,0.14600606366573576,0.05892033861075532,-0.10053457285991584,-0.039764964287888185,0.17567571384466116,0.1621437480166902,0.12607464480237088,0.11872380140674126,0.1079289131920711,0.12755184857396817
2026-02-19,0.16253505200525303,0.13772640128913075,-0.13950146156530954,-0.08514178258621004,0.14328556701967282,0.1361306385373301,0.09827032004219724,0.09798027078052468,0.08167388167388169,0.10165894755760307
2026-02-20,0.19008336590444846,0.1315355099816981,-0.16171258812738398,-0.09812611914060954,0.17643183845556773,0.16931571025909745,0.12602362309261678,0.1225022253930551,0.10129870129870133,0.1254144429002632
2026-02-23,0.15151572644557487,0.004241196628831404,-0.1648299392238155,-0.11490117759680044,0.14406697206144603,0.12754439107188742,0.0542360774686039,0.045416495426510904,0.016594516594516596,0.027148255439315518
2026-02-24,0.2479348250927589,0.13757556932875017,-0.1624919259014919,-0.10990597173619401,0.13246343463380653,0.11282838671582189,0.06132809512442322,0.05392076043322957,0.029076479076479086,0.04152060312979689
2026-02-25,0.3994505515383337,0.2584016653921791,-0.2045761657033171,-0.15906819027052735,0.16627126645825566,0.14157986867251657,0.11571723772228941,0.09561317691845933,0.055194805194805206,0.057818910449836405
2026-02-26,0.4628116735064833,0.30935813478673346,-0.2170455700890431,-0.1860002931176417,0.17247175932516207,0.15219214181421523,0.15755905934076067,0.14584692711278427,0.07395382395382397,0.07438758307462114
2026-02-27,0.5013793129653569,0.38543333483992226,-0.23574967666763208,-0.24610965658556797,0.15924236430840594,0.15078037297489755,0.13815789489614272,0.13703977238824297,0.03390293916609707,0.032307836537418415
2026-03-02,0.43526335960728785,0.29271599409362703,-0.20028980794572376,-0.19639472547582096,0.14948314894466752,0.1356568195510501,0.09283227345093462,0.08924699831696446,0.012850307587149693,0.01911441974673987
2026-03-04,0.44903751655688556,0.33505003886750945,-0.07048970670920739,-0.07774743453364877,0.12270745592728625,0.12232436537812034,0.09504370476133966,0.10245975610467035,0.04101161995898838,0.03905418885024589
2026-03-05,0.44903751655688556,0.3495368933509768,-0.12593119936132707,-0.1429359309923004,0.16758418634409675,0.16055247395198388,0.0979666814104915,0.10268023113070197,0.028643578643578648,0.028671791611361335
2026-03-06,0.4104698770980119,0.34751730745142384,-0.08176782736308391,-0.12445892325747826,0.1654195386217724,0.17535823401458325,0.12000612291757419,0.13920330923752716,0.10281385281385283,0.10053620271817888
2026-03-09,0.3829215631988165,0.3590026670806003,-0.1088062678258886,-0.1565856348957108,-0.023550388716917135,-0.0286484872383332,-0.05373820026948491,-0.04397287434749582,-0.058513708513708525,-0.05925373521912936
2026-03-10,0.48760515601575916,0.4586229626480467,-0.03757967483143141,-0.1314266895917647,-0.07612493799790315,-0.07646963585159429,-0.047856202333437604,-0.03784791292193834,-0.0805916305916306,-0.08133943782920579
2026-03-11,0.48760515601575916,0.49617966725278334,-0.09217884723511736,-0.1204797291516933,0.07254877391629874,0.06056569726308014,0.08974729801423355,0.08709200098667753,0.033629528366370474,0.038283575222466275
2026-03-12,0.5123986385250351,0.5126365123399665,-0.03718138375870281,-0.032488409053136956,0.06216394071750205,0.05949838547046754,0.0941963636820718,0.10088258400587262,0.059466848940533154,0.059428085970029916
2026-03-13,0.5702500977133456,0.5741916490426298,-0.03989252632444155,-0.02863056608392945,0.06392249576109099,0.057108129568594325,0.11295745002459368,0.11820811940160732,0.060697197539302805,0.06261275387757675
2026-03-16,0.49311481879559826,0.48296179305314035,-0.04376558713263976,-0.05145474328777974,0.02097794455672937,0.006164936976287038,0.061803688123509094,0.059979215876008685,-0.004921394395078606,0.0003973703852373295
2026-03-17,0.5812694232730237,0.582591582686504,-0.13284598572119857,-0.14059849833471333,-0.05436594679076674,-0.06276632216831694,-0.009844646698771194,-0.005271212570040176,-0.034039644565960356,-0.03218487549467836
2026-03-18,0.42699886543752924,0.43087808664140786,-0.08017235872970292,-0.08570381471224438,-0.014629183971405427,-0.005500707415911657,0.04019497213108044,0.05303148404723934,0.007928913192071087,-0.003498540014304197
2026-03-19,0.5427017838141499,0.5477803634482875,-0.07358815535576597,-0.0740455823383631,-0.05012502680297658,-0.04733924379149783,0.034960501447343556,0.04256297948029177,0.018181818181818184,0.013138492507918511
2026-03-20,0.5289276268645523,0.5364341238625203,-0.07379322739769952,-0.07986057956073067,-0.05324280591076536,-0.05360056226131431,0.030688694968416395,0.03090424489118609,0.07969924812030076,0.08334119995060876
2026-03-23,0.5592307721536671,0.5703246813769072,-0.08043071345992645,-0.07707834339668167,-0.04395063612424792,-0.044058195914965494,0.031121677552288413,0.034738718333287226,0.07450444292549556,0.0760340292469736
2026-03-24,0.5812694232730237,0.5866486032248381,-0.11205638234465481,-0.10781854552021959,-0.05862570270201862,-0.05538522595505276,0.01925708939613292,0.025622770641026547,0.06158578263841424,0.05635326461308669
2026-03-25,0.40771504570809236,0.41668866385933373,-0.10151449271641201,-0.09842730856855612,-0.043835305206790076,-0.04184992518091824,0.03601959503335257,0.04258994303901719,0.04996582365003418,0.04290986400668305
2026-03-27,0.45454717933672467,0.47318217653791117,-0.1225982719728976,-0.1060219503085507,-0.0582075437590871,-0.05885882326074818,0.019405351687293692,0.018014226790196812,0.03415867254342754,0.0323490086804123
2026-03-30,0.49311481879559826,0.5055564174559897,-0.13938720730676576,-0.1094912976049009,-0.10865842942266862,-0.10745737425519818,-0.02742621196112588,-0.028851985047575295,0.08491055224267566,0.09075214849580819
2026-04-01,0.5427017838141499,0.5279812136921731,-0.4052884734709807,-0.4056767881220809,-0.12204840112608115,-0.1314775236092313,-0.13624357744253343,-0.14976909860767426,0.04990925589836661,0.03701209355594591
2026-04-02,0.4958696501855178,0.47755145023978374,-0.42933429677739293,-0.40485402675117976,-0.1279329109519554,-0.1432297947656069,-0.15478077197648404,-0.17103512413232597,0.06436349494425721,0.04962991592607632
2026-04-06,0.5068889757451959,0.4662446447503225,-0.3936533976775554,-0.3004982308219235,0.0006786772597413658,0.0011941815195572302,-0.05042380016443782,-0.04074970182053723,0.13157894736842107,0.12285615474667115
2026-04-07,0.5537211093738282,0.5244980700078972,-0.44795041804687336,-0.34689727930106506,0.007651252093603059,0.0067803627261557725,-0.04864812969661135,-0.03529851999278863,0.1187451387088411,0.10032464025307353
2026-04-08,0.5399469524242304,0.5195388769782374,-0.4491139256262159,-0.3625645817731227,-0.02350981480641622,-0.02401867879244833,-0.0777486975868808,-0.0640225230298316,0.04556650246305419,0.011485516328504227
2026-04-09,0.5867790860528628,0.544573569369856,-0.4747110923717516,-0.4478316685295557,-0.047206203538796856,-0.053855125903504816,-0.08073579708087558,-0.0803514214958388,0.036492092299714805,-5.8952097942622444e-05
2026-04-10,0.5867790860528628,0.5422792054218842,-0.5268390176521894,-0.5034618494785413,-0.026716029391364166,-0.0319735179288265,-0.11914709750966707,-0.1200898110482413,-0.004277936219859996,-0.04144515041051192
2026-04-13,0.4958696501855178,0.43863421668079156,-0.5394796809551522,-0.5297343837188734,-0.027526624454715824,-0.02575445121588816,-0.10963311576221543,-0.10782091884292593,0.04634430904848328,0.016578311622728145
2026-04-15,0.45730201072664417,0.3846168842712238,-0.4691191546888245,-0.3852837714209935,-0.07004877561379322,-0.03964378579903881,-0.13216155273946142,-0.09937309109737266,-0.01866735805029816,-0.037076525663063555
2026-04-16,0.4380181909972074,0.3305322710689984,-0.3819582877978373,-0.29716573540906843,-0.04228527507393961,-0.020086174082986755,-0.09114921042859657,-0.07419179581829928,0.028913192071086807,0.0030076244980253297
2026-04-17,0.497798564398611,0.3105506198642519,-0.2110204916561391,-0.12312213383892523,-0.01556758717780411,-0.0035059300480907826,-0.021949177746890383,-0.02151405859365234,0.06591910811511538,0.028915991495805926
2026-04-20,0.5176224010339538,0.3519661287617284,-0.19536037449662452,-0.12478225453849445,-0.017608927376621338,-0.011726369225565773,-0.02258071820030993,-0.022489480363654734,0.05956702100077781,0.023030162781662436
2026-04-21,0.5242303465790682,0.3734401786884758,-0.2578374359713674,-0.16362936603154635,0.030051276206781535,0.01642043470536653,-0.0036201552224945782,-0.013023875568024892,0.07557687321752658,0.012921626640793903
2026-04-22,0.5726886139099063,0.44076592831917627,-0.2234132122101701,-0.12607494298028057,0.03480027105351961,0.029798831009804367,-0.005430355710538482,-0.0055620382547923635,0.07337308789214415,0.0176422649164294
2026-04-23,0.5969177475753255,0.4631082684189522,-0.1259926589659819,-0.039606169717168856,-0.005036329120022736,-0.012003644025447402,0.023215821366151298,0.018365502815310124,0.07706766917293234,0.042843500550723675
2026-04-24,0.5044065099437253,0.4121338431072566,-0.09225691968000863,-0.030714200256022943,-0.05011285957044026,-0.05355313006464863,-0.0028963863418577,-0.004334909751411023,0.07343790510759658,0.05339810772766852
2026-04-27,0.44713764855273463,0.4213794429589021,-0.07429197340012483,-0.04995837799418534,-0.07391404236261091,-0.07566676843436994,-0.054317549310295685,-0.054541416437134296,0.021389681099299975,0.009388020229316013
2026-04-28,0.38986878716174395,0.2878330128122965,-0.13150053476777349,-0.11379233526103438,-0.10633320707075553,-0.10686500350465691,-0.11276263738375296,-0.11421318975018586,9.228213725429882e-05,0.00025702665935367565
2026-04-29,0.4317191089474679,0.37875655602269254,-0.28120054084016477,-0.3405913247116735,-0.017877810372231327,-0.0188380873707117,-0.07253721895294755,-0.08802856090592621,0.05029376480359286,0.036558583456024335
2026-04-30,0.4207058663722774,0.35758362954808154,-0.29288858287997604,-0.33925540617164585,-0.06536635981740593,-0.06764199217952348,-0.08807357095388473,-0.1190296004600993,0.028843660876328756,-0.0066934709379820635
2026-05-04,0.38326084161662965,0.38875997349523556,-0.2729501582238275,-0.27975036919653096,-0.11737831476620662,-0.11790248994314974,-0.1385239847563696,-0.1543697041578652,-0.019963702359346643,-0.01512674198440031
2026-05-05,0.3127760891354104,0.31450677372301616,-0.2179476074482451,-0.23969573906225447,-0.047788771799196245,-0.04091086873483962,-0.030683592809055006,-0.02097678519935838,0.027177089421391007,0.07347311270439634
2026-05-06,0.2973575495301437,0.20074141175750976,-0.2316982451421407,-0.24929811574742544,-0.007461307282440453,-0.005160383777782809,-0.06628088898546378,-0.08255609027182592,-0.010836343428730204,0.010878645090094266
2026-05-07,0.1321589109022861,0.01630737150304484,-0.21863513933293988,-0.2633520127869404,-0.056574595743623834,-0.07910003612727996,-0.10716878259668466,-0.1618482625364302,-0.05284801333703807,-0.07274540040070175
2026-05-08,0.14317215347747658,0.05491548667175253,-0.23651096833500415,-0.2834627004440269,-0.07692691304421888,-0.08903923965861206,-0.14101318600604965,-0.1793289592321257,-0.04303593462768503,-0.03260730616984421
2026-05-11,0.08590329208648595,0.005198208726833903,-0.2409799255855202,-0.29232696231535044,-0.09432245112931198,-0.09800638073973542,-0.18391506151672465,-0.21947314655195288,-0.08498904585631185,-0.0660950958495508
2026-05-12,0.15418539605266712,0.035632658454843695,-0.1718829711736949,-0.24456108008740474,-0.1077587115546734,-0.10457992484937433,-0.14318270185118764,-0.16132901118630277,0.006557377049180326,0.05149141000439103
2026-05-13,0.18942777229327673,0.12952601881822182,-0.14300663201651415,-0.2121958016548296,-0.12498756073736282,-0.11791734385498553,-0.12083569588123415,-0.13590527677761913,-0.0001057641459545214,0.040893442036843405
2026-05-14,0.23127809407900066,0.13617410195204788,-0.16982037551961054,-0.22942784271122751,-0.19389320215474898,-0.18830425370793022,-0.16746643350183024,-0.1869254800250882,-0.002432575356953992,0.02357255001509192
2026-05-15,0.21145425744365773,0.09751476010590487,-0.20316567192730733,-0.23895699695216532,-0.11519116437975863,-0.11245068299318592,-0.09843139036310324,-0.11846912099043638,0.022897937599153883,0.042930778407391304
2026-05-18,0.2731284158647245,0.19740108847840085,-0.1815084175594218,-0.21941545927626058,-0.1717935180056991,-0.16429160640979854,-0.16454755503859528,-0.176546235900137,-0.03366825312885599,-0.015050368157877215
2026-05-19,0.3634370049812867,0.29879762979159336,-0.1471318233246828,-0.180219083806885,-0.20854200948887056,-0.20317334666089018,-0.16080823776720315,-0.1713205279655602,-0.00838558585782277,-0.02098876087396367
2026-05-20,0.41630056934220117,0.36735513095235933,-0.19732165090740172,-0.2419366874405567,-0.2241887401493577,-0.2203461834996036,-0.16728936636379504,-0.17157438448872905,-0.04479867039359372,-0.05988677407105809
2026-05-21,0.42951646043242975,0.3741433310317572,-0.2643560096651427,-0.3002667789091981,-0.20673422038557338,-0.20387684035144474,-0.1525940613591182,-0.15936947727493675,-0.05799400669839591,-0.06912919963423053
2026-05-22,0.37224759904143917,0.30936927765308736,-0.2794846202924828,-0.3295698008352037,-0.21120583001434814,-0.20701615189144548,-0.17035861217592443,-0.18231108490251396,-0.06638824884792627,-0.09096744168203981
2026-05-25,0.44273235152265833,0.3629073974483963,-0.28566949809068093,-0.3401825310418591,-0.2051812832849372,-0.20329028342167832,-0.12903594746455538,-0.14925350931548392,-0.031049331419505933,-0.08031631737153988
2026-05-26,0.46035353964296316,0.3771890489472293,-0.28463820026363873,-0.31962329200712314,-0.20962888162337753,-0.20552011588345412,-0.15957747059698016,-0.17055756646469575,-0.04944473823373876,-0.08246535924502364
2026-05-27,0.48238002479334424,0.40140186892648955,-0.30388909303509254,-0.3756954815730773,-0.23689186817644223,-0.23717765039820965,-0.18122807739601457,-0.197896794337533,-0.044949762030671594,-0.09181371555587839
2026-05-29,0.4317191089474679,0.32822790736149676,-0.3589553584855499,-0.3962852708095511,-0.2766296352613454,-0.27706792758114007,-0.22083293724605635,-0.2339789240926823,-0.08670141774319458,-0.1371157965493415
2026-06-01,0.4845826733083823,0.4004336482025442,-0.3323150458838218,-0.36311602311136865,-0.2833386647380935,-0.28451320666291746,-0.22593249126837484,-0.236566414593139,-0.0677142353504067,-0.11169101594853875
2026-06-02,0.3920714356767821,0.3126065535280318,-0.371840935456826,-0.4049369063631485,-0.20494234441575673,-0.21096114820745945,-0.21026950848286186,-0.2097247976186917,-0.12961396086726598,-0.14284798541535784
2026-06-03,0.433921757462506,0.33559848747768795,-0.4338702757795949,-0.47061030787750685,-0.17433772388964422,-0.17445113866370168,-0.18796576926680553,-0.20252811781362226,-0.10222104706504494,-0.1507327182165886
2026-06-04,0.38546349013166775,0.3414192529378771,-0.4937886212307429,-0.5277334457695528,-0.16576117273591504,-0.16559764439563046,-0.20428078635181723,-0.21143717949783614,-0.10618720253833949,-0.1210400109677053
2026-06-05,0.42731381191739165,0.33643116210099727,-0.4968434854528229,-0.5349987137566478,-0.17426386738487795,-0.1742778509470759,-0.20610783441979974,-0.22055704441256277,-0.10891188839364406,-0.1566884460406155
2026-06-08,0.44493500003769654,0.31893563242788137,-0.39918518792350627,-0.45822257460572485,-0.22938157018591285,-0.23177025751507724,-0.22439922586942815,-0.2658114216612149,-0.06857042129384805,-0.15930018399628462
2026-06-09,0.31938403468052473,0.16205545678682096,-0.4466349822032873,-0.5216748408449945,-0.17336348421903452,-0.1700187770163079,-0.19787476259679262,-0.24289814110643743,-0.06252675581073254,-0.18814139443691216
2026-06-10,0.4251111634023536,0.2509945678188498,-0.41573744174203453,-0.48565964134489203,-0.10172194420409623,-0.08409984555409705,-0.1212017264545464,-0.15461879887507235,0.010500868776913199,-0.115702359229455
2026-06-11,0.4052873267670107,0.2066506702371882,-0.3906331901172667,-0.44990450981004193,-0.10227929583317788,-0.08872865745291916,-0.09318286133306476,-0.13080727907330203,0.01976782251769031,-0.1256244608679067
2026-06-12,0.3303972772557152,0.09614362446987489,-0.4383588552940232,-0.5081574386569444,-0.1656729743344934,-0.14907760365463915,-0.1656182131860804,-0.1986800938693863,-0.0371433607816474,-0.19353430671577246
2026-06-15,0.2643178218045722,0.11515520273602532,-0.4998780653195532,-0.5864126179588679,-0.14412084571266795,-0.15309580910833961,-0.16240326520262965,-0.22284696966661866,-0.07199516506761351,-0.24399924424056052
2026-06-16,0.281939009924877,0.1335890430576287,-0.48304994060404943,-0.5504738928174228,-0.07528621333395988,-0.08232272774482502,-0.11549910924003158,-0.17054946637739227,-0.05592357910906298,-0.22533799820891284
2026-06-17,0.4185032178572393,0.31219824139307467,-0.5222236079745664,-0.6041891936947025,-0.006207906760296844,-0.01850726340314018,-0.09038234311328236,-0.15028272236873702,-0.0319055173629473,-0.1942125496534299
2026-06-18,0.3325999257707533,0.09965279231098319,-0.46787704127039853,-0.5156284401614472,0.07614290658875765,0.056317860565400286,-0.042732436368616414,-0.105553300711829,0.0453526730628793,-0.11694009641279629
2026-06-19,0.20044101486846722,0.1412410965853596,-0.4891191003375097,-0.5063274721498605,-0.004620283261217079,-0.019658253693449364,-0.12673479176395552,-0.17348252824977023,0.00702576112412178,-0.11551115763666175
2026-06-22,0.12334831684213368,0.07692318361665233,-0.4888432294405343,-0.5098735781707356,0.0825243062544477,0.06897878420208792,-0.07437622771731288,-0.11775089861338793,0.013371609881393064,-0.09062981248592705
2026-06-23,0.1475774505075528,-0.0339658398645615,-0.5277410259140757,-0.5532252335764357,0.045410871960292816,0.03270030354473704,-0.09534520335018236,-0.15030403780205379,0.016242350985872935,-0.10536093603602077
2026-06-24,0.13876685644740042,-0.07209683780992963,-0.42097898878456846,-0.434642706234421,0.11134104058273417,0.09969588803340378,0.0025922537528473345,-0.05086910057840107,0.06640477449573165,-0.052724043120618576
2026-06-25,0.16740128714289573,-0.05608504631263645,-0.4579456889792816,-0.47467858953942776,0.11482821936324923,0.10647861097443266,0.02744686946610747,-0.03196495249914878,0.11334390974792878,-0.002950554881502814
2026-06-29,0.1475774505075528,-0.01936498761513988,-0.4629113651248401,-0.4799693539216305,0.1710618616976155,0.17601656303588875,0.08009148992818305,0.01854260052509767,0.1584195814761653,0.030288656552337485
2026-06-30,0.12775361387220988,0.009655952100691352,-0.391193123181531,-0.4010542800697685,0.164579309972662,0.17847168527508683,0.05523787776287923,0.016475227801925434,0.13051799249578203,0.02772956404974985
