month,year,score_date,entry,hold,all_avg,all_n,kind,slice,avg,median,n,excess
Apr,2019,2019-04-02,2019-04-03,3m,-0.11999353650333298,1347,band5,0-5%,-0.14954462152255096,-0.1833378337327437,66,-0.02955108501921798
Apr,2019,2019-04-02,2019-04-03,3m,-0.11999353650333298,1347,band5,5-10%,-0.10335379378354208,-0.1416526138279932,67,0.016639742719790906
Apr,2019,2019-04-02,2019-04-03,3m,-0.11999353650333298,1347,band5,10-15%,-0.1971000835514656,-0.170098549784289,68,-0.07710654704813262
Apr,2019,2019-04-02,2019-04-03,3m,-0.11999353650333298,1347,band5,15-20%,-0.13994756566025168,-0.1466666666666666,67,-0.0199540291569187
Apr,2019,2019-04-02,2019-04-03,3m,-0.11999353650333298,1347,band5,20-25%,-0.1257702003875348,-0.13770258239252542,68,-0.005776663884201824
Apr,2019,2019-04-02,2019-04-03,3m,-0.11999353650333298,1347,band5,25-30%,-0.14865782246645223,-0.1669291338582677,67,-0.02866428596311925
Apr,2019,2019-04-02,2019-04-03,3m,-0.11999353650333298,1347,band5,30-35%,-0.17630413311207963,-0.1742363590464856,68,-0.05631059660874664
Apr,2019,2019-04-02,2019-04-03,3m,-0.11999353650333298,1347,band5,35-40%,-0.18347378256449828,-0.16642388929351792,67,-0.0634802460611653
Apr,2019,2019-04-02,2019-04-03,3m,-0.11999353650333298,1347,band5,40-45%,-0.16179873712684448,-0.1562869530942057,67,-0.04180520062351149
Apr,2019,2019-04-02,2019-04-03,3m,-0.11999353650333298,1347,band5,45-50%,-0.17111529682383111,-0.1611842105263157,67,-0.05112176032049813
Apr,2019,2019-04-02,2019-04-03,3m,-0.11999353650333298,1347,band5,50-55%,-0.14712015155356864,-0.13308913308913306,67,-0.027126615050235656
Apr,2019,2019-04-02,2019-04-03,3m,-0.11999353650333298,1347,band5,55-60%,-0.10553582384168866,-0.13023046367864904,68,0.01445771266164432
Apr,2019,2019-04-02,2019-04-03,3m,-0.11999353650333298,1347,band5,60-65%,-0.13820670317246286,-0.1371340523882898,67,-0.01821316666912988
Apr,2019,2019-04-02,2019-04-03,3m,-0.11999353650333298,1347,band5,65-70%,-0.08929458874125541,-0.07071567885370206,68,0.030698947762077572
Apr,2019,2019-04-02,2019-04-03,3m,-0.11999353650333298,1347,band5,70-75%,-0.14205172164547422,-0.1258594917787743,67,-0.022058185142141237
Apr,2019,2019-04-02,2019-04-03,3m,-0.11999353650333298,1347,band5,75-80%,-0.08390329694689355,-0.0864610067058531,68,0.03609023955643943
Apr,2019,2019-04-02,2019-04-03,3m,-0.11999353650333298,1347,band5,80-85%,-0.05911558939715674,-0.05911062906724518,67,0.06087794710617624
Apr,2019,2019-04-02,2019-04-03,3m,-0.11999353650333298,1347,band5,85-90%,-0.03887809706232726,-0.015709019238227373,68,0.08111543944100572
Apr,2019,2019-04-02,2019-04-03,3m,-0.11999353650333298,1347,band5,90-95%,-0.06118965845744982,-0.04952153110047852,67,0.05880387804588316
Apr,2019,2019-04-02,2019-04-03,3m,-0.11999353650333298,1347,band5,95-100%,0.019620289351355187,0.016543680803897565,68,0.13961382585468818
Apr,2019,2019-04-02,2019-04-03,3m,-0.11999353650333298,1347,band1,0-1%,-0.13920173604581726,-0.1984732824427482,13,-0.019208199542484275
Apr,2019,2019-04-02,2019-04-03,3m,-0.11999353650333298,1347,band1,1-2%,-0.19508079582069163,-0.206909231889847,12,-0.07508725931735864
Apr,2019,2019-04-02,2019-04-03,3m,-0.11999353650333298,1347,band1,2-3%,-0.08219223575497343,-0.1110624035051353,14,0.03780130074835955
Apr,2019,2019-04-02,2019-04-03,3m,-0.11999353650333298,1347,band1,3-4%,-0.19628313231599515,-0.2383720930232558,13,-0.07628959581266216
Apr,2019,2019-04-02,2019-04-03,3m,-0.11999353650333298,1347,band1,4-5%,-0.14407006295477678,-0.15665846322121957,14,-0.0240765264514438
Apr,2019,2019-04-02,2019-04-03,3m,-0.11999353650333298,1347,band1,5-6%,-0.08781353956345204,-0.19551569506726463,13,0.03217999693988094
Apr,2019,2019-04-02,2019-04-03,3m,-0.11999353650333298,1347,band1,6-7%,-0.19367857437356453,-0.1441864172832819,14,-0.07368503787023155
Apr,2019,2019-04-02,2019-04-03,3m,-0.11999353650333298,1347,band1,7-8%,-0.19371687442597046,-0.21235857267188862,13,-0.07372333792263748
Apr,2019,2019-04-02,2019-04-03,3m,-0.11999353650333298,1347,band1,8-9%,-0.02486096018227738,-0.10004842875591902,14,0.09513257632105561
Apr,2019,2019-04-02,2019-04-03,3m,-0.11999353650333298,1347,band1,9-10%,-0.01578887060407992,-0.09857142857142853,13,0.10420466589925306
Apr,2019,2019-04-02,2019-04-03,3m,-0.11999353650333298,1347,band1,10-11%,-0.16040399981798276,-0.17920001612870712,14,-0.04041046331464977
Apr,2019,2019-04-02,2019-04-03,3m,-0.11999353650333298,1347,band1,11-12%,-0.21891432492282126,-0.16551724137931034,13,-0.09892078841948827
Apr,2019,2019-04-02,2019-04-03,3m,-0.11999353650333298,1347,band1,12-13%,-0.16505704602058005,-0.14666291099916262,14,-0.045063509517247066
Apr,2019,2019-04-02,2019-04-03,3m,-0.11999353650333298,1347,band1,13-14%,-0.24304060369392808,-0.21626106194690276,13,-0.12304706719059509
Apr,2019,2019-04-02,2019-04-03,3m,-0.11999353650333298,1347,band1,14-15%,-0.2029240691244314,-0.17040169133192395,14,-0.08293053262109841
Apr,2019,2019-04-02,2019-04-03,3m,-0.11999353650333298,1347,band1,15-16%,-0.14193740215129869,-0.14415322580645162,13,-0.021943865647965702
Apr,2019,2019-04-02,2019-04-03,3m,-0.11999353650333298,1347,band1,16-17%,-0.10607617345651384,-0.10405903440703523,14,0.013917363046819148
Apr,2019,2019-04-02,2019-04-03,3m,-0.11999353650333298,1347,band1,17-18%,-0.15259753001661783,-0.1898016997167138,13,-0.03260399351328484
Apr,2019,2019-04-02,2019-04-03,3m,-0.11999353650333298,1347,band1,18-19%,-0.1382610366169969,-0.10492829758639527,14,-0.018267500113663918
Apr,2019,2019-04-02,2019-04-03,3m,-0.11999353650333298,1347,band1,19-20%,-0.16360091077113809,-0.17415152553993818,13,-0.0436073742678051
Apr,2019,2019-04-02,2019-04-03,3m,-0.11999353650333298,1347,cum,top 2%,-0.16602368473775697,-0.1984732824427482,25,-0.04603014823442399
Apr,2019,2019-04-02,2019-04-03,3m,-0.11999353650333298,1347,cum,top 5%,-0.14954462152255096,-0.1833378337327437,66,-0.02955108501921798
Apr,2019,2019-04-02,2019-04-03,3m,-0.11999353650333298,1347,cum,top 10%,-0.1262755579247044,-0.1572327044025157,133,-0.006282021421371423
Apr,2019,2019-04-02,2019-04-03,3m,-0.11999353650333298,1347,cum,top 15%,-0.15023609395763854,-0.16941176470588237,201,-0.030242557454305555
Apr,2019,2019-04-02,2019-04-03,3m,-0.11999353650333298,1347,cum,top 20%,-0.14766396188329178,-0.16097426924198577,268,-0.0276704253799588
Apr,2019,2019-04-02,2019-04-03,3m,-0.11999353650333298,1347,cum,top 25%,-0.14323308158057907,-0.15938342179431791,336,-0.023239545077246085
Apr,2019,2019-04-02,2019-04-03,3m,-0.11999353650333298,1347,cum,top 30%,-0.14413496157897487,-0.16096866096866103,403,-0.02414142507564189
Apr,2019,2019-04-02,2019-04-03,3m,-0.11999353650333298,1347,cum,top 40%,-0.1531000260218767,-0.1654606408916754,538,-0.03310648951854371
Apr,2019,2019-04-02,2019-04-03,3m,-0.11999353650333298,1347,cum,top 50%,-0.15576347362271567,-0.1610820440208131,672,-0.035769937119382686
Apr,2019,2019-04-02,2019-04-03,3m,-0.11999353650333298,1347,cum,top 100%,-0.11999353650333298,-0.1169410678565933,1347,0.0
Apr,2019,2019-04-02,2019-04-03,6m,-0.24689398730131185,1347,band5,0-5%,-0.3260848356053467,-0.31893900232618244,66,-0.07919084830403483
Apr,2019,2019-04-02,2019-04-03,6m,-0.24689398730131185,1347,band5,5-10%,-0.2403458914866442,-0.23849025300705107,67,0.006548095814667643
Apr,2019,2019-04-02,2019-04-03,6m,-0.24689398730131185,1347,band5,10-15%,-0.3496463018737631,-0.32748264080238065,68,-0.10275231457245126
Apr,2019,2019-04-02,2019-04-03,6m,-0.24689398730131185,1347,band5,15-20%,-0.2774259396213434,-0.2857142857142857,67,-0.03053195232003153
Apr,2019,2019-04-02,2019-04-03,6m,-0.24689398730131185,1347,band5,20-25%,-0.27866221516329664,-0.30736115924449836,68,-0.0317682278619848
Apr,2019,2019-04-02,2019-04-03,6m,-0.24689398730131185,1347,band5,25-30%,-0.31199761815960647,-0.33656126482213444,67,-0.06510363085829463
Apr,2019,2019-04-02,2019-04-03,6m,-0.24689398730131185,1347,band5,30-35%,-0.30241221173024607,-0.2977437841365037,68,-0.055518224428934226
Apr,2019,2019-04-02,2019-04-03,6m,-0.24689398730131185,1347,band5,35-40%,-0.34591539951153355,-0.330316742081448,67,-0.0990214122102217
Apr,2019,2019-04-02,2019-04-03,6m,-0.24689398730131185,1347,band5,40-45%,-0.31251552858219916,-0.29531459170013385,67,-0.06562154128088732
Apr,2019,2019-04-02,2019-04-03,6m,-0.24689398730131185,1347,band5,45-50%,-0.33880332140042874,-0.35458853942266266,67,-0.09190933409911689
Apr,2019,2019-04-02,2019-04-03,6m,-0.24689398730131185,1347,band5,50-55%,-0.28088481352332845,-0.2877229527405286,67,-0.0339908262220166
Apr,2019,2019-04-02,2019-04-03,6m,-0.24689398730131185,1347,band5,55-60%,-0.2573940102942562,-0.27676724159894894,68,-0.010500022992944336
Apr,2019,2019-04-02,2019-04-03,6m,-0.24689398730131185,1347,band5,60-65%,-0.2867192942712391,-0.33114754098360655,67,-0.039825306969927254
Apr,2019,2019-04-02,2019-04-03,6m,-0.24689398730131185,1347,band5,65-70%,-0.21267632995888633,-0.2230664998957681,68,0.03421765734242552
Apr,2019,2019-04-02,2019-04-03,6m,-0.24689398730131185,1347,band5,70-75%,-0.28291811390518795,-0.26158974893218045,67,-0.036024126603876105
Apr,2019,2019-04-02,2019-04-03,6m,-0.24689398730131185,1347,band5,75-80%,-0.2062279307759666,-0.1859380026953062,68,0.040666056525345246
Apr,2019,2019-04-02,2019-04-03,6m,-0.24689398730131185,1347,band5,80-85%,-0.14085202691208343,-0.15291517575247326,67,0.10604196038922842
Apr,2019,2019-04-02,2019-04-03,6m,-0.24689398730131185,1347,band5,85-90%,-0.11908333799186976,-0.11460341584517941,68,0.12781064930944208
Apr,2019,2019-04-02,2019-04-03,6m,-0.24689398730131185,1347,band5,90-95%,-0.07734645185791172,-0.0862311557788944,67,0.16954753544340012
Apr,2019,2019-04-02,2019-04-03,6m,-0.24689398730131185,1347,band5,95-100%,0.005057234900001347,-0.007248003992016028,68,0.2519512222013132
Apr,2019,2019-04-02,2019-04-03,6m,-0.24689398730131185,1347,band1,0-1%,-0.36640662211562847,-0.3613445378151261,13,-0.11951263481431662
Apr,2019,2019-04-02,2019-04-03,6m,-0.24689398730131185,1347,band1,1-2%,-0.33635958734370236,-0.33485324947589096,12,-0.08946560004239051
Apr,2019,2019-04-02,2019-04-03,6m,-0.24689398730131185,1347,band1,2-3%,-0.2532027488210954,-0.3163883426702074,14,-0.006308761519783546
Apr,2019,2019-04-02,2019-04-03,6m,-0.24689398730131185,1347,band1,3-4%,-0.36345928920994347,-0.3023255813953488,13,-0.11656530190863162
Apr,2019,2019-04-02,2019-04-03,6m,-0.24689398730131185,1347,band1,4-5%,-0.31801348365004856,-0.3038810858601081,14,-0.07111949634873671
Apr,2019,2019-04-02,2019-04-03,6m,-0.24689398730131185,1347,band1,5-6%,-0.15350143252966647,-0.20367751060820372,13,0.09339255477164538
Apr,2019,2019-04-02,2019-04-03,6m,-0.24689398730131185,1347,band1,6-7%,-0.3119788249924421,-0.29608679266352145,14,-0.06508483769113027
Apr,2019,2019-04-02,2019-04-03,6m,-0.24689398730131185,1347,band1,7-8%,-0.3530294276009458,-0.3419354838709677,13,-0.10613544029963395
Apr,2019,2019-04-02,2019-04-03,6m,-0.24689398730131185,1347,band1,8-9%,-0.16590755450522426,-0.23310382215569947,14,0.08098643279608758
Apr,2019,2019-04-02,2019-04-03,6m,-0.24689398730131185,1347,band1,9-10%,-0.217528018072298,-0.15654008438818567,13,0.029365969229013855
Apr,2019,2019-04-02,2019-04-03,6m,-0.24689398730131185,1347,band1,10-11%,-0.27231046332287473,-0.30379165854145757,14,-0.025416476021562884
Apr,2019,2019-04-02,2019-04-03,6m,-0.24689398730131185,1347,band1,11-12%,-0.35916075595650887,-0.3489479952362049,13,-0.11226676865519702
Apr,2019,2019-04-02,2019-04-03,6m,-0.24689398730131185,1347,band1,12-13%,-0.3624211433828333,-0.3112436672658931,14,-0.11552715608152148
Apr,2019,2019-04-02,2019-04-03,6m,-0.24689398730131185,1347,band1,13-14%,-0.4240912536352481,-0.38497652582159614,13,-0.17719726633393623
Apr,2019,2019-04-02,2019-04-03,6m,-0.24689398730131185,1347,band1,14-15%,-0.3362449934887954,-0.31873335810995174,14,-0.08935100618748354
Apr,2019,2019-04-02,2019-04-03,6m,-0.24689398730131185,1347,band1,15-16%,-0.2984289194485555,-0.2787193973634652,13,-0.05153493214724364
Apr,2019,2019-04-02,2019-04-03,6m,-0.24689398730131185,1347,band1,16-17%,-0.24948100074736493,-0.24517743403093717,14,-0.0025870134460530825
Apr,2019,2019-04-02,2019-04-03,6m,-0.24689398730131185,1347,band1,17-18%,-0.3356520157054445,-0.376115917095043,13,-0.08875802840413266
Apr,2019,2019-04-02,2019-04-03,6m,-0.24689398730131185,1347,band1,18-19%,-0.2530696823821604,-0.27114909169085244,14,-0.006175695080848531
Apr,2019,2019-04-02,2019-04-03,6m,-0.24689398730131185,1347,band1,19-20%,-0.2545212487549735,-0.28205128205128205,13,-0.00762726145366166
Apr,2019,2019-04-02,2019-04-03,6m,-0.24689398730131185,1347,cum,top 2%,-0.35198404542510386,-0.3613445378151261,25,-0.10509005812379202
Apr,2019,2019-04-02,2019-04-03,6m,-0.24689398730131185,1347,cum,top 5%,-0.3260848356053467,-0.31893900232618244,66,-0.07919084830403483
Apr,2019,2019-04-02,2019-04-03,6m,-0.24689398730131185,1347,cum,top 10%,-0.2828930366884063,-0.2899484536082474,133,-0.03599904938709447
Apr,2019,2019-04-02,2019-04-03,6m,-0.24689398730131185,1347,cum,top 15%,-0.30547623088046727,-0.3093525179856116,201,-0.058582243579155424
Apr,2019,2019-04-02,2019-04-03,6m,-0.24689398730131185,1347,cum,top 20%,-0.29846365806568625,-0.3039405684754522,268,-0.05156967076437441
Apr,2019,2019-04-02,2019-04-03,6m,-0.24689398730131185,1347,cum,top 25%,-0.2944562231925837,-0.30574980574980576,336,-0.04756223589127184
Apr,2019,2019-04-02,2019-04-03,6m,-0.24689398730131185,1347,cum,top 30%,-0.2973725345146445,-0.3085016835016835,403,-0.05047854721333267
Apr,2019,2019-04-02,2019-04-03,6m,-0.24689398730131185,1347,cum,top 40%,-0.3040548207701324,-0.3131748594597586,538,-0.05716083346882056
Apr,2019,2019-04-02,2019-04-03,6m,-0.24689398730131185,1347,cum,top 50%,-0.3083628817309037,-0.313858567382582,672,-0.06146889442959186
Apr,2019,2019-04-02,2019-04-03,6m,-0.24689398730131185,1347,cum,top 100%,-0.24689398730131185,-0.25653567212008765,1347,0.0
Apr,2019,2019-04-02,2019-04-03,9m,-0.15484855247839843,1347,band5,0-5%,-0.22133278275929993,-0.2492063492063492,66,-0.0664842302809015
Apr,2019,2019-04-02,2019-04-03,9m,-0.15484855247839843,1347,band5,5-10%,-0.13973014334676068,-0.20358744394618833,67,0.015118409131637756
Apr,2019,2019-04-02,2019-04-03,9m,-0.15484855247839843,1347,band5,10-15%,-0.2735926282128629,-0.2809087285771224,68,-0.11874407573446447
Apr,2019,2019-04-02,2019-04-03,9m,-0.15484855247839843,1347,band5,15-20%,-0.18736843067872672,-0.20436046511627914,67,-0.032519878200328284
Apr,2019,2019-04-02,2019-04-03,9m,-0.15484855247839843,1347,band5,20-25%,-0.21420755170682598,-0.25892857142857145,68,-0.05935899922842755
Apr,2019,2019-04-02,2019-04-03,9m,-0.15484855247839843,1347,band5,25-30%,-0.23140786932763976,-0.2849867590140558,67,-0.07655931684924133
Apr,2019,2019-04-02,2019-04-03,9m,-0.15484855247839843,1347,band5,30-35%,-0.24970946915058634,-0.2355470797957787,68,-0.0948609166721879
Apr,2019,2019-04-02,2019-04-03,9m,-0.15484855247839843,1347,band5,35-40%,-0.2559882175560741,-0.2461726883037355,67,-0.10113966507767566
Apr,2019,2019-04-02,2019-04-03,9m,-0.15484855247839843,1347,band5,40-45%,-0.23150220069934557,-0.2526137534972758,67,-0.07665364822094714
Apr,2019,2019-04-02,2019-04-03,9m,-0.15484855247839843,1347,band5,45-50%,-0.25201801713284383,-0.2555089192025183,67,-0.0971694646544454
Apr,2019,2019-04-02,2019-04-03,9m,-0.15484855247839843,1347,band5,50-55%,-0.16878394970378816,-0.1762162162162163,67,-0.013935397225389723
Apr,2019,2019-04-02,2019-04-03,9m,-0.15484855247839843,1347,band5,55-60%,-0.07894066860610852,-0.15793903885392446,68,0.07590788387228992
Apr,2019,2019-04-02,2019-04-03,9m,-0.15484855247839843,1347,band5,60-65%,-0.182544569001221,-0.2005048683736027,67,-0.02769601652282258
Apr,2019,2019-04-02,2019-04-03,9m,-0.15484855247839843,1347,band5,65-70%,-0.11453707713695388,-0.11152834729898375,68,0.04031147534144455
Apr,2019,2019-04-02,2019-04-03,9m,-0.15484855247839843,1347,band5,70-75%,-0.2095581415303178,-0.22542384586167608,67,-0.05470958905191936
Apr,2019,2019-04-02,2019-04-03,9m,-0.15484855247839843,1347,band5,75-80%,-0.08113087513424978,-0.07970258845275047,68,0.07371767734414865
Apr,2019,2019-04-02,2019-04-03,9m,-0.15484855247839843,1347,band5,80-85%,-0.06000840566446243,-0.07555245405908351,67,0.094840146813936
Apr,2019,2019-04-02,2019-04-03,9m,-0.15484855247839843,1347,band5,85-90%,-0.053506904399736196,-0.07986009687034273,68,0.10134164807866224
Apr,2019,2019-04-02,2019-04-03,9m,-0.15484855247839843,1347,band5,90-95%,0.016989684180350653,0.0010458167330675838,67,0.1718382366587491
Apr,2019,2019-04-02,2019-04-03,9m,-0.15484855247839843,1347,band5,95-100%,0.08703136441477453,0.05116852384375736,68,0.24187991689317295
Apr,2019,2019-04-02,2019-04-03,9m,-0.15484855247839843,1347,band1,0-1%,-0.25421007418520847,-0.20504201680672274,13,-0.09936152170681004
Apr,2019,2019-04-02,2019-04-03,9m,-0.15484855247839843,1347,band1,1-2%,-0.18480590235620267,-0.25555555555555554,12,-0.02995734987780424
Apr,2019,2019-04-02,2019-04-03,9m,-0.15484855247839843,1347,band1,2-3%,-0.15465406643575014,-0.16788789631035284,14,0.00019448604264829528
Apr,2019,2019-04-02,2019-04-03,9m,-0.15484855247839843,1347,band1,3-4%,-0.30472611234624386,-0.2640449438202247,13,-0.14987755986784543
Apr,2019,2019-04-02,2019-04-03,9m,-0.15484855247839843,1347,band1,4-5%,-0.21135467705928454,-0.29075838540341353,14,-0.05650612458088611
Apr,2019,2019-04-02,2019-04-03,9m,-0.15484855247839843,1347,band1,5-6%,0.02407510997855546,-0.1142530705512711,13,0.1789236624569539
Apr,2019,2019-04-02,2019-04-03,9m,-0.15484855247839843,1347,band1,6-7%,-0.14758278768429858,-0.2960968087959238,14,0.007265764794099849
Apr,2019,2019-04-02,2019-04-03,9m,-0.15484855247839843,1347,band1,7-8%,-0.23733573696979443,-0.24434290687554394,13,-0.082487184491396
Apr,2019,2019-04-02,2019-04-03,9m,-0.15484855247839843,1347,band1,8-9%,-0.1303521134398787,-0.1442852437417655,14,0.024496439038519724
Apr,2019,2019-04-02,2019-04-03,9m,-0.15484855247839843,1347,band1,9-10%,-0.2075725259698751,-0.3471153846153846,13,-0.05272397349147667
Apr,2019,2019-04-02,2019-04-03,9m,-0.15484855247839843,1347,band1,10-11%,-0.19334279261332407,-0.2907749493129083,14,-0.03849424013492564
Apr,2019,2019-04-02,2019-04-03,9m,-0.15484855247839843,1347,band1,11-12%,-0.31773759479554,-0.2846153846153846,13,-0.16288904231714155
Apr,2019,2019-04-02,2019-04-03,9m,-0.15484855247839843,1347,band1,12-13%,-0.2923310952097889,-0.25548861247876536,14,-0.13748254273139046
Apr,2019,2019-04-02,2019-04-03,9m,-0.15484855247839843,1347,band1,13-14%,-0.35481110252466586,-0.3392857142857143,13,-0.19996255004626742
Apr,2019,2019-04-02,2019-04-03,9m,-0.15484855247839843,1347,band1,14-15%,-0.2186950874134588,-0.238671673877641,14,-0.06384653493506037
Apr,2019,2019-04-02,2019-04-03,9m,-0.15484855247839843,1347,band1,15-16%,-0.2133760168725093,-0.19095477386934656,13,-0.058527464394110856
Apr,2019,2019-04-02,2019-04-03,9m,-0.15484855247839843,1347,band1,16-17%,-0.16634666660971545,-0.19551309508903958,14,-0.011498114131317017
Apr,2019,2019-04-02,2019-04-03,9m,-0.15484855247839843,1347,band1,17-18%,-0.21680281933807122,-0.3541076487252124,13,-0.061954266859672785
Apr,2019,2019-04-02,2019-04-03,9m,-0.15484855247839843,1347,band1,18-19%,-0.12867725673702865,-0.16829248629474364,14,0.026171295741369782
Apr,2019,2019-04-02,2019-04-03,9m,-0.15484855247839843,1347,band1,19-20%,-0.21777115829867139,-0.20436046511627914,13,-0.06292260582027295
Apr,2019,2019-04-02,2019-04-03,9m,-0.15484855247839843,1347,cum,top 2%,-0.22089607170728567,-0.24444444444444446,25,-0.06604751922888724
Apr,2019,2019-04-02,2019-04-03,9m,-0.15484855247839843,1347,cum,top 5%,-0.22133278275929993,-0.2492063492063492,66,-0.0664842302809015
Apr,2019,2019-04-02,2019-04-03,9m,-0.15484855247839843,1347,cum,top 10%,-0.18022468621313353,-0.22310969116080936,133,-0.0253761337347351
Apr,2019,2019-04-02,2019-04-03,9m,-0.15484855247839843,1347,cum,top 15%,-0.21181185067075345,-0.24434290687554394,201,-0.056963298192355016
Apr,2019,2019-04-02,2019-04-03,9m,-0.15484855247839843,1347,cum,top 20%,-0.20570099567274677,-0.2331554828517327,268,-0.05085244319434834
Apr,2019,2019-04-02,2019-04-03,9m,-0.15484855247839843,1347,cum,top 25%,-0.20742256058440564,-0.23673288115233138,336,-0.05257400810600721
Apr,2019,2019-04-02,2019-04-03,9m,-0.15484855247839843,1347,cum,top 30%,-0.21141019255908727,-0.24108108108108106,403,-0.05656164008068884
Apr,2019,2019-04-02,2019-04-03,9m,-0.15484855247839843,1347,cum,top 40%,-0.22180253174685688,-0.2391066040786612,538,-0.06695397926845845
Apr,2019,2019-04-02,2019-04-03,9m,-0.15484855247839843,1347,cum,top 50%,-0.22578216767048465,-0.24202179609337782,672,-0.07093361519208621
Apr,2019,2019-04-02,2019-04-03,9m,-0.15484855247839843,1347,cum,top 100%,-0.15484855247839843,-0.17160170775375294,1347,0.0
Apr,2019,2019-04-02,2019-04-03,12m,-0.3699496707664921,1347,band5,0-5%,-0.3876896977348813,-0.4325896665553948,66,-0.017740026968389222
Apr,2019,2019-04-02,2019-04-03,12m,-0.3699496707664921,1347,band5,5-10%,-0.3859019756587168,-0.4517819706498952,67,-0.01595230489222471
Apr,2019,2019-04-02,2019-04-03,12m,-0.3699496707664921,1347,band5,10-15%,-0.4573757619063476,-0.45617168707141054,68,-0.0874260911398555
Apr,2019,2019-04-02,2019-04-03,12m,-0.3699496707664921,1347,band5,15-20%,-0.39613460779691756,-0.4552083333333333,67,-0.02618493703042546
Apr,2019,2019-04-02,2019-04-03,12m,-0.3699496707664921,1347,band5,20-25%,-0.45284707273185215,-0.4802234021657731,68,-0.08289740196536005
Apr,2019,2019-04-02,2019-04-03,12m,-0.3699496707664921,1347,band5,25-30%,-0.4662965417264144,-0.48524590163934433,67,-0.09634687095992228
Apr,2019,2019-04-02,2019-04-03,12m,-0.3699496707664921,1347,band5,30-35%,-0.4353865106652021,-0.4300446428571429,68,-0.06543683989871002
Apr,2019,2019-04-02,2019-04-03,12m,-0.3699496707664921,1347,band5,35-40%,-0.43125445729910866,-0.49044083831548513,67,-0.06130478653261656
Apr,2019,2019-04-02,2019-04-03,12m,-0.3699496707664921,1347,band5,40-45%,-0.479864591798117,-0.5002050020500205,67,-0.10991492103162492
Apr,2019,2019-04-02,2019-04-03,12m,-0.3699496707664921,1347,band5,45-50%,-0.47222601758026284,-0.4692806421735103,67,-0.10227634681377074
Apr,2019,2019-04-02,2019-04-03,12m,-0.3699496707664921,1347,band5,50-55%,-0.4029615975941289,-0.46812386156648456,67,-0.03301192682763682
Apr,2019,2019-04-02,2019-04-03,12m,-0.3699496707664921,1347,band5,55-60%,-0.2738967008042975,-0.4421361091757736,68,0.09605296996219459
Apr,2019,2019-04-02,2019-04-03,12m,-0.3699496707664921,1347,band5,60-65%,-0.46398067895528605,-0.5013513513513513,67,-0.09403100818879395
Apr,2019,2019-04-02,2019-04-03,12m,-0.3699496707664921,1347,band5,65-70%,-0.32101474781596423,-0.3987128848268444,68,0.04893492295052787
Apr,2019,2019-04-02,2019-04-03,12m,-0.3699496707664921,1347,band5,70-75%,-0.4297451674044961,-0.4793478260869566,67,-0.059795496638003987
Apr,2019,2019-04-02,2019-04-03,12m,-0.3699496707664921,1347,band5,75-80%,-0.3261801910533269,-0.3731847564365604,68,0.043769479713165194
Apr,2019,2019-04-02,2019-04-03,12m,-0.3699496707664921,1347,band5,80-85%,-0.31354258588697304,-0.31788739412057787,67,0.056407084879519065
Apr,2019,2019-04-02,2019-04-03,12m,-0.3699496707664921,1347,band5,85-90%,-0.2811410780501906,-0.31811512094821787,68,0.08880859271630148
Apr,2019,2019-04-02,2019-04-03,12m,-0.3699496707664921,1347,band5,90-95%,-0.14736141257676005,-0.20106761565836295,67,0.22258825818973205
Apr,2019,2019-04-02,2019-04-03,12m,-0.3699496707664921,1347,band5,95-100%,-0.07941706896387109,-0.16215069860279452,68,0.290532601802621
Apr,2019,2019-04-02,2019-04-03,12m,-0.3699496707664921,1347,band1,0-1%,-0.396815767507279,-0.4015267175572519,13,-0.026866096740786882
Apr,2019,2019-04-02,2019-04-03,12m,-0.3699496707664921,1347,band1,1-2%,-0.23957369608559956,-0.34874213836477985,12,0.13037597468089254
Apr,2019,2019-04-02,2019-04-03,12m,-0.3699496707664921,1347,band1,2-3%,-0.3776062760195087,-0.3541159448552974,14,-0.007656605253016591
Apr,2019,2019-04-02,2019-04-03,12m,-0.3699496707664921,1347,band1,3-4%,-0.4786526039385616,-0.5048342541436464,13,-0.10870293317206953
Apr,2019,2019-04-02,2019-04-03,12m,-0.3699496707664921,1347,band1,4-5%,-0.43178992888613715,-0.46229981148293103,14,-0.06184025811964505
Apr,2019,2019-04-02,2019-04-03,12m,-0.3699496707664921,1347,band1,5-6%,-0.3435067564348891,-0.4043209876543209,13,0.026442914331603007
Apr,2019,2019-04-02,2019-04-03,12m,-0.3699496707664921,1347,band1,6-7%,-0.3565880048137844,-0.4759668109668109,14,0.013361665952707713
Apr,2019,2019-04-02,2019-04-03,12m,-0.3699496707664921,1347,band1,7-8%,-0.47657162179096824,-0.45822454308093996,13,-0.10662195102447614
Apr,2019,2019-04-02,2019-04-03,12m,-0.3699496707664921,1347,band1,8-9%,-0.4027633358402366,-0.43233037926434154,14,-0.0328136650737445
Apr,2019,2019-04-02,2019-04-03,12m,-0.3699496707664921,1347,band1,9-10%,-0.3510380525416604,-0.5788461538461539,13,0.018911618224831728
Apr,2019,2019-04-02,2019-04-03,12m,-0.3699496707664921,1347,band1,10-11%,-0.3801770405397234,-0.4169074266846562,14,-0.010227369773231298
Apr,2019,2019-04-02,2019-04-03,12m,-0.3699496707664921,1347,band1,11-12%,-0.49851853592622447,-0.488833746898263,13,-0.12856886515973237
Apr,2019,2019-04-02,2019-04-03,12m,-0.3699496707664921,1347,band1,12-13%,-0.4575361778951676,-0.43210045038897227,14,-0.0875865071286755
Apr,2019,2019-04-02,2019-04-03,12m,-0.3699496707664921,1347,band1,13-14%,-0.507148555671785,-0.5017857142857143,13,-0.13719888490529286
Apr,2019,2019-04-02,2019-04-03,12m,-0.3699496707664921,1347,band1,14-15%,-0.4499924686263598,-0.49446501764547623,14,-0.08004279785986768
Apr,2019,2019-04-02,2019-04-03,12m,-0.3699496707664921,1347,band1,15-16%,-0.442533915636754,-0.4459833795013851,13,-0.07258424487026188
Apr,2019,2019-04-02,2019-04-03,12m,-0.3699496707664921,1347,band1,16-17%,-0.365190518457803,-0.37662066306861985,14,0.0047591523086891185
Apr,2019,2019-04-02,2019-04-03,12m,-0.3699496707664921,1347,band1,17-18%,-0.41153207055482655,-0.5045632333767927,13,-0.041582399788334445
Apr,2019,2019-04-02,2019-04-03,12m,-0.3699496707664921,1347,band1,18-19%,-0.34525522259532754,-0.46927477017364655,14,0.024694448171164562
Apr,2019,2019-04-02,2019-04-03,12m,-0.3699496707664921,1347,band1,19-20%,-0.42245542516608486,-0.5063760723394389,13,-0.05250575439959276
Apr,2019,2019-04-02,2019-04-03,12m,-0.3699496707664921,1347,cum,top 2%,-0.3213395732248729,-0.4015267175572519,25,0.04861009754161921
Apr,2019,2019-04-02,2019-04-03,12m,-0.3699496707664921,1347,cum,top 5%,-0.3876896977348813,-0.4325896665553948,66,-0.017740026968389222
Apr,2019,2019-04-02,2019-04-03,12m,-0.3699496707664921,1347,cum,top 10%,-0.3867891159371143,-0.4373015873015873,133,-0.01683944517062219
Apr,2019,2019-04-02,2019-04-03,12m,-0.3699496707664921,1347,cum,top 15%,-0.4106691752699892,-0.448314606741573,201,-0.040719504503497095
Apr,2019,2019-04-02,2019-04-03,12m,-0.3699496707664921,1347,cum,top 20%,-0.4070355334017212,-0.4515212374257879,268,-0.037085862635229117
Apr,2019,2019-04-02,2019-04-03,12m,-0.3699496707664921,1347,cum,top 25%,-0.41630691636139056,-0.45617168707141054,336,-0.046357245594898455
Apr,2019,2019-04-02,2019-04-03,12m,-0.3699496707664921,1347,cum,top 30%,-0.42461784663299507,-0.4634943697784235,403,-0.054668175866502966
Apr,2019,2019-04-02,2019-04-03,12m,-0.3699496707664921,1347,cum,top 40%,-0.4268054341215075,-0.46558020070086015,538,-0.05685576335501541
Apr,2019,2019-04-02,2019-04-03,12m,-0.3699496707664921,1347,cum,top 50%,-0.4366240987882775,-0.46637168141592916,672,-0.06667442802178541
Apr,2019,2019-04-02,2019-04-03,12m,-0.3699496707664921,1347,cum,top 100%,-0.3699496707664921,-0.4301754385964913,1347,0.0
Apr,2019,2019-04-02,2019-04-03,18m,-0.1461682252224306,1338,band5,0-5%,-0.14420787099598806,-0.2938167765401227,66,0.001960354226442529
Apr,2019,2019-04-02,2019-04-03,18m,-0.1461682252224306,1338,band5,5-10%,-0.06375133475281748,-0.31034482758620685,67,0.0824168904696131
Apr,2019,2019-04-02,2019-04-03,18m,-0.1461682252224306,1338,band5,10-15%,-0.2646197175582034,-0.31743278442066986,68,-0.11845149233577282
Apr,2019,2019-04-02,2019-04-03,18m,-0.1461682252224306,1338,band5,15-20%,-0.13333777794465865,-0.3261146496815287,67,0.01283044727777194
Apr,2019,2019-04-02,2019-04-03,18m,-0.1461682252224306,1338,band5,20-25%,-0.24507534543052273,-0.3561643835616438,67,-0.09890712020809214
Apr,2019,2019-04-02,2019-04-03,18m,-0.1461682252224306,1338,band5,25-30%,-0.3373995825027054,-0.3937259923175416,65,-0.19123135728027482
Apr,2019,2019-04-02,2019-04-03,18m,-0.1461682252224306,1338,band5,30-35%,-0.22179339830140612,-0.28094731868651074,68,-0.07562517307897554
Apr,2019,2019-04-02,2019-04-03,18m,-0.1461682252224306,1338,band5,35-40%,-0.24562347911337107,-0.3811073784987322,66,-0.09945525389094048
Apr,2019,2019-04-02,2019-04-03,18m,-0.1461682252224306,1338,band5,40-45%,-0.27083284032137667,-0.34285714285714286,67,-0.12466461509894608
Apr,2019,2019-04-02,2019-04-03,18m,-0.1461682252224306,1338,band5,45-50%,-0.29111070427520686,-0.4004752006287746,67,-0.14494247905277627
Apr,2019,2019-04-02,2019-04-03,18m,-0.1461682252224306,1338,band5,50-55%,-0.12508806033148873,-0.3061342500596137,66,0.02108016489094186
Apr,2019,2019-04-02,2019-04-03,18m,-0.1461682252224306,1338,band5,55-60%,0.1092479213229601,-0.3211731099301608,68,0.2554161465453907
Apr,2019,2019-04-02,2019-04-03,18m,-0.1461682252224306,1338,band5,60-65%,-0.24134182072634244,-0.3658930373360242,67,-0.09517359550391186
Apr,2019,2019-04-02,2019-04-03,18m,-0.1461682252224306,1338,band5,65-70%,-0.10380802309338225,-0.22366228476208105,67,0.04236020212904834
Apr,2019,2019-04-02,2019-04-03,18m,-0.1461682252224306,1338,band5,70-75%,-0.1883490295126822,-0.31082474226804124,67,-0.04218080429025162
Apr,2019,2019-04-02,2019-04-03,18m,-0.1461682252224306,1338,band5,75-80%,-0.1209951321128195,-0.20738514383855733,67,0.02517309310961109
Apr,2019,2019-04-02,2019-04-03,18m,-0.1461682252224306,1338,band5,80-85%,-0.0765795086564937,-0.18950819672131147,67,0.06958871656593689
Apr,2019,2019-04-02,2019-04-03,18m,-0.1461682252224306,1338,band5,85-90%,-0.1295211241918804,-0.23317460317460315,67,0.0166471010305502
Apr,2019,2019-04-02,2019-04-03,18m,-0.1461682252224306,1338,band5,90-95%,0.0875897369258964,-0.05374459678566956,66,0.233757962148327
Apr,2019,2019-04-02,2019-04-03,18m,-0.1461682252224306,1338,band5,95-100%,0.07564641387883803,0.04102126044039478,68,0.2218146391012686
Apr,2019,2019-04-02,2019-04-03,18m,-0.1461682252224306,1338,band1,0-1%,-0.23761099030905858,-0.37056367432150317,13,-0.09144276508662799
Apr,2019,2019-04-02,2019-04-03,18m,-0.1461682252224306,1338,band1,1-2%,0.11336232370577816,-0.11206395445950734,12,0.25953054892820876
Apr,2019,2019-04-02,2019-04-03,18m,-0.1461682252224306,1338,band1,2-3%,-0.12003603677212625,-0.17362795920752006,14,0.026132188450304336
Apr,2019,2019-04-02,2019-04-03,18m,-0.1461682252224306,1338,band1,3-4%,-0.24033158882834843,-0.3157894736842105,13,-0.09416336360591784
Apr,2019,2019-04-02,2019-04-03,18m,-0.1461682252224306,1338,band1,4-5%,-0.2131649519006065,-0.3314232064232065,14,-0.06699672667817591
Apr,2019,2019-04-02,2019-04-03,18m,-0.1461682252224306,1338,band1,5-6%,-0.019528211052263503,-0.18679050567595468,13,0.12664001417016707
Apr,2019,2019-04-02,2019-04-03,18m,-0.1461682252224306,1338,band1,6-7%,-0.1971701373650155,-0.37088037839487337,14,-0.051001912142584926
Apr,2019,2019-04-02,2019-04-03,18m,-0.1461682252224306,1338,band1,7-8%,-0.2902409039537178,-0.3870967741935485,13,-0.14407267873128723
Apr,2019,2019-04-02,2019-04-03,18m,-0.1461682252224306,1338,band1,8-9%,0.15928092991261325,-0.299644518781671,14,0.30544915513504384
Apr,2019,2019-04-02,2019-04-03,18m,-0.1461682252224306,1338,band1,9-10%,0.022008305459431998,-0.3916691639196883,13,0.16817653068186258
Apr,2019,2019-04-02,2019-04-03,18m,-0.1461682252224306,1338,band1,10-11%,-0.19989760946535334,-0.24887037948302315,14,-0.053729384242922756
Apr,2019,2019-04-02,2019-04-03,18m,-0.1461682252224306,1338,band1,11-12%,-0.28368057203529085,-0.3482352941176471,13,-0.13751234681286026
Apr,2019,2019-04-02,2019-04-03,18m,-0.1461682252224306,1338,band1,12-13%,-0.27804032739199325,-0.32040205352365986,14,-0.13187210216956266
Apr,2019,2019-04-02,2019-04-03,18m,-0.1461682252224306,1338,band1,13-14%,-0.3383351928298771,-0.28370330265295063,13,-0.19216696760744653
Apr,2019,2019-04-02,2019-04-03,18m,-0.1461682252224306,1338,band1,14-15%,-0.22977176676484262,-0.3462459046919272,14,-0.08360354154241204
Apr,2019,2019-04-02,2019-04-03,18m,-0.1461682252224306,1338,band1,15-16%,-0.30330069856665987,-0.38781163434903043,13,-0.15713247334422928
Apr,2019,2019-04-02,2019-04-03,18m,-0.1461682252224306,1338,band1,16-17%,-0.10264645091187964,-0.19693853729261823,14,0.043521774310550945
Apr,2019,2019-04-02,2019-04-03,18m,-0.1461682252224306,1338,band1,17-18%,-0.056712168212029325,-0.45870565935553753,13,0.08945605701040127
Apr,2019,2019-04-02,2019-04-03,18m,-0.1461682252224306,1338,band1,18-19%,-0.05672842320323145,-0.4046629380535704,14,0.08943980201919913
Apr,2019,2019-04-02,2019-04-03,18m,-0.1461682252224306,1338,band1,19-20%,-0.1555550474275087,-0.23168103448275867,13,-0.00938682220507811
Apr,2019,2019-04-02,2019-04-03,18m,-0.1461682252224306,1338,cum,top 2%,-0.06914379958193693,-0.21344537815126052,25,0.07702442564049365
Apr,2019,2019-04-02,2019-04-03,18m,-0.1461682252224306,1338,cum,top 5%,-0.14420787099598806,-0.2938167765401227,66,0.001960354226442529
Apr,2019,2019-04-02,2019-04-03,18m,-0.1461682252224306,1338,cum,top 10%,-0.10367713469303748,-0.3057199211045365,133,0.04249109052939311
Apr,2019,2019-04-02,2019-04-03,18m,-0.1461682252224306,1338,cum,top 15%,-0.15812537168224786,-0.30999999999999994,201,-0.01195714645981727
Apr,2019,2019-04-02,2019-04-03,18m,-0.1461682252224306,1338,cum,top 20%,-0.15192847324785053,-0.312743842364532,268,-0.0057602480254199395
Apr,2019,2019-04-02,2019-04-03,18m,-0.1461682252224306,1338,cum,top 25%,-0.17055784768438498,-0.32193732193732205,335,-0.02438962246195439
Apr,2019,2019-04-02,2019-04-03,18m,-0.1461682252224306,1338,cum,top 30%,-0.19766962959236206,-0.3345715700842001,400,-0.051501404369931475
Apr,2019,2019-04-02,2019-04-03,18m,-0.1461682252224306,1338,cum,top 40%,-0.20666845045491186,-0.33614389712822523,534,-0.060500225232481275
Apr,2019,2019-04-02,2019-04-03,18m,-0.1461682252224306,1338,cum,top 50%,-0.22157360783067973,-0.34332122679580307,668,-0.07540538260824914
Apr,2019,2019-04-02,2019-04-03,18m,-0.1461682252224306,1338,cum,top 100%,-0.1461682252224306,-0.2891543483813998,1338,0.0
Apr,2019,2019-04-02,2019-04-03,24m,0.18435496207865018,1320,band5,0-5%,0.28316750920956696,-0.029939056450371426,66,0.09881254713091678
Apr,2019,2019-04-02,2019-04-03,24m,0.18435496207865018,1320,band5,5-10%,0.31567219862491924,-0.021696252465483234,65,0.13131723654626906
Apr,2019,2019-04-02,2019-04-03,24m,0.18435496207865018,1320,band5,10-15%,0.055347287714844345,-0.09200968523002417,65,-0.12900767436380584
Apr,2019,2019-04-02,2019-04-03,24m,0.18435496207865018,1320,band5,15-20%,0.1871325547519313,-0.062426683448709885,66,0.0027775926732811207
Apr,2019,2019-04-02,2019-04-03,24m,0.18435496207865018,1320,band5,20-25%,0.06833030136389147,0.0,67,-0.11602466071475871
Apr,2019,2019-04-02,2019-04-03,24m,0.18435496207865018,1320,band5,25-30%,-0.10564285256616272,-0.22849727181407248,64,-0.2899978146448129
Apr,2019,2019-04-02,2019-04-03,24m,0.18435496207865018,1320,band5,30-35%,0.27560118209823253,-0.08280077799388708,67,0.09124622001958235
Apr,2019,2019-04-02,2019-04-03,24m,0.18435496207865018,1320,band5,35-40%,-0.021055002775403713,-0.1428571428571429,65,-0.20540996485405388
Apr,2019,2019-04-02,2019-04-03,24m,0.18435496207865018,1320,band5,40-45%,0.11445289985859644,-0.14561766735679782,67,-0.06990206222005374
Apr,2019,2019-04-02,2019-04-03,24m,0.18435496207865018,1320,band5,45-50%,0.010684039076454908,-0.11582009956522316,66,-0.17367092300219528
Apr,2019,2019-04-02,2019-04-03,24m,0.18435496207865018,1320,band5,50-55%,0.1353753581936881,-0.05012421417458229,64,-0.048979603884962086
Apr,2019,2019-04-02,2019-04-03,24m,0.18435496207865018,1320,band5,55-60%,0.4511736214808199,0.09815474658357659,68,0.26681865940216976
Apr,2019,2019-04-02,2019-04-03,24m,0.18435496207865018,1320,band5,60-65%,0.10343821932235264,-0.1573439635748387,66,-0.08091674275629754
Apr,2019,2019-04-02,2019-04-03,24m,0.18435496207865018,1320,band5,65-70%,0.27430861817974517,0.006215469613259472,67,0.08995365610109499
Apr,2019,2019-04-02,2019-04-03,24m,0.18435496207865018,1320,band5,70-75%,0.14520775268816302,-0.13994169096209907,65,-0.03914720939048716
Apr,2019,2019-04-02,2019-04-03,24m,0.18435496207865018,1320,band5,75-80%,0.26530832415483596,0.050511216236838186,65,0.08095336207618578
Apr,2019,2019-04-02,2019-04-03,24m,0.18435496207865018,1320,band5,80-85%,0.26056403706756104,0.17951589284176062,67,0.07620907498891086
Apr,2019,2019-04-02,2019-04-03,24m,0.18435496207865018,1320,band5,85-90%,0.13754033286239173,0.05059504132231418,67,-0.04681462921625845
Apr,2019,2019-04-02,2019-04-03,24m,0.18435496207865018,1320,band5,90-95%,0.41200914660631466,0.2645450331459822,65,0.22765418452766448
Apr,2019,2019-04-02,2019-04-03,24m,0.18435496207865018,1320,band5,95-100%,0.29733434125667424,0.3017447933678571,68,0.11297937917802406
Apr,2019,2019-04-02,2019-04-03,24m,0.18435496207865018,1320,band1,0-1%,0.4332376238977501,0.14468085106382955,13,0.24888266181909993
Apr,2019,2019-04-02,2019-04-03,24m,0.18435496207865018,1320,band1,1-2%,1.042013500075302,0.11013735088636467,12,0.8576585379966517
Apr,2019,2019-04-02,2019-04-03,24m,0.18435496207865018,1320,band1,2-3%,-0.026085200211293007,-0.12229555618529325,14,-0.2104401622899432
Apr,2019,2019-04-02,2019-04-03,24m,0.18435496207865018,1320,band1,3-4%,0.06637726179050857,0.03488372093023262,13,-0.11797770028814161
Apr,2019,2019-04-02,2019-04-03,24m,0.18435496207865018,1320,band1,4-5%,0.003935206852752718,-0.2221866096866097,14,-0.18041975522589745
Apr,2019,2019-04-02,2019-04-03,24m,0.18435496207865018,1320,band1,5-6%,0.5718572211690227,0.02557014512785094,13,0.3875022590903725
Apr,2019,2019-04-02,2019-04-03,24m,0.18435496207865018,1320,band1,6-7%,0.05069327190869559,-0.096551724137931,13,-0.1336616901699546
Apr,2019,2019-04-02,2019-04-03,24m,0.18435496207865018,1320,band1,7-8%,-0.0732803993164958,-0.11547911547911549,13,-0.257635361395146
Apr,2019,2019-04-02,2019-04-03,24m,0.18435496207865018,1320,band1,8-9%,0.6645072269923501,0.11318372403278065,14,0.4801522649136999
Apr,2019,2019-04-02,2019-04-03,24m,0.18435496207865018,1320,band1,9-10%,0.3395900428192467,-0.04254085622010151,12,0.15523508074059653
Apr,2019,2019-04-02,2019-04-03,24m,0.18435496207865018,1320,band1,10-11%,0.26357535340363136,0.09313600408267408,13,0.07922039132498118
Apr,2019,2019-04-02,2019-04-03,24m,0.18435496207865018,1320,band1,11-12%,0.0758018168996265,-0.19047619047619047,13,-0.10855314517902367
Apr,2019,2019-04-02,2019-04-03,24m,0.18435496207865018,1320,band1,12-13%,0.08532963519243851,-0.06255884240985499,12,-0.09902532688621167
Apr,2019,2019-04-02,2019-04-03,24m,0.18435496207865018,1320,band1,13-14%,-0.03517206812218599,-0.03865168539325836,13,-0.21952703020083617
Apr,2019,2019-04-02,2019-04-03,24m,0.18435496207865018,1320,band1,14-15%,-0.0986463035141653,-0.18859011627906974,14,-0.28300126559281547
Apr,2019,2019-04-02,2019-04-03,24m,0.18435496207865018,1320,band1,15-16%,-0.03241070739943229,-0.07338017174082745,13,-0.21676566947808246
Apr,2019,2019-04-02,2019-04-03,24m,0.18435496207865018,1320,band1,16-17%,0.09562524490823301,-0.014328011208739111,14,-0.08872971717041717
Apr,2019,2019-04-02,2019-04-03,24m,0.18435496207865018,1320,band1,17-18%,0.499820730538359,-0.2554038289988335,12,0.31546576845970886
Apr,2019,2019-04-02,2019-04-03,24m,0.18435496207865018,1320,band1,18-19%,0.28797129899427826,-0.02355636189516752,14,0.10361633691562808
Apr,2019,2019-04-02,2019-04-03,24m,0.18435496207865018,1320,band1,19-20%,0.10799134067112474,-0.06828193832599116,13,-0.07636362140752544
Apr,2019,2019-04-02,2019-04-03,24m,0.18435496207865018,1320,cum,top 2%,0.7254500444629748,0.11838790931989918,25,0.5410950823843246
Apr,2019,2019-04-02,2019-04-03,24m,0.18435496207865018,1320,cum,top 5%,0.28316750920956696,-0.029939056450371426,66,0.09881254713091678
Apr,2019,2019-04-02,2019-04-03,24m,0.18435496207865018,1320,cum,top 10%,0.2992957902171845,-0.023809523809523947,131,0.11494082813853432
Apr,2019,2019-04-02,2019-04-03,24m,0.18435496207865018,1320,cum,top 15%,0.21839450112202075,-0.02674979683055667,196,0.034039539043370565
Apr,2019,2019-04-02,2019-04-03,24m,0.18435496207865018,1320,cum,top 20%,0.21051935432650204,-0.029939056450371426,262,0.02616439224785186
Apr,2019,2019-04-02,2019-04-03,24m,0.18435496207865018,1320,cum,top 25%,0.181562921048402,-0.026630434782608736,329,-0.002792041030248188
Apr,2019,2019-04-02,2019-04-03,24m,0.18435496207865018,1320,cum,top 30%,0.13479149735544488,-0.056571428571428606,393,-0.0495634647232053
Apr,2019,2019-04-02,2019-04-03,24m,0.18435496207865018,1320,cum,top 40%,0.13346621424927657,-0.07255139056831927,525,-0.05088874782937361
Apr,2019,2019-04-02,2019-04-03,24m,0.18435496207865018,1320,cum,top 50%,0.11921467074535286,-0.08298576329957796,658,-0.06514029133329732
Apr,2019,2019-04-02,2019-04-03,24m,0.18435496207865018,1320,cum,top 100%,0.18435496207865018,-0.015117155108192504,1320,0.0
Oct,2019,2019-10-09,2019-10-10,3m,0.09996853334741095,1305,band5,0-5%,0.13807377672446383,0.06278026905829592,65,0.038105243377052886
Oct,2019,2019-10-09,2019-10-10,3m,0.09996853334741095,1305,band5,5-10%,0.15208202397852316,0.05424200278164104,65,0.052113490631112216
Oct,2019,2019-10-09,2019-10-10,3m,0.09996853334741095,1305,band5,10-15%,0.0681134208372307,0.03421052631578947,65,-0.03185511251018025
Oct,2019,2019-10-09,2019-10-10,3m,0.09996853334741095,1305,band5,15-20%,0.13275939245231005,0.0653206650831355,65,0.03279085910489911
Oct,2019,2019-10-09,2019-10-10,3m,0.09996853334741095,1305,band5,20-25%,0.003843032482295218,-0.03397595988599944,66,-0.09612550086511573
Oct,2019,2019-10-09,2019-10-10,3m,0.09996853334741095,1305,band5,25-30%,0.11687082278621719,0.0823247363173637,64,0.016902289438806242
Oct,2019,2019-10-09,2019-10-10,3m,0.09996853334741095,1305,band5,30-35%,0.09415039057342571,0.07443365695792892,65,-0.005818142773985235
Oct,2019,2019-10-09,2019-10-10,3m,0.09996853334741095,1305,band5,35-40%,0.0878282541182388,0.09555541439037818,66,-0.012140279229172143
Oct,2019,2019-10-09,2019-10-10,3m,0.09996853334741095,1305,band5,40-45%,0.14983619484646082,0.12163146394755997,65,0.04986766149904988
Oct,2019,2019-10-09,2019-10-10,3m,0.09996853334741095,1305,band5,45-50%,0.11014036342561664,0.08048666354702871,65,0.010171830078205699
Oct,2019,2019-10-09,2019-10-10,3m,0.09996853334741095,1305,band5,50-55%,0.057366333712272045,0.039665970772442494,65,-0.0426021996351389
Oct,2019,2019-10-09,2019-10-10,3m,0.09996853334741095,1305,band5,55-60%,0.11702652730189599,0.09607293127629757,65,0.01705799395448504
Oct,2019,2019-10-09,2019-10-10,3m,0.09996853334741095,1305,band5,60-65%,0.1737040467282735,0.12350324475931795,66,0.07373551338086255
Oct,2019,2019-10-09,2019-10-10,3m,0.09996853334741095,1305,band5,65-70%,0.06822754689211707,0.06274045575614107,65,-0.03174098645529387
Oct,2019,2019-10-09,2019-10-10,3m,0.09996853334741095,1305,band5,70-75%,0.1002440050131029,0.08420790839855596,66,0.00027547166569195924
Oct,2019,2019-10-09,2019-10-10,3m,0.09996853334741095,1305,band5,75-80%,0.08838489487073575,0.05405000748615074,65,-0.011583638476675193
Oct,2019,2019-10-09,2019-10-10,3m,0.09996853334741095,1305,band5,80-85%,0.09148113830853848,0.06799130704750067,65,-0.00848739503887247
Oct,2019,2019-10-09,2019-10-10,3m,0.09996853334741095,1305,band5,85-90%,0.09490339452138652,0.09011276491963294,66,-0.005065138826024426
Oct,2019,2019-10-09,2019-10-10,3m,0.09996853334741095,1305,band5,90-95%,0.07845079757247644,0.051846032992930224,65,-0.0215177357749345
Oct,2019,2019-10-09,2019-10-10,3m,0.09996853334741095,1305,band5,95-100%,0.0771010741489609,0.08717353137342077,66,-0.02286745919845004
Oct,2019,2019-10-09,2019-10-10,3m,0.09996853334741095,1305,band1,0-1%,0.11527635851752495,0.02777777777777768,13,0.015307825170114003
Oct,2019,2019-10-09,2019-10-10,3m,0.09996853334741095,1305,band1,1-2%,0.19041969468427647,0.07777777777777772,13,0.09045116133686552
Oct,2019,2019-10-09,2019-10-10,3m,0.09996853334741095,1305,band1,2-3%,0.06833237412880976,0.05295566502463056,13,-0.03163615921860119
Oct,2019,2019-10-09,2019-10-10,3m,0.09996853334741095,1305,band1,3-4%,0.09133629469885335,0.07627118644067776,13,-0.008632238648557597
Oct,2019,2019-10-09,2019-10-10,3m,0.09996853334741095,1305,band1,4-5%,0.22500416159285458,0.1709677419354838,13,0.12503562824544362
Oct,2019,2019-10-09,2019-10-10,3m,0.09996853334741095,1305,band1,5-6%,0.25134547736665447,0.13819577735124744,13,0.1513769440192435
Oct,2019,2019-10-09,2019-10-10,3m,0.09996853334741095,1305,band1,6-7%,0.14615310074147111,0.03425925925925921,13,0.04618456739406017
Oct,2019,2019-10-09,2019-10-10,3m,0.09996853334741095,1305,band1,7-8%,0.19484795432722807,0.16535433070866135,13,0.09487942097981712
Oct,2019,2019-10-09,2019-10-10,3m,0.09996853334741095,1305,band1,8-9%,0.07471378211388037,0.021582733812949506,13,-0.025254751233530576
Oct,2019,2019-10-09,2019-10-10,3m,0.09996853334741095,1305,band1,9-10%,0.09334980534338158,0.05424200278164104,13,-0.0066187280040293645
Oct,2019,2019-10-09,2019-10-10,3m,0.09996853334741095,1305,band1,10-11%,0.10268930469552108,0.05572139303482593,13,0.0027207713481101348
Oct,2019,2019-10-09,2019-10-10,3m,0.09996853334741095,1305,band1,11-12%,0.050108803738578435,0.0007913338716303842,12,-0.04985972960883251
Oct,2019,2019-10-09,2019-10-10,3m,0.09996853334741095,1305,band1,12-13%,0.0968686815144363,0.08834963782002137,14,-0.0030998518329746483
Oct,2019,2019-10-09,2019-10-10,3m,0.09996853334741095,1305,band1,13-14%,0.049968802459335215,-0.022136669874879833,13,-0.04999973088807573
Oct,2019,2019-10-09,2019-10-10,3m,0.09996853334741095,1305,band1,14-15%,0.03733459810321646,0.03197674418604657,13,-0.06263393524419449
Oct,2019,2019-10-09,2019-10-10,3m,0.09996853334741095,1305,band1,15-16%,0.13364641911037387,0.06369426751592355,13,0.03367788576296292
Oct,2019,2019-10-09,2019-10-10,3m,0.09996853334741095,1305,band1,16-17%,0.06142537555247331,0.04669260700389111,13,-0.03854315779493764
Oct,2019,2019-10-09,2019-10-10,3m,0.09996853334741095,1305,band1,17-18%,0.09361041532815714,0.14181818181818184,13,-0.006358118019253803
Oct,2019,2019-10-09,2019-10-10,3m,0.09996853334741095,1305,band1,18-19%,0.1477153837806301,0.03942652329749108,13,0.04774685043321915
Oct,2019,2019-10-09,2019-10-10,3m,0.09996853334741095,1305,band1,19-20%,0.22739936848991593,0.1410788381742738,13,0.12743083514250497
Oct,2019,2019-10-09,2019-10-10,3m,0.09996853334741095,1305,cum,top 2%,0.15284802660090066,0.04797570850202437,26,0.052879493253489715
Oct,2019,2019-10-09,2019-10-10,3m,0.09996853334741095,1305,cum,top 5%,0.13807377672446383,0.06278026905829592,65,0.038105243377052886
Oct,2019,2019-10-09,2019-10-10,3m,0.09996853334741095,1305,cum,top 10%,0.14507790035149346,0.05851113591996848,130,0.04510936700408251
Oct,2019,2019-10-09,2019-10-10,3m,0.09996853334741095,1305,cum,top 15%,0.1194230738467392,0.05384615384615388,195,0.01945454049932825
Oct,2019,2019-10-09,2019-10-10,3m,0.09996853334741095,1305,cum,top 20%,0.12275715349813193,0.056432125088841545,260,0.022788620150720987
Oct,2019,2019-10-09,2019-10-10,3m,0.09996853334741095,1305,cum,top 25%,0.09868251550106069,0.047258843022837116,326,-0.0012860178463502542
Oct,2019,2019-10-09,2019-10-10,3m,0.09996853334741095,1305,cum,top 30%,0.10166726336324021,0.054319550801518623,390,0.001698730015829264
Oct,2019,2019-10-09,2019-10-10,3m,0.09996853334741095,1305,cum,top 40%,0.09897633948318642,0.0625,521,-0.0009921938642245276
Oct,2019,2019-10-09,2019-10-10,3m,0.09996853334741095,1305,cum,top 50%,0.10516919993613696,0.0714285714285714,651,0.005200666588726019
Oct,2019,2019-10-09,2019-10-10,3m,0.09996853334741095,1305,cum,top 100%,0.09996853334741095,0.0729619059436657,1305,0.0
Oct,2019,2019-10-09,2019-10-10,6m,-0.21149334700162403,1305,band5,0-5%,-0.12389603835980073,-0.17460317460317454,65,0.0875973086418233
Oct,2019,2019-10-09,2019-10-10,6m,-0.21149334700162403,1305,band5,5-10%,-0.18603071052332304,-0.2068965517241379,65,0.025462636478300993
Oct,2019,2019-10-09,2019-10-10,6m,-0.21149334700162403,1305,band5,10-15%,-0.24386805614423687,-0.2893036611629577,65,-0.03237470914261284
Oct,2019,2019-10-09,2019-10-10,6m,-0.21149334700162403,1305,band5,15-20%,-0.18586194268635065,-0.18421052631578938,65,0.025631404315273387
Oct,2019,2019-10-09,2019-10-10,6m,-0.21149334700162403,1305,band5,20-25%,-0.298303406868917,-0.3395061728395061,66,-0.08681005986729295
Oct,2019,2019-10-09,2019-10-10,6m,-0.21149334700162403,1305,band5,25-30%,-0.18623475402579737,-0.19430707901685962,64,0.025258592975826666
Oct,2019,2019-10-09,2019-10-10,6m,-0.21149334700162403,1305,band5,30-35%,-0.2241796793393153,-0.2509983216621332,65,-0.012686332337691258
Oct,2019,2019-10-09,2019-10-10,6m,-0.21149334700162403,1305,band5,35-40%,-0.2872711849933106,-0.2951777775114744,66,-0.07577783799168658
Oct,2019,2019-10-09,2019-10-10,6m,-0.21149334700162403,1305,band5,40-45%,-0.22563671715832062,-0.2488095238095238,65,-0.014143370156696589
Oct,2019,2019-10-09,2019-10-10,6m,-0.21149334700162403,1305,band5,45-50%,-0.2103220576769265,-0.24184782608695665,65,0.0011712893246975387
Oct,2019,2019-10-09,2019-10-10,6m,-0.21149334700162403,1305,band5,50-55%,-0.3069218750891459,-0.3216612377850163,65,-0.09542852808752189
Oct,2019,2019-10-09,2019-10-10,6m,-0.21149334700162403,1305,band5,55-60%,-0.2661744364827268,-0.2908974358974359,65,-0.054681089481102785
Oct,2019,2019-10-09,2019-10-10,6m,-0.21149334700162403,1305,band5,60-65%,-0.21912494362591325,-0.24619177650693558,66,-0.007631596624289222
Oct,2019,2019-10-09,2019-10-10,6m,-0.21149334700162403,1305,band5,65-70%,-0.22943697514219155,-0.3089887640449438,65,-0.01794362814056752
Oct,2019,2019-10-09,2019-10-10,6m,-0.21149334700162403,1305,band5,70-75%,-0.23595844403222194,-0.3115722864396232,66,-0.024465097030597904
Oct,2019,2019-10-09,2019-10-10,6m,-0.21149334700162403,1305,band5,75-80%,-0.1930324748446308,-0.28431601025402,65,0.01846087215699324
Oct,2019,2019-10-09,2019-10-10,6m,-0.21149334700162403,1305,band5,80-85%,-0.23249723819785206,-0.25656392694063923,65,-0.02100389119622803
Oct,2019,2019-10-09,2019-10-10,6m,-0.21149334700162403,1305,band5,85-90%,-0.18018730238864974,-0.2156459412576065,66,0.03130604461297429
Oct,2019,2019-10-09,2019-10-10,6m,-0.21149334700162403,1305,band5,90-95%,-0.12013075055533455,-0.16843163538873995,65,0.09136259644628948
Oct,2019,2019-10-09,2019-10-10,6m,-0.21149334700162403,1305,band5,95-100%,-0.0740109557645972,-0.1581275859395223,66,0.13748239123702682
Oct,2019,2019-10-09,2019-10-10,6m,-0.21149334700162403,1305,band1,0-1%,-0.15007245690625923,-0.28260869565217395,13,0.061420890095364805
Oct,2019,2019-10-09,2019-10-10,6m,-0.21149334700162403,1305,band1,1-2%,-0.07507502481102844,-0.06666666666666665,13,0.13641832219059558
Oct,2019,2019-10-09,2019-10-10,6m,-0.21149334700162403,1305,band1,2-3%,-0.07158430001839083,-0.17460317460317454,13,0.1399090469832332
Oct,2019,2019-10-09,2019-10-10,6m,-0.21149334700162403,1305,band1,3-4%,-0.27809222791673566,-0.2021739130434782,13,-0.06659888091511162
Oct,2019,2019-10-09,2019-10-10,6m,-0.21149334700162403,1305,band1,4-5%,-0.044656182146589445,-0.3032258064516129,13,0.16683716485503458
Oct,2019,2019-10-09,2019-10-10,6m,-0.21149334700162403,1305,band1,5-6%,-0.192545185633553,-0.23224568138195778,13,0.018948161368071037
Oct,2019,2019-10-09,2019-10-10,6m,-0.21149334700162403,1305,band1,6-7%,-0.2096006342051517,-0.2024221453287196,13,0.0018927127964723234
Oct,2019,2019-10-09,2019-10-10,6m,-0.21149334700162403,1305,band1,7-8%,-0.06932288513714929,-0.2176689728579031,13,0.14217046186447474
Oct,2019,2019-10-09,2019-10-10,6m,-0.21149334700162403,1305,band1,8-9%,-0.1719653694439511,-0.11904761904761896,13,0.03952797755767293
Oct,2019,2019-10-09,2019-10-10,6m,-0.21149334700162403,1305,band1,9-10%,-0.2867194781968101,-0.2726008344923506,13,-0.07522613119518606
Oct,2019,2019-10-09,2019-10-10,6m,-0.21149334700162403,1305,band1,10-11%,-0.20988568677625757,-0.2736318407960199,13,0.0016076602253664585
Oct,2019,2019-10-09,2019-10-10,6m,-0.21149334700162403,1305,band1,11-12%,-0.22893467848475169,-0.33412481639406383,12,-0.017441331483127653
Oct,2019,2019-10-09,2019-10-10,6m,-0.21149334700162403,1305,band1,12-13%,-0.1746597554630426,-0.20562077743525842,14,0.03683359153858143
Oct,2019,2019-10-09,2019-10-10,6m,-0.21149334700162403,1305,band1,13-14%,-0.25685878509505966,-0.3035714285714285,13,-0.04536543809343563
Oct,2019,2019-10-09,2019-10-10,6m,-0.21149334700162403,1305,band1,14-15%,-0.35317636898066573,-0.2893036611629577,13,-0.1416830219790417
Oct,2019,2019-10-09,2019-10-10,6m,-0.21149334700162403,1305,band1,15-16%,-0.16308101410318546,-0.07643312101910826,13,0.048412332898438576
Oct,2019,2019-10-09,2019-10-10,6m,-0.21149334700162403,1305,band1,16-17%,-0.27826854955160774,-0.3054862842892768,13,-0.0667752025499837
Oct,2019,2019-10-09,2019-10-10,6m,-0.21149334700162403,1305,band1,17-18%,-0.20343577838866228,-0.18155619596541794,13,0.008057568612961752
Oct,2019,2019-10-09,2019-10-10,6m,-0.21149334700162403,1305,band1,18-19%,-0.13480744032881734,-0.3756274400446179,13,0.0766859066728067
Oct,2019,2019-10-09,2019-10-10,6m,-0.21149334700162403,1305,band1,19-20%,-0.14971693105948042,-0.18325581395348833,13,0.061776415942143614
Oct,2019,2019-10-09,2019-10-10,6m,-0.21149334700162403,1305,cum,top 2%,-0.11257374085864381,-0.08023723463829341,26,0.09891960614298022
Oct,2019,2019-10-09,2019-10-10,6m,-0.21149334700162403,1305,cum,top 5%,-0.12389603835980073,-0.17460317460317454,65,0.0875973086418233
Oct,2019,2019-10-09,2019-10-10,6m,-0.21149334700162403,1305,cum,top 10%,-0.15496337444156186,-0.19999999999999996,130,0.056529972560062175
Oct,2019,2019-10-09,2019-10-10,6m,-0.21149334700162403,1305,cum,top 15%,-0.18459826834245352,-0.22077922077922085,195,0.026895078659170513
Oct,2019,2019-10-09,2019-10-10,6m,-0.21149334700162403,1305,cum,top 20%,-0.18491418692842782,-0.2073135530133844,260,0.026579160073196217
Oct,2019,2019-10-09,2019-10-10,6m,-0.21149334700162403,1305,cum,top 25%,-0.2078702866709808,-0.24525316455696206,326,0.0036230603306432463
Oct,2019,2019-10-09,2019-10-10,6m,-0.21149334700162403,1305,cum,top 30%,-0.2043198402881815,-0.22974137931034488,390,0.0071735067134425234
Oct,2019,2019-10-09,2019-10-10,6m,-0.21149334700162403,1305,cum,top 40%,-0.2173057870998172,-0.25180878552971575,521,-0.005812440098193178
Oct,2019,2019-10-09,2019-10-10,6m,-0.21149334700162403,1305,cum,top 50%,-0.21744030022011648,-0.2509983216621332,651,-0.005946953218492451
Oct,2019,2019-10-09,2019-10-10,6m,-0.21149334700162403,1305,cum,top 100%,-0.21149334700162403,-0.2488095238095238,1305,0.0
Oct,2019,2019-10-09,2019-10-10,9m,-0.02073510967238134,1305,band5,0-5%,0.18283242207141903,0.021276595744680993,65,0.20356753174380038
Oct,2019,2019-10-09,2019-10-10,9m,-0.02073510967238134,1305,band5,5-10%,0.060135366591934865,-0.004145077720207335,65,0.0808704762643162
Oct,2019,2019-10-09,2019-10-10,9m,-0.02073510967238134,1305,band5,10-15%,0.07770606631486575,-0.06630785791173299,65,0.09844117598724708
Oct,2019,2019-10-09,2019-10-10,9m,-0.02073510967238134,1305,band5,15-20%,0.028424572859025832,0.007936507936507908,65,0.04915968253140717
Oct,2019,2019-10-09,2019-10-10,9m,-0.02073510967238134,1305,band5,20-25%,-0.054543681855298405,-0.1418736419856259,66,-0.033808572182917065
Oct,2019,2019-10-09,2019-10-10,9m,-0.02073510967238134,1305,band5,25-30%,0.01848482760413921,-0.03834654429147538,64,0.03921993727652055
Oct,2019,2019-10-09,2019-10-10,9m,-0.02073510967238134,1305,band5,30-35%,-0.014021979237858096,-0.1214176329030846,65,0.006713130434523243
Oct,2019,2019-10-09,2019-10-10,9m,-0.02073510967238134,1305,band5,35-40%,-0.07352634261307545,-0.14117264314632733,66,-0.052791232940694106
Oct,2019,2019-10-09,2019-10-10,9m,-0.02073510967238134,1305,band5,40-45%,-0.04570986765203448,-0.15192551840880242,65,-0.024974757979653144
Oct,2019,2019-10-09,2019-10-10,9m,-0.02073510967238134,1305,band5,45-50%,-0.06632853539141106,-0.1277173913043479,65,-0.045593425719029725
Oct,2019,2019-10-09,2019-10-10,9m,-0.02073510967238134,1305,band5,50-55%,-0.1484930517974804,-0.19357060849598173,65,-0.12775794212509906
Oct,2019,2019-10-09,2019-10-10,9m,-0.02073510967238134,1305,band5,55-60%,-0.08268366211119853,-0.19335664335664338,65,-0.06194855243881719
Oct,2019,2019-10-09,2019-10-10,9m,-0.02073510967238134,1305,band5,60-65%,-0.050952885372315286,-0.15717909805187819,66,-0.030217775699933946
Oct,2019,2019-10-09,2019-10-10,9m,-0.02073510967238134,1305,band5,65-70%,-0.054143952253599456,-0.10133206470028533,65,-0.033408842581218116
Oct,2019,2019-10-09,2019-10-10,9m,-0.02073510967238134,1305,band5,70-75%,-0.09223855086643419,-0.15041518589393105,66,-0.07150344119405286
Oct,2019,2019-10-09,2019-10-10,9m,-0.02073510967238134,1305,band5,75-80%,-0.0791526797181088,-0.1526980482204363,65,-0.05841757004572746
Oct,2019,2019-10-09,2019-10-10,9m,-0.02073510967238134,1305,band5,80-85%,-0.08469845814747595,-0.1425735294117646,65,-0.0639633484750946
Oct,2019,2019-10-09,2019-10-10,9m,-0.02073510967238134,1305,band5,85-90%,-0.002579952880958293,-0.07608425865882296,66,0.018155156791423047
Oct,2019,2019-10-09,2019-10-10,9m,-0.02073510967238134,1305,band5,90-95%,0.02212970129401217,-0.029673590504451064,65,0.04286481096639351
Oct,2019,2019-10-09,2019-10-10,9m,-0.02073510967238134,1305,band5,95-100%,0.04684015036749879,0.0070882065780025205,66,0.06757526003988013
Oct,2019,2019-10-09,2019-10-10,9m,-0.02073510967238134,1305,band1,0-1%,0.06731821493314036,-0.007025761124121899,13,0.0880533246055217
Oct,2019,2019-10-09,2019-10-10,9m,-0.02073510967238134,1305,band1,1-2%,0.2509975882138868,0.20229885057471275,13,0.27173269788626814
Oct,2019,2019-10-09,2019-10-10,9m,-0.02073510967238134,1305,band1,2-3%,0.283878430249749,0.049107142857142794,13,0.30461353992213036
Oct,2019,2019-10-09,2019-10-10,9m,-0.02073510967238134,1305,band1,3-4%,-0.027615041550499413,-0.051948051948052076,13,-0.006879931878118074
Oct,2019,2019-10-09,2019-10-10,9m,-0.02073510967238134,1305,band1,4-5%,0.3395829185108185,0.07575757575757569,13,0.36031802818319986
Oct,2019,2019-10-09,2019-10-10,9m,-0.02073510967238134,1305,band1,5-6%,0.08014121831707127,-0.059633027522935755,13,0.10087632798945262
Oct,2019,2019-10-09,2019-10-10,9m,-0.02073510967238134,1305,band1,6-7%,0.06660017814719223,-0.04792452830188676,13,0.08733528781957356
Oct,2019,2019-10-09,2019-10-10,9m,-0.02073510967238134,1305,band1,7-8%,0.030473462293975483,0.0031879041807085784,13,0.05120857196635682
Oct,2019,2019-10-09,2019-10-10,9m,-0.02073510967238134,1305,band1,8-9%,0.21497128453913122,0.11981020166073564,13,0.23570639421151257
Oct,2019,2019-10-09,2019-10-10,9m,-0.02073510967238134,1305,band1,9-10%,-0.09150931033769585,-0.16828929068150222,13,-0.07077420066531451
Oct,2019,2019-10-09,2019-10-10,9m,-0.02073510967238134,1305,band1,10-11%,0.0378513502353088,-0.09284332688588015,13,0.05858645990769014
Oct,2019,2019-10-09,2019-10-10,9m,-0.02073510967238134,1305,band1,11-12%,0.147422366767993,-0.07346825345842212,12,0.16815747644037435
Oct,2019,2019-10-09,2019-10-10,9m,-0.02073510967238134,1305,band1,12-13%,0.15816215718887325,0.12513132838663088,14,0.1788972668612546
Oct,2019,2019-10-09,2019-10-10,9m,-0.02073510967238134,1305,band1,13-14%,0.11177482632019321,-0.12260536398467448,13,0.13250993599257455
Oct,2019,2019-10-09,2019-10-10,9m,-0.02073510967238134,1305,band1,14-15%,-0.06750650666272247,-0.05813953488372092,13,-0.04677139699034113
Oct,2019,2019-10-09,2019-10-10,9m,-0.02073510967238134,1305,band1,15-16%,0.130167491018157,0.07012542759407059,13,0.15090260069053835
Oct,2019,2019-10-09,2019-10-10,9m,-0.02073510967238134,1305,band1,16-17%,-0.1193607318120246,-0.11460807600950129,13,-0.09862562213964327
Oct,2019,2019-10-09,2019-10-10,9m,-0.02073510967238134,1305,band1,17-18%,0.11044570928616246,0.11527377521613835,13,0.1311808189585438
Oct,2019,2019-10-09,2019-10-10,9m,-0.02073510967238134,1305,band1,18-19%,0.033162321391117085,-0.11498419780628366,13,0.053897431063498424
Oct,2019,2019-10-09,2019-10-10,9m,-0.02073510967238134,1305,band1,19-20%,-0.012291925588282805,-0.06259314456035758,13,0.008443184084098535
Oct,2019,2019-10-09,2019-10-10,9m,-0.02073510967238134,1305,cum,top 2%,0.1591579015735136,0.062789536464257,26,0.17989301124589493
Oct,2019,2019-10-09,2019-10-10,9m,-0.02073510967238134,1305,cum,top 5%,0.18283242207141903,0.021276595744680993,65,0.20356753174380038
Oct,2019,2019-10-09,2019-10-10,9m,-0.02073510967238134,1305,cum,top 10%,0.12148389433167694,0.006185788825048166,130,0.1422190040040583
Oct,2019,2019-10-09,2019-10-10,9m,-0.02073510967238134,1305,cum,top 15%,0.10689128499273991,0.0,195,0.12762639466512124
Oct,2019,2019-10-09,2019-10-10,9m,-0.02073510967238134,1305,cum,top 20%,0.0872746069593114,0.0,260,0.10800971663169273
Oct,2019,2019-10-09,2019-10-10,9m,-0.02073510967238134,1305,cum,top 25%,0.058562928855740076,-0.024066924066924067,326,0.07929803852812142
Oct,2019,2019-10-09,2019-10-10,9m,-0.02073510967238134,1305,cum,top 30%,0.051986009675990194,-0.024357284113381616,390,0.07272111934837153
Oct,2019,2019-10-09,2019-10-10,9m,-0.02073510967238134,1305,cum,top 40%,0.02785101057718314,-0.05813953488372092,521,0.04858612024956448
Oct,2019,2019-10-09,2019-10-10,9m,-0.02073510967238134,1305,cum,top 50%,0.011102734735619756,-0.07246376811594202,651,0.031837844408001095
Oct,2019,2019-10-09,2019-10-10,9m,-0.02073510967238134,1305,cum,top 100%,-0.02073510967238134,-0.09769817111330881,1305,0.0
Oct,2019,2019-10-09,2019-10-10,12m,0.12046716686622884,1305,band5,0-5%,0.22431434399520764,0.10447761194029859,65,0.1038471771289788
Oct,2019,2019-10-09,2019-10-10,12m,0.12046716686622884,1305,band5,5-10%,0.15353327711454942,0.09515570934256057,65,0.03306611024832058
Oct,2019,2019-10-09,2019-10-10,12m,0.12046716686622884,1305,band5,10-15%,0.14997754339930985,-0.024880382775119503,65,0.029510376533081015
Oct,2019,2019-10-09,2019-10-10,12m,0.12046716686622884,1305,band5,15-20%,0.18243225220085266,0.0876451953537487,65,0.06196508533462382
Oct,2019,2019-10-09,2019-10-10,12m,0.12046716686622884,1305,band5,20-25%,0.028493599515006855,-0.07012416737627503,66,-0.09197356735122199
Oct,2019,2019-10-09,2019-10-10,12m,0.12046716686622884,1305,band5,25-30%,0.21449001156781017,0.04541438147471066,64,0.09402284470158133
Oct,2019,2019-10-09,2019-10-10,12m,0.12046716686622884,1305,band5,30-35%,0.11029241301346424,-0.030927835051546504,65,-0.010174753852764604
Oct,2019,2019-10-09,2019-10-10,12m,0.12046716686622884,1305,band5,35-40%,0.09066180553688617,-0.06715001790189762,66,-0.029805361329342667
Oct,2019,2019-10-09,2019-10-10,12m,0.12046716686622884,1305,band5,40-45%,0.14670057542445183,-0.03039513677811545,65,0.026233408558222995
Oct,2019,2019-10-09,2019-10-10,12m,0.12046716686622884,1305,band5,45-50%,0.10703719864235856,0.00484848484848488,65,-0.013429968223870284
Oct,2019,2019-10-09,2019-10-10,12m,0.12046716686622884,1305,band5,50-55%,-0.07449555472221903,-0.18004783054321816,65,-0.19496272158844785
Oct,2019,2019-10-09,2019-10-10,12m,0.12046716686622884,1305,band5,55-60%,0.03651374494564654,-0.07377622377622384,65,-0.0839534219205823
Oct,2019,2019-10-09,2019-10-10,12m,0.12046716686622884,1305,band5,60-65%,0.20812779580536137,0.02471881390593056,66,0.08766062893913253
Oct,2019,2019-10-09,2019-10-10,12m,0.12046716686622884,1305,band5,65-70%,0.08797727676822162,-0.02343749999999989,65,-0.03248989009800722
Oct,2019,2019-10-09,2019-10-10,12m,0.12046716686622884,1305,band5,70-75%,0.0839088055975857,-0.08179670941099032,66,-0.03655836126864313
Oct,2019,2019-10-09,2019-10-10,12m,0.12046716686622884,1305,band5,75-80%,0.07686884521251501,-0.0692564598347688,65,-0.04359832165371383
Oct,2019,2019-10-09,2019-10-10,12m,0.12046716686622884,1305,band5,80-85%,0.07486766032549882,-0.05224775224775213,65,-0.045599506540730014
Oct,2019,2019-10-09,2019-10-10,12m,0.12046716686622884,1305,band5,85-90%,0.1457906474077023,0.027001978928956616,66,0.025323480541473473
Oct,2019,2019-10-09,2019-10-10,12m,0.12046716686622884,1305,band5,90-95%,0.1989248530034372,-0.00891774891774888,65,0.07845768613720837
Oct,2019,2019-10-09,2019-10-10,12m,0.12046716686622884,1305,band5,95-100%,0.16439468119919498,0.09521501087452955,66,0.04392751433296614
Oct,2019,2019-10-09,2019-10-10,12m,0.12046716686622884,1305,band1,0-1%,0.08169187232278523,-0.06557377049180335,13,-0.03877529454344361
Oct,2019,2019-10-09,2019-10-10,12m,0.12046716686622884,1305,band1,1-2%,0.2762586168040713,0.3020833333333335,13,0.1557914499378425
Oct,2019,2019-10-09,2019-10-10,12m,0.12046716686622884,1305,band1,2-3%,0.49595592192337173,0.13432835820895517,13,0.3754887550571429
Oct,2019,2019-10-09,2019-10-10,12m,0.12046716686622884,1305,band1,3-4%,0.01637908512281973,0.05195843325339733,13,-0.10408808174340911
Oct,2019,2019-10-09,2019-10-10,12m,0.12046716686622884,1305,band1,4-5%,0.2512862238029903,0.025974025974025983,13,0.1308190569367615
Oct,2019,2019-10-09,2019-10-10,12m,0.12046716686622884,1305,band1,5-6%,0.2916276537937782,0.09788867562380044,13,0.17116048692754937
Oct,2019,2019-10-09,2019-10-10,12m,0.12046716686622884,1305,band1,6-7%,0.0616795881172114,-0.0414012738853502,13,-0.05878757874901744
Oct,2019,2019-10-09,2019-10-10,12m,0.12046716686622884,1305,band1,7-8%,0.30059643692943366,0.1428571428571428,13,0.18012927006320484
Oct,2019,2019-10-09,2019-10-10,12m,0.12046716686622884,1305,band1,8-9%,0.16291510354021232,0.1708860759493671,13,0.042447936673983486
Oct,2019,2019-10-09,2019-10-10,12m,0.12046716686622884,1305,band1,9-10%,-0.04915239680788859,-0.011921216309606075,13,-0.16961956367411743
Oct,2019,2019-10-09,2019-10-10,12m,0.12046716686622884,1305,band1,10-11%,0.10418469538771814,-0.14416475972540055,13,-0.016282471478510696
Oct,2019,2019-10-09,2019-10-10,12m,0.12046716686622884,1305,band1,11-12%,0.3628779678446923,0.13064652738565785,12,0.24241080097846346
Oct,2019,2019-10-09,2019-10-10,12m,0.12046716686622884,1305,band1,12-13%,0.06840967925271271,-0.026300374882849142,14,-0.052057487613516126
Oct,2019,2019-10-09,2019-10-10,12m,0.12046716686622884,1305,band1,13-14%,0.14331552288016616,-0.1097560975609756,13,0.022848356013937324
Oct,2019,2019-10-09,2019-10-10,12m,0.12046716686622884,1305,band1,14-15%,0.09375125844602769,-0.1428571428571429,13,-0.026715908420201148
Oct,2019,2019-10-09,2019-10-10,12m,0.12046716686622884,1305,band1,15-16%,0.15299276534050257,0.03669154228855698,13,0.032525598474273734
Oct,2019,2019-10-09,2019-10-10,12m,0.12046716686622884,1305,band1,16-17%,0.14986916158910343,0.11777777777777776,13,0.029401994722874594
Oct,2019,2019-10-09,2019-10-10,12m,0.12046716686622884,1305,band1,17-18%,0.43776128112919577,0.3593749999999998,13,0.31729411426296694
Oct,2019,2019-10-09,2019-10-10,12m,0.12046716686622884,1305,band1,18-19%,0.12022890476195129,0.0,13,-0.0002382621042775479
Oct,2019,2019-10-09,2019-10-10,12m,0.12046716686622884,1305,band1,19-20%,0.05130914818351014,0.0044709388971686526,13,-0.0691580186827187
Oct,2019,2019-10-09,2019-10-10,12m,0.12046716686622884,1305,cum,top 2%,0.17897524456342825,0.2143848288621647,26,0.058508077697199415
Oct,2019,2019-10-09,2019-10-10,12m,0.12046716686622884,1305,cum,top 5%,0.22431434399520764,0.10447761194029859,65,0.1038471771289788
Oct,2019,2019-10-09,2019-10-10,12m,0.12046716686622884,1305,cum,top 10%,0.18892381055487853,0.0965221924831805,130,0.06845664368864969
Oct,2019,2019-10-09,2019-10-10,12m,0.12046716686622884,1305,cum,top 15%,0.1759417215030223,0.05174129353233847,195,0.055474554636793474
Oct,2019,2019-10-09,2019-10-10,12m,0.12046716686622884,1305,cum,top 20%,0.1775643541774799,0.05506903353057202,260,0.05709718731125106
Oct,2019,2019-10-09,2019-10-10,12m,0.12046716686622884,1305,cum,top 25%,0.1473843854421326,0.0515116724071949,326,0.026917218575903748
Oct,2019,2019-10-09,2019-10-10,12m,0.12046716686622884,1305,cum,top 30%,0.1583965907550643,0.05064102564102568,390,0.03792942388883545
Oct,2019,2019-10-09,2019-10-10,12m,0.12046716686622884,1305,cum,top 40%,0.14381450365793616,0.022284122562674202,521,0.02334733679170732
Oct,2019,2019-10-09,2019-10-10,12m,0.12046716686622884,1305,cum,top 50%,0.14043058635964273,0.00484848484848488,651,0.01996341949341389
Oct,2019,2019-10-09,2019-10-10,12m,0.12046716686622884,1305,cum,top 100%,0.12046716686622884,-0.0192817546396723,1305,0.0
Oct,2019,2019-10-09,2019-10-10,18m,0.5310274785914961,1296,band5,0-5%,0.7937153732156383,0.40685554467491614,64,0.2626878946241422
Oct,2019,2019-10-09,2019-10-10,18m,0.5310274785914961,1296,band5,5-10%,0.6014734529295487,0.3101562499999999,64,0.07044597433805255
Oct,2019,2019-10-09,2019-10-10,18m,0.5310274785914961,1296,band5,10-15%,0.5732960733208106,0.27485493230174085,64,0.042268594729314435
Oct,2019,2019-10-09,2019-10-10,18m,0.5310274785914961,1296,band5,15-20%,0.6494706040960808,0.5577639751552796,65,0.11844312550458469
Oct,2019,2019-10-09,2019-10-10,18m,0.5310274785914961,1296,band5,20-25%,0.40257481822684477,0.18311466058185966,65,-0.12845266036465136
Oct,2019,2019-10-09,2019-10-10,18m,0.5310274785914961,1296,band5,25-30%,0.690291583117616,0.4447975159417531,64,0.15926410452611983
Oct,2019,2019-10-09,2019-10-10,18m,0.5310274785914961,1296,band5,30-35%,0.5008072592925207,0.3004405286343612,65,-0.030220219298975448
Oct,2019,2019-10-09,2019-10-10,18m,0.5310274785914961,1296,band5,35-40%,0.4958140750432583,0.24178502457657924,66,-0.03521340354823782
Oct,2019,2019-10-09,2019-10-10,18m,0.5310274785914961,1296,band5,40-45%,0.6430918511883538,0.2807610241820768,64,0.11206437259685764
Oct,2019,2019-10-09,2019-10-10,18m,0.5310274785914961,1296,band5,45-50%,0.7110687356776819,0.30960886118642095,64,0.1800412570861858
Oct,2019,2019-10-09,2019-10-10,18m,0.5310274785914961,1296,band5,50-55%,0.25855025521940606,0.10623966586058142,64,-0.27247722337209007
Oct,2019,2019-10-09,2019-10-10,18m,0.5310274785914961,1296,band5,55-60%,0.3287225790504078,0.12303206997084537,65,-0.20230489954108832
Oct,2019,2019-10-09,2019-10-10,18m,0.5310274785914961,1296,band5,60-65%,0.630053235312915,0.32441195054000715,66,0.09902575672141889
Oct,2019,2019-10-09,2019-10-10,18m,0.5310274785914961,1296,band5,65-70%,0.5155300066028808,0.16213479154639954,65,-0.015497471988615286
Oct,2019,2019-10-09,2019-10-10,18m,0.5310274785914961,1296,band5,70-75%,0.36369242585543277,0.19888859879356435,66,-0.16733505273606336
Oct,2019,2019-10-09,2019-10-10,18m,0.5310274785914961,1296,band5,75-80%,0.5588336849929438,0.24172043010752664,65,0.02780620640144771
Oct,2019,2019-10-09,2019-10-10,18m,0.5310274785914961,1296,band5,80-85%,0.473744864480051,0.18742514970059898,65,-0.05728261411144514
Oct,2019,2019-10-09,2019-10-10,18m,0.5310274785914961,1296,band5,85-90%,0.48897222912882604,0.3799999999999999,65,-0.042055249462670086
Oct,2019,2019-10-09,2019-10-10,18m,0.5310274785914961,1296,band5,90-95%,0.5956665167387931,0.361631096162623,64,0.06463903814729699
Oct,2019,2019-10-09,2019-10-10,18m,0.5310274785914961,1296,band5,95-100%,0.3589421338321897,0.28452517754121376,66,-0.17208534475930642
Oct,2019,2019-10-09,2019-10-10,18m,0.5310274785914961,1296,band1,0-1%,0.6801865280048693,0.799586776859504,13,0.1491590494133732
Oct,2019,2019-10-09,2019-10-10,18m,0.5310274785914961,1296,band1,1-2%,0.976601195090094,0.643702616776718,12,0.4455737164985979
Oct,2019,2019-10-09,2019-10-10,18m,0.5310274785914961,1296,band1,2-3%,1.300991168254497,0.20895522388059695,13,0.7699636896630009
Oct,2019,2019-10-09,2019-10-10,18m,0.5310274785914961,1296,band1,3-4%,0.419630641770672,0.48305084745762694,13,-0.11139683682082413
Oct,2019,2019-10-09,2019-10-10,18m,0.5310274785914961,1296,band1,4-5%,0.605235473102248,0.37250000000000005,13,0.07420799451075188
Oct,2019,2019-10-09,2019-10-10,18m,0.5310274785914961,1296,band1,5-6%,1.4157498371394253,0.9248677248677248,13,0.8847223585479291
Oct,2019,2019-10-09,2019-10-10,18m,0.5310274785914961,1296,band1,6-7%,0.36151852448125016,0.3203124999999998,13,-0.16950895411024597
Oct,2019,2019-10-09,2019-10-10,18m,0.5310274785914961,1296,band1,7-8%,0.6299343270080046,0.319552828356937,12,0.09890684841650843
Oct,2019,2019-10-09,2019-10-10,18m,0.5310274785914961,1296,band1,8-9%,0.4170117111102777,0.2823962838378986,13,-0.11401576748121844
Oct,2019,2019-10-09,2019-10-10,18m,0.5310274785914961,1296,band1,9-10%,0.1853421629148211,0.10310880829015545,13,-0.34568531567667504
Oct,2019,2019-10-09,2019-10-10,18m,0.5310274785914961,1296,band1,10-11%,0.5997232487090385,0.2505720823798625,13,0.06869577011754235
Oct,2019,2019-10-09,2019-10-10,18m,0.5310274785914961,1296,band1,11-12%,0.8967711679669361,0.45091277217206605,12,0.36574368937544
Oct,2019,2019-10-09,2019-10-10,18m,0.5310274785914961,1296,band1,12-13%,0.5536856920500323,0.2762985375693394,14,0.022658213458536136
Oct,2019,2019-10-09,2019-10-10,18m,0.5310274785914961,1296,band1,13-14%,0.4515365870535923,0.3121630727762804,12,-0.07949089153790384
Oct,2019,2019-10-09,2019-10-10,18m,0.5310274785914961,1296,band1,14-15%,0.38178874695135234,-0.011267605633802802,13,-0.14923873164014378
Oct,2019,2019-10-09,2019-10-10,18m,0.5310274785914961,1296,band1,15-16%,0.8073197436240777,0.6946517412935322,13,0.27629226503258153
Oct,2019,2019-10-09,2019-10-10,18m,0.5310274785914961,1296,band1,16-17%,0.5170720230681212,0.4065040650406504,13,-0.01395545552337496
Oct,2019,2019-10-09,2019-10-10,18m,0.5310274785914961,1296,band1,17-18%,0.8344873456676841,0.703125,13,0.303459867076188
Oct,2019,2019-10-09,2019-10-10,18m,0.5310274785914961,1296,band1,18-19%,0.6094985068105978,0.20080321285140568,13,0.07847102821910168
Oct,2019,2019-10-09,2019-10-10,18m,0.5310274785914961,1296,band1,19-20%,0.47897540130992383,0.37164179104477624,13,-0.052052077281572295
Oct,2019,2019-10-09,2019-10-10,18m,0.5310274785914961,1296,cum,top 2%,0.8224655682057772,0.75177304964539,25,0.2914380896142811
Oct,2019,2019-10-09,2019-10-10,18m,0.5310274785914961,1296,cum,top 5%,0.7937153732156383,0.40685554467491614,64,0.2626878946241422
Oct,2019,2019-10-09,2019-10-10,18m,0.5310274785914961,1296,cum,top 10%,0.6975944130725935,0.3695833333333334,128,0.16656693448109738
Oct,2019,2019-10-09,2019-10-10,18m,0.5310274785914961,1296,cum,top 15%,0.6561616331553325,0.31819196428571417,192,0.12513415456383636
Oct,2019,2019-10-09,2019-10-10,18m,0.5310274785914961,1296,cum,top 20%,0.654469349541125,0.37164179104477624,257,0.12344187094962888
Oct,2019,2019-10-09,2019-10-10,18m,0.5310274785914961,1296,cum,top 25%,0.6036210745863789,0.32458400055698666,322,0.0725935959948828
Oct,2019,2019-10-09,2019-10-10,18m,0.5310274785914961,1296,cum,top 30%,0.6179913143428535,0.3493957431457434,386,0.08696383575135735
Oct,2019,2019-10-09,2019-10-10,18m,0.5310274785914961,1296,cum,top 40%,0.587661214977196,0.32026944274341695,517,0.05663373638569991
Oct,2019,2019-10-09,2019-10-10,18m,0.5310274785914961,1296,cum,top 50%,0.6054063964381963,0.31607142857142856,645,0.07437891784670014
Oct,2019,2019-10-09,2019-10-10,18m,0.5310274785914961,1296,cum,top 100%,0.5310274785914961,0.28271974088735685,1296,0.0
Oct,2019,2019-10-09,2019-10-10,24m,1.3077782987447963,1284,band5,0-5%,1.782434092163354,1.1914389799635703,64,0.47465579341855757
Oct,2019,2019-10-09,2019-10-10,24m,1.3077782987447963,1284,band5,5-10%,1.748484282683301,1.1293650793650793,63,0.4407059839385046
Oct,2019,2019-10-09,2019-10-10,24m,1.3077782987447963,1284,band5,10-15%,1.6083048670883668,1.2492213658870583,64,0.3005265683435705
Oct,2019,2019-10-09,2019-10-10,24m,1.3077782987447963,1284,band5,15-20%,1.6776663241062486,1.0866731141900503,64,0.36988802536145227
Oct,2019,2019-10-09,2019-10-10,24m,1.3077782987447963,1284,band5,20-25%,1.2711663817717065,0.7809030347890451,63,-0.03661191697308985
Oct,2019,2019-10-09,2019-10-10,24m,1.3077782987447963,1284,band5,25-30%,1.7825954434977154,1.3421875,63,0.47481714475291903
Oct,2019,2019-10-09,2019-10-10,24m,1.3077782987447963,1284,band5,30-35%,1.2181637275160957,0.678167757287329,65,-0.08961457122870065
Oct,2019,2019-10-09,2019-10-10,24m,1.3077782987447963,1284,band5,35-40%,1.3537244040241,1.1,63,0.04594610527930376
Oct,2019,2019-10-09,2019-10-10,24m,1.3077782987447963,1284,band5,40-45%,1.4407701447896335,0.9231512736365057,64,0.13299184604483716
Oct,2019,2019-10-09,2019-10-10,24m,1.3077782987447963,1284,band5,45-50%,1.8322334906061084,1.0024953106603236,64,0.5244551918613121
Oct,2019,2019-10-09,2019-10-10,24m,1.3077782987447963,1284,band5,50-55%,0.917020016609074,0.6305389221556887,63,-0.3907582821357224
Oct,2019,2019-10-09,2019-10-10,24m,1.3077782987447963,1284,band5,55-60%,0.904319261244279,0.5343204382060938,65,-0.40345903750051737
Oct,2019,2019-10-09,2019-10-10,24m,1.3077782987447963,1284,band5,60-65%,1.4155790930579566,0.9913237130234346,66,0.10780079431316025
Oct,2019,2019-10-09,2019-10-10,24m,1.3077782987447963,1284,band5,65-70%,1.1109446255744173,0.7268211920529801,65,-0.19683367317037903
Oct,2019,2019-10-09,2019-10-10,24m,1.3077782987447963,1284,band5,70-75%,0.8469636707181607,0.7153417745467742,66,-0.46081462802663564
Oct,2019,2019-10-09,2019-10-10,24m,1.3077782987447963,1284,band5,75-80%,1.3134239128438407,0.6491938900134088,64,0.005645614099044405
Oct,2019,2019-10-09,2019-10-10,24m,1.3077782987447963,1284,band5,80-85%,1.0580912144414556,0.7465491191374569,64,-0.24968708430334074
Oct,2019,2019-10-09,2019-10-10,24m,1.3077782987447963,1284,band5,85-90%,1.1624806755351864,0.7737355811889974,65,-0.14529762320960993
Oct,2019,2019-10-09,2019-10-10,24m,1.3077782987447963,1284,band5,90-95%,1.0431732653509183,0.7506539669552196,64,-0.2646050333938781
Oct,2019,2019-10-09,2019-10-10,24m,1.3077782987447963,1284,band5,95-100%,0.7097975862719896,0.496316076294278,65,-0.5979807124728067
Oct,2019,2019-10-09,2019-10-10,24m,1.3077782987447963,1284,band1,0-1%,2.7362570020556305,1.9739243807040414,13,1.4284787033108342
Oct,2019,2019-10-09,2019-10-10,24m,1.3077782987447963,1284,band1,1-2%,1.6838627869696063,1.1402219787134784,12,0.37608448822481
Oct,2019,2019-10-09,2019-10-10,24m,1.3077782987447963,1284,band1,2-3%,1.9316995571459923,0.8938967136150233,13,0.6239212584011959
Oct,2019,2019-10-09,2019-10-10,24m,1.3077782987447963,1284,band1,3-4%,1.1673163024519861,1.6036308623298035,13,-0.1404619962928102
Oct,2019,2019-10-09,2019-10-10,24m,1.3077782987447963,1284,band1,4-5%,1.3854524041017282,0.6666666666666667,13,0.07767410535693187
Oct,2019,2019-10-09,2019-10-10,24m,1.3077782987447963,1284,band1,5-6%,3.105946114266398,2.1880733944954125,12,1.7981678155216017
Oct,2019,2019-10-09,2019-10-10,24m,1.3077782987447963,1284,band1,6-7%,1.1480690357204106,0.8502415458937198,13,-0.1597092630243857
Oct,2019,2019-10-09,2019-10-10,24m,1.3077782987447963,1284,band1,7-8%,1.42392980048643,1.327914574866523,12,0.11615150174163369
Oct,2019,2019-10-09,2019-10-10,24m,1.3077782987447963,1284,band1,8-9%,2.243691393837156,1.2619047619047619,13,0.9359130950923595
Oct,2019,2019-10-09,2019-10-10,24m,1.3077782987447963,1284,band1,9-10%,0.9002394805973585,0.5414651002073256,13,-0.40753881814743786
Oct,2019,2019-10-09,2019-10-10,24m,1.3077782987447963,1284,band1,10-11%,1.7213081912707222,0.7473684210526317,13,0.41352989252592587
Oct,2019,2019-10-09,2019-10-10,24m,1.3077782987447963,1284,band1,11-12%,1.8743580521562482,1.9217741935483872,12,0.5665797534114518
Oct,2019,2019-10-09,2019-10-10,24m,1.3077782987447963,1284,band1,12-13%,2.211616444205075,1.4247495622518245,14,0.9038381454602789
Oct,2019,2019-10-09,2019-10-10,24m,1.3077782987447963,1284,band1,13-14%,1.09002995494497,1.2000777750124443,12,-0.21774834379982644
Oct,2019,2019-10-09,2019-10-10,24m,1.3077782987447963,1284,band1,14-15%,1.0784014386961849,0.6557377049180328,13,-0.22937686004861146
Oct,2019,2019-10-09,2019-10-10,24m,1.3077782987447963,1284,band1,15-16%,1.492953387802601,1.697139303482587,13,0.18517508905780455
Oct,2019,2019-10-09,2019-10-10,24m,1.3077782987447963,1284,band1,16-17%,1.2434524075383662,0.7650370370370372,13,-0.06432589120643017
Oct,2019,2019-10-09,2019-10-10,24m,1.3077782987447963,1284,band1,17-18%,2.55478376544766,2.1093749999999996,13,1.2470054667028636
Oct,2019,2019-10-09,2019-10-10,24m,1.3077782987447963,1284,band1,18-19%,1.3522519376636748,0.8076923076923077,13,0.044473638918878455
Oct,2019,2019-10-09,2019-10-10,24m,1.3077782987447963,1284,band1,19-20%,1.7504921052433324,1.4367721618524818,12,0.4427138064985361
Oct,2019,2019-10-09,2019-10-10,24m,1.3077782987447963,1284,cum,top 2%,2.231107778814339,1.2692307692307692,25,0.9233294800695426
Oct,2019,2019-10-09,2019-10-10,24m,1.3077782987447963,1284,cum,top 5%,1.782434092163354,1.1914389799635703,64,0.47465579341855757
Oct,2019,2019-10-09,2019-10-10,24m,1.3077782987447963,1284,cum,top 10%,1.7655928480905718,1.1606557377049183,127,0.4578145493457755
Oct,2019,2019-10-09,2019-10-10,24m,1.3077782987447963,1284,cum,top 15%,1.7128890219955921,1.1785028790786947,191,0.4051107232507958
Oct,2019,2019-10-09,2019-10-10,24m,1.3077782987447963,1284,cum,top 20%,1.7040488154665019,1.1785028790786947,255,0.39627051672170555
Oct,2019,2019-10-09,2019-10-10,24m,1.3077782987447963,1284,cum,top 25%,1.618289088036401,1.058954381210479,318,0.3105107892916046
Oct,2019,2019-10-09,2019-10-10,24m,1.3077782987447963,1284,cum,top 30%,1.645457855474886,1.1306122448979594,381,0.33767955673008965
Oct,2019,2019-10-09,2019-10-10,24m,1.3077782987447963,1284,cum,top 40%,1.554783345143411,1.0769061135412765,509,0.24700504639861465
Oct,2019,2019-10-09,2019-10-10,24m,1.3077782987447963,1284,cum,top 50%,1.5712040115279806,1.0231298320447881,637,0.2634257127831843
Oct,2019,2019-10-09,2019-10-10,24m,1.3077782987447963,1284,cum,top 100%,1.3077782987447963,0.8229802595705049,1284,0.0
Apr,2020,2020-04-03,2020-04-07,3m,0.4419040471605724,1241,band5,0-5%,0.5875648927222614,0.5530846484935438,62,0.145660845561689
Apr,2020,2020-04-03,2020-04-07,3m,0.4419040471605724,1241,band5,5-10%,0.6560526047022537,0.567414314516129,62,0.21414855754168127
Apr,2020,2020-04-03,2020-04-07,3m,0.4419040471605724,1241,band5,10-15%,0.6488279247753924,0.4433932960592062,62,0.20692387761482
Apr,2020,2020-04-03,2020-04-07,3m,0.4419040471605724,1241,band5,15-20%,0.5623625099073593,0.4924119491056609,62,0.12045846274678684
Apr,2020,2020-04-03,2020-04-07,3m,0.4419040471605724,1241,band5,20-25%,0.5319200266105283,0.4411504185795302,62,0.09001597944995587
Apr,2020,2020-04-03,2020-04-07,3m,0.4419040471605724,1241,band5,25-30%,0.6417660505292196,0.4511148382004737,62,0.19986200336864723
Apr,2020,2020-04-03,2020-04-07,3m,0.4419040471605724,1241,band5,30-35%,0.49768214930972465,0.3821656050955413,63,0.05577810214915224
Apr,2020,2020-04-03,2020-04-07,3m,0.4419040471605724,1241,band5,35-40%,0.4251557249132424,0.32239206246920127,62,-0.016748322247330028
Apr,2020,2020-04-03,2020-04-07,3m,0.4419040471605724,1241,band5,40-45%,0.485411766529369,0.44192828411402685,62,0.043507719368796605
Apr,2020,2020-04-03,2020-04-07,3m,0.4419040471605724,1241,band5,45-50%,0.4663826370481454,0.43012220941417356,62,0.02447858988757301
Apr,2020,2020-04-03,2020-04-07,3m,0.4419040471605724,1241,band5,50-55%,0.3804259019323846,0.3233786888142782,61,-0.061478145228187786
Apr,2020,2020-04-03,2020-04-07,3m,0.4419040471605724,1241,band5,55-60%,0.4408463140301158,0.3148377410786465,62,-0.0010577331304565951
Apr,2020,2020-04-03,2020-04-07,3m,0.4419040471605724,1241,band5,60-65%,0.406018753292994,0.38428215297341406,62,-0.03588529386757844
Apr,2020,2020-04-03,2020-04-07,3m,0.4419040471605724,1241,band5,65-70%,0.4330375829640343,0.41266666666666696,63,-0.008866464196538137
Apr,2020,2020-04-03,2020-04-07,3m,0.4419040471605724,1241,band5,70-75%,0.33139791753932313,0.310418143160879,61,-0.11050612962124928
Apr,2020,2020-04-03,2020-04-07,3m,0.4419040471605724,1241,band5,75-80%,0.27983680762764,0.22647240180279826,62,-0.1620672395329324
Apr,2020,2020-04-03,2020-04-07,3m,0.4419040471605724,1241,band5,80-85%,0.325085223999023,0.3033965025243287,62,-0.1168188231615494
Apr,2020,2020-04-03,2020-04-07,3m,0.4419040471605724,1241,band5,85-90%,0.30645299518697144,0.25232443752207745,62,-0.13545105197360097
Apr,2020,2020-04-03,2020-04-07,3m,0.4419040471605724,1241,band5,90-95%,0.24256505054841984,0.1907267480266206,62,-0.19933899661215257
Apr,2020,2020-04-03,2020-04-07,3m,0.4419040471605724,1241,band5,95-100%,0.18982334754011637,0.1555256637168141,63,-0.25208069962045604
Apr,2020,2020-04-03,2020-04-07,3m,0.4419040471605724,1241,band1,0-1%,0.5641768080767819,0.5863529411764705,12,0.12227276091620953
Apr,2020,2020-04-03,2020-04-07,3m,0.4419040471605724,1241,band1,1-2%,0.4707177665226531,0.5182676518883416,12,0.028813719362080714
Apr,2020,2020-04-03,2020-04-07,3m,0.4419040471605724,1241,band1,2-3%,0.6767012671011705,0.7005076142131981,13,0.2347972199405981
Apr,2020,2020-04-03,2020-04-07,3m,0.4419040471605724,1241,band1,3-4%,0.5256510991978475,0.3290943555260736,12,0.08374705203727506
Apr,2020,2020-04-03,2020-04-07,3m,0.4419040471605724,1241,band1,4-5%,0.6850275992998149,0.5414634146341464,13,0.24312355213924253
Apr,2020,2020-04-03,2020-04-07,3m,0.4419040471605724,1241,band1,5-6%,0.6999767434724268,0.578598484848485,12,0.25807269631185437
Apr,2020,2020-04-03,2020-04-07,3m,0.4419040471605724,1241,band1,6-7%,0.5028218346916156,0.46410256410256423,13,0.060917787531043155
Apr,2020,2020-04-03,2020-04-07,3m,0.4419040471605724,1241,band1,7-8%,0.7141244601186424,0.5458383933397446,12,0.27222041295807
Apr,2020,2020-04-03,2020-04-07,3m,0.4419040471605724,1241,band1,8-9%,0.5406975360015527,0.5579072980781309,12,0.09879348884098027
Apr,2020,2020-04-03,2020-04-07,3m,0.4419040471605724,1241,band1,9-10%,0.8216148281105593,0.6418685121107268,13,0.3797107809499869
Apr,2020,2020-04-03,2020-04-07,3m,0.4419040471605724,1241,band1,10-11%,0.5163666968504762,0.5409775438128873,12,0.07446264968990379
Apr,2020,2020-04-03,2020-04-07,3m,0.4419040471605724,1241,band1,11-12%,1.0487496802760319,0.4518272425249168,13,0.6068456331154595
Apr,2020,2020-04-03,2020-04-07,3m,0.4419040471605724,1241,band1,12-13%,0.5662980896391167,0.45784307619321496,12,0.12439404247854424
Apr,2020,2020-04-03,2020-04-07,3m,0.4419040471605724,1241,band1,13-14%,0.5151079591620907,0.4694267515923567,13,0.07320391200151832
Apr,2020,2020-04-03,2020-04-07,3m,0.4419040471605724,1241,band1,14-15%,0.5754337154586353,0.3522885811348715,12,0.1335296682980629
Apr,2020,2020-04-03,2020-04-07,3m,0.4419040471605724,1241,band1,15-16%,0.6497160858516906,0.621064630527611,12,0.2078120386911182
Apr,2020,2020-04-03,2020-04-07,3m,0.4419040471605724,1241,band1,16-17%,0.5207211021106726,0.5726495726495726,13,0.07881705495010016
Apr,2020,2020-04-03,2020-04-07,3m,0.4419040471605724,1241,band1,17-18%,0.39429030907983736,0.3637755102040816,12,-0.047613738080735046
Apr,2020,2020-04-03,2020-04-07,3m,0.4419040471605724,1241,band1,18-19%,0.6760645118358599,0.5010869565217391,13,0.2341604646752875
Apr,2020,2020-04-03,2020-04-07,3m,0.4419040471605724,1241,band1,19-20%,0.5650154911477515,0.4667556615664006,12,0.1231114439871791
Apr,2020,2020-04-03,2020-04-07,3m,0.4419040471605724,1241,cum,top 2%,0.5174472872997175,0.5863529411764705,24,0.07554324013914504
Apr,2020,2020-04-03,2020-04-07,3m,0.4419040471605724,1241,cum,top 5%,0.5875648927222614,0.5530846484935438,62,0.145660845561689
Apr,2020,2020-04-03,2020-04-07,3m,0.4419040471605724,1241,cum,top 10%,0.6218087487122576,0.5646110056925996,124,0.17990470155168514
Apr,2020,2020-04-03,2020-04-07,3m,0.4419040471605724,1241,cum,top 15%,0.6308151407333025,0.5239028804101945,186,0.18891109357273006
Apr,2020,2020-04-03,2020-04-07,3m,0.4419040471605724,1241,cum,top 20%,0.6137019830268168,0.4983482316362223,248,0.17179793586624437
Apr,2020,2020-04-03,2020-04-07,3m,0.4419040471605724,1241,cum,top 25%,0.5973455917435591,0.49328093306288034,310,0.15544154458298665
Apr,2020,2020-04-03,2020-04-07,3m,0.4419040471605724,1241,cum,top 30%,0.6047490015411692,0.48890432711393395,372,0.16284495438059676
Apr,2020,2020-04-03,2020-04-07,3m,0.4419040471605724,1241,cum,top 40%,0.568773156789635,0.4418604651162792,497,0.12686910962906262
Apr,2020,2020-04-03,2020-04-07,3m,0.4419040471605724,1241,cum,top 50%,0.5502278775302004,0.44099378881987583,621,0.108323830369628
Apr,2020,2020-04-03,2020-04-07,3m,0.4419040471605724,1241,cum,top 100%,0.4419040471605724,0.3617741935483869,1241,0.0
Apr,2020,2020-04-03,2020-04-07,6m,0.6383078925905012,1241,band5,0-5%,0.7673951564902924,0.6749021526418788,62,0.1290872638997912
Apr,2020,2020-04-03,2020-04-07,6m,0.6383078925905012,1241,band5,5-10%,0.971920596487505,0.6862960253596683,62,0.3336127038970037
Apr,2020,2020-04-03,2020-04-07,6m,0.6383078925905012,1241,band5,10-15%,0.8078884503064688,0.49262274284264385,62,0.16958055771596758
Apr,2020,2020-04-03,2020-04-07,6m,0.6383078925905012,1241,band5,15-20%,0.5791642524209382,0.5014092750601297,62,-0.05914364016956308
Apr,2020,2020-04-03,2020-04-07,6m,0.6383078925905012,1241,band5,20-25%,0.6910989668851218,0.6336889533572835,62,0.0527910742946206
Apr,2020,2020-04-03,2020-04-07,6m,0.6383078925905012,1241,band5,25-30%,0.7934238109441973,0.5125330687830688,62,0.1551159183536961
Apr,2020,2020-04-03,2020-04-07,6m,0.6383078925905012,1241,band5,30-35%,0.549118866511415,0.4604377104377104,63,-0.0891890260790863
Apr,2020,2020-04-03,2020-04-07,6m,0.6383078925905012,1241,band5,35-40%,0.5567620009813425,0.4380049923195084,62,-0.0815458916091587
Apr,2020,2020-04-03,2020-04-07,6m,0.6383078925905012,1241,band5,40-45%,0.8300648429756516,0.5101507092198582,62,0.1917569503851504
Apr,2020,2020-04-03,2020-04-07,6m,0.6383078925905012,1241,band5,45-50%,0.6768673164156236,0.5225580365120956,62,0.03855942382512234
Apr,2020,2020-04-03,2020-04-07,6m,0.6383078925905012,1241,band5,50-55%,0.6191695252479021,0.5908289241622575,61,-0.019138367342599105
Apr,2020,2020-04-03,2020-04-07,6m,0.6383078925905012,1241,band5,55-60%,0.6130664296398812,0.42471313326879656,62,-0.02524146295062002
Apr,2020,2020-04-03,2020-04-07,6m,0.6383078925905012,1241,band5,60-65%,0.71587461938407,0.5129373380229545,62,0.0775667267935688
Apr,2020,2020-04-03,2020-04-07,6m,0.6383078925905012,1241,band5,65-70%,0.6676921081960693,0.46895074946466786,63,0.02938421560556803
Apr,2020,2020-04-03,2020-04-07,6m,0.6383078925905012,1241,band5,70-75%,0.5554618918106293,0.4944736842105262,61,-0.08284600077987192
Apr,2020,2020-04-03,2020-04-07,6m,0.6383078925905012,1241,band5,75-80%,0.5039728249960853,0.32798277126645636,62,-0.13433506759441594
Apr,2020,2020-04-03,2020-04-07,6m,0.6383078925905012,1241,band5,80-85%,0.564963543269089,0.4742566475722372,62,-0.0733443493214122
Apr,2020,2020-04-03,2020-04-07,6m,0.6383078925905012,1241,band5,85-90%,0.4562394852807998,0.39362525791395586,62,-0.18206840730970147
Apr,2020,2020-04-03,2020-04-07,6m,0.6383078925905012,1241,band5,90-95%,0.5062837273507413,0.35049770577269246,62,-0.1320241652397599
Apr,2020,2020-04-03,2020-04-07,6m,0.6383078925905012,1241,band5,95-100%,0.34379926000549327,0.30343789790485,63,-0.294508632585008
Apr,2020,2020-04-03,2020-04-07,6m,0.6383078925905012,1241,band1,0-1%,0.731942419206955,0.6370606060606061,12,0.09363452661645377
Apr,2020,2020-04-03,2020-04-07,6m,0.6383078925905012,1241,band1,1-2%,0.788602503281789,0.6749021526418788,12,0.1502946106912878
Apr,2020,2020-04-03,2020-04-07,6m,0.6383078925905012,1241,band1,2-3%,0.9288949747986232,0.7402269861286255,13,0.2905870822081219
Apr,2020,2020-04-03,2020-04-07,6m,0.6383078925905012,1241,band1,3-4%,0.6107892294023937,0.6524090409702296,12,-0.027518663188107584
Apr,2020,2020-04-03,2020-04-07,6m,0.6383078925905012,1241,band1,4-5%,0.7636042467171069,0.7081545064377681,13,0.12529635412660567
Apr,2020,2020-04-03,2020-04-07,6m,0.6383078925905012,1241,band1,5-6%,0.9192510279631518,0.596712692026335,12,0.2809431353726506
Apr,2020,2020-04-03,2020-04-07,6m,0.6383078925905012,1241,band1,6-7%,0.8306866190056904,0.8391866913123844,13,0.19237872641518916
Apr,2020,2020-04-03,2020-04-07,6m,0.6383078925905012,1241,band1,7-8%,0.9262286611218813,0.5438237503246595,12,0.28792076853138004
Apr,2020,2020-04-03,2020-04-07,6m,0.6383078925905012,1241,band1,8-9%,0.7145539398595494,0.6991869918699186,12,0.07624604726904816
Apr,2020,2020-04-03,2020-04-07,6m,0.6383078925905012,1241,band1,9-10%,1.4415190298320264,0.6211453744493391,13,0.8032111372415252
Apr,2020,2020-04-03,2020-04-07,6m,0.6383078925905012,1241,band1,10-11%,0.67542022249416,0.5208858356060344,12,0.03711232990365876
Apr,2020,2020-04-03,2020-04-07,6m,0.6383078925905012,1241,band1,11-12%,0.8045820628974215,0.47963800904977383,13,0.16627417030692027
Apr,2020,2020-04-03,2020-04-07,6m,0.6383078925905012,1241,band1,12-13%,0.8334317242281544,0.4821387289951963,12,0.19512383163765312
Apr,2020,2020-04-03,2020-04-07,6m,0.6383078925905012,1241,band1,13-14%,1.0144962925468604,0.6809917355371904,13,0.3761883999563591
Apr,2020,2020-04-03,2020-04-07,6m,0.6383078925905012,1241,band1,14-15%,0.6945701614631358,0.5298647826697235,12,0.056262268872634524
Apr,2020,2020-04-03,2020-04-07,6m,0.6383078925905012,1241,band1,15-16%,0.551580634155068,0.35654460640676977,12,-0.08672725843543327
Apr,2020,2020-04-03,2020-04-07,6m,0.6383078925905012,1241,band1,16-17%,0.6305421368427117,0.5982905982905982,13,-0.007765755747789593
Apr,2020,2020-04-03,2020-04-07,6m,0.6383078925905012,1241,band1,17-18%,0.6366333936004528,0.5058897243107768,12,-0.0016744989900484564
Apr,2020,2020-04-03,2020-04-07,6m,0.6383078925905012,1241,band1,18-19%,0.6534476624045885,0.4860335195530727,13,0.015139769814087267
Apr,2020,2020-04-03,2020-04-07,6m,0.6383078925905012,1241,band1,19-20%,0.41314566056808455,0.5014092750601297,12,-0.2251622320224167
Apr,2020,2020-04-03,2020-04-07,6m,0.6383078925905012,1241,cum,top 2%,0.7602724612443721,0.6749021526418788,24,0.12196456865387084
Apr,2020,2020-04-03,2020-04-07,6m,0.6383078925905012,1241,cum,top 5%,0.7673951564902924,0.6749021526418788,62,0.1290872638997912
Apr,2020,2020-04-03,2020-04-07,6m,0.6383078925905012,1241,cum,top 10%,0.8696578764888989,0.6749021526418788,124,0.23134998389839767
Apr,2020,2020-04-03,2020-04-07,6m,0.6383078925905012,1241,cum,top 15%,0.8490680677614221,0.6590799031476997,186,0.21076017517092083
Apr,2020,2020-04-03,2020-04-07,6m,0.6383078925905012,1241,cum,top 20%,0.7815921139263012,0.5971395684862734,248,0.1432842213358
Apr,2020,2020-04-03,2020-04-07,6m,0.6383078925905012,1241,cum,top 25%,0.7634934845180653,0.6001726964055731,310,0.12518559192756407
Apr,2020,2020-04-03,2020-04-07,6m,0.6383078925905012,1241,cum,top 30%,0.768481872255754,0.5895721925133689,372,0.1301739796652528
Apr,2020,2020-04-03,2020-04-07,6m,0.6383078925905012,1241,cum,top 40%,0.7142635596181144,0.5379939209726445,497,0.07595566702761314
Apr,2020,2020-04-03,2020-04-07,6m,0.6383078925905012,1241,cum,top 50%,0.7220914380232882,0.5300316122233928,621,0.08378354543278699
Apr,2020,2020-04-03,2020-04-07,6m,0.6383078925905012,1241,cum,top 100%,0.6383078925905012,0.48002685464921124,1241,0.0
Apr,2020,2020-04-03,2020-04-07,9m,1.1038312646172597,1241,band5,0-5%,1.4214779787930452,1.1131940877703588,62,0.3176467141757855
Apr,2020,2020-04-03,2020-04-07,9m,1.1038312646172597,1241,band5,5-10%,1.5900329457933653,1.1956949300699302,62,0.4862016811761056
Apr,2020,2020-04-03,2020-04-07,9m,1.1038312646172597,1241,band5,10-15%,1.578807392366454,1.2763355085355752,62,0.4749761277491944
Apr,2020,2020-04-03,2020-04-07,9m,1.1038312646172597,1241,band5,15-20%,1.1725374481675688,0.9403378246197487,62,0.06870618355030911
Apr,2020,2020-04-03,2020-04-07,9m,1.1038312646172597,1241,band5,20-25%,1.072588693842355,0.9898963998964001,62,-0.031242570774904665
Apr,2020,2020-04-03,2020-04-07,9m,1.1038312646172597,1241,band5,25-30%,1.4738233547160622,0.922396480331263,62,0.3699920900988025
Apr,2020,2020-04-03,2020-04-07,9m,1.1038312646172597,1241,band5,30-35%,1.047932036947807,0.8841463414634145,63,-0.05589922766945277
Apr,2020,2020-04-03,2020-04-07,9m,1.1038312646172597,1241,band5,35-40%,1.246023985517397,0.9612400163236753,62,0.14219272090013724
Apr,2020,2020-04-03,2020-04-07,9m,1.1038312646172597,1241,band5,40-45%,1.4546555525576614,1.006757209926224,62,0.35082428794040177
Apr,2020,2020-04-03,2020-04-07,9m,1.1038312646172597,1241,band5,45-50%,1.1650714726973588,1.0442823521378903,62,0.06124020808009911
Apr,2020,2020-04-03,2020-04-07,9m,1.1038312646172597,1241,band5,50-55%,1.0096229834440464,0.8592417061611375,61,-0.09420828117321323
Apr,2020,2020-04-03,2020-04-07,9m,1.1038312646172597,1241,band5,55-60%,1.0987222201148352,0.6910496939654905,62,-0.005109044502424442
Apr,2020,2020-04-03,2020-04-07,9m,1.1038312646172597,1241,band5,60-65%,1.0487493496631628,0.836713697824809,62,-0.05508191495409687
Apr,2020,2020-04-03,2020-04-07,9m,1.1038312646172597,1241,band5,65-70%,1.033988809649321,0.8227316602316601,63,-0.06984245496793862
Apr,2020,2020-04-03,2020-04-07,9m,1.1038312646172597,1241,band5,70-75%,0.8865438079789063,0.6871794871794872,61,-0.21728745663835336
Apr,2020,2020-04-03,2020-04-07,9m,1.1038312646172597,1241,band5,75-80%,0.828089952760979,0.7357222377866363,62,-0.2757413118562807
Apr,2020,2020-04-03,2020-04-07,9m,1.1038312646172597,1241,band5,80-85%,0.8644236996068243,0.689599645303369,62,-0.23940756501043536
Apr,2020,2020-04-03,2020-04-07,9m,1.1038312646172597,1241,band5,85-90%,0.7112158602520177,0.666076906872846,62,-0.392615404365242
Apr,2020,2020-04-03,2020-04-07,9m,1.1038312646172597,1241,band5,90-95%,0.7918803314467803,0.6242787256840076,62,-0.3119509331704794
Apr,2020,2020-04-03,2020-04-07,9m,1.1038312646172597,1241,band5,95-100%,0.5857967778294646,0.5588333333333333,63,-0.5180344867877951
Apr,2020,2020-04-03,2020-04-07,9m,1.1038312646172597,1241,band1,0-1%,1.5723252926014937,1.2062184343434341,12,0.468494027984234
Apr,2020,2020-04-03,2020-04-07,9m,1.1038312646172597,1241,band1,1-2%,1.9549728336539003,1.3885189669087978,12,0.8511415690366406
Apr,2020,2020-04-03,2020-04-07,9m,1.1038312646172597,1241,band1,2-3%,1.330119849332197,1.0939597315436238,13,0.2262885847149374
Apr,2020,2020-04-03,2020-04-07,9m,1.1038312646172597,1241,band1,3-4%,1.4058335574077863,1.1647401728853484,12,0.3020022927905266
Apr,2020,2020-04-03,2020-04-07,9m,1.1038312646172597,1241,band1,4-5%,0.8955766492224686,0.913253012048193,13,-0.20825461539479106
Apr,2020,2020-04-03,2020-04-07,9m,1.1038312646172597,1241,band1,5-6%,1.6372147668734165,1.3791765035135555,12,0.5333835022561568
Apr,2020,2020-04-03,2020-04-07,9m,1.1038312646172597,1241,band1,6-7%,1.6002994398739647,1.6782051282051285,13,0.49646817525670506
Apr,2020,2020-04-03,2020-04-07,9m,1.1038312646172597,1241,band1,7-8%,1.7790761115238427,1.1371302542812665,12,0.675244846906583
Apr,2020,2020-04-03,2020-04-07,9m,1.1038312646172597,1241,band1,8-9%,1.1681225540223286,1.0895936142185874,12,0.0642912894050689
Apr,2020,2020-04-03,2020-04-07,9m,1.1038312646172597,1241,band1,9-10%,1.7511683639840012,1.062937062937063,13,0.6473370993667416
Apr,2020,2020-04-03,2020-04-07,9m,1.1038312646172597,1241,band1,10-11%,1.3445555500395132,1.2236638414121601,12,0.24072428542225355
Apr,2020,2020-04-03,2020-04-07,9m,1.1038312646172597,1241,band1,11-12%,1.6408727335547821,1.4714285714285715,13,0.5370414689375225
Apr,2020,2020-04-03,2020-04-07,9m,1.1038312646172597,1241,band1,12-13%,1.8014542839850973,1.3703660513025746,12,0.6976230193678377
Apr,2020,2020-04-03,2020-04-07,9m,1.1038312646172597,1241,band1,13-14%,1.6103927132896148,1.19504132231405,13,0.5065614486723551
Apr,2020,2020-04-03,2020-04-07,9m,1.1038312646172597,1241,band1,14-15%,1.4889574591206391,1.1050767079903856,12,0.3851261945033795
Apr,2020,2020-04-03,2020-04-07,9m,1.1038312646172597,1241,band1,15-16%,1.130880724476034,1.1832908627593741,12,0.027049459858774272
Apr,2020,2020-04-03,2020-04-07,9m,1.1038312646172597,1241,band1,16-17%,1.0184797972623103,0.869346733668342,13,-0.08535146735494936
Apr,2020,2020-04-03,2020-04-07,9m,1.1038312646172597,1241,band1,17-18%,1.1494055741280802,0.8875218638838118,12,0.04557430951082053
Apr,2020,2020-04-03,2020-04-07,9m,1.1038312646172597,1241,band1,18-19%,1.4964943910485742,0.8974082073434124,13,0.3926631264313145
Apr,2020,2020-04-03,2020-04-07,9m,1.1038312646172597,1241,band1,19-20%,1.0532684795915335,0.9564400524314626,12,-0.0505627850257262
Apr,2020,2020-04-03,2020-04-07,9m,1.1038312646172597,1241,cum,top 2%,1.763649063127697,1.3032771260997067,24,0.6598177985104374
Apr,2020,2020-04-03,2020-04-07,9m,1.1038312646172597,1241,cum,top 5%,1.4214779787930452,1.1131940877703588,62,0.3176467141757855
Apr,2020,2020-04-03,2020-04-07,9m,1.1038312646172597,1241,cum,top 10%,1.505755462293205,1.1535546982639844,124,0.40192419767594534
Apr,2020,2020-04-03,2020-04-07,9m,1.1038312646172597,1241,cum,top 15%,1.5301061056509548,1.1873932892356398,186,0.4262748410336952
Apr,2020,2020-04-03,2020-04-07,9m,1.1038312646172597,1241,cum,top 20%,1.4407139412801084,1.160492432798735,248,0.33688267666284877
Apr,2020,2020-04-03,2020-04-07,9m,1.1038312646172597,1241,cum,top 25%,1.3670888917925577,1.080193214508709,310,0.263257627175298
Apr,2020,2020-04-03,2020-04-07,9m,1.1038312646172597,1241,cum,top 30%,1.3848779689464752,1.0729497098646035,372,0.2810467043292155
Apr,2020,2020-04-03,2020-04-07,9m,1.1038312646172597,1241,cum,top 40%,1.3248446878830564,1.0373134328358211,497,0.22101342326579676
Apr,2020,2020-04-03,2020-04-07,9m,1.1038312646172597,1241,cum,top 50%,1.3218532776871021,1.0362745098039214,621,0.21802201306984248
Apr,2020,2020-04-03,2020-04-07,9m,1.1038312646172597,1241,cum,top 100%,1.1038312646172597,0.854368932038835,1241,0.0
Apr,2020,2020-04-03,2020-04-07,12m,1.333177797665393,1241,band5,0-5%,1.6516680174499128,1.176864864864865,62,0.31849021978451986
Apr,2020,2020-04-03,2020-04-07,12m,1.333177797665393,1241,band5,5-10%,1.8417909313103336,1.5120681908285978,62,0.5086131336449407
Apr,2020,2020-04-03,2020-04-07,12m,1.333177797665393,1241,band5,10-15%,1.8079444942197136,1.3531608494020013,62,0.4747666965543207
Apr,2020,2020-04-03,2020-04-07,12m,1.333177797665393,1241,band5,15-20%,1.3776069765866181,1.1797852474323058,62,0.04442917892122522
Apr,2020,2020-04-03,2020-04-07,12m,1.333177797665393,1241,band5,20-25%,1.3737402337165785,1.1753289654792713,62,0.04056243605118559
Apr,2020,2020-04-03,2020-04-07,12m,1.333177797665393,1241,band5,25-30%,1.622830663540403,1.0397012578616351,62,0.28965286587501016
Apr,2020,2020-04-03,2020-04-07,12m,1.333177797665393,1241,band5,30-35%,1.3842098835468746,1.0,63,0.05103208588148167
Apr,2020,2020-04-03,2020-04-07,12m,1.333177797665393,1241,band5,35-40%,1.578019755342283,1.1148386959482466,62,0.2448419576768901
Apr,2020,2020-04-03,2020-04-07,12m,1.333177797665393,1241,band5,40-45%,1.6093589903150016,1.1138236763236762,62,0.2761811926496087
Apr,2020,2020-04-03,2020-04-07,12m,1.333177797665393,1241,band5,45-50%,1.4223847431449703,1.0511351250350347,62,0.08920694547957742
Apr,2020,2020-04-03,2020-04-07,12m,1.333177797665393,1241,band5,50-55%,1.2530941810323994,0.8938753959873282,61,-0.08008361663299346
Apr,2020,2020-04-03,2020-04-07,12m,1.333177797665393,1241,band5,55-60%,1.3325730042974042,0.85575,62,-0.0006047933679886874
Apr,2020,2020-04-03,2020-04-07,12m,1.333177797665393,1241,band5,60-65%,1.2966213067756742,1.1437845827332678,62,-0.036556490889718685
Apr,2020,2020-04-03,2020-04-07,12m,1.333177797665393,1241,band5,65-70%,1.3797533997294482,0.9361969354433557,63,0.04657560206405531
Apr,2020,2020-04-03,2020-04-07,12m,1.333177797665393,1241,band5,70-75%,1.0966527099662633,0.9632727272727273,61,-0.2365250876991296
Apr,2020,2020-04-03,2020-04-07,12m,1.333177797665393,1241,band5,75-80%,1.0018599735624971,0.7110692541856924,62,-0.3313178241028958
Apr,2020,2020-04-03,2020-04-07,12m,1.333177797665393,1241,band5,80-85%,1.1977988574791973,0.9437682859477199,62,-0.13537894018619556
Apr,2020,2020-04-03,2020-04-07,12m,1.333177797665393,1241,band5,85-90%,0.7915713485859316,0.7028475590521461,62,-0.5416064490794613
Apr,2020,2020-04-03,2020-04-07,12m,1.333177797665393,1241,band5,90-95%,0.9770632078747269,0.7072186860782247,62,-0.356114589790666
Apr,2020,2020-04-03,2020-04-07,12m,1.333177797665393,1241,band5,95-100%,0.6710124515071156,0.6076476747046866,63,-0.6621653461582773
Apr,2020,2020-04-03,2020-04-07,12m,1.333177797665393,1241,band1,0-1%,1.810556454817564,1.655050505050505,12,0.4773786571521712
Apr,2020,2020-04-03,2020-04-07,12m,1.333177797665393,1241,band1,1-2%,2.8523448502195428,1.7498425444811843,12,1.5191670525541499
Apr,2020,2020-04-03,2020-04-07,12m,1.333177797665393,1241,band1,2-3%,1.4444781378465434,1.3488372093023258,13,0.11130034018115054
Apr,2020,2020-04-03,2020-04-07,12m,1.333177797665393,1241,band1,3-4%,1.5103067368167082,1.0601006922592824,12,0.17712893915131533
Apr,2020,2020-04-03,2020-04-07,12m,1.333177797665393,1241,band1,4-5%,0.7343619067418264,0.7170731707317075,13,-0.5988158909235665
Apr,2020,2020-04-03,2020-04-07,12m,1.333177797665393,1241,band1,5-6%,1.6663832598364763,1.6988109884507108,12,0.3332054621710834
Apr,2020,2020-04-03,2020-04-07,12m,1.333177797665393,1241,band1,6-7%,1.9245455872703825,2.1219963031423292,13,0.5913677896049896
Apr,2020,2020-04-03,2020-04-07,12m,1.333177797665393,1241,band1,7-8%,2.2016330050019595,1.5257952310518017,12,0.8684552073365666
Apr,2020,2020-04-03,2020-04-07,12m,1.333177797665393,1241,band1,8-9%,1.4285697132140245,1.2695935021941644,12,0.09539191554863158
Apr,2020,2020-04-03,2020-04-07,12m,1.333177797665393,1241,band1,9-10%,1.9702241053920146,1.4266025641025641,13,0.6370463077266217
Apr,2020,2020-04-03,2020-04-07,12m,1.333177797665393,1241,band1,10-11%,1.5195366229861225,1.325450521084628,12,0.18635882532072956
Apr,2020,2020-04-03,2020-04-07,12m,1.333177797665393,1241,band1,11-12%,2.484940777673917,1.5995475113122173,13,1.1517629800085243
Apr,2020,2020-04-03,2020-04-07,12m,1.333177797665393,1241,band1,12-13%,1.8065420565493826,1.6050918466000643,12,0.4733642588839897
Apr,2020,2020-04-03,2020-04-07,12m,1.333177797665393,1241,band1,13-14%,1.4432935261877375,0.9801652892561985,13,0.11011572852234464
Apr,2020,2020-04-03,2020-04-07,12m,1.333177797665393,1241,band1,14-15%,1.7593807114162232,1.3955916939138415,12,0.4262029137508303
Apr,2020,2020-04-03,2020-04-07,12m,1.333177797665393,1241,band1,15-16%,1.2894342316434804,1.0155740478756332,12,-0.04374356602191254
Apr,2020,2020-04-03,2020-04-07,12m,1.333177797665393,1241,band1,16-17%,1.296830562044798,1.3828125,13,-0.03634723562059494
Apr,2020,2020-04-03,2020-04-07,12m,1.333177797665393,1241,band1,17-18%,1.5274718500110251,1.2185711491907891,12,0.19429405234563224
Apr,2020,2020-04-03,2020-04-07,12m,1.333177797665393,1241,band1,18-19%,1.5236771826415751,1.200840336134453,13,0.19049938497618224
Apr,2020,2020-04-03,2020-04-07,12m,1.333177797665393,1241,band1,19-20%,1.2451799072994498,1.1009279016649636,12,-0.08799789036594308
Apr,2020,2020-04-03,2020-04-07,12m,1.333177797665393,1241,cum,top 2%,2.3314506525185537,1.7089421613394218,24,0.9982728548531608
Apr,2020,2020-04-03,2020-04-07,12m,1.333177797665393,1241,cum,top 5%,1.6516680174499128,1.176864864864865,62,0.31849021978451986
Apr,2020,2020-04-03,2020-04-07,12m,1.333177797665393,1241,cum,top 10%,1.7467294743801232,1.3268548387096775,124,0.41355167671473025
Apr,2020,2020-04-03,2020-04-07,12m,1.333177797665393,1241,cum,top 15%,1.7671344809933203,1.339943074003795,186,0.43395668332792736
Apr,2020,2020-04-03,2020-04-07,12m,1.333177797665393,1241,cum,top 20%,1.6697526048916442,1.2890146051208076,248,0.3365748072262513
Apr,2020,2020-04-03,2020-04-07,12m,1.333177797665393,1241,cum,top 25%,1.6105501306566312,1.280510417651797,310,0.2773723329912383
Apr,2020,2020-04-03,2020-04-07,12m,1.333177797665393,1241,cum,top 30%,1.61259688613726,1.2203234696907297,372,0.279419088471867
Apr,2020,2020-04-03,2020-04-07,12m,1.333177797665393,1241,cum,top 40%,1.5793329761322643,1.1691902567478603,497,0.2461551784668714
Apr,2020,2020-04-03,2020-04-07,12m,1.333177797665393,1241,cum,top 50%,1.5666611926123248,1.1318681318681318,621,0.23348339494693193
Apr,2020,2020-04-03,2020-04-07,12m,1.333177797665393,1241,cum,top 100%,1.333177797665393,0.9684039087947882,1241,0.0
Apr,2020,2020-04-03,2020-04-07,18m,2.373961323890113,1239,band5,0-5%,3.22110760661713,2.48878431372549,62,0.8471462827270169
Apr,2020,2020-04-03,2020-04-07,18m,2.373961323890113,1239,band5,5-10%,3.2935409174308075,2.359228995590793,62,0.9195795935406945
Apr,2020,2020-04-03,2020-04-07,18m,2.373961323890113,1239,band5,10-15%,3.236994401706421,2.1641910003421927,62,0.8630330778163082
Apr,2020,2020-04-03,2020-04-07,18m,2.373961323890113,1239,band5,15-20%,2.525529116441087,2.150424403022548,62,0.1515677925509742
Apr,2020,2020-04-03,2020-04-07,18m,2.373961323890113,1239,band5,20-25%,2.748843289069127,2.178289865998153,62,0.37488196517901384
Apr,2020,2020-04-03,2020-04-07,18m,2.373961323890113,1239,band5,25-30%,3.020971549176607,2.310425916253156,62,0.6470102252864942
Apr,2020,2020-04-03,2020-04-07,18m,2.373961323890113,1239,band5,30-35%,2.4295116809645694,2.0000000000000004,63,0.055550357074456436
Apr,2020,2020-04-03,2020-04-07,18m,2.373961323890113,1239,band5,35-40%,2.6356333705210346,1.9645135800654199,62,0.2616720466309217
Apr,2020,2020-04-03,2020-04-07,18m,2.373961323890113,1239,band5,40-45%,2.4141747697818086,1.7457943844567012,62,0.04021344589169562
Apr,2020,2020-04-03,2020-04-07,18m,2.373961323890113,1239,band5,45-50%,2.5386656700295993,1.731684596628744,62,0.16470434613948637
Apr,2020,2020-04-03,2020-04-07,18m,2.373961323890113,1239,band5,50-55%,2.4797331489445593,1.9029982363315696,61,0.10577182505444638
Apr,2020,2020-04-03,2020-04-07,18m,2.373961323890113,1239,band5,55-60%,2.426675613968718,1.8825031833450072,62,0.052714290078605064
Apr,2020,2020-04-03,2020-04-07,18m,2.373961323890113,1239,band5,60-65%,2.370590547086237,1.817976835638683,62,-0.0033707768038757635
Apr,2020,2020-04-03,2020-04-07,18m,2.373961323890113,1239,band5,65-70%,2.2999700473899183,1.7423483583750699,63,-0.07399127650019466
Apr,2020,2020-04-03,2020-04-07,18m,2.373961323890113,1239,band5,70-75%,2.043101621414804,1.58347260909935,61,-0.3308597024753088
Apr,2020,2020-04-03,2020-04-07,18m,2.373961323890113,1239,band5,75-80%,1.6054336289562854,1.1396296296296295,61,-0.7685276949338276
Apr,2020,2020-04-03,2020-04-07,18m,2.373961323890113,1239,band5,80-85%,2.2186574000528005,1.7161080700656863,62,-0.1553039238373124
Apr,2020,2020-04-03,2020-04-07,18m,2.373961323890113,1239,band5,85-90%,1.2402470378732338,0.9214445939883356,62,-1.1337142860168792
Apr,2020,2020-04-03,2020-04-07,18m,2.373961323890113,1239,band5,90-95%,1.6268504299818658,1.34867398316865,62,-0.7471108939082471
Apr,2020,2020-04-03,2020-04-07,18m,2.373961323890113,1239,band5,95-100%,1.0872660069613145,0.8674699232663217,62,-1.2866953169287985
Apr,2020,2020-04-03,2020-04-07,18m,2.373961323890113,1239,band1,0-1%,2.73376416184305,2.6037575757575757,12,0.359802837952937
Apr,2020,2020-04-03,2020-04-07,18m,2.373961323890113,1239,band1,1-2%,5.612074788030394,5.580204445434795,12,3.2381134641402807
Apr,2020,2020-04-03,2020-04-07,18m,2.373961323890113,1239,band1,2-3%,3.3789825691341404,2.488235294117647,13,1.0050212452440275
Apr,2020,2020-04-03,2020-04-07,18m,2.373961323890113,1239,band1,3-4%,3.250233466709742,3.1230367100371748,12,0.8762721428196292
Apr,2020,2020-04-03,2020-04-07,18m,2.373961323890113,1239,band1,4-5%,1.2791560932707715,1.3717277486910993,13,-1.0948052306193414
Apr,2020,2020-04-03,2020-04-07,18m,2.373961323890113,1239,band1,5-6%,4.105551933932062,3.066238761592374,12,1.7315906100419487
Apr,2020,2020-04-03,2020-04-07,18m,2.373961323890113,1239,band1,6-7%,3.1731666145569495,2.8686019862490446,13,0.7992052906668365
Apr,2020,2020-04-03,2020-04-07,18m,2.373961323890113,1239,band1,7-8%,2.89307738607277,1.7657244387013409,12,0.5191160621826572
Apr,2020,2020-04-03,2020-04-07,18m,2.373961323890113,1239,band1,8-9%,2.6866338475789533,2.3916738463772997,12,0.31267252368884035
Apr,2020,2020-04-03,2020-04-07,18m,2.373961323890113,1239,band1,9-10%,3.5942471446510997,1.6200466200466201,13,1.2202858207609868
Apr,2020,2020-04-03,2020-04-07,18m,2.373961323890113,1239,band1,10-11%,3.1434866411385456,2.1363636363636367,12,0.7695253172484326
Apr,2020,2020-04-03,2020-04-07,18m,2.373961323890113,1239,band1,11-12%,4.48318621502187,2.6704565333935273,13,2.1092248911317575
Apr,2020,2020-04-03,2020-04-07,18m,2.373961323890113,1239,band1,12-13%,3.7049258587075298,2.3643687277994276,12,1.3309645348174168
Apr,2020,2020-04-03,2020-04-07,18m,2.373961323890113,1239,band1,13-14%,2.443376918651048,2.081687898089172,13,0.06941559476093495
Apr,2020,2020-04-03,2020-04-07,18m,2.373961323890113,1239,band1,14-15%,2.372281847491434,1.613334261095455,12,-0.0016794763986789363
Apr,2020,2020-04-03,2020-04-07,18m,2.373961323890113,1239,band1,15-16%,2.4269633148550978,1.921259671793982,12,0.05300199096498481
Apr,2020,2020-04-03,2020-04-07,18m,2.373961323890113,1239,band1,16-17%,1.9762705949590296,1.832512315270936,13,-0.39769072893108337
Apr,2020,2020-04-03,2020-04-07,18m,2.373961323890113,1239,band1,17-18%,3.254510636036498,2.732608518477368,12,0.880549312146385
Apr,2020,2020-04-03,2020-04-07,18m,2.373961323890113,1239,band1,18-19%,3.0624373657858097,2.4239130434782608,13,0.6884760418956968
Apr,2020,2020-04-03,2020-04-07,18m,2.373961323890113,1239,band1,19-20%,1.9084928599137736,1.7964411875852324,12,-0.46546846397633934
Apr,2020,2020-04-03,2020-04-07,18m,2.373961323890113,1239,cum,top 2%,4.172919474936722,3.5182216791259338,24,1.7989581510466093
Apr,2020,2020-04-03,2020-04-07,18m,2.373961323890113,1239,cum,top 5%,3.22110760661713,2.48878431372549,62,0.8471462827270169
Apr,2020,2020-04-03,2020-04-07,18m,2.373961323890113,1239,cum,top 10%,3.2573242620239684,2.4493987127371275,124,0.8833629381338555
Apr,2020,2020-04-03,2020-04-07,18m,2.373961323890113,1239,cum,top 15%,3.2505476419181187,2.3782191455597346,186,0.8765863180280058
Apr,2020,2020-04-03,2020-04-07,18m,2.373961323890113,1239,cum,top 20%,3.0692930105488614,2.289071545373428,248,0.6953316866587484
Apr,2020,2020-04-03,2020-04-07,18m,2.373961323890113,1239,cum,top 25%,3.005203066252914,2.281726023034871,310,0.6312417423628012
Apr,2020,2020-04-03,2020-04-07,18m,2.373961323890113,1239,cum,top 30%,3.0078311467401964,2.281726023034871,372,0.6338698228500834
Apr,2020,2020-04-03,2020-04-07,18m,2.373961323890113,1239,cum,top 40%,2.888091934528018,2.2048543689320392,497,0.5141306106379049
Apr,2020,2020-04-03,2020-04-07,18m,2.373961323890113,1239,cum,top 50%,2.8058901750865255,2.1440677966101696,621,0.43192885119641256
Apr,2020,2020-04-03,2020-04-07,18m,2.373961323890113,1239,cum,top 100%,2.373961323890113,1.757333333333333,1239,0.0
Apr,2020,2020-04-03,2020-04-07,24m,2.6020627605273567,1224,band5,0-5%,3.735677348512784,2.59970360393267,62,1.1336145879854271
Apr,2020,2020-04-03,2020-04-07,24m,2.6020627605273567,1224,band5,5-10%,3.659574571796378,2.9516129032258065,59,1.0575118112690212
Apr,2020,2020-04-03,2020-04-07,24m,2.6020627605273567,1224,band5,10-15%,3.5134592473877246,2.489245651360703,62,0.9113964868603679
Apr,2020,2020-04-03,2020-04-07,24m,2.6020627605273567,1224,band5,15-20%,2.849650650731346,2.367206636722872,62,0.2475878902039894
Apr,2020,2020-04-03,2020-04-07,24m,2.6020627605273567,1224,band5,20-25%,3.010220545809974,2.186165109394737,62,0.40815778528261726
Apr,2020,2020-04-03,2020-04-07,24m,2.6020627605273567,1224,band5,25-30%,3.7082796770695365,2.685855165448821,60,1.1062169165421798
Apr,2020,2020-04-03,2020-04-07,24m,2.6020627605273567,1224,band5,30-35%,2.9163345499328406,2.2004226351787324,62,0.31427178940548384
Apr,2020,2020-04-03,2020-04-07,24m,2.6020627605273567,1224,band5,35-40%,3.079638139106902,2.0738636363636362,61,0.47757537857954535
Apr,2020,2020-04-03,2020-04-07,24m,2.6020627605273567,1224,band5,40-45%,2.5022310351987582,1.918253079507279,61,-0.09983172532859852
Apr,2020,2020-04-03,2020-04-07,24m,2.6020627605273567,1224,band5,45-50%,2.775912493431359,2.060975609756098,61,0.17384973290400207
Apr,2020,2020-04-03,2020-04-07,24m,2.6020627605273567,1224,band5,50-55%,2.5247889512166015,1.9577464788732395,61,-0.07727380931075523
Apr,2020,2020-04-03,2020-04-07,24m,2.6020627605273567,1224,band5,55-60%,2.9705912355802346,1.9666564705368261,62,0.3685284750528779
Apr,2020,2020-04-03,2020-04-07,24m,2.6020627605273567,1224,band5,60-65%,2.4600959053927967,1.909512914635596,62,-0.1419668551345601
Apr,2020,2020-04-03,2020-04-07,24m,2.6020627605273567,1224,band5,65-70%,2.605369515926737,1.9123353825136613,62,0.00330675539938019
Apr,2020,2020-04-03,2020-04-07,24m,2.6020627605273567,1224,band5,70-75%,2.1067403534060354,1.5154639175257731,59,-0.49532240712132136
Apr,2020,2020-04-03,2020-04-07,24m,2.6020627605273567,1224,band5,75-80%,1.7835816564995057,1.1190171591239217,60,-0.818481104027851
Apr,2020,2020-04-03,2020-04-07,24m,2.6020627605273567,1224,band5,80-85%,2.260532353817648,1.6879432624113475,61,-0.3415304067097087
Apr,2020,2020-04-03,2020-04-07,24m,2.6020627605273567,1224,band5,85-90%,1.1212031816607664,0.9572747715420316,61,-1.4808595788665904
Apr,2020,2020-04-03,2020-04-07,24m,2.6020627605273567,1224,band5,90-95%,1.4801608666779247,1.1853128302122495,62,-1.121901893849432
Apr,2020,2020-04-03,2020-04-07,24m,2.6020627605273567,1224,band5,95-100%,0.9919543737903074,0.7946508057459979,62,-1.6101083867370494
Apr,2020,2020-04-03,2020-04-07,24m,2.6020627605273567,1224,band1,0-1%,3.115521658749989,2.529255319148936,12,0.5134588982226322
Apr,2020,2020-04-03,2020-04-07,24m,2.6020627605273567,1224,band1,1-2%,6.398284951886377,7.647330995519191,12,3.7962221913590204
Apr,2020,2020-04-03,2020-04-07,24m,2.6020627605273567,1224,band1,2-3%,3.698635843335563,2.0411764705882356,13,1.0965730828082063
Apr,2020,2020-04-03,2020-04-07,24m,2.6020627605273567,1224,band1,3-4%,4.480629675541209,3.8953836496209373,12,1.8785669150138524
Apr,2020,2020-04-03,2020-04-07,24m,2.6020627605273567,1224,band1,4-5%,1.1997303238691868,0.9927710843373494,13,-1.40233243665817
Apr,2020,2020-04-03,2020-04-07,24m,2.6020627605273567,1224,band1,5-6%,4.440062228927304,3.354537141717098,12,1.8379994683999472
Apr,2020,2020-04-03,2020-04-07,24m,2.6020627605273567,1224,band1,6-7%,4.014005940960347,3.10110770149071,12,1.4119431804329903
Apr,2020,2020-04-03,2020-04-07,24m,2.6020627605273567,1224,band1,7-8%,3.1659938041370093,2.683008109926692,12,0.5639310436096525
Apr,2020,2020-04-03,2020-04-07,24m,2.6020627605273567,1224,band1,8-9%,2.4755928079396656,1.80987538776372,12,-0.12646995258769111
Apr,2020,2020-04-03,2020-04-07,24m,2.6020627605273567,1224,band1,9-10%,4.251549304764944,2.184149184149184,11,1.649486544237587
Apr,2020,2020-04-03,2020-04-07,24m,2.6020627605273567,1224,band1,10-11%,3.97331002439796,2.5,12,1.3712472638706035
Apr,2020,2020-04-03,2020-04-07,24m,2.6020627605273567,1224,band1,11-12%,4.70410360796821,2.932245922208281,13,2.102040847440853
Apr,2020,2020-04-03,2020-04-07,24m,2.6020627605273567,1224,band1,12-13%,3.5547306460882555,2.491672835826722,12,0.9526678855608988
Apr,2020,2020-04-03,2020-04-07,24m,2.6020627605273567,1224,band1,13-14%,2.6786092240003248,1.9057324840764331,13,0.07654646347296801
Apr,2020,2020-04-03,2020-04-07,24m,2.6020627605273567,1224,band1,14-15%,2.626893206384454,1.0736946121758406,12,0.02483044585709715
Apr,2020,2020-04-03,2020-04-07,24m,2.6020627605273567,1224,band1,15-16%,3.0334757210862944,1.8579653269752177,12,0.43141296055893763
Apr,2020,2020-04-03,2020-04-07,24m,2.6020627605273567,1224,band1,16-17%,1.951738910330916,1.3133903133903133,13,-0.6503238501964408
Apr,2020,2020-04-03,2020-04-07,24m,2.6020627605273567,1224,band1,17-18%,3.6822226090604246,3.0975056689342404,12,1.080159848533068
Apr,2020,2020-04-03,2020-04-07,24m,2.6020627605273567,1224,band1,18-19%,3.2473673867651405,2.6144708423326133,13,0.6453046262377837
Apr,2020,2020-04-03,2020-04-07,24m,2.6020627605273567,1224,band1,19-20%,2.3751315434445077,2.5138212536626927,12,-0.22693121708284902
Apr,2020,2020-04-03,2020-04-07,24m,2.6020627605273567,1224,cum,top 2%,4.756903305318183,3.751742160278746,24,2.154840544790826
Apr,2020,2020-04-03,2020-04-07,24m,2.6020627605273567,1224,cum,top 5%,3.735677348512784,2.59970360393267,62,1.1336145879854271
Apr,2020,2020-04-03,2020-04-07,24m,2.6020627605273567,1224,cum,top 10%,3.6985693830064377,2.7517985611510793,121,1.096506622479081
Apr,2020,2020-04-03,2020-04-07,24m,2.6020627605273567,1224,cum,top 15%,3.6358544736711367,2.5769230769230766,183,1.03379171314378
Apr,2020,2020-04-03,2020-04-07,24m,2.6020627605273567,1224,cum,top 20%,3.4368967715394336,2.541300980898297,245,0.8348340110120769
Apr,2020,2020-04-03,2020-04-07,24m,2.6020627605273567,1224,cum,top 25%,3.350727631489836,2.5048543689320386,307,0.7486648709624792
Apr,2020,2020-04-03,2020-04-07,24m,2.6020627605273567,1224,cum,top 30%,3.40918300678897,2.518617021276596,367,0.8071202462616132
Apr,2020,2020-04-03,2020-04-07,24m,2.6020627605273567,1224,cum,top 40%,3.3057976164753247,2.4747842850680697,490,0.7037348559479679
Apr,2020,2020-04-03,2020-04-07,24m,2.6020627605273567,1224,cum,top 50%,3.172888214574095,2.3006980567278443,612,0.5708254540467381
Apr,2020,2020-04-03,2020-04-07,24m,2.6020627605273567,1224,cum,top 100%,2.6020627605273567,1.7998634078682167,1224,0.0
Oct,2020,2020-10-05,2020-10-06,3m,0.28703623626632435,1347,band5,0-5%,0.4825931050229673,0.42272727272727284,67,0.19555686875664297
Oct,2020,2020-10-05,2020-10-06,3m,0.28703623626632435,1347,band5,5-10%,0.4299702348166833,0.2768575600259572,66,0.14293399855035893
Oct,2020,2020-10-05,2020-10-06,3m,0.28703623626632435,1347,band5,10-15%,0.351532107144267,0.2633840948353272,68,0.06449587087794267
Oct,2020,2020-10-05,2020-10-06,3m,0.28703623626632435,1347,band5,15-20%,0.3355080715699438,0.27441860465116275,67,0.048471835303619426
Oct,2020,2020-10-05,2020-10-06,3m,0.28703623626632435,1347,band5,20-25%,0.3405910601295678,0.27804854345343666,68,0.05355482386324345
Oct,2020,2020-10-05,2020-10-06,3m,0.28703623626632435,1347,band5,25-30%,0.3166730132075725,0.22966134682755945,67,0.029636776941248166
Oct,2020,2020-10-05,2020-10-06,3m,0.28703623626632435,1347,band5,30-35%,0.3051432254104902,0.23457442791329974,67,0.018106989144165864
Oct,2020,2020-10-05,2020-10-06,3m,0.28703623626632435,1347,band5,35-40%,0.30033409113092413,0.21863329456613034,68,0.013297854864599779
Oct,2020,2020-10-05,2020-10-06,3m,0.28703623626632435,1347,band5,40-45%,0.2912189530980752,0.26595744680851063,67,0.004182716831750866
Oct,2020,2020-10-05,2020-10-06,3m,0.28703623626632435,1347,band5,45-50%,0.25301860757733835,0.21792929292929297,68,-0.034017628688986
Oct,2020,2020-10-05,2020-10-06,3m,0.28703623626632435,1347,band5,50-55%,0.26642804931439534,0.21449429254048313,67,-0.02060818695192901
Oct,2020,2020-10-05,2020-10-06,3m,0.28703623626632435,1347,band5,55-60%,0.30272061052792076,0.18981382409586978,67,0.015684374261596412
Oct,2020,2020-10-05,2020-10-06,3m,0.28703623626632435,1347,band5,60-65%,0.21644976089421683,0.21038827221207435,68,-0.07058647537210752
Oct,2020,2020-10-05,2020-10-06,3m,0.28703623626632435,1347,band5,65-70%,0.2596166780595957,0.21535723366386983,67,-0.027419558206728645
Oct,2020,2020-10-05,2020-10-06,3m,0.28703623626632435,1347,band5,70-75%,0.23726285934701571,0.21290464059580305,68,-0.04977337691930864
Oct,2020,2020-10-05,2020-10-06,3m,0.28703623626632435,1347,band5,75-80%,0.22851146001316888,0.21810481736368437,67,-0.05852477625315547
Oct,2020,2020-10-05,2020-10-06,3m,0.28703623626632435,1347,band5,80-85%,0.22115764675717597,0.20466814861860927,67,-0.06587858950914838
Oct,2020,2020-10-05,2020-10-06,3m,0.28703623626632435,1347,band5,85-90%,0.22346025276967543,0.22142772750398454,68,-0.06357598349664892
Oct,2020,2020-10-05,2020-10-06,3m,0.28703623626632435,1347,band5,90-95%,0.19407027072406016,0.17288336293664885,67,-0.09296596554226419
Oct,2020,2020-10-05,2020-10-06,3m,0.28703623626632435,1347,band5,95-100%,0.18934864548608793,0.18062753526669484,68,-0.09768759078023642
Oct,2020,2020-10-05,2020-10-06,3m,0.28703623626632435,1347,band1,0-1%,0.5465914494614832,0.45490196078431366,13,0.25955521319515884
Oct,2020,2020-10-05,2020-10-06,3m,0.28703623626632435,1347,band1,1-2%,0.47701093150068624,0.40263157894736845,13,0.1899746952343619
Oct,2020,2020-10-05,2020-10-06,3m,0.28703623626632435,1347,band1,2-3%,0.5591131518807759,0.4878191363602504,14,0.2720769156144516
Oct,2020,2020-10-05,2020-10-06,3m,0.28703623626632435,1347,band1,3-4%,0.46092648206622217,0.4423076923076923,13,0.1738902457998978
Oct,2020,2020-10-05,2020-10-06,3m,0.28703623626632435,1347,band1,4-5%,0.3719484779170612,0.32228765640749446,14,0.08491224165073685
Oct,2020,2020-10-05,2020-10-06,3m,0.28703623626632435,1347,band1,5-6%,0.30926295454131053,0.318347732904695,12,0.02222671827498618
Oct,2020,2020-10-05,2020-10-06,3m,0.28703623626632435,1347,band1,6-7%,0.5504183897942524,0.44310194046597584,14,0.26338215352792804
Oct,2020,2020-10-05,2020-10-06,3m,0.28703623626632435,1347,band1,7-8%,0.39828668355409025,0.19230769230769207,13,0.1112504472877659
Oct,2020,2020-10-05,2020-10-06,3m,0.28703623626632435,1347,band1,8-9%,0.45098084991720505,0.20450085847436839,14,0.1639446136508807
Oct,2020,2020-10-05,2020-10-06,3m,0.28703623626632435,1347,band1,9-10%,0.42073567701859926,0.26567164179104474,13,0.1336994407522749
Oct,2020,2020-10-05,2020-10-06,3m,0.28703623626632435,1347,band1,10-11%,0.48989155425031994,0.2633840948353272,14,0.2028553179839956
Oct,2020,2020-10-05,2020-10-06,3m,0.28703623626632435,1347,band1,11-12%,0.3059322943664736,0.24132492113564674,13,0.01889605810014927
Oct,2020,2020-10-05,2020-10-06,3m,0.28703623626632435,1347,band1,12-13%,0.3239231501112801,0.33244753153545015,14,0.03688691384495574
Oct,2020,2020-10-05,2020-10-06,3m,0.28703623626632435,1347,band1,13-14%,0.3658115657936862,0.20502092050209209,13,0.07877532952736183
Oct,2020,2020-10-05,2020-10-06,3m,0.28703623626632435,1347,band1,14-15%,0.2698648030475488,0.2796638032346521,14,-0.017171433218775567
Oct,2020,2020-10-05,2020-10-06,3m,0.28703623626632435,1347,band1,15-16%,0.2462761924027381,0.2130857648099027,13,-0.040760043863586254
Oct,2020,2020-10-05,2020-10-06,3m,0.28703623626632435,1347,band1,16-17%,0.2875721487995184,0.1840980515399121,14,0.0005359125331940717
Oct,2020,2020-10-05,2020-10-06,3m,0.28703623626632435,1347,band1,17-18%,0.39627025275090433,0.2956204379562044,13,0.10923401648457998
Oct,2020,2020-10-05,2020-10-06,3m,0.28703623626632435,1347,band1,18-19%,0.39934109803460643,0.30492090107166303,14,0.11230486176828208
Oct,2020,2020-10-05,2020-10-06,3m,0.28703623626632435,1347,band1,19-20%,0.34685781173162555,0.32233009708737836,13,0.0598215754653012
Oct,2020,2020-10-05,2020-10-06,3m,0.28703623626632435,1347,cum,top 2%,0.5118011904810846,0.42353801169590644,26,0.22476495421476028
Oct,2020,2020-10-05,2020-10-06,3m,0.28703623626632435,1347,cum,top 5%,0.4825931050229673,0.42272727272727284,67,0.19555686875664297
Oct,2020,2020-10-05,2020-10-06,3m,0.28703623626632435,1347,cum,top 10%,0.4564795002589466,0.36500754147812975,133,0.16944326399262227
Oct,2020,2020-10-05,2020-10-06,3m,0.28703623626632435,1347,cum,top 15%,0.4209749095534829,0.3148148148148149,201,0.13393867328715853
Oct,2020,2020-10-05,2020-10-06,3m,0.28703623626632435,1347,cum,top 20%,0.39960820005759806,0.29971430469736215,268,0.11257196379127371
Oct,2020,2020-10-05,2020-10-06,3m,0.28703623626632435,1347,cum,top 25%,0.3876642550721634,0.2954811803259715,336,0.10062801880583905
Oct,2020,2020-10-05,2020-10-06,3m,0.28703623626632435,1347,cum,top 30%,0.3758617409160155,0.2883435582822087,403,0.08882550464969113
Oct,2020,2020-10-05,2020-10-06,3m,0.28703623626632435,1347,cum,top 40%,0.3575085425437917,0.2693876494451163,538,0.07047230627746737
Oct,2020,2020-10-05,2020-10-06,3m,0.28703623626632435,1347,cum,top 50%,0.34035145774352155,0.26158940397351005,673,0.053315221477197194
Oct,2020,2020-10-05,2020-10-06,3m,0.28703623626632435,1347,cum,top 100%,0.28703623626632435,0.23098751418842234,1347,0.0
Oct,2020,2020-10-05,2020-10-06,6m,0.4075368100451236,1347,band5,0-5%,0.5238196655099877,0.395,67,0.11628285546486411
Oct,2020,2020-10-05,2020-10-06,6m,0.4075368100451236,1347,band5,5-10%,0.5049692230911299,0.2866173948258611,66,0.0974324130460063
Oct,2020,2020-10-05,2020-10-06,6m,0.4075368100451236,1347,band5,10-15%,0.4730752861664315,0.3909872215311546,68,0.06553847612130792
Oct,2020,2020-10-05,2020-10-06,6m,0.4075368100451236,1347,band5,15-20%,0.4159928129540066,0.21113959450011666,67,0.008456002908882987
Oct,2020,2020-10-05,2020-10-06,6m,0.4075368100451236,1347,band5,20-25%,0.42022294221093537,0.31708542713567844,68,0.01268613216581177
Oct,2020,2020-10-05,2020-10-06,6m,0.4075368100451236,1347,band5,25-30%,0.4905477112967787,0.3365695792880259,67,0.08301090125165511
Oct,2020,2020-10-05,2020-10-06,6m,0.4075368100451236,1347,band5,30-35%,0.32613022694575994,0.25636613902271166,67,-0.08140658309936366
Oct,2020,2020-10-05,2020-10-06,6m,0.4075368100451236,1347,band5,35-40%,0.505606384162434,0.267435208142904,68,0.09806957411731038
Oct,2020,2020-10-05,2020-10-06,6m,0.4075368100451236,1347,band5,40-45%,0.48870866395544627,0.3492354740061161,67,0.08117185391032267
Oct,2020,2020-10-05,2020-10-06,6m,0.4075368100451236,1347,band5,45-50%,0.36027039793170534,0.24607232232232235,68,-0.047266412113418255
Oct,2020,2020-10-05,2020-10-06,6m,0.4075368100451236,1347,band5,50-55%,0.4329303678836057,0.28828571428571426,67,0.025393557838482128
Oct,2020,2020-10-05,2020-10-06,6m,0.4075368100451236,1347,band5,55-60%,0.37383177944689727,0.3373134328358207,67,-0.033705030598226327
Oct,2020,2020-10-05,2020-10-06,6m,0.4075368100451236,1347,band5,60-65%,0.31118408504537887,0.23173527225382162,68,-0.09635272499974473
Oct,2020,2020-10-05,2020-10-06,6m,0.4075368100451236,1347,band5,65-70%,0.4106057548787825,0.3976666666666666,67,0.003068944833658882
Oct,2020,2020-10-05,2020-10-06,6m,0.4075368100451236,1347,band5,70-75%,0.468681370894485,0.3858153159680293,68,0.06114456084936143
Oct,2020,2020-10-05,2020-10-06,6m,0.4075368100451236,1347,band5,75-80%,0.3185608030944554,0.2107243650047037,67,-0.08897600695066821
Oct,2020,2020-10-05,2020-10-06,6m,0.4075368100451236,1347,band5,80-85%,0.39917167356111183,0.34720861900097955,67,-0.00836513648401177
Oct,2020,2020-10-05,2020-10-06,6m,0.4075368100451236,1347,band5,85-90%,0.36686451954473676,0.3327973115771984,68,-0.04067229050038684
Oct,2020,2020-10-05,2020-10-06,6m,0.4075368100451236,1347,band5,90-95%,0.33109973139340587,0.2683840749414519,67,-0.07643707865171773
Oct,2020,2020-10-05,2020-10-06,6m,0.4075368100451236,1347,band5,95-100%,0.23174749367787784,0.21741773898883998,68,-0.17578931636724576
Oct,2020,2020-10-05,2020-10-06,6m,0.4075368100451236,1347,band1,0-1%,0.9968195281401362,0.5890410958904109,13,0.5892827180950126
Oct,2020,2020-10-05,2020-10-06,6m,0.4075368100451236,1347,band1,1-2%,0.3256264263457819,0.36548223350253806,13,-0.08191038369934167
Oct,2020,2020-10-05,2020-10-06,6m,0.4075368100451236,1347,band1,2-3%,0.5769419903175622,0.3534020043192351,14,0.16940518027243862
Oct,2020,2020-10-05,2020-10-06,6m,0.4075368100451236,1347,band1,3-4%,0.29994101522403055,0.28846153846153855,13,-0.10759579482109305
Oct,2020,2020-10-05,2020-10-06,6m,0.4075368100451236,1347,band1,4-5%,0.42340707989242643,0.434342105263158,14,0.01587026984730283
Oct,2020,2020-10-05,2020-10-06,6m,0.4075368100451236,1347,band1,5-6%,0.3466570609182278,0.365580182529335,12,-0.06087974912689581
Oct,2020,2020-10-05,2020-10-06,6m,0.4075368100451236,1347,band1,6-7%,0.4958907327727952,0.3964736721261287,14,0.08835392272767162
Oct,2020,2020-10-05,2020-10-06,6m,0.4075368100451236,1347,band1,7-8%,0.5012381096961218,0.3741007194244603,13,0.09370129965099822
Oct,2020,2020-10-05,2020-10-06,6m,0.4075368100451236,1347,band1,8-9%,0.8549842270326354,0.18570404770095172,14,0.44744741698751184
Oct,2020,2020-10-05,2020-10-06,6m,0.4075368100451236,1347,band1,9-10%,0.2876722407438634,0.13762927605409714,13,-0.11986456930126022
Oct,2020,2020-10-05,2020-10-06,6m,0.4075368100451236,1347,band1,10-11%,0.5737054523431315,0.5599335564605213,14,0.16616864229800793
Oct,2020,2020-10-05,2020-10-06,6m,0.4075368100451236,1347,band1,11-12%,0.6157787793131823,0.5509761388286334,13,0.20824196926805866
Oct,2020,2020-10-05,2020-10-06,6m,0.4075368100451236,1347,band1,12-13%,0.3685694464602269,0.3297388914912839,14,-0.03896736358489672
Oct,2020,2020-10-05,2020-10-06,6m,0.4075368100451236,1347,band1,13-14%,0.33163947172545066,0.3204225352112675,13,-0.07589733831967294
Oct,2020,2020-10-05,2020-10-06,6m,0.4075368100451236,1347,band1,14-15%,0.4757738294691504,0.424941724941725,14,0.06823701942402682
Oct,2020,2020-10-05,2020-10-06,6m,0.4075368100451236,1347,band1,15-16%,0.3729548474726037,0.24228896103896114,13,-0.034581962572519886
Oct,2020,2020-10-05,2020-10-06,6m,0.4075368100451236,1347,band1,16-17%,0.311770773230493,0.1850870060172385,14,-0.09576603681463058
Oct,2020,2020-10-05,2020-10-06,6m,0.4075368100451236,1347,band1,17-18%,0.5282903016734171,0.19343065693430672,13,0.12075349162829346
Oct,2020,2020-10-05,2020-10-06,6m,0.4075368100451236,1347,band1,18-19%,0.5475292210465355,0.5548246818548144,14,0.13999241100141185
Oct,2020,2020-10-05,2020-10-06,6m,0.4075368100451236,1347,band1,19-20%,0.3173178160878286,0.19514563106796112,13,-0.09021899395729499
Oct,2020,2020-10-05,2020-10-06,6m,0.4075368100451236,1347,cum,top 2%,0.6612229772429591,0.4336309523809523,26,0.2536861671978355
Oct,2020,2020-10-05,2020-10-06,6m,0.4075368100451236,1347,cum,top 5%,0.5238196655099877,0.395,67,0.11628285546486411
Oct,2020,2020-10-05,2020-10-06,6m,0.4075368100451236,1347,cum,top 10%,0.5144653106254417,0.34615384615384626,133,0.10692850058031805
Oct,2020,2020-10-05,2020-10-06,6m,0.4075368100451236,1347,cum,top 15%,0.5004627152860751,0.36548223350253806,201,0.09292590524095151
Oct,2020,2020-10-05,2020-10-06,6m,0.4075368100451236,1347,cum,top 20%,0.479345239703058,0.3388011906909615,268,0.07180842965793438
Oct,2020,2020-10-05,2020-10-06,6m,0.4075368100451236,1347,cum,top 25%,0.4673800128296522,0.3330605308701182,336,0.05984320278452859
Oct,2020,2020-10-05,2020-10-06,6m,0.4075368100451236,1347,cum,top 30%,0.47123171455991886,0.33417085427135684,403,0.06369490451479526
Oct,2020,2020-10-05,2020-10-06,6m,0.4075368100451236,1347,cum,top 40%,0.4575062087287337,0.3008064516129032,538,0.04996939868361011
Oct,2020,2020-10-05,2020-10-06,6m,0.4075368100451236,1347,cum,top 50%,0.4507878274003411,0.30000000000000004,673,0.043251017355217525
Oct,2020,2020-10-05,2020-10-06,6m,0.4075368100451236,1347,cum,top 100%,0.4075368100451236,0.291217257318952,1347,0.0
Oct,2020,2020-10-05,2020-10-06,9m,0.8913609383634029,1347,band5,0-5%,1.4409296360791288,1.1953500801710315,67,0.5495686977157259
Oct,2020,2020-10-05,2020-10-06,9m,0.8913609383634029,1347,band5,5-10%,1.3297075732922545,1.0171545938440176,66,0.4383466349288516
Oct,2020,2020-10-05,2020-10-06,9m,0.8913609383634029,1347,band5,10-15%,1.2699998660344516,1.0571648690292756,68,0.3786389276710487
Oct,2020,2020-10-05,2020-10-06,9m,0.8913609383634029,1347,band5,15-20%,1.077583658207427,0.868259385665529,67,0.18622271984402405
Oct,2020,2020-10-05,2020-10-06,9m,0.8913609383634029,1347,band5,20-25%,1.2414898229216362,1.0115751304283478,68,0.3501288845582333
Oct,2020,2020-10-05,2020-10-06,9m,0.8913609383634029,1347,band5,25-30%,1.1094304729412419,0.7714129841789414,67,0.21806953457783895
Oct,2020,2020-10-05,2020-10-06,9m,0.8913609383634029,1347,band5,30-35%,0.8177943138574937,0.6129032258064517,67,-0.07356662450590923
Oct,2020,2020-10-05,2020-10-06,9m,0.8913609383634029,1347,band5,35-40%,1.1192121260040404,0.7045273988182856,68,0.2278511876406375
Oct,2020,2020-10-05,2020-10-06,9m,0.8913609383634029,1347,band5,40-45%,0.929763823703801,0.7983947119924455,67,0.03840288534039804
Oct,2020,2020-10-05,2020-10-06,9m,0.8913609383634029,1347,band5,45-50%,0.83168487582113,0.5999272983114448,68,-0.05967606254227287
Oct,2020,2020-10-05,2020-10-06,9m,0.8913609383634029,1347,band5,50-55%,0.9201637371210201,0.7565217391304351,67,0.028802798757617154
Oct,2020,2020-10-05,2020-10-06,9m,0.8913609383634029,1347,band5,55-60%,0.8090637498472376,0.7056451612903225,67,-0.0822971885161653
Oct,2020,2020-10-05,2020-10-06,9m,0.8913609383634029,1347,band5,60-65%,0.6807487296938189,0.5579966895923645,68,-0.21061220866958397
Oct,2020,2020-10-05,2020-10-06,9m,0.8913609383634029,1347,band5,65-70%,0.7707469429313398,0.6714548802946592,67,-0.12061399543206308
Oct,2020,2020-10-05,2020-10-06,9m,0.8913609383634029,1347,band5,70-75%,0.8281329855048944,0.7276943506928126,68,-0.06322795285850846
Oct,2020,2020-10-05,2020-10-06,9m,0.8913609383634029,1347,band5,75-80%,0.6252681013949948,0.573824082784572,67,-0.26609283696840813
Oct,2020,2020-10-05,2020-10-06,9m,0.8913609383634029,1347,band5,80-85%,0.6566757561622288,0.5706855791962175,67,-0.23468518220117407
Oct,2020,2020-10-05,2020-10-06,9m,0.8913609383634029,1347,band5,85-90%,0.5224617260915223,0.5511020831362161,68,-0.3688992122718806
Oct,2020,2020-10-05,2020-10-06,9m,0.8913609383634029,1347,band5,90-95%,0.5072831159181668,0.4420910871694417,67,-0.38407782244523614
Oct,2020,2020-10-05,2020-10-06,9m,0.8913609383634029,1347,band5,95-100%,0.34990755162294,0.31120599964287843,68,-0.541453386740463
Oct,2020,2020-10-05,2020-10-06,9m,0.8913609383634029,1347,band1,0-1%,1.9396232129665854,1.3376623376623376,13,1.0482622746031824
Oct,2020,2020-10-05,2020-10-06,9m,0.8913609383634029,1347,band1,1-2%,1.1168619553729715,0.81,13,0.2255010170095686
Oct,2020,2020-10-05,2020-10-06,9m,0.8913609383634029,1347,band1,2-3%,1.4637215037164382,1.243901672324909,14,0.5723605653530353
Oct,2020,2020-10-05,2020-10-06,9m,0.8913609383634029,1347,band1,3-4%,1.3304081098948246,1.1373626373626373,13,0.4390471715314217
Oct,2020,2020-10-05,2020-10-06,9m,0.8913609383634029,1347,band1,4-5%,1.3586122820160382,1.298043102275598,14,0.4672513436526353
Oct,2020,2020-10-05,2020-10-06,9m,0.8913609383634029,1347,band1,5-6%,1.060739944557424,1.0004696184387987,12,0.16937900619402102
Oct,2020,2020-10-05,2020-10-06,9m,0.8913609383634029,1347,band1,6-7%,1.0972333419246614,1.0171545938440176,14,0.20587240356125847
Oct,2020,2020-10-05,2020-10-06,9m,0.8913609383634029,1347,band1,7-8%,1.4762649720720569,1.0606060606060606,13,0.584904033708654
Oct,2020,2020-10-05,2020-10-06,9m,0.8913609383634029,1347,band1,8-9%,1.9186572406808806,1.0203716508596459,14,1.0272963023174777
Oct,2020,2020-10-05,2020-10-06,9m,0.8913609383634029,1347,band1,9-10%,1.0475313622450289,0.6540229885057471,13,0.15617042388162594
Oct,2020,2020-10-05,2020-10-06,9m,0.8913609383634029,1347,band1,10-11%,1.5256068665545295,1.6591796584635818,14,0.6342459281911266
Oct,2020,2020-10-05,2020-10-06,9m,0.8913609383634029,1347,band1,11-12%,1.2394922355769824,0.8168402777777779,13,0.3481312972135795
Oct,2020,2020-10-05,2020-10-06,9m,0.8913609383634029,1347,band1,12-13%,1.1285101327229587,0.978498059927684,14,0.23714919435955584
Oct,2020,2020-10-05,2020-10-06,9m,0.8913609383634029,1347,band1,13-14%,1.0342826949124322,0.8410041841004186,13,0.14292175654902928
Oct,2020,2020-10-05,2020-10-06,9m,0.8913609383634029,1347,band1,14-15%,1.4030913431496777,1.0895434609250398,14,0.5117304047862747
Oct,2020,2020-10-05,2020-10-06,9m,0.8913609383634029,1347,band1,15-16%,0.9859515332897717,0.733162432999301,13,0.09459059492636879
Oct,2020,2020-10-05,2020-10-06,9m,0.8913609383634029,1347,band1,16-17%,1.0820106707266177,0.8573855067862529,14,0.1906497323632148
Oct,2020,2020-10-05,2020-10-06,9m,0.8913609383634029,1347,band1,17-18%,1.426246344759716,0.7588582677165354,13,0.5348854063963131
Oct,2020,2020-10-05,2020-10-06,9m,0.8913609383634029,1347,band1,18-19%,0.9496680165234768,0.9488088677694163,14,0.058307078160073855
Oct,2020,2020-10-05,2020-10-06,9m,0.8913609383634029,1347,band1,19-20%,0.953540851057919,1.1441937259218498,13,0.06217991269451606
Oct,2020,2020-10-05,2020-10-06,9m,0.8913609383634029,1347,cum,top 2%,1.5282425841697782,1.1670566388788794,26,0.6368816458063753
Oct,2020,2020-10-05,2020-10-06,9m,0.8913609383634029,1347,cum,top 5%,1.4409296360791288,1.1953500801710315,67,0.5495686977157259
Oct,2020,2020-10-05,2020-10-06,9m,0.8913609383634029,1347,cum,top 10%,1.3857367327412815,1.081896551724138,133,0.4943757943778786
Oct,2020,2020-10-05,2020-10-06,9m,0.8913609383634029,1347,cum,top 15%,1.3465819718653391,1.0727272727272728,201,0.4552210335019362
Oct,2020,2020-10-05,2020-10-06,9m,0.8913609383634029,1347,cum,top 20%,1.2793323934508607,1.041940938547992,268,0.3879714550874578
Oct,2020,2020-10-05,2020-10-06,9m,0.8913609383634029,1347,cum,top 25%,1.2716737779866132,1.034846176485864,336,0.3803128396232103
Oct,2020,2020-10-05,2020-10-06,9m,0.8913609383634029,1347,cum,top 30%,1.2447003252867626,0.9832462342453119,403,0.35333938692335964
Oct,2020,2020-10-05,2020-10-06,9m,0.8913609383634029,1347,cum,top 40%,1.1756744882663421,0.9039017815283639,538,0.2843135499029392
Oct,2020,2020-10-05,2020-10-06,9m,0.8913609383634029,1347,cum,top 50%,1.1164362889023531,0.8608215818516249,673,0.22507535053895023
Oct,2020,2020-10-05,2020-10-06,9m,0.8913609383634029,1347,cum,top 100%,0.8913609383634029,0.690962962962963,1347,0.0
Oct,2020,2020-10-05,2020-10-06,12m,1.094776153997001,1347,band5,0-5%,1.5852929525949404,1.211726384364821,67,0.4905167985979395
Oct,2020,2020-10-05,2020-10-06,12m,1.094776153997001,1347,band5,5-10%,1.3580435900817387,1.0215909090909092,66,0.2632674360847378
Oct,2020,2020-10-05,2020-10-06,12m,1.094776153997001,1347,band5,10-15%,1.5662670444230697,1.297629691248073,68,0.47149089042606884
Oct,2020,2020-10-05,2020-10-06,12m,1.094776153997001,1347,band5,15-20%,1.2505077932733313,1.0,67,0.15573163927633038
Oct,2020,2020-10-05,2020-10-06,12m,1.094776153997001,1347,band5,20-25%,1.4370471858483622,1.182781660394747,68,0.3422710318513613
Oct,2020,2020-10-05,2020-10-06,12m,1.094776153997001,1347,band5,25-30%,1.3116636521388603,0.8914529914529916,67,0.21688749814185937
Oct,2020,2020-10-05,2020-10-06,12m,1.094776153997001,1347,band5,30-35%,1.0891472945657568,0.9622119815668204,67,-0.005628859431244138
Oct,2020,2020-10-05,2020-10-06,12m,1.094776153997001,1347,band5,35-40%,1.420924674618832,0.7880891292687289,68,0.3261485206218311
Oct,2020,2020-10-05,2020-10-06,12m,1.094776153997001,1347,band5,40-45%,1.2683965632139693,0.9634955752212389,67,0.17362040921696842
Oct,2020,2020-10-05,2020-10-06,12m,1.094776153997001,1347,band5,45-50%,0.893112574518738,0.6999790077894502,68,-0.20166357947826286
Oct,2020,2020-10-05,2020-10-06,12m,1.094776153997001,1347,band5,50-55%,1.195633845172445,0.7401185770750986,67,0.10085769117544419
Oct,2020,2020-10-05,2020-10-06,12m,1.094776153997001,1347,band5,55-60%,1.047752493750152,0.9110287303058386,67,-0.04702366024684901
Oct,2020,2020-10-05,2020-10-06,12m,1.094776153997001,1347,band5,60-65%,0.8624706305000489,0.7072923405356449,68,-0.232305523496952
Oct,2020,2020-10-05,2020-10-06,12m,1.094776153997001,1347,band5,65-70%,0.9248245873461948,0.8375401560348783,67,-0.16995156665080613
Oct,2020,2020-10-05,2020-10-06,12m,1.094776153997001,1347,band5,70-75%,0.9960083371480993,0.7129356981212924,68,-0.09876781684890157
Oct,2020,2020-10-05,2020-10-06,12m,1.094776153997001,1347,band5,75-80%,0.8443214051863336,0.7564296520423601,67,-0.2504547488106673
Oct,2020,2020-10-05,2020-10-06,12m,1.094776153997001,1347,band5,80-85%,0.9195490751704332,0.7184626267389764,67,-0.17522707882656774
Oct,2020,2020-10-05,2020-10-06,12m,1.094776153997001,1347,band5,85-90%,0.7217313510159881,0.6915653495440729,68,-0.37304480298101284
Oct,2020,2020-10-05,2020-10-06,12m,1.094776153997001,1347,band5,90-95%,0.7021663183308924,0.6627556818181817,67,-0.3926098356661085
Oct,2020,2020-10-05,2020-10-06,12m,1.094776153997001,1347,band5,95-100%,0.5098271986733883,0.41380804849293473,68,-0.5849489553236126
Oct,2020,2020-10-05,2020-10-06,12m,1.094776153997001,1347,band1,0-1%,2.2527055095761597,1.6298701298701297,13,1.1579293555791588
Oct,2020,2020-10-05,2020-10-06,12m,1.094776153997001,1347,band1,1-2%,1.1972715333373074,0.9578947368421054,13,0.1024953793403065
Oct,2020,2020-10-05,2020-10-06,12m,1.094776153997001,1347,band1,2-3%,1.398383361660968,1.3045954045954047,14,0.3036072076639671
Oct,2020,2020-10-05,2020-10-06,12m,1.094776153997001,1347,band1,3-4%,1.2809738641167274,0.9340659340659343,13,0.18619771011972652
Oct,2020,2020-10-05,2020-10-06,12m,1.094776153997001,1347,band1,4-5%,1.7953499263724937,1.1242017879948913,14,0.7005737723754928
Oct,2020,2020-10-05,2020-10-06,12m,1.094776153997001,1347,band1,5-6%,1.0048716923652863,0.9519590114526822,12,-0.08990446163171462
Oct,2020,2020-10-05,2020-10-06,12m,1.094776153997001,1347,band1,6-7%,1.0867415957932465,0.8626550058739068,14,-0.008034558203754427
Oct,2020,2020-10-05,2020-10-06,12m,1.094776153997001,1347,band1,7-8%,1.7279886073509987,1.26007326007326,13,0.6332124533539978
Oct,2020,2020-10-05,2020-10-06,12m,1.094776153997001,1347,band1,8-9%,1.7001191940884781,0.9859353023909987,14,0.6053430400914772
Oct,2020,2020-10-05,2020-10-06,12m,1.094776153997001,1347,band1,9-10%,1.2378856679310917,1.0431818181818184,13,0.14310951393409077
Oct,2020,2020-10-05,2020-10-06,12m,1.094776153997001,1347,band1,10-11%,2.2420009159774024,2.735671282360024,14,1.1472247619804015
Oct,2020,2020-10-05,2020-10-06,12m,1.094776153997001,1347,band1,11-12%,1.4899990557601912,1.2545653761869975,13,0.3952229017631903
Oct,2020,2020-10-05,2020-10-06,12m,1.094776153997001,1347,band1,12-13%,1.2827883946457999,1.0043576656394453,14,0.18801224064879896
Oct,2020,2020-10-05,2020-10-06,12m,1.094776153997001,1347,band1,13-14%,1.181404303059085,1.1750000000000003,13,0.08662814906208416
Oct,2020,2020-10-05,2020-10-06,12m,1.094776153997001,1347,band1,14-15%,1.6022046433852382,1.5034725634725636,14,0.5074284893882373
Oct,2020,2020-10-05,2020-10-06,12m,1.094776153997001,1347,band1,15-16%,0.9806889278847327,0.9475183075671276,13,-0.11408722611226818
Oct,2020,2020-10-05,2020-10-06,12m,1.094776153997001,1347,band1,16-17%,1.1625442003907178,1.4682284541723667,14,0.06776804639371692
Oct,2020,2020-10-05,2020-10-06,12m,1.094776153997001,1347,band1,17-18%,1.9860088717528994,0.91626870423432,13,0.8912327177558985
Oct,2020,2020-10-05,2020-10-06,12m,1.094776153997001,1347,band1,18-19%,1.2045418803600718,1.08501421906877,14,0.10976572636307091
Oct,2020,2020-10-05,2020-10-06,12m,1.094776153997001,1347,band1,19-20%,0.9290573556548405,0.7500000000000002,13,-0.1657187983421604
Oct,2020,2020-10-05,2020-10-06,12m,1.094776153997001,1347,cum,top 2%,1.7249885214567335,1.2529220157118222,26,0.6302123674597326
Oct,2020,2020-10-05,2020-10-06,12m,1.094776153997001,1347,cum,top 5%,1.5852929525949404,1.211726384364821,67,0.4905167985979395
Oct,2020,2020-10-05,2020-10-06,12m,1.094776153997001,1347,cum,top 10%,1.4725225922500431,1.0964797913950455,133,0.3777464382530422
Oct,2020,2020-10-05,2020-10-06,12m,1.094776153997001,1347,cum,top 15%,1.504237133283704,1.1735537190082646,201,0.409460979286703
Oct,2020,2020-10-05,2020-10-06,12m,1.094776153997001,1347,cum,top 20%,1.4408047982811107,1.1141489866066137,268,0.34602864428410984
Oct,2020,2020-10-05,2020-10-06,12m,1.094776153997001,1347,cum,top 25%,1.4400443290982925,1.1338740756636891,336,0.3452681751012916
Oct,2020,2020-10-05,2020-10-06,12m,1.094776153997001,1347,cum,top 30%,1.4187006433506948,1.089403973509934,403,0.3239244893536939
Oct,2020,2020-10-05,2020-10-06,12m,1.094776153997001,1347,cum,top 40%,1.3779407172496585,1.0475168350168351,538,0.2831645632526576
Oct,2020,2020-10-05,2020-10-06,12m,1.094776153997001,1347,cum,top 50%,1.318048039647736,0.9649122807017543,673,0.2232718856507352
Oct,2020,2020-10-05,2020-10-06,12m,1.094776153997001,1347,cum,top 100%,1.094776153997001,0.7992019715995773,1347,0.0
Oct,2020,2020-10-05,2020-10-06,18m,1.3589197603323828,1333,band5,0-5%,2.439884616041916,1.9396551724137931,65,1.080964855709533
Oct,2020,2020-10-05,2020-10-06,18m,1.3589197603323828,1333,band5,5-10%,1.882762518296423,1.34943032427695,66,0.5238427579640401
Oct,2020,2020-10-05,2020-10-06,18m,1.3589197603323828,1333,band5,10-15%,2.09104432192308,1.2935510607213252,68,0.732124561590697
Oct,2020,2020-10-05,2020-10-06,18m,1.3589197603323828,1333,band5,15-20%,1.777250376988986,1.3375345834614203,67,0.4183306166566032
Oct,2020,2020-10-05,2020-10-06,18m,1.3589197603323828,1333,band5,20-25%,1.9615531234750299,1.251012472487161,68,0.602633363142647
Oct,2020,2020-10-05,2020-10-06,18m,1.3589197603323828,1333,band5,25-30%,1.95221045670015,1.1057146403757823,66,0.5932906963677671
Oct,2020,2020-10-05,2020-10-06,18m,1.3589197603323828,1333,band5,30-35%,1.3999118202788667,1.1384832779498024,66,0.040992059946483916
Oct,2020,2020-10-05,2020-10-06,18m,1.3589197603323828,1333,band5,35-40%,1.883343922540808,1.1241324382751168,68,0.5244241622084251
Oct,2020,2020-10-05,2020-10-06,18m,1.3589197603323828,1333,band5,40-45%,1.3505374084681225,1.0581560283687943,65,-0.008382351864260285
Oct,2020,2020-10-05,2020-10-06,18m,1.3589197603323828,1333,band5,45-50%,1.0319568889686206,0.7726136931534233,67,-0.32696287136376223
Oct,2020,2020-10-05,2020-10-06,18m,1.3589197603323828,1333,band5,50-55%,1.5204812776040018,0.8255320534337001,66,0.16156151727161894
Oct,2020,2020-10-05,2020-10-06,18m,1.3589197603323828,1333,band5,55-60%,1.2187702540185654,0.8041834677419353,67,-0.1401495063138174
Oct,2020,2020-10-05,2020-10-06,18m,1.3589197603323828,1333,band5,60-65%,1.2106254305290973,0.7600777076250604,65,-0.1482943298032855
Oct,2020,2020-10-05,2020-10-06,18m,1.3589197603323828,1333,band5,65-70%,0.9716092711778463,0.7616889018580648,66,-0.3873104891545365
Oct,2020,2020-10-05,2020-10-06,18m,1.3589197603323828,1333,band5,70-75%,0.9248832375261313,0.6136380783231186,68,-0.4340365228062515
Oct,2020,2020-10-05,2020-10-06,18m,1.3589197603323828,1333,band5,75-80%,0.7348402922785863,0.5007761053621826,67,-0.6240794680537965
Oct,2020,2020-10-05,2020-10-06,18m,1.3589197603323828,1333,band5,80-85%,1.0218238302544154,0.8593796599835275,67,-0.33709593007796745
Oct,2020,2020-10-05,2020-10-06,18m,1.3589197603323828,1333,band5,85-90%,0.7169096159112247,0.5973421052631578,67,-0.6420101444211581
Oct,2020,2020-10-05,2020-10-06,18m,1.3589197603323828,1333,band5,90-95%,0.7018552270000494,0.618363664967381,66,-0.6570645333323334
Oct,2020,2020-10-05,2020-10-06,18m,1.3589197603323828,1333,band5,95-100%,0.4107225113227675,0.2907507229819203,68,-0.9481972490096153
Oct,2020,2020-10-05,2020-10-06,18m,1.3589197603323828,1333,band1,0-1%,3.0618324087496913,2.3161764705882355,13,1.7029126484173085
Oct,2020,2020-10-05,2020-10-06,18m,1.3589197603323828,1333,band1,1-2%,2.367394459713128,1.929628466079135,12,1.0084746993807452
Oct,2020,2020-10-05,2020-10-06,18m,1.3589197603323828,1333,band1,2-3%,1.7823549781655874,1.5149402835969998,14,0.4234352178332046
Oct,2020,2020-10-05,2020-10-06,18m,1.3589197603323828,1333,band1,3-4%,2.6172366461939514,2.3547113805734496,12,1.2583168858615685
Oct,2020,2020-10-05,2020-10-06,18m,1.3589197603323828,1333,band1,4-5%,2.430009697412526,1.7330376549374376,14,1.0710899370801432
Oct,2020,2020-10-05,2020-10-06,18m,1.3589197603323828,1333,band1,5-6%,1.646462861655501,1.2691247916592787,12,0.2875431013231182
Oct,2020,2020-10-05,2020-10-06,18m,1.3589197603323828,1333,band1,6-7%,1.796503340366303,1.307649131967106,14,0.4375835800339203
Oct,2020,2020-10-05,2020-10-06,18m,1.3589197603323828,1333,band1,7-8%,1.871617012109107,1.2525252525252526,13,0.5126972517767241
Oct,2020,2020-10-05,2020-10-06,18m,1.3589197603323828,1333,band1,8-9%,2.4798488028537276,1.3648130393096836,14,1.1209290425213447
Oct,2020,2020-10-05,2020-10-06,18m,1.3589197603323828,1333,band1,9-10%,1.5619092850153158,1.4675166970248936,13,0.20298952468293296
Oct,2020,2020-10-05,2020-10-06,18m,1.3589197603323828,1333,band1,10-11%,3.2764868760303933,2.994985045930357,14,1.9175671156980105
Oct,2020,2020-10-05,2020-10-06,18m,1.3589197603323828,1333,band1,11-12%,1.3486966033348144,0.8940000000000001,13,-0.010223156997568372
Oct,2020,2020-10-05,2020-10-06,18m,1.3589197603323828,1333,band1,12-13%,1.5825262195325003,1.228600225520938,14,0.22360645920011746
Oct,2020,2020-10-05,2020-10-06,18m,1.3589197603323828,1333,band1,13-14%,2.197704701027573,1.4753521126760565,13,0.8387849406951904
Oct,2020,2020-10-05,2020-10-06,18m,1.3589197603323828,1333,band1,14-15%,2.0044009711555644,1.5988954056695994,14,0.6454812108231816
Oct,2020,2020-10-05,2020-10-06,18m,1.3589197603323828,1333,band1,15-16%,1.309659145248252,0.8657530714295039,13,-0.04926061508413082
Oct,2020,2020-10-05,2020-10-06,18m,1.3589197603323828,1333,band1,16-17%,1.595404846414304,1.2817823926730159,14,0.2364850860819212
Oct,2020,2020-10-05,2020-10-06,18m,1.3589197603323828,1333,band1,17-18%,2.883173660899031,1.7692307692307692,13,1.524253900566648
Oct,2020,2020-10-05,2020-10-06,18m,1.3589197603323828,1333,band1,18-19%,1.8942263402483495,1.4589501801616043,14,0.5353065799159666
Oct,2020,2020-10-05,2020-10-06,18m,1.3589197603323828,1333,band1,19-20%,1.2087778588515585,0.6753006475485661,13,-0.1501419014808243
Oct,2020,2020-10-05,2020-10-06,18m,1.3589197603323828,1333,cum,top 2%,2.7285021932121407,2.111111111111111,25,1.369582432879758
Oct,2020,2020-10-05,2020-10-06,18m,1.3589197603323828,1333,cum,top 5%,2.439884616041916,1.9396551724137931,65,1.080964855709533
Oct,2020,2020-10-05,2020-10-06,18m,1.3589197603323828,1333,cum,top 10%,2.1591971469487667,1.522388059701492,131,0.8002773866163839
Oct,2020,2020-10-05,2020-10-06,18m,1.3589197603323828,1333,cum,top 15%,2.1359087444274265,1.4866369710467708,199,0.7769889840950437
Oct,2020,2020-10-05,2020-10-06,18m,1.3589197603323828,1333,cum,top 20%,2.045569982704211,1.464777694379443,266,0.686650222371828
Oct,2020,2020-10-05,2020-10-06,18m,1.3589197603323828,1333,cum,top 25%,2.028464753879108,1.4324525788644544,334,0.6695449935467253
Oct,2020,2020-10-05,2020-10-06,18m,1.3589197603323828,1333,cum,top 30%,2.01588279484458,1.3756355501321944,400,0.6569630345121971
Oct,2020,2020-10-05,2020-10-06,18m,1.3589197603323828,1333,cum,top 40%,1.9228739415899103,1.3237468540268456,534,0.5639541812575275
Oct,2020,2020-10-05,2020-10-06,18m,1.3589197603323828,1333,cum,top 50%,1.7773884803608673,1.2041948430370004,666,0.41846872002848445
Oct,2020,2020-10-05,2020-10-06,18m,1.3589197603323828,1333,cum,top 100%,1.3589197603323828,0.8724137931034481,1333,0.0
Oct,2020,2020-10-05,2020-10-06,24m,1.2945583600671717,1320,band5,0-5%,2.0040164206860007,1.5392903601259753,64,0.709458060618829
Oct,2020,2020-10-05,2020-10-06,24m,1.2945583600671717,1320,band5,5-10%,1.5578078659009638,1.1392405063291138,65,0.26324950583379203
Oct,2020,2020-10-05,2020-10-06,24m,1.2945583600671717,1320,band5,10-15%,1.8481543542173362,1.2207902910191357,68,0.5535959941501645
Oct,2020,2020-10-05,2020-10-06,24m,1.2945583600671717,1320,band5,15-20%,1.5841610321150734,0.9166666666666665,67,0.2896026720479017
Oct,2020,2020-10-05,2020-10-06,24m,1.2945583600671717,1320,band5,20-25%,1.7417414477535509,0.9697336902916726,66,0.44718308768637915
Oct,2020,2020-10-05,2020-10-06,24m,1.2945583600671717,1320,band5,25-30%,1.7927935859822317,1.1722778745644602,64,0.49823522591506
Oct,2020,2020-10-05,2020-10-06,24m,1.2945583600671717,1320,band5,30-35%,1.4646201893607047,0.9045584045584043,65,0.17006182929353297
Oct,2020,2020-10-05,2020-10-06,24m,1.2945583600671717,1320,band5,35-40%,1.9093460002636604,1.1240665774151046,68,0.6147876401964887
Oct,2020,2020-10-05,2020-10-06,24m,1.2945583600671717,1320,band5,40-45%,1.4210003429597386,1.0127240029283509,64,0.12644198289256692
Oct,2020,2020-10-05,2020-10-06,24m,1.2945583600671717,1320,band5,45-50%,1.1288867749097466,0.8853805662115796,66,-0.16567158515742508
Oct,2020,2020-10-05,2020-10-06,24m,1.2945583600671717,1320,band5,50-55%,1.3917943086758213,1.0143983858865138,64,0.09723594860864959
Oct,2020,2020-10-05,2020-10-06,24m,1.2945583600671717,1320,band5,55-60%,1.265816894762018,0.9848502107301516,67,-0.028741465305153646
Oct,2020,2020-10-05,2020-10-06,24m,1.2945583600671717,1320,band5,60-65%,1.3658130220636002,0.8323170731707317,65,0.07125466199642849
Oct,2020,2020-10-05,2020-10-06,24m,1.2945583600671717,1320,band5,65-70%,1.0150292087271602,0.9985267034990791,66,-0.27952915134001155
Oct,2020,2020-10-05,2020-10-06,24m,1.2945583600671717,1320,band5,70-75%,0.9690073649132471,0.5865102639296189,67,-0.3255509951539246
Oct,2020,2020-10-05,2020-10-06,24m,1.2945583600671717,1320,band5,75-80%,0.6734889190232131,0.5049261083743843,67,-0.6210694410439587
Oct,2020,2020-10-05,2020-10-06,24m,1.2945583600671717,1320,band5,80-85%,0.9542735918161864,0.6750035733919735,66,-0.3402847682509853
Oct,2020,2020-10-05,2020-10-06,24m,1.2945583600671717,1320,band5,85-90%,0.7690431468202128,0.5123947368421053,67,-0.5255152132469589
Oct,2020,2020-10-05,2020-10-06,24m,1.2945583600671717,1320,band5,90-95%,0.6834478437775523,0.5711848126250767,66,-0.6111105162896194
Oct,2020,2020-10-05,2020-10-06,24m,1.2945583600671717,1320,band5,95-100%,0.41164668888168476,0.22966133573175274,68,-0.882911671185487
Oct,2020,2020-10-05,2020-10-06,24m,1.2945583600671717,1320,band1,0-1%,1.8285683100265653,1.8017241379310343,13,0.5340099499593935
Oct,2020,2020-10-05,2020-10-06,24m,1.2945583600671717,1320,band1,1-2%,1.773403715632158,1.8579497907949794,12,0.4788453555649863
Oct,2020,2020-10-05,2020-10-06,24m,1.2945583600671717,1320,band1,2-3%,1.812755446922839,1.2403449772184856,14,0.5181970868556673
Oct,2020,2020-10-05,2020-10-06,24m,1.2945583600671717,1320,band1,3-4%,2.4215621862316214,2.0769230769230766,11,1.1270038261644497
Oct,2020,2020-10-05,2020-10-06,24m,1.2945583600671717,1320,band1,4-5%,2.2277898571789434,1.5139296636085626,14,0.9332314971117717
Oct,2020,2020-10-05,2020-10-06,24m,1.2945583600671717,1320,band1,5-6%,1.515207313996065,1.2296564195298374,12,0.22064895392889317
Oct,2020,2020-10-05,2020-10-06,24m,1.2945583600671717,1320,band1,6-7%,1.4755807932567608,1.1574468085106386,13,0.1810224331895891
Oct,2020,2020-10-05,2020-10-06,24m,1.2945583600671717,1320,band1,7-8%,1.3198916342895595,0.9191919191919191,13,0.025333274222387736
Oct,2020,2020-10-05,2020-10-06,24m,1.2945583600671717,1320,band1,8-9%,1.9565687299111327,1.3887504242247941,14,0.662010369843961
Oct,2020,2020-10-05,2020-10-06,24m,1.2945583600671717,1320,band1,9-10%,1.4878399799039888,0.778115501519757,13,0.19328161983681702
Oct,2020,2020-10-05,2020-10-06,24m,1.2945583600671717,1320,band1,10-11%,2.537161343376958,2.3335440892736092,14,1.2426029833097865
Oct,2020,2020-10-05,2020-10-06,24m,1.2945583600671717,1320,band1,11-12%,1.4486114684728049,0.6115702479338843,13,0.15405310840563313
Oct,2020,2020-10-05,2020-10-06,24m,1.2945583600671717,1320,band1,12-13%,1.9255361248550495,1.0012055070889359,14,0.6309777647878778
Oct,2020,2020-10-05,2020-10-06,24m,1.2945583600671717,1320,band1,13-14%,1.672149999570694,1.175732217573222,13,0.37759163950352237
Oct,2020,2020-10-05,2020-10-06,24m,1.2945583600671717,1320,band1,14-15%,1.6162023176403768,1.4041277641277643,14,0.3216439575732051
Oct,2020,2020-10-05,2020-10-06,24m,1.2945583600671717,1320,band1,15-16%,0.9815297260747259,0.6249386352479136,13,-0.31302863399244585
Oct,2020,2020-10-05,2020-10-06,24m,1.2945583600671717,1320,band1,16-17%,1.4188826964592012,1.346328671328671,14,0.12432433639202944
Oct,2020,2020-10-05,2020-10-06,24m,1.2945583600671717,1320,band1,17-18%,2.7662544224955923,1.7692307692307692,13,1.4716960624284205
Oct,2020,2020-10-05,2020-10-06,24m,1.2945583600671717,1320,band1,18-19%,2.0546062240280145,1.0093905400198913,14,0.7600478639608428
Oct,2020,2020-10-05,2020-10-06,24m,1.2945583600671717,1320,band1,19-20%,0.6760577179595985,0.7824933687002653,13,-0.6185006421075733
Oct,2020,2020-10-05,2020-10-06,24m,1.2945583600671717,1320,cum,top 2%,1.80208930471725,1.8158995815899583,25,0.5075309446500782
Oct,2020,2020-10-05,2020-10-06,24m,1.2945583600671717,1320,cum,top 5%,2.0040164206860007,1.5392903601259753,64,0.709458060618829
Oct,2020,2020-10-05,2020-10-06,24m,1.2945583600671717,1320,cum,top 10%,1.77918265277106,1.348148148148148,129,0.4846242927038882
Oct,2020,2020-10-05,2020-10-06,24m,1.2945583600671717,1320,cum,top 15%,1.8029901436256124,1.3410596026490067,197,0.5084317835584407
Oct,2020,2020-10-05,2020-10-06,24m,1.2945583600671717,1320,cum,top 20%,1.7474539675983163,1.2187472279599054,264,0.45289560753114455
Oct,2020,2020-10-05,2020-10-06,24m,1.2945583600671717,1320,cum,top 25%,1.7463114636293628,1.1759419895454186,330,0.4517531035621911
Oct,2020,2020-10-05,2020-10-06,24m,1.2945583600671717,1320,cum,top 30%,1.753861859138459,1.1759419895454186,394,0.4593034990712872
Oct,2020,2020-10-05,2020-10-06,24m,1.2945583600671717,1320,cum,top 40%,1.7382493602028983,1.143288084464555,527,0.4436910001357266
Oct,2020,2020-10-05,2020-10-06,24m,1.2945583600671717,1320,cum,top 50%,1.6461308400614822,1.0980392156862746,657,0.3515724799943105
Oct,2020,2020-10-05,2020-10-06,24m,1.2945583600671717,1320,cum,top 100%,1.2945583600671717,0.848271560035908,1320,0.0
Apr,2021,2021-04-06,2021-04-07,3m,0.37412492228423305,1453,band5,0-5%,0.5595319279576693,0.45624485007611426,72,0.1854070056734362
Apr,2021,2021-04-06,2021-04-07,3m,0.37412492228423305,1453,band5,5-10%,0.547139045462949,0.5352941176470589,73,0.17301412317871595
Apr,2021,2021-04-06,2021-04-07,3m,0.37412492228423305,1453,band5,10-15%,0.5090373997834421,0.4186986188782209,72,0.13491247749920904
Apr,2021,2021-04-06,2021-04-07,3m,0.37412492228423305,1453,band5,15-20%,0.49611045156193306,0.4373984710941232,72,0.12198552927770001
Apr,2021,2021-04-06,2021-04-07,3m,0.37412492228423305,1453,band5,20-25%,0.5779903781545485,0.4374577417173766,73,0.2038654558703154
Apr,2021,2021-04-06,2021-04-07,3m,0.37412492228423305,1453,band5,25-30%,0.47847659513797147,0.3453525641025641,73,0.10435167285373842
Apr,2021,2021-04-06,2021-04-07,3m,0.37412492228423305,1453,band5,30-35%,0.4487175449832169,0.33248578302712173,72,0.07459262269898387
Apr,2021,2021-04-06,2021-04-07,3m,0.37412492228423305,1453,band5,35-40%,0.46437469295654277,0.4367088607594938,73,0.09024977067230971
Apr,2021,2021-04-06,2021-04-07,3m,0.37412492228423305,1453,band5,40-45%,0.49613671384077535,0.37877663521679206,73,0.12201179155654229
Apr,2021,2021-04-06,2021-04-07,3m,0.37412492228423305,1453,band5,45-50%,0.3812209759042353,0.2964102564102564,73,0.007096053620002263
Apr,2021,2021-04-06,2021-04-07,3m,0.37412492228423305,1453,band5,50-55%,0.36111158608728633,0.3046493345034371,72,-0.013013336196946723
Apr,2021,2021-04-06,2021-04-07,3m,0.37412492228423305,1453,band5,55-60%,0.3776680610703245,0.2935393258426966,73,0.003543138786091471
Apr,2021,2021-04-06,2021-04-07,3m,0.37412492228423305,1453,band5,60-65%,0.30813837831741764,0.28427980761117233,73,-0.06598654396681541
Apr,2021,2021-04-06,2021-04-07,3m,0.37412492228423305,1453,band5,65-70%,0.3114502123652589,0.25999300592439345,72,-0.06267470991897417
Apr,2021,2021-04-06,2021-04-07,3m,0.37412492228423305,1453,band5,70-75%,0.2512099417852086,0.2208077260755048,73,-0.12291498049902444
Apr,2021,2021-04-06,2021-04-07,3m,0.37412492228423305,1453,band5,75-80%,0.23477782697723742,0.18893617021276587,73,-0.13934709530699563
Apr,2021,2021-04-06,2021-04-07,3m,0.37412492228423305,1453,band5,80-85%,0.18887725900405247,0.10818258210044762,72,-0.18524766328018058
Apr,2021,2021-04-06,2021-04-07,3m,0.37412492228423305,1453,band5,85-90%,0.2079367808205826,0.15399422521655448,73,-0.16618814146365046
Apr,2021,2021-04-06,2021-04-07,3m,0.37412492228423305,1453,band5,90-95%,0.17172361921527532,0.12912516500660032,73,-0.20240130306895773
Apr,2021,2021-04-06,2021-04-07,3m,0.37412492228423305,1453,band5,95-100%,0.11437538204877824,0.09885350318471331,73,-0.2597495402354548
Apr,2021,2021-04-06,2021-04-07,3m,0.37412492228423305,1453,band1,0-1%,0.5990970190796998,0.45487996751763693,14,0.22497209679546676
Apr,2021,2021-04-06,2021-04-07,3m,0.37412492228423305,1453,band1,1-2%,0.7943544336142291,0.5835962145110412,15,0.42022951132999603
Apr,2021,2021-04-06,2021-04-07,3m,0.37412492228423305,1453,band1,2-3%,0.28762642588125215,0.3420189479676339,14,-0.0864984964029809
Apr,2021,2021-04-06,2021-04-07,3m,0.37412492228423305,1453,band1,3-4%,0.6424198432470705,0.7857142857142858,15,0.2682949209628374
Apr,2021,2021-04-06,2021-04-07,3m,0.37412492228423305,1453,band1,4-5%,0.45146831646995533,0.3560294117647059,14,0.07734339418572228
Apr,2021,2021-04-06,2021-04-07,3m,0.37412492228423305,1453,band1,5-6%,0.43440116447068733,0.5420743639921721,15,0.060276242186454276
Apr,2021,2021-04-06,2021-04-07,3m,0.37412492228423305,1453,band1,6-7%,0.49092607381689607,0.4159881161971831,14,0.11680115153266302
Apr,2021,2021-04-06,2021-04-07,3m,0.37412492228423305,1453,band1,7-8%,0.6567576917812786,0.645677694770544,15,0.2826327694970456
Apr,2021,2021-04-06,2021-04-07,3m,0.37412492228423305,1453,band1,8-9%,0.4513518574711014,0.29050515127678767,14,0.07722693518686835
Apr,2021,2021-04-06,2021-04-07,3m,0.37412492228423305,1453,band1,9-10%,0.6921250957989216,0.5597014925373134,15,0.3180001735146885
Apr,2021,2021-04-06,2021-04-07,3m,0.37412492228423305,1453,band1,10-11%,0.28345694363301566,0.20983318700614584,13,-0.0906679786512174
Apr,2021,2021-04-06,2021-04-07,3m,0.37412492228423305,1453,band1,11-12%,0.5805250163253205,0.4211016949152542,15,0.20640009404108745
Apr,2021,2021-04-06,2021-04-07,3m,0.37412492228423305,1453,band1,12-13%,0.44508392190087714,0.27045075125208684,15,0.07095899961664409
Apr,2021,2021-04-06,2021-04-07,3m,0.37412492228423305,1453,band1,13-14%,0.5127728277957295,0.4784542259361956,14,0.13864790551149647
Apr,2021,2021-04-06,2021-04-07,3m,0.37412492228423305,1453,band1,14-15%,0.6935199236430296,0.696969696969697,15,0.31939500135879656
Apr,2021,2021-04-06,2021-04-07,3m,0.37412492228423305,1453,band1,15-16%,0.41350880464363826,0.4338909541511773,14,0.03938388235940521
Apr,2021,2021-04-06,2021-04-07,3m,0.37412492228423305,1453,band1,16-17%,0.6175876684864086,0.4459574468085108,15,0.2434627462021755
Apr,2021,2021-04-06,2021-04-07,3m,0.37412492228423305,1453,band1,17-18%,0.24819553163875224,0.28960190752643566,14,-0.1259293906454808
Apr,2021,2021-04-06,2021-04-07,3m,0.37412492228423305,1453,band1,18-19%,0.6533110301065046,0.5107142857142857,15,0.27918610782227155
Apr,2021,2021-04-06,2021-04-07,3m,0.37412492228423305,1453,band1,19-20%,0.5280436661151435,0.5504440304183464,14,0.15391874383091048
Apr,2021,2021-04-06,2021-04-07,3m,0.37412492228423305,1453,cum,top 2%,0.7000922334941115,0.47058823529411775,29,0.3259673112098785
Apr,2021,2021-04-06,2021-04-07,3m,0.37412492228423305,1453,cum,top 5%,0.5595319279576693,0.45624485007611426,72,0.1854070056734362
Apr,2021,2021-04-06,2021-04-07,3m,0.37412492228423305,1453,cum,top 10%,0.5532927526327412,0.47058823529411775,145,0.1791678303485082
Apr,2021,2021-04-06,2021-04-07,3m,0.37412492228423305,1453,cum,top 15%,0.5386089489223747,0.4494949494949494,217,0.1644840266381416
Apr,2021,2021-04-06,2021-04-07,3m,0.37412492228423305,1453,cum,top 20%,0.5280210879882854,0.4459574468085108,289,0.15389616570405235
Apr,2021,2021-04-06,2021-04-07,3m,0.37412492228423305,1453,cum,top 25%,0.5380977680494379,0.43958584987057814,362,0.16397284576520482
Apr,2021,2021-04-06,2021-04-07,3m,0.37412492228423305,1453,cum,top 30%,0.5280923758137205,0.436335403726708,435,0.15396745352948743
Apr,2021,2021-04-06,2021-04-07,3m,0.37412492228423305,1453,cum,top 40%,0.5102193091441166,0.4199733760034423,580,0.13609438685988356
Apr,2021,2021-04-06,2021-04-07,3m,0.37412492228423305,1453,cum,top 50%,0.4958323838222775,0.39911457765172176,726,0.12170746153804446
Apr,2021,2021-04-06,2021-04-07,3m,0.37412492228423305,1453,cum,top 100%,0.37412492228423305,0.28126118067978534,1453,0.0
Apr,2021,2021-04-06,2021-04-07,6m,0.5160838902786735,1453,band5,0-5%,0.8019759914047757,0.6365168539325843,72,0.2858921011261022
Apr,2021,2021-04-06,2021-04-07,6m,0.5160838902786735,1453,band5,5-10%,0.7670862733157003,0.5327004219409284,73,0.2510023830370268
Apr,2021,2021-04-06,2021-04-07,6m,0.5160838902786735,1453,band5,10-15%,0.7094286916841737,0.6094568120734952,72,0.19334480140550014
Apr,2021,2021-04-06,2021-04-07,6m,0.5160838902786735,1453,band5,15-20%,0.6034130489713281,0.5934566473988439,72,0.08732915869265456
Apr,2021,2021-04-06,2021-04-07,6m,0.5160838902786735,1453,band5,20-25%,0.7407038481101524,0.5372434017595309,73,0.22461995783147892
Apr,2021,2021-04-06,2021-04-07,6m,0.5160838902786735,1453,band5,25-30%,0.5963751951099994,0.5114182692307692,73,0.08029130483132585
Apr,2021,2021-04-06,2021-04-07,6m,0.5160838902786735,1453,band5,30-35%,0.5809471139481234,0.39468715910861774,72,0.06486322366944985
Apr,2021,2021-04-06,2021-04-07,6m,0.5160838902786735,1453,band5,35-40%,0.6728258209245571,0.44036697247706424,73,0.1567419306458836
Apr,2021,2021-04-06,2021-04-07,6m,0.5160838902786735,1453,band5,40-45%,0.6078488577183445,0.3854447439353099,73,0.091764967439671
Apr,2021,2021-04-06,2021-04-07,6m,0.5160838902786735,1453,band5,45-50%,0.49603452907814966,0.3316095669036845,73,-0.020049361200523863
Apr,2021,2021-04-06,2021-04-07,6m,0.5160838902786735,1453,band5,50-55%,0.4262770792676424,0.3350090740241879,72,-0.0898068110110311
Apr,2021,2021-04-06,2021-04-07,6m,0.5160838902786735,1453,band5,55-60%,0.474488964190209,0.38569594980034205,73,-0.041594926088464546
Apr,2021,2021-04-06,2021-04-07,6m,0.5160838902786735,1453,band5,60-65%,0.43114358195558306,0.36917034855179187,73,-0.08494030832309046
Apr,2021,2021-04-06,2021-04-07,6m,0.5160838902786735,1453,band5,65-70%,0.42374895339431523,0.31004507586372265,72,-0.09233493688435829
Apr,2021,2021-04-06,2021-04-07,6m,0.5160838902786735,1453,band5,70-75%,0.4389941169844488,0.34352972469743337,73,-0.07708977329422473
Apr,2021,2021-04-06,2021-04-07,6m,0.5160838902786735,1453,band5,75-80%,0.3924601664897131,0.28889643793069997,73,-0.12362372378896042
Apr,2021,2021-04-06,2021-04-07,6m,0.5160838902786735,1453,band5,80-85%,0.32537935887309793,0.20913088604829022,72,-0.19070453140557558
Apr,2021,2021-04-06,2021-04-07,6m,0.5160838902786735,1453,band5,85-90%,0.2633002344354877,0.23030898876404504,73,-0.2527836558431858
Apr,2021,2021-04-06,2021-04-07,6m,0.5160838902786735,1453,band5,90-95%,0.35254374623907864,0.27822748028227484,73,-0.16354014403959488
Apr,2021,2021-04-06,2021-04-07,6m,0.5160838902786735,1453,band5,95-100%,0.22024446643191584,0.19450751764344898,73,-0.29583942384675765
Apr,2021,2021-04-06,2021-04-07,6m,0.5160838902786735,1453,band1,0-1%,1.2061951820213783,0.806500689629464,14,0.6901112917427048
Apr,2021,2021-04-06,2021-04-07,6m,0.5160838902786735,1453,band1,1-2%,0.8082842351500152,0.5362776025236595,15,0.2922003448713417
Apr,2021,2021-04-06,2021-04-07,6m,0.5160838902786735,1453,band1,2-3%,0.48683578036613434,0.41257535780839005,14,-0.029248109912539177
Apr,2021,2021-04-06,2021-04-07,6m,0.5160838902786735,1453,band1,3-4%,0.7276751649901719,0.6761565836298933,15,0.2115912747114984
Apr,2021,2021-04-06,2021-04-07,6m,0.5160838902786735,1453,band1,4-5%,0.7857462075439914,0.588459293152414,14,0.26966231726531786
Apr,2021,2021-04-06,2021-04-07,6m,0.5160838902786735,1453,band1,5-6%,0.38571329455544706,0.31306990881458985,15,-0.13037059572322646
Apr,2021,2021-04-06,2021-04-07,6m,0.5160838902786735,1453,band1,6-7%,0.9198781684921544,0.5767343350383632,14,0.4037942782134809
Apr,2021,2021-04-06,2021-04-07,6m,0.5160838902786735,1453,band1,7-8%,0.7676465323957531,0.5327004219409284,15,0.25156264211707957
Apr,2021,2021-04-06,2021-04-07,6m,0.5160838902786735,1453,band1,8-9%,0.7375892940642101,0.6493221690590112,14,0.22150540378553663
Apr,2021,2021-04-06,2021-04-07,6m,0.5160838902786735,1453,band1,9-10%,1.0328237381326013,0.6385281385281385,15,0.5167398478539278
Apr,2021,2021-04-06,2021-04-07,6m,0.5160838902786735,1453,band1,10-11%,0.5635703249376961,0.4487179487179487,13,0.04748643465902258
Apr,2021,2021-04-06,2021-04-07,6m,0.5160838902786735,1453,band1,11-12%,0.7257812511072043,0.676056338028169,15,0.20969736082853074
Apr,2021,2021-04-06,2021-04-07,6m,0.5160838902786735,1453,band1,12-13%,0.47100978000706006,0.14604664391353794,15,-0.045074110271613455
Apr,2021,2021-04-06,2021-04-07,6m,0.5160838902786735,1453,band1,13-14%,0.9669563145968239,0.6984658117439385,14,0.45087242431815033
Apr,2021,2021-04-06,2021-04-07,6m,0.5160838902786735,1453,band1,14-15%,0.8175465137333967,0.6701030927835052,15,0.3014626234547232
Apr,2021,2021-04-06,2021-04-07,6m,0.5160838902786735,1453,band1,15-16%,0.7184902949684834,0.6942937853107344,14,0.20240640468980986
Apr,2021,2021-04-06,2021-04-07,6m,0.5160838902786735,1453,band1,16-17%,0.6631543854656455,0.6622054665409989,15,0.14707049518697202
Apr,2021,2021-04-06,2021-04-07,6m,0.5160838902786735,1453,band1,17-18%,0.520740067628378,0.3805989199422728,14,0.004656177349704471
Apr,2021,2021-04-06,2021-04-07,6m,0.5160838902786735,1453,band1,18-19%,0.6381878444411108,0.7352941176470587,15,0.12210395416243724
Apr,2021,2021-04-06,2021-04-07,6m,0.5160838902786735,1453,band1,19-20%,0.46974150006987225,0.4083613694834751,14,-0.046342390208801265
Apr,2021,2021-04-06,2021-04-07,6m,0.5160838902786735,1453,cum,top 2%,1.0003791750189492,0.6824849007765315,29,0.4842952847402757
Apr,2021,2021-04-06,2021-04-07,6m,0.5160838902786735,1453,cum,top 5%,0.8019759914047757,0.6365168539325843,72,0.2858921011261022
Apr,2021,2021-04-06,2021-04-07,6m,0.5160838902786735,1453,cum,top 10%,0.7844108229875172,0.5830417227456257,145,0.26832693270884367
Apr,2021,2021-04-06,2021-04-07,6m,0.5160838902786735,1453,cum,top 15%,0.759531959144933,0.6005138086062942,217,0.24344806886625947
Apr,2021,2021-04-06,2021-04-07,6m,0.5160838902786735,1453,cum,top 20%,0.7206372825618896,0.5986666666666667,289,0.20455339228321612
Apr,2021,2021-04-06,2021-04-07,6m,0.5160838902786735,1453,cum,top 25%,0.7246838551724508,0.5829610787641173,362,0.2085999648937773
Apr,2021,2021-04-06,2021-04-07,6m,0.5160838902786735,1453,cum,top 30%,0.703151597276913,0.5676470588235294,435,0.1870677069982395
Apr,2021,2021-04-06,2021-04-07,6m,0.5160838902786735,1453,cum,top 40%,0.6841645205986462,0.5202663278750234,580,0.16808063031997267
Apr,2021,2021-04-06,2021-04-07,6m,0.5160838902786735,1453,cum,top 50%,0.657574255073497,0.5062784359655841,726,0.14149036479482346
Apr,2021,2021-04-06,2021-04-07,6m,0.5160838902786735,1453,cum,top 100%,0.5160838902786735,0.3700564971751412,1453,0.0
Apr,2021,2021-04-06,2021-04-07,9m,0.6891715342920509,1453,band5,0-5%,1.35993713974022,1.0653456837280366,72,0.6707656054481691
Apr,2021,2021-04-06,2021-04-07,9m,0.6891715342920509,1453,band5,5-10%,1.3024725783415159,0.8786127167630058,73,0.613301044049465
Apr,2021,2021-04-06,2021-04-07,9m,0.6891715342920509,1453,band5,10-15%,1.0505589050566677,0.8052824651504036,72,0.3613873707646168
Apr,2021,2021-04-06,2021-04-07,9m,0.6891715342920509,1453,band5,15-20%,1.1323210976212446,0.7796090393965665,72,0.44314956332919364
Apr,2021,2021-04-06,2021-04-07,9m,0.6891715342920509,1453,band5,20-25%,1.0596074469101782,0.7789203084832905,73,0.37043591261812725
Apr,2021,2021-04-06,2021-04-07,9m,0.6891715342920509,1453,band5,25-30%,0.7134807430849305,0.5501713166911404,73,0.024309208792879566
Apr,2021,2021-04-06,2021-04-07,9m,0.6891715342920509,1453,band5,30-35%,0.9061076655526866,0.4023071648014045,72,0.2169361312606357
Apr,2021,2021-04-06,2021-04-07,9m,0.6891715342920509,1453,band5,35-40%,0.9100089206924151,0.5476381104883907,73,0.2208373864003642
Apr,2021,2021-04-06,2021-04-07,9m,0.6891715342920509,1453,band5,40-45%,0.7460961651362948,0.5694673256452496,73,0.05692463084424393
Apr,2021,2021-04-06,2021-04-07,9m,0.6891715342920509,1453,band5,45-50%,0.5923064535610029,0.40725232392596955,73,-0.09686508073104805
Apr,2021,2021-04-06,2021-04-07,9m,0.6891715342920509,1453,band5,50-55%,0.5597780352438491,0.3570599163820861,72,-0.12939349904820185
Apr,2021,2021-04-06,2021-04-07,9m,0.6891715342920509,1453,band5,55-60%,0.5008648695810075,0.3406130268199232,73,-0.1883066647110434
Apr,2021,2021-04-06,2021-04-07,9m,0.6891715342920509,1453,band5,60-65%,0.5211104486527663,0.4094998953756017,73,-0.16806108563928457
Apr,2021,2021-04-06,2021-04-07,9m,0.6891715342920509,1453,band5,65-70%,0.4846333866449501,0.3311695302692115,72,-0.20453814764710082
Apr,2021,2021-04-06,2021-04-07,9m,0.6891715342920509,1453,band5,70-75%,0.4757727040066744,0.3489281886387996,73,-0.21339883028537654
Apr,2021,2021-04-06,2021-04-07,9m,0.6891715342920509,1453,band5,75-80%,0.3937449640041492,0.2679199851824412,73,-0.2954265702879017
Apr,2021,2021-04-06,2021-04-07,9m,0.6891715342920509,1453,band5,80-85%,0.3243922572354856,0.17857422034896453,72,-0.3647792770565653
Apr,2021,2021-04-06,2021-04-07,9m,0.6891715342920509,1453,band5,85-90%,0.23690759016466548,0.2534496590453268,73,-0.45226394412738546
Apr,2021,2021-04-06,2021-04-07,9m,0.6891715342920509,1453,band5,90-95%,0.33410427612941007,0.2503482587064676,73,-0.35506725816264084
Apr,2021,2021-04-06,2021-04-07,9m,0.6891715342920509,1453,band5,95-100%,0.1928350076185861,0.21799999999999997,73,-0.49633652667346484
Apr,2021,2021-04-06,2021-04-07,9m,0.6891715342920509,1453,band1,0-1%,1.8457185494281034,1.3575879177002772,14,1.1565470151360526
Apr,2021,2021-04-06,2021-04-07,9m,0.6891715342920509,1453,band1,1-2%,1.1581449106849457,0.587514585764294,15,0.4689733763928948
Apr,2021,2021-04-06,2021-04-07,9m,0.6891715342920509,1453,band1,2-3%,0.8817989357535997,0.633389570261407,14,0.19262740146154878
Apr,2021,2021-04-06,2021-04-07,9m,0.6891715342920509,1453,band1,3-4%,1.289002928408956,1.2633451957295372,15,0.599831394116905
Apr,2021,2021-04-06,2021-04-07,9m,0.6891715342920509,1453,band1,4-5%,1.6445008344531047,0.9979101947422921,14,0.9553293001610538
Apr,2021,2021-04-06,2021-04-07,9m,0.6891715342920509,1453,band1,5-6%,0.833547749338542,0.7563025210084031,15,0.14437621504649112
Apr,2021,2021-04-06,2021-04-07,9m,0.6891715342920509,1453,band1,6-7%,0.9981510073401836,0.8395460358056267,14,0.30897947304813267
Apr,2021,2021-04-06,2021-04-07,9m,0.6891715342920509,1453,band1,7-8%,1.180973237557463,0.7452339688041594,15,0.49180170326541217
Apr,2021,2021-04-06,2021-04-07,9m,0.6891715342920509,1453,band1,8-9%,1.696514547977761,1.1623295454545455,14,1.00734301368571
Apr,2021,2021-04-06,2021-04-07,9m,0.6891715342920509,1453,band1,9-10%,1.8091577094026243,0.9477611940298507,15,1.1199861751105735
Apr,2021,2021-04-06,2021-04-07,9m,0.6891715342920509,1453,band1,10-11%,0.584676896867857,0.47452692867540036,13,-0.10449463742419396
Apr,2021,2021-04-06,2021-04-07,9m,0.6891715342920509,1453,band1,11-12%,1.3715596840102502,1.4572679986457664,15,0.6823881497181993
Apr,2021,2021-04-06,2021-04-07,9m,0.6891715342920509,1453,band1,12-13%,0.7402778273077686,0.3755555555555554,15,0.051106293015717674
Apr,2021,2021-04-06,2021-04-07,9m,0.6891715342920509,1453,band1,13-14%,1.5017845945229402,1.2688549293893359,14,0.8126130602308893
Apr,2021,2021-04-06,2021-04-07,9m,0.6891715342920509,1453,band1,14-15%,1.0224596341137662,0.9510409517272933,15,0.33328809982171526
Apr,2021,2021-04-06,2021-04-07,9m,0.6891715342920509,1453,band1,15-16%,1.203583996825316,1.2922598870056496,14,0.514412462533265
Apr,2021,2021-04-06,2021-04-07,9m,0.6891715342920509,1453,band1,16-17%,1.1460790095001796,1.0069204152249136,15,0.4569074752081287
Apr,2021,2021-04-06,2021-04-07,9m,0.6891715342920509,1453,band1,17-18%,1.722598062971958,0.8139011159330439,14,1.033426528679907
Apr,2021,2021-04-06,2021-04-07,9m,0.6891715342920509,1453,band1,18-19%,0.949947847936732,0.7751479289940828,15,0.2607763136446811
Apr,2021,2021-04-06,2021-04-07,9m,0.6891715342920509,1453,band1,19-20%,0.651440523572436,0.6243486590038314,14,-0.03773101071961493
Apr,2021,2021-04-06,2021-04-07,9m,0.6891715342920509,1453,cum,top 2%,1.49007701214716,1.02578125,29,0.8009054778551091
Apr,2021,2021-04-06,2021-04-07,9m,0.6891715342920509,1453,cum,top 5%,1.35993713974022,1.0653456837280366,72,0.6707656054481691
Apr,2021,2021-04-06,2021-04-07,9m,0.6891715342920509,1453,cum,top 10%,1.3310067053808725,0.9443498012492904,145,0.6418351710888216
Apr,2021,2021-04-06,2021-04-07,9m,0.6891715342920509,1453,cum,top 15%,1.2379549006650072,0.8786127167630058,217,0.5487833663729563
Apr,2021,2021-04-06,2021-04-07,9m,0.6891715342920509,1453,cum,top 20%,1.2116378286264227,0.8570588235294119,289,0.5224662943343718
Apr,2021,2021-04-06,2021-04-07,9m,0.6891715342920509,1453,cum,top 25%,1.1809797682250807,0.8365919849868423,362,0.49180823393302975
Apr,2021,2021-04-06,2021-04-07,9m,0.6891715342920509,1453,cum,top 30%,1.102525908833745,0.7626804123711339,435,0.413354374541694
Apr,2021,2021-04-06,2021-04-07,9m,0.6891715342920509,1453,cum,top 40%,1.053912368056929,0.6860273586779002,580,0.364740833764878
Apr,2021,2021-04-06,2021-04-07,9m,0.6891715342920509,1453,cum,top 50%,0.9765462322836385,0.6393536685413804,726,0.28737469799158755
Apr,2021,2021-04-06,2021-04-07,9m,0.6891715342920509,1453,cum,top 100%,0.6891715342920509,0.4217479674796747,1453,0.0
Apr,2021,2021-04-06,2021-04-07,12m,0.7324118061244276,1453,band5,0-5%,1.3501489250868,0.9266456582633054,72,0.6177371189623724
Apr,2021,2021-04-06,2021-04-07,12m,0.7324118061244276,1453,band5,5-10%,1.4038347374102884,0.8955223880597014,73,0.6714229312858608
Apr,2021,2021-04-06,2021-04-07,12m,0.7324118061244276,1453,band5,10-15%,1.09482241088556,0.7601398109268338,72,0.3624106047611324
Apr,2021,2021-04-06,2021-04-07,12m,0.7324118061244276,1453,band5,15-20%,1.0225367919481476,0.7075183946488295,72,0.29012498582372004
Apr,2021,2021-04-06,2021-04-07,12m,0.7324118061244276,1453,band5,20-25%,1.1785425823969133,0.9226682408500588,73,0.44613077627248576
Apr,2021,2021-04-06,2021-04-07,12m,0.7324118061244276,1453,band5,25-30%,0.7496543845919118,0.5886780104712039,73,0.017242578467484226
Apr,2021,2021-04-06,2021-04-07,12m,0.7324118061244276,1453,band5,30-35%,0.8703206536614223,0.40846895756982693,72,0.13790884753699473
Apr,2021,2021-04-06,2021-04-07,12m,0.7324118061244276,1453,band5,35-40%,1.09001809349546,0.5728052472250251,73,0.3576062873710324
Apr,2021,2021-04-06,2021-04-07,12m,0.7324118061244276,1453,band5,40-45%,0.8733586014796446,0.5415204678362575,73,0.14094679535521704
Apr,2021,2021-04-06,2021-04-07,12m,0.7324118061244276,1453,band5,45-50%,0.7538930554447544,0.34998884675440567,73,0.0214812493203268
Apr,2021,2021-04-06,2021-04-07,12m,0.7324118061244276,1453,band5,50-55%,0.593895831752217,0.406642262352928,72,-0.13851597437221053
Apr,2021,2021-04-06,2021-04-07,12m,0.7324118061244276,1453,band5,55-60%,0.6236156727006519,0.474691678395496,73,-0.1087961334237757
Apr,2021,2021-04-06,2021-04-07,12m,0.7324118061244276,1453,band5,60-65%,0.5935987088589916,0.4115200608894203,73,-0.138813097265436
Apr,2021,2021-04-06,2021-04-07,12m,0.7324118061244276,1453,band5,65-70%,0.4889558062341476,0.2749895740717866,72,-0.24345599989028
Apr,2021,2021-04-06,2021-04-07,12m,0.7324118061244276,1453,band5,70-75%,0.5367462287102398,0.4201484623541889,73,-0.19566557741418777
Apr,2021,2021-04-06,2021-04-07,12m,0.7324118061244276,1453,band5,75-80%,0.39841970220718387,0.35632321300502046,73,-0.3339921039172437
Apr,2021,2021-04-06,2021-04-07,12m,0.7324118061244276,1453,band5,80-85%,0.35726558485565735,0.1731725246745467,72,-0.37514622126877023
Apr,2021,2021-04-06,2021-04-07,12m,0.7324118061244276,1453,band5,85-90%,0.213561064406415,0.14690982776089156,73,-0.5188507417180126
Apr,2021,2021-04-06,2021-04-07,12m,0.7324118061244276,1453,band5,90-95%,0.29128607112725036,0.23161925601750544,73,-0.4411257349971772
Apr,2021,2021-04-06,2021-04-07,12m,0.7324118061244276,1453,band5,95-100%,0.17267989142055318,0.16198479806570498,73,-0.5597319147038744
Apr,2021,2021-04-06,2021-04-07,12m,0.7324118061244276,1453,band1,0-1%,1.7774027210894783,1.3826045627376424,14,1.0449909149650507
Apr,2021,2021-04-06,2021-04-07,12m,0.7324118061244276,1453,band1,1-2%,1.1267146362158285,1.2088681446907819,15,0.3943028300914009
Apr,2021,2021-04-06,2021-04-07,12m,0.7324118061244276,1453,band1,2-3%,1.055368655741104,0.7233044097920858,14,0.32295684961667637
Apr,2021,2021-04-06,2021-04-07,12m,0.7324118061244276,1453,band1,3-4%,1.2520062557180653,1.1285714285714286,15,0.5195944495936378
Apr,2021,2021-04-06,2021-04-07,12m,0.7324118061244276,1453,band1,4-5%,1.5622221394009301,0.7462539184952978,14,0.8298103332765026
Apr,2021,2021-04-06,2021-04-07,12m,0.7324118061244276,1453,band1,5-6%,0.9369112945158373,0.7201565557729941,15,0.20449948839140974
Apr,2021,2021-04-06,2021-04-07,12m,0.7324118061244276,1453,band1,6-7%,1.0404358112439296,0.7439797794117646,14,0.308024005119502
Apr,2021,2021-04-06,2021-04-07,12m,0.7324118061244276,1453,band1,7-8%,0.9682187253682886,0.8907175773535219,15,0.235806919243861
Apr,2021,2021-04-06,2021-04-07,12m,0.7324118061244276,1453,band1,8-9%,2.077536364909329,1.0871099744245525,14,1.3451245587849012
Apr,2021,2021-04-06,2021-04-07,12m,0.7324118061244276,1453,band1,9-10%,2.0167583377695686,1.0347222222222223,15,1.284346531645141
Apr,2021,2021-04-06,2021-04-07,12m,0.7324118061244276,1453,band1,10-11%,0.6641682923171874,0.5112167300380228,13,-0.06824351380724014
Apr,2021,2021-04-06,2021-04-07,12m,0.7324118061244276,1453,band1,11-12%,1.37742321640789,1.1941176470588233,15,0.6450114102834623
Apr,2021,2021-04-06,2021-04-07,12m,0.7324118061244276,1453,band1,12-13%,0.7401221722969276,0.2466666666666666,15,0.007710366172499983
Apr,2021,2021-04-06,2021-04-07,12m,0.7324118061244276,1453,band1,13-14%,1.6555484672887144,1.6416594909623083,14,0.9231366611642868
Apr,2021,2021-04-06,2021-04-07,12m,0.7324118061244276,1453,band1,14-15%,1.0168110940681738,0.6668954472660718,15,0.28439928794374625
Apr,2021,2021-04-06,2021-04-07,12m,0.7324118061244276,1453,band1,15-16%,1.2294068480438154,1.22515923566879,14,0.4969950419193878
Apr,2021,2021-04-06,2021-04-07,12m,0.7324118061244276,1453,band1,16-17%,0.9871731383997145,0.8712446351931331,15,0.25476133227528697
Apr,2021,2021-04-06,2021-04-07,12m,0.7324118061244276,1453,band1,17-18%,1.1995636301743329,0.6780769230769231,14,0.4671518240499053
Apr,2021,2021-04-06,2021-04-07,12m,0.7324118061244276,1453,band1,18-19%,1.0608237332764652,0.8561679790026249,15,0.3284119271520376
Apr,2021,2021-04-06,2021-04-07,12m,0.7324118061244276,1453,band1,19-20%,0.6355078035764183,0.5834390049311923,14,-0.09690400254800924
Apr,2021,2021-04-06,2021-04-07,12m,0.7324118061244276,1453,cum,top 2%,1.440839918568625,1.2088681446907819,29,0.7084281124441973
Apr,2021,2021-04-06,2021-04-07,12m,0.7324118061244276,1453,cum,top 5%,1.3501489250868,0.9266456582633054,72,0.6177371189623724
Apr,2021,2021-04-06,2021-04-07,12m,0.7324118061244276,1453,cum,top 10%,1.3771769547393147,0.9047619047619049,145,0.6447651486148871
Apr,2021,2021-04-06,2021-04-07,12m,0.7324118061244276,1453,cum,top 15%,1.2834924977924467,0.8907175773535219,217,0.5510806916680191
Apr,2021,2021-04-06,2021-04-07,12m,0.7324118061244276,1453,cum,top 20%,1.218479311561341,0.8503184713375798,289,0.48606750543691346
Apr,2021,2021-04-06,2021-04-07,12m,0.7324118061244276,1453,cum,top 25%,1.2104257722547023,0.862226103886061,362,0.4780139661302747
Apr,2021,2021-04-06,2021-04-07,12m,0.7324118061244276,1453,cum,top 30%,1.1331009186929006,0.7703125,435,0.40068911256847306
Apr,2021,2021-04-06,2021-04-07,12m,0.7324118061244276,1453,cum,top 40%,1.0950574267589703,0.6833301883969304,580,0.36264562063454275
Apr,2021,2021-04-06,2021-04-07,12m,0.7324118061244276,1453,cum,top 50%,1.0384609896359283,0.6404881529169708,726,0.3060491835115007
Apr,2021,2021-04-06,2021-04-07,12m,0.7324118061244276,1453,cum,top 100%,0.7324118061244276,0.42849604221635884,1453,0.0
Apr,2021,2021-04-06,2021-04-07,18m,0.664719899257502,1444,band5,0-5%,1.037416556319658,0.7427122940430924,71,0.37269665706215604
Apr,2021,2021-04-06,2021-04-07,18m,0.664719899257502,1444,band5,5-10%,1.1903262150438763,0.6791044776119401,73,0.5256063157863743
Apr,2021,2021-04-06,2021-04-07,18m,0.664719899257502,1444,band5,10-15%,0.9472108479967853,0.5945121951219512,71,0.2824909487392834
Apr,2021,2021-04-06,2021-04-07,18m,0.664719899257502,1444,band5,15-20%,0.8793223773421789,0.6496335035235025,72,0.21460247808467692
Apr,2021,2021-04-06,2021-04-07,18m,0.664719899257502,1444,band5,20-25%,1.1267075584980704,0.6430317848410758,71,0.4619876592405684
Apr,2021,2021-04-06,2021-04-07,18m,0.664719899257502,1444,band5,25-30%,0.8471898935604464,0.5611413043478264,71,0.18246999430294442
Apr,2021,2021-04-06,2021-04-07,18m,0.664719899257502,1444,band5,30-35%,0.8557151454278128,0.48728606356968185,71,0.19099524617031083
Apr,2021,2021-04-06,2021-04-07,18m,0.664719899257502,1444,band5,35-40%,0.7927875768542774,0.3966244725738395,73,0.1280676775967754
Apr,2021,2021-04-06,2021-04-07,18m,0.664719899257502,1444,band5,40-45%,0.8250603146173906,0.5792983511139818,72,0.16034041535988863
Apr,2021,2021-04-06,2021-04-07,18m,0.664719899257502,1444,band5,45-50%,0.7290396752715483,0.2912725325718366,73,0.06431977601404637
Apr,2021,2021-04-06,2021-04-07,18m,0.664719899257502,1444,band5,50-55%,0.5740285312075618,0.22845691382765554,71,-0.09069136804994016
Apr,2021,2021-04-06,2021-04-07,18m,0.664719899257502,1444,band5,55-60%,0.5480480421965835,0.4170214676521533,73,-0.11667185706091843
Apr,2021,2021-04-06,2021-04-07,18m,0.664719899257502,1444,band5,60-65%,0.6235397464147361,0.4408333333333334,73,-0.04118015284276588
Apr,2021,2021-04-06,2021-04-07,18m,0.664719899257502,1444,band5,65-70%,0.440491500709908,0.2969959995150927,72,-0.22422839854759397
Apr,2021,2021-04-06,2021-04-07,18m,0.664719899257502,1444,band5,70-75%,0.5763512211912339,0.2967857142857142,73,-0.08836867806626802
Apr,2021,2021-04-06,2021-04-07,18m,0.664719899257502,1444,band5,75-80%,0.3470054200920314,0.26961226330027044,73,-0.3177144791654706
Apr,2021,2021-04-06,2021-04-07,18m,0.664719899257502,1444,band5,80-85%,0.3371841391132132,0.22577352472089318,72,-0.32753576014428876
Apr,2021,2021-04-06,2021-04-07,18m,0.664719899257502,1444,band5,85-90%,0.2354661039833803,0.15555555555555545,73,-0.42925379527412166
Apr,2021,2021-04-06,2021-04-07,18m,0.664719899257502,1444,band5,90-95%,0.28451637392095847,0.12215719682939463,73,-0.3802035253365435
Apr,2021,2021-04-06,2021-04-07,18m,0.664719899257502,1444,band5,95-100%,0.1329233071648712,0.11572733348184472,73,-0.5317965920926307
Apr,2021,2021-04-06,2021-04-07,18m,0.664719899257502,1444,band1,0-1%,1.6253811592348353,0.9117973234921345,14,0.9606612599773333
Apr,2021,2021-04-06,2021-04-07,18m,0.664719899257502,1444,band1,1-2%,0.8415624891692793,0.5692023113240786,14,0.17684258991177737
Apr,2021,2021-04-06,2021-04-07,18m,0.664719899257502,1444,band1,2-3%,0.7372429870361289,0.3118343475962645,14,0.07252308777862693
Apr,2021,2021-04-06,2021-04-07,18m,0.664719899257502,1444,band1,3-4%,0.8236817621723004,0.943485086342229,15,0.1589618629147984
Apr,2021,2021-04-06,2021-04-07,18m,0.664719899257502,1444,band1,4-5%,1.1744811549962715,1.1220067049808429,14,0.5097612557387695
Apr,2021,2021-04-06,2021-04-07,18m,0.664719899257502,1444,band1,5-6%,0.9014251532122006,0.6218487394957983,15,0.23670525395469866
Apr,2021,2021-04-06,2021-04-07,18m,0.664719899257502,1444,band1,6-7%,0.8974861119404013,0.4551377513030528,14,0.23276621268289932
Apr,2021,2021-04-06,2021-04-07,18m,0.664719899257502,1444,band1,7-8%,0.7495228198140735,0.639240506329114,15,0.08480292055657157
Apr,2021,2021-04-06,2021-04-07,18m,0.664719899257502,1444,band1,8-9%,1.4909076368445995,0.881200696417533,14,0.8261877375870975
Apr,2021,2021-04-06,2021-04-07,18m,0.664719899257502,1444,band1,9-10%,1.9128054413212563,1.1476923076923078,15,1.2480855420637544
Apr,2021,2021-04-06,2021-04-07,18m,0.664719899257502,1444,band1,10-11%,0.5279907796166612,0.4328358208955223,13,-0.13672911964084078
Apr,2021,2021-04-06,2021-04-07,18m,0.664719899257502,1444,band1,11-12%,1.1403790554681874,1.1721363825748752,14,0.47565915621068544
Apr,2021,2021-04-06,2021-04-07,18m,0.664719899257502,1444,band1,12-13%,0.4542602491233422,0.18666666666666654,15,-0.2104596501341598
Apr,2021,2021-04-06,2021-04-07,18m,0.664719899257502,1444,band1,13-14%,1.652951681300175,1.344361228524132,14,0.988231782042673
Apr,2021,2021-04-06,2021-04-07,18m,0.664719899257502,1444,band1,14-15%,0.9645037347431985,0.8601851851851852,15,0.29978383548569654
Apr,2021,2021-04-06,2021-04-07,18m,0.664719899257502,1444,band1,15-16%,1.1165954307849024,0.9883288270305582,14,0.45187553152740045
Apr,2021,2021-04-06,2021-04-07,18m,0.664719899257502,1444,band1,16-17%,0.9505945039362041,0.9758620689655173,15,0.2858746046787022
Apr,2021,2021-04-06,2021-04-07,18m,0.664719899257502,1444,band1,17-18%,0.6728181094387294,0.4761500754147814,14,0.008098210181227472
Apr,2021,2021-04-06,2021-04-07,18m,0.664719899257502,1444,band1,18-19%,1.0933791101895693,0.9872527472527473,15,0.4286592109320674
Apr,2021,2021-04-06,2021-04-07,18m,0.664719899257502,1444,band1,19-20%,0.5428440995442454,0.5134897341999256,14,-0.12187579971325657
Apr,2021,2021-04-06,2021-04-07,18m,0.664719899257502,1444,cum,top 2%,1.2334718242020573,0.7275149800847552,28,0.5687519249445553
Apr,2021,2021-04-06,2021-04-07,18m,0.664719899257502,1444,cum,top 5%,1.037416556319658,0.7427122940430924,71,0.37269665706215604
Apr,2021,2021-04-06,2021-04-07,18m,0.664719899257502,1444,cum,top 10%,1.1149332583117963,0.7091000095337973,144,0.4502133590542944
Apr,2021,2021-04-06,2021-04-07,18m,0.664719899257502,1444,cum,top 15%,1.0595458576961416,0.6903582317073174,215,0.39482595843863966
Apr,2021,2021-04-06,2021-04-07,18m,0.664719899257502,1444,cum,top 20%,1.014332998513266,0.6791044776119401,287,0.3496130992557641
Apr,2021,2021-04-06,2021-04-07,18m,0.664719899257502,1444,cum,top 25%,1.0366195732588557,0.6588271768978652,358,0.3718996740013537
Apr,2021,2021-04-06,2021-04-07,18m,0.664719899257502,1444,cum,top 30%,1.0052687404882565,0.6459194214876032,429,0.3405488412307546
Apr,2021,2021-04-06,2021-04-07,18m,0.664719899257502,1444,cum,top 40%,0.9596676406722496,0.6108857336037863,573,0.29494774141474767
Apr,2021,2021-04-06,2021-04-07,18m,0.664719899257502,1444,cum,top 50%,0.9227211658112453,0.5750336011656778,718,0.25800126655374334
Apr,2021,2021-04-06,2021-04-07,18m,0.664719899257502,1444,cum,top 100%,0.664719899257502,0.3654543112332531,1444,0.0
Apr,2021,2021-04-06,2021-04-07,24m,0.6586683753149006,1429,band5,0-5%,0.891387321322428,0.5257677745056795,70,0.2327189460075274
Apr,2021,2021-04-06,2021-04-07,24m,0.6586683753149006,1429,band5,5-10%,1.1388974552756383,0.676056338028169,73,0.4802290799607377
Apr,2021,2021-04-06,2021-04-07,24m,0.6586683753149006,1429,band5,10-15%,0.8725926553349395,0.49112081513828243,69,0.21392428002003883
Apr,2021,2021-04-06,2021-04-07,24m,0.6586683753149006,1429,band5,15-20%,0.9459783070079375,0.6497840030880166,72,0.28730993169303687
Apr,2021,2021-04-06,2021-04-07,24m,0.6586683753149006,1429,band5,20-25%,1.0914604248913402,0.5062325932999124,70,0.4327920495764396
Apr,2021,2021-04-06,2021-04-07,24m,0.6586683753149006,1429,band5,25-30%,0.8555305234931958,0.4567573617040154,70,0.19686214817829517
Apr,2021,2021-04-06,2021-04-07,24m,0.6586683753149006,1429,band5,30-35%,0.7805653943261973,0.42843951985226214,71,0.12189701901129668
Apr,2021,2021-04-06,2021-04-07,24m,0.6586683753149006,1429,band5,35-40%,0.7659738705676479,0.25656161785742737,70,0.10730549525274724
Apr,2021,2021-04-06,2021-04-07,24m,0.6586683753149006,1429,band5,40-45%,0.9493361392564769,0.7081969412677052,70,0.29066776394157623
Apr,2021,2021-04-06,2021-04-07,24m,0.6586683753149006,1429,band5,45-50%,0.8621496617259861,0.26761766500707096,72,0.20348128641108543
Apr,2021,2021-04-06,2021-04-07,24m,0.6586683753149006,1429,band5,50-55%,0.6583113153042244,0.353025998806623,70,-0.0003570600106762578
Apr,2021,2021-04-06,2021-04-07,24m,0.6586683753149006,1429,band5,55-60%,0.5286289062747284,0.38321020172170117,72,-0.13003946904017227
Apr,2021,2021-04-06,2021-04-07,24m,0.6586683753149006,1429,band5,60-65%,0.5929939066857649,0.4323156507226037,72,-0.06567446862913573
Apr,2021,2021-04-06,2021-04-07,24m,0.6586683753149006,1429,band5,65-70%,0.4914757656131392,0.31043683833907676,72,-0.16719260970176142
Apr,2021,2021-04-06,2021-04-07,24m,0.6586683753149006,1429,band5,70-75%,0.567792006750911,0.3631196298744217,73,-0.09087636856398962
Apr,2021,2021-04-06,2021-04-07,24m,0.6586683753149006,1429,band5,75-80%,0.32202397238143127,0.20345345345345356,73,-0.33664440293346937
Apr,2021,2021-04-06,2021-04-07,24m,0.6586683753149006,1429,band5,80-85%,0.29563321731389025,0.142333027599433,71,-0.3630351580010104
Apr,2021,2021-04-06,2021-04-07,24m,0.6586683753149006,1429,band5,85-90%,0.21466545225300818,0.043460764587525125,73,-0.4440029230618925
Apr,2021,2021-04-06,2021-04-07,24m,0.6586683753149006,1429,band5,90-95%,0.2618963590072885,0.20127670661803032,73,-0.3967720163076121
Apr,2021,2021-04-06,2021-04-07,24m,0.6586683753149006,1429,band5,95-100%,0.14472243427446163,0.11429206819866566,73,-0.513945941040439
Apr,2021,2021-04-06,2021-04-07,24m,0.6586683753149006,1429,band1,0-1%,1.6722332614614603,0.917867774928523,14,1.0135648861465598
Apr,2021,2021-04-06,2021-04-07,24m,0.6586683753149006,1429,band1,1-2%,0.5386016421330048,0.43017287952458116,14,-0.12006673318189587
Apr,2021,2021-04-06,2021-04-07,24m,0.6586683753149006,1429,band1,2-3%,0.4643279812225859,0.3984375,13,-0.19434039409231474
Apr,2021,2021-04-06,2021-04-07,24m,0.6586683753149006,1429,band1,3-4%,0.3965236704898896,0.427807486631016,15,-0.262144704825011
Apr,2021,2021-04-06,2021-04-07,24m,0.6586683753149006,1429,band1,4-5%,1.3900932163575348,1.1368485361154188,14,0.7314248410426342
Apr,2021,2021-04-06,2021-04-07,24m,0.6586683753149006,1429,band1,5-6%,0.7990222001688086,0.5380577427821522,15,0.14035382485390802
Apr,2021,2021-04-06,2021-04-07,24m,0.6586683753149006,1429,band1,6-7%,0.77119366850056,0.28109196637666733,14,0.1125252931856594
Apr,2021,2021-04-06,2021-04-07,24m,0.6586683753149006,1429,band1,7-8%,0.7906566801840504,0.6310935441370222,15,0.1319883048691498
Apr,2021,2021-04-06,2021-04-07,24m,0.6586683753149006,1429,band1,8-9%,1.4327363072698598,0.8058772518849644,14,0.7740679319549592
Apr,2021,2021-04-06,2021-04-07,24m,0.6586683753149006,1429,band1,9-10%,1.895954091269523,0.9015384615384614,15,1.2372857159546222
Apr,2021,2021-04-06,2021-04-07,24m,0.6586683753149006,1429,band1,10-11%,0.39145482715206326,0.37491135781514495,12,-0.2672135481628374
Apr,2021,2021-04-06,2021-04-07,24m,0.6586683753149006,1429,band1,11-12%,0.8495663791068852,0.65226378790278,14,0.19089800379198452
Apr,2021,2021-04-06,2021-04-07,24m,0.6586683753149006,1429,band1,12-13%,0.6313413115652765,0.4306603598590244,14,-0.027327063749624125
Apr,2021,2021-04-06,2021-04-07,24m,0.6586683753149006,1429,band1,13-14%,1.438115871568889,0.5588657150572189,14,0.7794474962539885
Apr,2021,2021-04-06,2021-04-07,24m,0.6586683753149006,1429,band1,14-15%,0.9763403613940909,0.7760210803689065,15,0.3176719860791902
Apr,2021,2021-04-06,2021-04-07,24m,0.6586683753149006,1429,band1,15-16%,1.1123705974740925,0.7085322456762477,14,0.45370222215919187
Apr,2021,2021-04-06,2021-04-07,24m,0.6586683753149006,1429,band1,16-17%,1.2407833007726117,0.8567208271787297,15,0.582114925457711
Apr,2021,2021-04-06,2021-04-07,24m,0.6586683753149006,1429,band1,17-18%,0.6842187361991073,0.40339556779606733,14,0.025550360884206702
Apr,2021,2021-04-06,2021-04-07,24m,0.6586683753149006,1429,band1,18-19%,1.0132684124527127,0.6196428571428572,15,0.3546000371378121
Apr,2021,2021-04-06,2021-04-07,24m,0.6586683753149006,1429,band1,19-20%,0.6533865524833453,0.6497840030880166,14,-0.005281822831555316
Apr,2021,2021-04-06,2021-04-07,24m,0.6586683753149006,1429,cum,top 2%,1.1054174517972328,0.7071079242542583,28,0.4467490764823322
Apr,2021,2021-04-06,2021-04-07,24m,0.6586683753149006,1429,cum,top 5%,0.891387321322428,0.5257677745056795,70,0.2327189460075274
Apr,2021,2021-04-06,2021-04-07,24m,0.6586683753149006,1429,cum,top 10%,1.0177386484453954,0.5862484921592279,143,0.3590702731304948
Apr,2021,2021-04-06,2021-04-07,24m,0.6586683753149006,1429,cum,top 15%,0.9704977355934076,0.5488174198957503,212,0.31182936027850694
Apr,2021,2021-04-06,2021-04-07,24m,0.6586683753149006,1429,cum,top 20%,0.9642815424308941,0.5943195352341226,284,0.3056131671159935
Apr,2021,2021-04-06,2021-04-07,24m,0.6586683753149006,1429,cum,top 25%,0.9894299090191179,0.5822042000919098,354,0.33076153370421724
Apr,2021,2021-04-06,2021-04-07,24m,0.6586683753149006,1429,cum,top 30%,0.9673238783898385,0.5705192093642466,424,0.30865550307493783
Apr,2021,2021-04-06,2021-04-07,24m,0.6586683753149006,1429,cum,top 40%,0.9189090944675873,0.5210727969348659,565,0.26024071915268665
Apr,2021,2021-04-06,2021-04-07,24m,0.6586683753149006,1429,cum,top 50%,0.916141363177385,0.5210727969348659,707,0.2574729878624844
Apr,2021,2021-04-06,2021-04-07,24m,0.6586683753149006,1429,cum,top 100%,0.6586683753149006,0.33925399644760224,1429,0.0
Oct,2021,2021-10-06,2021-10-07,3m,0.1285842838365276,1566,band5,0-5%,0.5791706747265147,0.24589579343591084,78,0.45058639088998714
Oct,2021,2021-10-06,2021-10-07,3m,0.1285842838365276,1566,band5,5-10%,0.36517945929662493,0.16968468468468456,78,0.23659517546009734
Oct,2021,2021-10-06,2021-10-07,3m,0.1285842838365276,1566,band5,10-15%,0.2846996320398213,0.16589858682610426,78,0.1561153482032937
Oct,2021,2021-10-06,2021-10-07,3m,0.1285842838365276,1566,band5,15-20%,0.304864640005156,0.10323574730354412,79,0.17628035616862842
Oct,2021,2021-10-06,2021-10-07,3m,0.1285842838365276,1566,band5,20-25%,0.35097273408356056,0.057188374630072425,78,0.22238845024703296
Oct,2021,2021-10-06,2021-10-07,3m,0.1285842838365276,1566,band5,25-30%,0.1923633046084792,0.05666764875539998,78,0.0637790207719516
Oct,2021,2021-10-06,2021-10-07,3m,0.1285842838365276,1566,band5,30-35%,0.1380945966667951,-0.019208381839348143,79,0.009510312830267514
Oct,2021,2021-10-06,2021-10-07,3m,0.1285842838365276,1566,band5,35-40%,0.15202453542837283,0.026746239090491453,78,0.023440251591845235
Oct,2021,2021-10-06,2021-10-07,3m,0.1285842838365276,1566,band5,40-45%,0.13863319614260097,-0.012878983245016518,78,0.010048912306073382
Oct,2021,2021-10-06,2021-10-07,3m,0.1285842838365276,1566,band5,45-50%,0.0554037605247696,-0.0243595128097438,79,-0.07318052331175799
Oct,2021,2021-10-06,2021-10-07,3m,0.1285842838365276,1566,band5,50-55%,0.00952514226758994,-0.026045370733589923,78,-0.11905914156893765
Oct,2021,2021-10-06,2021-10-07,3m,0.1285842838365276,1566,band5,55-60%,0.02959577616160445,-0.03807290164535637,78,-0.09898850767492315
Oct,2021,2021-10-06,2021-10-07,3m,0.1285842838365276,1566,band5,60-65%,0.012555527405706264,-0.0250874704491727,78,-0.11602875643082133
Oct,2021,2021-10-06,2021-10-07,3m,0.1285842838365276,1566,band5,65-70%,-0.0037016838809563663,-0.05460526315789482,79,-0.13228596771748397
Oct,2021,2021-10-06,2021-10-07,3m,0.1285842838365276,1566,band5,70-75%,0.01711744315117005,-0.019063572134516482,78,-0.11146684068535753
Oct,2021,2021-10-06,2021-10-07,3m,0.1285842838365276,1566,band5,75-80%,-0.011099547181300934,-0.047982801848781176,78,-0.13968383101782852
Oct,2021,2021-10-06,2021-10-07,3m,0.1285842838365276,1566,band5,80-85%,0.0018430690451899,-0.03900896151818645,79,-0.12674121479133768
Oct,2021,2021-10-06,2021-10-07,3m,0.1285842838365276,1566,band5,85-90%,-0.005977702467132378,-0.019228409885545694,78,-0.13456198630365998
Oct,2021,2021-10-06,2021-10-07,3m,0.1285842838365276,1566,band5,90-95%,-0.012930041050890014,-0.011554605481781222,78,-0.1415143248874176
Oct,2021,2021-10-06,2021-10-07,3m,0.1285842838365276,1566,band5,95-100%,-0.022830483776018803,-0.035623748411930056,79,-0.1514147676125464
Oct,2021,2021-10-06,2021-10-07,3m,0.1285842838365276,1566,band1,0-1%,0.6576815104510492,0.2803347280334729,15,0.5290972266145215
Oct,2021,2021-10-06,2021-10-07,3m,0.1285842838365276,1566,band1,1-2%,0.284395633993315,0.2312839059674502,16,0.15581135015678743
Oct,2021,2021-10-06,2021-10-07,3m,0.1285842838365276,1566,band1,2-3%,1.2511587267291047,0.37960784313725493,15,1.122574442892577
Oct,2021,2021-10-06,2021-10-07,3m,0.1285842838365276,1566,band1,3-4%,0.2769037725451935,0.1375268804429184,16,0.1483194887086659
Oct,2021,2021-10-06,2021-10-07,3m,0.1285842838365276,1566,band1,4-5%,0.47261991039685675,0.2246455333984655,16,0.34403562656032916
Oct,2021,2021-10-06,2021-10-07,3m,0.1285842838365276,1566,band1,5-6%,0.2380566739911368,0.13461538461538458,15,0.10947239015460922
Oct,2021,2021-10-06,2021-10-07,3m,0.1285842838365276,1566,band1,6-7%,0.6471969912462212,0.23664050112044455,16,0.5186127074096936
Oct,2021,2021-10-06,2021-10-07,3m,0.1285842838365276,1566,band1,7-8%,0.38548915142970563,0.2824785642371982,16,0.25690486759317804
Oct,2021,2021-10-06,2021-10-07,3m,0.1285842838365276,1566,band1,8-9%,0.3137954978479403,0.021653543307086576,15,0.18521121401141272
Oct,2021,2021-10-06,2021-10-07,3m,0.1285842838365276,1566,band1,9-10%,0.2302023102959848,0.2460254112365573,16,0.10161802645945722
Oct,2021,2021-10-06,2021-10-07,3m,0.1285842838365276,1566,band1,10-11%,0.2973937729091146,0.26573426573426584,16,0.16880948907258703
Oct,2021,2021-10-06,2021-10-07,3m,0.1285842838365276,1566,band1,11-12%,0.3968950250088329,0.06619458128078826,15,0.2683107411723053
Oct,2021,2021-10-06,2021-10-07,3m,0.1285842838365276,1566,band1,12-13%,0.28366969440487877,0.18848952270081487,16,0.15508541056835118
Oct,2021,2021-10-06,2021-10-07,3m,0.1285842838365276,1566,band1,13-14%,0.20793606082453228,0.13662438010888855,16,0.07935177698800469
Oct,2021,2021-10-06,2021-10-07,3m,0.1285842838365276,1566,band1,14-15%,0.24194356491714364,0.05454545454545445,15,0.11335928108061605
Oct,2021,2021-10-06,2021-10-07,3m,0.1285842838365276,1566,band1,15-16%,0.49982337011438716,0.19228280521457797,16,0.37123908627785956
Oct,2021,2021-10-06,2021-10-07,3m,0.1285842838365276,1566,band1,16-17%,0.255536172131058,0.09435530868717046,16,0.1269518882945304
Oct,2021,2021-10-06,2021-10-07,3m,0.1285842838365276,1566,band1,17-18%,0.31087761551216336,0.20123456790123462,15,0.18229333167563577
Oct,2021,2021-10-06,2021-10-07,3m,0.1285842838365276,1566,band1,18-19%,0.24575966622767187,0.026804289589053787,16,0.11717538239114428
Oct,2021,2021-10-06,2021-10-07,3m,0.1285842838365276,1566,band1,19-20%,0.2127021870096876,-0.010528673835125402,16,0.08411790317316001
Oct,2021,2021-10-06,2021-10-07,3m,0.1285842838365276,1566,cum,top 2%,0.4650178322793154,0.2803347280334729,31,0.33643354844278783
Oct,2021,2021-10-06,2021-10-07,3m,0.1285842838365276,1566,cum,top 5%,0.5791706747265147,0.24589579343591084,78,0.45058639088998714
Oct,2021,2021-10-06,2021-10-07,3m,0.1285842838365276,1566,cum,top 10%,0.4721750670115698,0.21279904805644845,156,0.3435907831750422
Oct,2021,2021-10-06,2021-10-07,3m,0.1285842838365276,1566,cum,top 15%,0.4096832553543203,0.18783857679923732,234,0.28109897151779273
Oct,2021,2021-10-06,2021-10-07,3m,0.1285842838365276,1566,cum,top 20%,0.38322743870069736,0.16166077738515905,313,0.2546431548641698
Oct,2021,2021-10-06,2021-10-07,3m,0.1285842838365276,1566,cum,top 25%,0.3767929963474067,0.13461538461538458,391,0.24820871251087911
Oct,2021,2021-10-06,2021-10-07,3m,0.1285842838365276,1566,cum,top 30%,0.34612025443773425,0.12292358803986692,469,0.21753597060120666
Oct,2021,2021-10-06,2021-10-07,3m,0.1285842838365276,1566,cum,top 40%,0.2956833645868806,0.08976335490419995,626,0.167099080750353
Oct,2021,2021-10-06,2021-10-07,3m,0.1285842838365276,1566,cum,top 50%,0.2557957504622822,0.06940766550522648,783,0.1272114666257546
Oct,2021,2021-10-06,2021-10-07,3m,0.1285842838365276,1566,cum,top 100%,0.1285842838365276,0.001602460824604246,1566,0.0
Oct,2021,2021-10-06,2021-10-07,6m,0.13422246286267547,1566,band5,0-5%,0.545285000822716,0.3265273583313012,78,0.41106253796004055
Oct,2021,2021-10-06,2021-10-07,6m,0.13422246286267547,1566,band5,5-10%,0.34878428947101214,0.2294113517497982,78,0.21456182660833667
Oct,2021,2021-10-06,2021-10-07,6m,0.13422246286267547,1566,band5,10-15%,0.3161436087459267,0.2110109189056557,78,0.1819211458832512
Oct,2021,2021-10-06,2021-10-07,6m,0.13422246286267547,1566,band5,15-20%,0.3247343238196026,0.13983050847457612,79,0.19051186095692713
Oct,2021,2021-10-06,2021-10-07,6m,0.13422246286267547,1566,band5,20-25%,0.34950802628928485,0.10755569306930701,78,0.21528556342660937
Oct,2021,2021-10-06,2021-10-07,6m,0.13422246286267547,1566,band5,25-30%,0.23818753603349657,0.07470419728484246,78,0.1039650731708211
Oct,2021,2021-10-06,2021-10-07,6m,0.13422246286267547,1566,band5,30-35%,0.13319414512265465,0.03554421768707483,79,-0.0010283177400208232
Oct,2021,2021-10-06,2021-10-07,6m,0.13422246286267547,1566,band5,35-40%,0.19551936713607623,0.07769160583941614,78,0.06129690427340076
Oct,2021,2021-10-06,2021-10-07,6m,0.13422246286267547,1566,band5,40-45%,0.18282581353342353,0.03702689168152806,78,0.04860335067074806
Oct,2021,2021-10-06,2021-10-07,6m,0.13422246286267547,1566,band5,45-50%,0.057562475937643055,-0.0017543859649123972,79,-0.07665998692503243
Oct,2021,2021-10-06,2021-10-07,6m,0.13422246286267547,1566,band5,50-55%,0.04508631666628876,0.010339070876449252,78,-0.08913614619638671
Oct,2021,2021-10-06,2021-10-07,6m,0.13422246286267547,1566,band5,55-60%,0.03264777064722331,-0.027229159860723162,78,-0.10157469221545216
Oct,2021,2021-10-06,2021-10-07,6m,0.13422246286267547,1566,band5,60-65%,0.03916938580915663,-0.0718516485462336,78,-0.09505307705351884
Oct,2021,2021-10-06,2021-10-07,6m,0.13422246286267547,1566,band5,65-70%,0.03487724667269182,-0.07389162561576357,79,-0.09934521618998365
Oct,2021,2021-10-06,2021-10-07,6m,0.13422246286267547,1566,band5,70-75%,-0.014379062648139701,-0.053296715107679526,78,-0.14860152551081518
Oct,2021,2021-10-06,2021-10-07,6m,0.13422246286267547,1566,band5,75-80%,-0.03778811398913428,-0.07957393483709269,78,-0.17201057685180976
Oct,2021,2021-10-06,2021-10-07,6m,0.13422246286267547,1566,band5,80-85%,-0.016160910426999204,-0.09486607142857151,79,-0.1503833732896747
Oct,2021,2021-10-06,2021-10-07,6m,0.13422246286267547,1566,band5,85-90%,0.016653750942223693,-0.03855362952606711,78,-0.11756871192045178
Oct,2021,2021-10-06,2021-10-07,6m,0.13422246286267547,1566,band5,90-95%,-0.04884962328493261,-0.05754794961711873,78,-0.1830720861476081
Oct,2021,2021-10-06,2021-10-07,6m,0.13422246286267547,1566,band5,95-100%,-0.05437893072901933,-0.06882454198942567,79,-0.1886013935916948
Oct,2021,2021-10-06,2021-10-07,6m,0.13422246286267547,1566,band1,0-1%,0.5497694344750986,0.3324250681198908,15,0.41554697161242315
Oct,2021,2021-10-06,2021-10-07,6m,0.13422246286267547,1566,band1,1-2%,0.3834678758484821,0.3143127705627705,16,0.2492454129858066
Oct,2021,2021-10-06,2021-10-07,6m,0.13422246286267547,1566,band1,2-3%,0.887037564813282,0.22413793103448265,15,0.7528151019506065
Oct,2021,2021-10-06,2021-10-07,6m,0.13422246286267547,1566,band1,3-4%,0.3575001145358009,0.36016644174538914,16,0.2232776516731254
Oct,2021,2021-10-06,2021-10-07,6m,0.13422246286267547,1566,band1,4-5%,0.5702898267936007,0.3777224627224627,16,0.43606736393092527
Oct,2021,2021-10-06,2021-10-07,6m,0.13422246286267547,1566,band1,5-6%,0.3401868009291487,0.24591947769314482,15,0.20596433806647324
Oct,2021,2021-10-06,2021-10-07,6m,0.13422246286267547,1566,band1,6-7%,0.5191144952847334,0.4750377392481968,16,0.38489203242205794
Oct,2021,2021-10-06,2021-10-07,6m,0.13422246286267547,1566,band1,7-8%,0.3598175016055759,0.24006796342157355,16,0.22559503874290043
Oct,2021,2021-10-06,2021-10-07,6m,0.13422246286267547,1566,band1,8-9%,0.18340668264088653,0.06208333333333349,15,0.04918421977821105
Oct,2021,2021-10-06,2021-10-07,6m,0.13422246286267547,1566,band1,9-10%,0.33052252343396704,0.2041837943287118,16,0.19630006057129157
Oct,2021,2021-10-06,2021-10-07,6m,0.13422246286267547,1566,band1,10-11%,0.464040302501521,0.3221791550168279,16,0.32981783963884553
Oct,2021,2021-10-06,2021-10-07,6m,0.13422246286267547,1566,band1,11-12%,0.394046917241497,0.1658144631117604,15,0.2598244543788215
Oct,2021,2021-10-06,2021-10-07,6m,0.13422246286267547,1566,band1,12-13%,0.24345717759321728,0.15133126736937852,16,0.1092347147305418
Oct,2021,2021-10-06,2021-10-07,6m,0.13422246286267547,1566,band1,13-14%,0.20540562481445745,0.08170912574976064,16,0.07118316195178198
Oct,2021,2021-10-06,2021-10-07,6m,0.13422246286267547,1566,band1,14-15%,0.2761365363341797,0.19824561403508767,15,0.14191407347150425
Oct,2021,2021-10-06,2021-10-07,6m,0.13422246286267547,1566,band1,15-16%,0.36231488315561233,0.18743633276740235,16,0.22809242029293686
Oct,2021,2021-10-06,2021-10-07,6m,0.13422246286267547,1566,band1,16-17%,0.3200932000781903,0.2979290233723587,16,0.18587073721551484
Oct,2021,2021-10-06,2021-10-07,6m,0.13422246286267547,1566,band1,17-18%,0.49126965134307327,0.15404699738903416,15,0.3570471884803978
Oct,2021,2021-10-06,2021-10-07,6m,0.13422246286267547,1566,band1,18-19%,0.23352858698233755,0.06846372491247532,16,0.09930612411966208
Oct,2021,2021-10-06,2021-10-07,6m,0.13422246286267547,1566,band1,19-20%,0.22687375550901664,0.006549717571033398,16,0.09265129264634117
Oct,2021,2021-10-06,2021-10-07,6m,0.13422246286267547,1566,cum,top 2%,0.46393637195813525,0.3258426966292134,31,0.3297139090954598
Oct,2021,2021-10-06,2021-10-07,6m,0.13422246286267547,1566,cum,top 5%,0.545285000822716,0.3265273583313012,78,0.41106253796004055
Oct,2021,2021-10-06,2021-10-07,6m,0.13422246286267547,1566,cum,top 10%,0.44703464514686414,0.3010173892308643,156,0.31281218228418867
Oct,2021,2021-10-06,2021-10-07,6m,0.13422246286267547,1566,cum,top 15%,0.403404299679885,0.2719122508264048,234,0.26918183681720953
Oct,2021,2021-10-06,2021-10-07,6m,0.13422246286267547,1566,cum,top 20%,0.38354829938288076,0.22377622377622375,313,0.2493258365202053
Oct,2021,2021-10-06,2021-10-07,6m,0.13422246286267547,1566,cum,top 25%,0.37675765666855726,0.19376528117359415,391,0.2425351938058818
Oct,2021,2021-10-06,2021-10-07,6m,0.13422246286267547,1566,cum,top 30%,0.3537118796759459,0.17311827956989245,469,0.21948941681327044
Oct,2021,2021-10-06,2021-10-07,6m,0.13422246286267547,1566,cum,top 40%,0.3061720761490772,0.14053213735417114,626,0.17194961328640174
Oct,2021,2021-10-06,2021-10-07,6m,0.13422246286267547,1566,cum,top 50%,0.26880149262324793,0.12148962148962128,783,0.13457902976057246
Oct,2021,2021-10-06,2021-10-07,6m,0.13422246286267547,1566,cum,top 100%,0.13422246286267547,0.01386485966935791,1566,0.0
Oct,2021,2021-10-06,2021-10-07,9m,-0.01366036862559141,1566,band5,0-5%,0.2470768886477138,0.10167179127557813,78,0.2607372572733052
Oct,2021,2021-10-06,2021-10-07,9m,-0.01366036862559141,1566,band5,5-10%,0.1564613185935643,-0.0034843205574912606,78,0.17012168721915572
Oct,2021,2021-10-06,2021-10-07,9m,-0.01366036862559141,1566,band5,10-15%,0.14601493801249443,0.014386019217690005,78,0.15967530663808585
Oct,2021,2021-10-06,2021-10-07,9m,-0.01366036862559141,1566,band5,15-20%,0.11061892128813164,-0.012418300653594838,79,0.12427928991372304
Oct,2021,2021-10-06,2021-10-07,9m,-0.01366036862559141,1566,band5,20-25%,0.09720457929995649,-0.09249834183144712,78,0.1108649479255479
Oct,2021,2021-10-06,2021-10-07,9m,-0.01366036862559141,1566,band5,25-30%,0.03195269350719892,-0.08784482758620688,78,0.04561306213279033
Oct,2021,2021-10-06,2021-10-07,9m,-0.01366036862559141,1566,band5,30-35%,0.0018719747560745834,-0.10256410256410253,79,0.015532343381665993
Oct,2021,2021-10-06,2021-10-07,9m,-0.01366036862559141,1566,band5,35-40%,-0.011257271099501151,-0.1449652260307998,78,0.002403097526090258
Oct,2021,2021-10-06,2021-10-07,9m,-0.01366036862559141,1566,band5,40-45%,0.05639140041635934,-0.08896747459839921,78,0.07005176904195075
Oct,2021,2021-10-06,2021-10-07,9m,-0.01366036862559141,1566,band5,45-50%,-0.11117921496017186,-0.17679558011049723,79,-0.09751884633458045
Oct,2021,2021-10-06,2021-10-07,9m,-0.01366036862559141,1566,band5,50-55%,-0.046324559436297645,-0.10485341894735373,78,-0.032664190810706234
Oct,2021,2021-10-06,2021-10-07,9m,-0.01366036862559141,1566,band5,55-60%,-0.09387425919690778,-0.12770854763881612,78,-0.08021389057131638
Oct,2021,2021-10-06,2021-10-07,9m,-0.01366036862559141,1566,band5,60-65%,-0.06134832768842601,-0.1928413834227788,78,-0.0476879590628346
Oct,2021,2021-10-06,2021-10-07,9m,-0.01366036862559141,1566,band5,65-70%,-0.06938379979717686,-0.1564750957854406,79,-0.05572343117158545
Oct,2021,2021-10-06,2021-10-07,9m,-0.01366036862559141,1566,band5,70-75%,-0.1304273431403448,-0.15466308610681517,78,-0.11676697451475339
Oct,2021,2021-10-06,2021-10-07,9m,-0.01366036862559141,1566,band5,75-80%,-0.1466291283083469,-0.20366655719953486,78,-0.13296875968275548
Oct,2021,2021-10-06,2021-10-07,9m,-0.01366036862559141,1566,band5,80-85%,-0.1544944127870607,-0.17561591914087182,79,-0.14083404416146927
Oct,2021,2021-10-06,2021-10-07,9m,-0.01366036862559141,1566,band5,85-90%,-0.04839045790282253,-0.1397407432330437,78,-0.03473008927723112
Oct,2021,2021-10-06,2021-10-07,9m,-0.01366036862559141,1566,band5,90-95%,-0.13672192736842415,-0.1390481150814446,78,-0.12306155874283274
Oct,2021,2021-10-06,2021-10-07,9m,-0.01366036862559141,1566,band5,95-100%,-0.10758743971373383,-0.11242241454672619,79,-0.09392707108814242
Oct,2021,2021-10-06,2021-10-07,9m,-0.01366036862559141,1566,band1,0-1%,0.3785577087586244,0.18617021276595747,15,0.39221807738421577
Oct,2021,2021-10-06,2021-10-07,9m,-0.01366036862559141,1566,band1,1-2%,0.011310295071740029,0.03786734504597611,16,0.02497066369733144
Oct,2021,2021-10-06,2021-10-07,9m,-0.01366036862559141,1566,band1,2-3%,0.4588080779279441,0.0798458149779735,15,0.4724684465535355
Oct,2021,2021-10-06,2021-10-07,9m,-0.01366036862559141,1566,band1,3-4%,0.12300646758122392,0.18071300044984262,16,0.13666683620681533
Oct,2021,2021-10-06,2021-10-07,9m,-0.01366036862559141,1566,band1,4-5%,0.28515264448598293,0.25317052512704674,16,0.2988130131115743
Oct,2021,2021-10-06,2021-10-07,9m,-0.01366036862559141,1566,band1,5-6%,0.11281164317961316,0.010769283270765984,15,0.12647201180520456
Oct,2021,2021-10-06,2021-10-07,9m,-0.01366036862559141,1566,band1,6-7%,0.2642611227620424,0.09702794411177651,16,0.2779214913876338
Oct,2021,2021-10-06,2021-10-07,9m,-0.01366036862559141,1566,band1,7-8%,0.19130717264720185,-0.0034843205574912606,16,0.20496754127279326
Oct,2021,2021-10-06,2021-10-07,9m,-0.01366036862559141,1566,band1,8-9%,-0.03593320088459701,-0.04393673110720564,15,-0.0222728322590056
Oct,2021,2021-10-06,2021-10-07,9m,-0.01366036862559141,1566,band1,9-10%,0.23510709308280414,-0.05740749531246292,16,0.24876746170839556
Oct,2021,2021-10-06,2021-10-07,9m,-0.01366036862559141,1566,band1,10-11%,0.30510956492244545,0.26811277736745776,16,0.31876993354803684
Oct,2021,2021-10-06,2021-10-07,9m,-0.01366036862559141,1566,band1,11-12%,0.15340312673202086,0.16946676406135852,15,0.16706349535761228
Oct,2021,2021-10-06,2021-10-07,9m,-0.01366036862559141,1566,band1,12-13%,0.15211766269436416,-0.06335764451647757,16,0.16577803131995558
Oct,2021,2021-10-06,2021-10-07,9m,-0.01366036862559141,1566,band1,13-14%,-0.011202022023799281,-0.03941660205495756,16,0.0024583466017921284
Oct,2021,2021-10-06,2021-10-07,9m,-0.01366036862559141,1566,band1,14-15%,0.13011433163373926,0.06779661016949134,15,0.14377470025933067
Oct,2021,2021-10-06,2021-10-07,9m,-0.01366036862559141,1566,band1,15-16%,0.10378941099446565,-0.007277526395173428,16,0.11744977962005705
Oct,2021,2021-10-06,2021-10-07,9m,-0.01366036862559141,1566,band1,16-17%,0.19760381870275964,0.099321853093569,16,0.21126418732835106
Oct,2021,2021-10-06,2021-10-07,9m,-0.01366036862559141,1566,band1,17-18%,0.2451336380075573,-0.0357142857142857,15,0.2587940066331487
Oct,2021,2021-10-06,2021-10-07,9m,-0.01366036862559141,1566,band1,18-19%,-0.0009958521056074449,0.11589114140550327,16,0.012664516519983965
Oct,2021,2021-10-06,2021-10-07,9m,-0.01366036862559141,1566,band1,19-20%,0.01597076063644718,-0.09875377399760471,16,0.02963112926203859
Oct,2021,2021-10-06,2021-10-07,9m,-0.01366036862559141,1566,cum,top 2%,0.18901065653313567,0.0698280354351224,31,0.2026710251587271
Oct,2021,2021-10-06,2021-10-07,9m,-0.01366036862559141,1566,cum,top 5%,0.2470768886477138,0.10167179127557813,78,0.2607372572733052
Oct,2021,2021-10-06,2021-10-07,9m,-0.01366036862559141,1566,cum,top 10%,0.20176910362063905,0.0547779441117765,156,0.21542947224623046
Oct,2021,2021-10-06,2021-10-07,9m,-0.01366036862559141,1566,cum,top 15%,0.1831843817512575,0.0485721499102334,234,0.19684475037684893
Oct,2021,2021-10-06,2021-10-07,9m,-0.01366036862559141,1566,cum,top 20%,0.16486913773660275,0.020979020979020824,313,0.17852950636219417
Oct,2021,2021-10-06,2021-10-07,9m,-0.01366036862559141,1566,cum,top 25%,0.1513708370766068,0.002450980392156854,391,0.16503120570219823
Oct,2021,2021-10-06,2021-10-07,9m,-0.01366036862559141,1566,cum,top 30%,0.1315102502996051,-0.012418300653594838,469,0.14517061892519653
Oct,2021,2021-10-06,2021-10-07,9m,-0.01366036862559141,1566,cum,top 40%,0.09736122404230606,-0.0415762090214874,626,0.11102159266789746
Oct,2021,2021-10-06,2021-10-07,9m,-0.01366036862559141,1566,cum,top 50%,0.0722394604100971,-0.05948477751756431,783,0.0858998290356885
Oct,2021,2021-10-06,2021-10-07,9m,-0.01366036862559141,1566,cum,top 100%,-0.01366036862559141,-0.11376071428571427,1566,0.0
Oct,2021,2021-10-06,2021-10-07,12m,0.10219232661473722,1566,band5,0-5%,0.3977587664987936,0.18227819803272338,78,0.2955664398840564
Oct,2021,2021-10-06,2021-10-07,12m,0.10219232661473722,1566,band5,5-10%,0.31441380571009087,0.020502311895754466,78,0.21222147909535366
Oct,2021,2021-10-06,2021-10-07,12m,0.10219232661473722,1566,band5,10-15%,0.2860796511241042,0.10418010491216922,78,0.183887324509367
Oct,2021,2021-10-06,2021-10-07,12m,0.10219232661473722,1566,band5,15-20%,0.2734881142827569,0.1327433628318584,79,0.17129578766801967
Oct,2021,2021-10-06,2021-10-07,12m,0.10219232661473722,1566,band5,20-25%,0.25422809763442406,0.021174035506998923,78,0.15203577101968685
Oct,2021,2021-10-06,2021-10-07,12m,0.10219232661473722,1566,band5,25-30%,0.14009422550703654,0.006617620812675695,78,0.03790189889229932
Oct,2021,2021-10-06,2021-10-07,12m,0.10219232661473722,1566,band5,30-35%,0.12103241295842224,-0.04317534044125404,79,0.018840086343685017
Oct,2021,2021-10-06,2021-10-07,12m,0.10219232661473722,1566,band5,35-40%,0.08127973967134494,0.016094821020563588,78,-0.020912586943392278
Oct,2021,2021-10-06,2021-10-07,12m,0.10219232661473722,1566,band5,40-45%,0.17316007047468757,-0.009871495327102853,78,0.07096774385995035
Oct,2021,2021-10-06,2021-10-07,12m,0.10219232661473722,1566,band5,45-50%,0.00914390715859201,-0.08051453072891868,79,-0.09304841945614521
Oct,2021,2021-10-06,2021-10-07,12m,0.10219232661473722,1566,band5,50-55%,0.0943525108273245,-0.032305189702322934,78,-0.007839815787412718
Oct,2021,2021-10-06,2021-10-07,12m,0.10219232661473722,1566,band5,55-60%,0.05112839855518339,-0.06403454884926107,78,-0.05106392805955383
Oct,2021,2021-10-06,2021-10-07,12m,0.10219232661473722,1566,band5,60-65%,0.012997953038218721,-0.12742316784869973,78,-0.0891943735765185
Oct,2021,2021-10-06,2021-10-07,12m,0.10219232661473722,1566,band5,65-70%,0.03297558420128971,-0.07386973180076639,79,-0.06921674241344751
Oct,2021,2021-10-06,2021-10-07,12m,0.10219232661473722,1566,band5,70-75%,-0.040011888199396925,-0.14095676224548237,78,-0.14220421481413414
Oct,2021,2021-10-06,2021-10-07,12m,0.10219232661473722,1566,band5,75-80%,-0.012161806358391833,-0.0979309543813488,78,-0.11435413297312905
Oct,2021,2021-10-06,2021-10-07,12m,0.10219232661473722,1566,band5,80-85%,-0.0636079323144655,-0.09231029810298108,79,-0.16580025892920272
Oct,2021,2021-10-06,2021-10-07,12m,0.10219232661473722,1566,band5,85-90%,0.05923544780608632,-0.061171889613212904,78,-0.0429568788086509
Oct,2021,2021-10-06,2021-10-07,12m,0.10219232661473722,1566,band5,90-95%,-0.07406248920944039,-0.10648885342673109,78,-0.17625481582417762
Oct,2021,2021-10-06,2021-10-07,12m,0.10219232661473722,1566,band5,95-100%,-0.0637818356735146,-0.08468208092485552,79,-0.16597416228825182
Oct,2021,2021-10-06,2021-10-07,12m,0.10219232661473722,1566,band1,0-1%,0.6569252625616286,0.2652423137050548,15,0.5547329359468914
Oct,2021,2021-10-06,2021-10-07,12m,0.10219232661473722,1566,band1,1-2%,0.07557221163151709,0.060574502477674486,16,-0.02662011498322013
Oct,2021,2021-10-06,2021-10-07,12m,0.10219232661473722,1566,band1,2-3%,0.6036927621627814,0.14980392156862732,15,0.5015004355480442
Oct,2021,2021-10-06,2021-10-07,12m,0.10219232661473722,1566,band1,3-4%,0.22620008579631068,0.20144611528822065,16,0.12400775918157346
Oct,2021,2021-10-06,2021-10-07,12m,0.10219232661473722,1566,band1,4-5%,0.45547229107465664,0.40975019961218206,16,0.35327996445991944
Oct,2021,2021-10-06,2021-10-07,12m,0.10219232661473722,1566,band1,5-6%,0.21982445579098878,0.024280759028769694,15,0.11763212917625156
Oct,2021,2021-10-06,2021-10-07,12m,0.10219232661473722,1566,band1,6-7%,0.3591867621886865,0.29730640414087084,16,0.2569944355739493
Oct,2021,2021-10-06,2021-10-07,12m,0.10219232661473722,1566,band1,7-8%,0.40054296622021923,0.15762340841677136,16,0.298350639605482
Oct,2021,2021-10-06,2021-10-07,12m,0.10219232661473722,1566,band1,8-9%,0.015519275858888156,0.0034482758620688614,15,-0.08667305075584907
Oct,2021,2021-10-06,2021-10-07,12m,0.10219232661473722,1566,band1,9-10%,0.5524028260060276,0.0035949063996517094,16,0.45021049939129043
Oct,2021,2021-10-06,2021-10-07,12m,0.10219232661473722,1566,band1,10-11%,0.385364885357073,0.2365627804793099,16,0.28317255874233577
Oct,2021,2021-10-06,2021-10-07,12m,0.10219232661473722,1566,band1,11-12%,0.4152934935073499,0.17457998539079633,15,0.3131011668926127
Oct,2021,2021-10-06,2021-10-07,12m,0.10219232661473722,1566,band1,12-13%,0.3664712090132425,0.19449594444685459,16,0.2642788823985053
Oct,2021,2021-10-06,2021-10-07,12m,0.10219232661473722,1566,band1,13-14%,0.045615533757456216,0.011421541121339418,16,-0.056576792857281004
Oct,2021,2021-10-06,2021-10-07,12m,0.10219232661473722,1566,band1,14-15%,0.2217056223350357,0.10526315789473695,15,0.11951329572029849
Oct,2021,2021-10-06,2021-10-07,12m,0.10219232661473722,1566,band1,15-16%,0.2084529362338951,0.08667010663914687,16,0.10626060961915788
Oct,2021,2021-10-06,2021-10-07,12m,0.10219232661473722,1566,band1,16-17%,0.4162191795564837,0.3774561578318054,16,0.3140268529417465
Oct,2021,2021-10-06,2021-10-07,12m,0.10219232661473722,1566,band1,17-18%,0.4104022267397665,-0.07956104252400564,15,0.3082099001250293
Oct,2021,2021-10-06,2021-10-07,12m,0.10219232661473722,1566,band1,18-19%,0.22762130160182734,0.15153776728686474,16,0.1254289749870901
Oct,2021,2021-10-06,2021-10-07,12m,0.10219232661473722,1566,band1,19-20%,0.11330205931037474,-0.002293659179648244,16,0.011109732695637517
Oct,2021,2021-10-06,2021-10-07,12m,0.10219232661473722,1566,cum,top 2%,0.3568720749847968,0.12698412698412698,31,0.2546797483700596
Oct,2021,2021-10-06,2021-10-07,12m,0.10219232661473722,1566,cum,top 5%,0.3977587664987936,0.18227819803272338,78,0.2955664398840564
Oct,2021,2021-10-06,2021-10-07,12m,0.10219232661473722,1566,cum,top 10%,0.3560862861044422,0.11528746898688758,156,0.253893959489705
Oct,2021,2021-10-06,2021-10-07,12m,0.10219232661473722,1566,cum,top 15%,0.3327507411109962,0.10954415261565065,234,0.23055841449625897
Oct,2021,2021-10-06,2021-10-07,12m,0.10219232661473722,1566,cum,top 20%,0.31779308130450773,0.11260053619302934,313,0.21560075468977052
Oct,2021,2021-10-06,2021-10-07,12m,0.10219232661473722,1566,cum,top 25%,0.30511259862863427,0.09999999999999987,391,0.20292027201389706
Oct,2021,2021-10-06,2021-10-07,12m,0.10219232661473722,1566,cum,top 30%,0.27766817836534075,0.07555555555555538,469,0.17547585175060354
Oct,2021,2021-10-06,2021-10-07,12m,0.10219232661473722,1566,cum,top 40%,0.2334309200821487,0.04325750408531859,626,0.13123859346741146
Oct,2021,2021-10-06,2021-10-07,12m,0.10219232661473722,1566,cum,top 50%,0.20479771409192787,0.02542955326460472,783,0.10260538747719065
Oct,2021,2021-10-06,2021-10-07,12m,0.10219232661473722,1566,cum,top 100%,0.10219232661473722,-0.034111420440162465,1566,0.0
Oct,2021,2021-10-06,2021-10-07,18m,0.09537786638970445,1555,band5,0-5%,0.35030902070507997,0.04054885104413408,78,0.2549311543153755
Oct,2021,2021-10-06,2021-10-07,18m,0.09537786638970445,1555,band5,5-10%,0.20929016849943413,0.014417177914110457,77,0.11391230210972968
Oct,2021,2021-10-06,2021-10-07,18m,0.09537786638970445,1555,band5,10-15%,0.2678711507357344,0.08015065913370989,78,0.17249328434602995
Oct,2021,2021-10-06,2021-10-07,18m,0.09537786638970445,1555,band5,15-20%,0.1476346013242117,0.060109289617486183,79,0.052256734934507235
Oct,2021,2021-10-06,2021-10-07,18m,0.09537786638970445,1555,band5,20-25%,0.2676085152117761,0.010288065843621408,78,0.17223064882207162
Oct,2021,2021-10-06,2021-10-07,18m,0.09537786638970445,1555,band5,25-30%,0.21106807135952296,0.09723702029115255,76,0.11569020496981851
Oct,2021,2021-10-06,2021-10-07,18m,0.09537786638970445,1555,band5,30-35%,0.12163571379437607,-0.1716298035339182,79,0.026257847404671616
Oct,2021,2021-10-06,2021-10-07,18m,0.09537786638970445,1555,band5,35-40%,0.0687451943967534,-0.10655270655270654,77,-0.02663267199295105
Oct,2021,2021-10-06,2021-10-07,18m,0.09537786638970445,1555,band5,40-45%,0.14743190791067934,-0.0012586582863005624,75,0.052054041520974884
Oct,2021,2021-10-06,2021-10-07,18m,0.09537786638970445,1555,band5,45-50%,0.040090035639037506,-0.1319633572666501,77,-0.05528783075066695
Oct,2021,2021-10-06,2021-10-07,18m,0.09537786638970445,1555,band5,50-55%,0.07559231537652934,-0.05875202593192863,77,-0.019785551013175112
Oct,2021,2021-10-06,2021-10-07,18m,0.09537786638970445,1555,band5,55-60%,0.018856388660041207,-0.10793832095945188,77,-0.07652147772966325
Oct,2021,2021-10-06,2021-10-07,18m,0.09537786638970445,1555,band5,60-65%,0.0797147299659054,-0.0622016000411586,78,-0.01566313642379906
Oct,2021,2021-10-06,2021-10-07,18m,0.09537786638970445,1555,band5,65-70%,0.06478032735193895,0.012465753424657722,79,-0.030597539037765506
Oct,2021,2021-10-06,2021-10-07,18m,0.09537786638970445,1555,band5,70-75%,-0.04169504521738407,-0.1389653439256634,78,-0.1370729116070885
Oct,2021,2021-10-06,2021-10-07,18m,0.09537786638970445,1555,band5,75-80%,0.02240455685711556,-0.04283144601155797,78,-0.07297330953258889
Oct,2021,2021-10-06,2021-10-07,18m,0.09537786638970445,1555,band5,80-85%,-0.03905823390952098,-0.10993031358885019,79,-0.13443610029922543
Oct,2021,2021-10-06,2021-10-07,18m,0.09537786638970445,1555,band5,85-90%,0.04528840054790891,-0.0559115201198776,78,-0.05008946584179554
Oct,2021,2021-10-06,2021-10-07,18m,0.09537786638970445,1555,band5,90-95%,-0.0806232189698141,-0.12625385061430505,78,-0.17600108535951856
Oct,2021,2021-10-06,2021-10-07,18m,0.09537786638970445,1555,band5,95-100%,-0.06211497496474849,-0.08702977876291929,79,-0.15749284135445296
Oct,2021,2021-10-06,2021-10-07,18m,0.09537786638970445,1555,band1,0-1%,0.6553554767011843,0.010943199583116181,15,0.5599776103114799
Oct,2021,2021-10-06,2021-10-07,18m,0.09537786638970445,1555,band1,1-2%,-0.16478611300992763,-0.2142861740577317,16,-0.2601639793996321
Oct,2021,2021-10-06,2021-10-07,18m,0.09537786638970445,1555,band1,2-3%,0.7567583519532095,0.2472466960352424,15,0.661380485563505
Oct,2021,2021-10-06,2021-10-07,18m,0.09537786638970445,1555,band1,3-4%,0.05348221493646746,0.08730322745248131,16,-0.041895651453236996
Oct,2021,2021-10-06,2021-10-07,18m,0.09537786638970445,1555,band1,4-5%,0.4952036596472309,0.19094861660079043,16,0.39982579325752643
Oct,2021,2021-10-06,2021-10-07,18m,0.09537786638970445,1555,band1,5-6%,0.07716693249239474,0.03455964325529526,15,-0.01821093389730971
Oct,2021,2021-10-06,2021-10-07,18m,0.09537786638970445,1555,band1,6-7%,0.2387875970910049,0.09953746008879905,16,0.14340973070130042
Oct,2021,2021-10-06,2021-10-07,18m,0.09537786638970445,1555,band1,7-8%,0.3597160756270804,0.05564807358037471,16,0.26433820923737594
Oct,2021,2021-10-06,2021-10-07,18m,0.09537786638970445,1555,band1,8-9%,0.0029655557512973663,-0.07500328083989494,14,-0.09241231063840709
Oct,2021,2021-10-06,2021-10-07,18m,0.09537786638970445,1555,band1,9-10%,0.333766402691436,-0.044078144078144255,16,0.2383885363017315
Oct,2021,2021-10-06,2021-10-07,18m,0.09537786638970445,1555,band1,10-11%,0.3775608771981799,0.03308903739938218,16,0.2821830108084754
Oct,2021,2021-10-06,2021-10-07,18m,0.09537786638970445,1555,band1,11-12%,0.28288836420869384,0.14883720930232558,15,0.18751049781898937
Oct,2021,2021-10-06,2021-10-07,18m,0.09537786638970445,1555,band1,12-13%,0.5101480471129312,0.16009793763482516,16,0.4147701807232267
Oct,2021,2021-10-06,2021-10-07,18m,0.09537786638970445,1555,band1,13-14%,0.04778625728313969,-0.008800942285041247,16,-0.047591609106564764
Oct,2021,2021-10-06,2021-10-07,18m,0.09537786638970445,1555,band1,14-15%,0.11218009258325738,0.0847457627118644,15,0.016802226193552927
Oct,2021,2021-10-06,2021-10-07,18m,0.09537786638970445,1555,band1,15-16%,0.09332023450212432,0.017959430518104225,16,-0.0020576318875801386
Oct,2021,2021-10-06,2021-10-07,18m,0.09537786638970445,1555,band1,16-17%,0.14512182371759239,0.21307328015952143,16,0.04974395732788793
Oct,2021,2021-10-06,2021-10-07,18m,0.09537786638970445,1555,band1,17-18%,0.31683116169602044,-0.07956104252400564,15,0.22145329530631597
Oct,2021,2021-10-06,2021-10-07,18m,0.09537786638970445,1555,band1,18-19%,0.15118544312298499,0.2191211638102829,16,0.05580757673328053
Oct,2021,2021-10-06,2021-10-07,18m,0.09537786638970445,1555,band1,19-20%,0.04228912860557436,-0.10616866577131479,16,-0.0530887377841301
Oct,2021,2021-10-06,2021-10-07,18m,0.09537786638970445,1555,cum,top 2%,0.23205659168899753,-0.029850746268656803,31,0.1366787252992931
Oct,2021,2021-10-06,2021-10-07,18m,0.09537786638970445,1555,cum,top 5%,0.35030902070507997,0.04054885104413408,78,0.2549311543153755
Oct,2021,2021-10-06,2021-10-07,18m,0.09537786638970445,1555,cum,top 10%,0.280254494125501,0.02840909090909083,155,0.18487662773579655
Oct,2021,2021-10-06,2021-10-07,18m,0.09537786638970445,1555,cum,top 15%,0.276108997196738,0.044883303411131115,233,0.1807311308070335
Oct,2021,2021-10-06,2021-10-07,18m,0.09537786638970445,1555,cum,top 20%,0.24357862131875854,0.045030174294087955,312,0.1482007549290541
Oct,2021,2021-10-06,2021-10-07,18m,0.09537786638970445,1555,cum,top 25%,0.24838460009736205,0.038258842606668564,390,0.1530067337076576
Oct,2021,2021-10-06,2021-10-07,18m,0.09537786638970445,1555,cum,top 30%,0.2422986426208046,0.0433278378063654,466,0.14692077623110017
Oct,2021,2021-10-06,2021-10-07,18m,0.09537786638970445,1555,cum,top 40%,0.20548837430803962,0.014226132816704373,622,0.11011050791833517
Oct,2021,2021-10-06,2021-10-07,18m,0.09537786638970445,1555,cum,top 50%,0.18340839102985465,0.003754619580443319,774,0.0880305246401502
Oct,2021,2021-10-06,2021-10-07,18m,0.09537786638970445,1555,cum,top 100%,0.09537786638970445,-0.04690618762475052,1555,0.0
Oct,2021,2021-10-06,2021-10-07,24m,0.5519118414301541,1539,band5,0-5%,0.9378257280947765,0.4383561643835616,77,0.38591388666462234
Oct,2021,2021-10-06,2021-10-07,24m,0.5519118414301541,1539,band5,5-10%,0.8931873574724879,0.4343473315835521,76,0.34127551604233375
Oct,2021,2021-10-06,2021-10-07,24m,0.5519118414301541,1539,band5,10-15%,0.9513729876424235,0.4262570456211555,76,0.39946114621226936
Oct,2021,2021-10-06,2021-10-07,24m,0.5519118414301541,1539,band5,15-20%,0.6634669997082567,0.3515750162372808,78,0.11155515827810258
Oct,2021,2021-10-06,2021-10-07,24m,0.5519118414301541,1539,band5,20-25%,0.6632140268773374,0.39894052756889875,78,0.11130218544718329
Oct,2021,2021-10-06,2021-10-07,24m,0.5519118414301541,1539,band5,25-30%,0.7283456991886266,0.4089773164167627,76,0.17643385775847242
Oct,2021,2021-10-06,2021-10-07,24m,0.5519118414301541,1539,band5,30-35%,0.6357630403357944,0.20675675675675675,77,0.0838511989056403
Oct,2021,2021-10-06,2021-10-07,24m,0.5519118414301541,1539,band5,35-40%,0.4918223707002674,0.21963722397476348,75,-0.06008947072988674
Oct,2021,2021-10-06,2021-10-07,24m,0.5519118414301541,1539,band5,40-45%,0.6551852727273502,0.35698544289060474,74,0.10327343129719602
Oct,2021,2021-10-06,2021-10-07,24m,0.5519118414301541,1539,band5,45-50%,0.42142756315421137,0.26499360548411743,76,-0.13048427827594278
Oct,2021,2021-10-06,2021-10-07,24m,0.5519118414301541,1539,band5,50-55%,0.5983567510242239,0.2864384645400374,76,0.04644490959406977
Oct,2021,2021-10-06,2021-10-07,24m,0.5519118414301541,1539,band5,55-60%,0.5245676147262847,0.2707458590158338,76,-0.02734422670386949
Oct,2021,2021-10-06,2021-10-07,24m,0.5519118414301541,1539,band5,60-65%,0.6734525631781317,0.32092837843835886,78,0.12154072174797759
Oct,2021,2021-10-06,2021-10-07,24m,0.5519118414301541,1539,band5,65-70%,0.552772700162003,0.3894217593861333,79,0.0008608587318488237
Oct,2021,2021-10-06,2021-10-07,24m,0.5519118414301541,1539,band5,70-75%,0.26200881784587987,0.12193808115572502,78,-0.2899030235842743
Oct,2021,2021-10-06,2021-10-07,24m,0.5519118414301541,1539,band5,75-80%,0.45440533606838984,0.21950832672482168,77,-0.0975065053617643
Oct,2021,2021-10-06,2021-10-07,24m,0.5519118414301541,1539,band5,80-85%,0.34953668764740586,0.1439999999999999,79,-0.20237515378274828
Oct,2021,2021-10-06,2021-10-07,24m,0.5519118414301541,1539,band5,85-90%,0.3473906091341166,0.13748451053283772,77,-0.20452123229603753
Oct,2021,2021-10-06,2021-10-07,24m,0.5519118414301541,1539,band5,90-95%,0.17056326381483475,0.04229591938621047,77,-0.3813485776153194
Oct,2021,2021-10-06,2021-10-07,24m,0.5519118414301541,1539,band5,95-100%,0.09294666226397186,-0.006541207544055294,79,-0.4589651791661823
Oct,2021,2021-10-06,2021-10-07,24m,0.5519118414301541,1539,band1,0-1%,1.1093986155927484,0.26976171415164996,14,0.5574867741625943
Oct,2021,2021-10-06,2021-10-07,24m,0.5519118414301541,1539,band1,1-2%,0.18272935689722802,0.07850078853988685,16,-0.3691824845329261
Oct,2021,2021-10-06,2021-10-07,24m,0.5519118414301541,1539,band1,2-3%,1.5943996417845463,0.9242319749216301,15,1.042487800354392
Oct,2021,2021-10-06,2021-10-07,24m,0.5519118414301541,1539,band1,3-4%,0.42482971435655653,0.409493871665465,16,-0.12708212707359762
Oct,2021,2021-10-06,2021-10-07,24m,0.5519118414301541,1539,band1,4-5%,1.4402537923856604,0.7935360279620003,16,0.8883419509555063
Oct,2021,2021-10-06,2021-10-07,24m,0.5519118414301541,1539,band1,5-6%,0.4311522436819157,0.1995540691192863,15,-0.12075959774823847
Oct,2021,2021-10-06,2021-10-07,24m,0.5519118414301541,1539,band1,6-7%,1.3431105508345138,0.3144107740623655,16,0.7911987094043597
Oct,2021,2021-10-06,2021-10-07,24m,0.5519118414301541,1539,band1,7-8%,1.0680367329394678,0.9849246231155779,15,0.5161248915093136
Oct,2021,2021-10-06,2021-10-07,24m,0.5519118414301541,1539,band1,8-9%,0.525153751458684,0.5739867243286734,14,-0.02675808997147011
Oct,2021,2021-10-06,2021-10-07,24m,0.5519118414301541,1539,band1,9-10%,1.034530199050908,0.2967068045378014,16,0.4826183576207538
Oct,2021,2021-10-06,2021-10-07,24m,0.5519118414301541,1539,band1,10-11%,1.2934353313140872,0.3528199572912971,15,0.741523489883933
Oct,2021,2021-10-06,2021-10-07,24m,0.5519118414301541,1539,band1,11-12%,0.7815712097138868,0.5488372093023255,15,0.22965936828373268
Oct,2021,2021-10-06,2021-10-07,24m,0.5519118414301541,1539,band1,12-13%,1.3096641876308546,0.7331352740211218,16,0.7577523462007004
Oct,2021,2021-10-06,2021-10-07,24m,0.5519118414301541,1539,band1,13-14%,0.5038688203187177,0.3809226932668328,15,-0.048043021111436435
Oct,2021,2021-10-06,2021-10-07,24m,0.5519118414301541,1539,band1,14-15%,0.8444393092353415,0.32203389830508455,15,0.29252746780518735
Oct,2021,2021-10-06,2021-10-07,24m,0.5519118414301541,1539,band1,15-16%,0.4013914243171182,0.22059925093632948,15,-0.15052041711303593
Oct,2021,2021-10-06,2021-10-07,24m,0.5519118414301541,1539,band1,16-17%,0.6728385588293433,0.5906270260257478,16,0.12092671739918914
Oct,2021,2021-10-06,2021-10-07,24m,0.5519118414301541,1539,band1,17-18%,1.0766662332526005,0.46937548183055955,15,0.5247543918224463
Oct,2021,2021-10-06,2021-10-07,24m,0.5519118414301541,1539,band1,18-19%,0.7466210624234635,0.3282434714711422,16,0.19470922099330934
Oct,2021,2021-10-06,2021-10-07,24m,0.5519118414301541,1539,band1,19-20%,0.4292629483533329,0.3080024813895782,16,-0.12264889307682125
Oct,2021,2021-10-06,2021-10-07,24m,0.5519118414301541,1539,cum,top 2%,0.6151750109551377,0.24233547286385138,30,0.06326316952498356
Oct,2021,2021-10-06,2021-10-07,24m,0.5519118414301541,1539,cum,top 5%,0.9378257280947765,0.4383561643835616,77,0.38591388666462234
Oct,2021,2021-10-06,2021-10-07,24m,0.5519118414301541,1539,cum,top 10%,0.9156524198118097,0.4383561643835616,153,0.3637405783816555
Oct,2021,2021-10-06,2021-10-07,24m,0.5519118414301541,1539,cum,top 15%,0.9275072807512273,0.4383561643835616,229,0.3755954393210732
Oct,2021,2021-10-06,2021-10-07,24m,0.5519118414301541,1539,cum,top 20%,0.860422127912948,0.39822222222222226,307,0.3085102864827939
Oct,2021,2021-10-06,2021-10-07,24m,0.5519118414301541,1539,cum,top 25%,0.8204682788719672,0.39822222222222226,385,0.268556437441813
Oct,2021,2021-10-06,2021-10-07,24m,0.5519118414301541,1539,cum,top 30%,0.8052810423081193,0.39822222222222226,461,0.2533692008779651
Oct,2021,2021-10-06,2021-10-07,24m,0.5519118414301541,1539,cum,top 40%,0.7456362029566382,0.34183858125226196,613,0.1937243615264841
Oct,2021,2021-10-06,2021-10-07,24m,0.5519118414301541,1539,cum,top 50%,0.7045703766631234,0.32203389830508455,763,0.15265853523296924
Oct,2021,2021-10-06,2021-10-07,24m,0.5519118414301541,1539,cum,top 100%,0.5519118414301541,0.2604940142445824,1539,0.0
Apr,2022,2022-04-07,2022-04-08,3m,-0.13462223274703,1672,band5,0-5%,-0.18590961225506136,-0.2304687500000001,83,-0.05128737950803136
Apr,2022,2022-04-07,2022-04-08,3m,-0.13462223274703,1672,band5,5-10%,-0.16820256190078645,-0.23747225734464728,84,-0.033580329153756444
Apr,2022,2022-04-07,2022-04-08,3m,-0.13462223274703,1672,band5,10-15%,-0.14183912956796,-0.18671187285606478,82,-0.007216896820929991
Apr,2022,2022-04-07,2022-04-08,3m,-0.13462223274703,1672,band5,15-20%,-0.17121887633022367,-0.19350647607182753,84,-0.03659664358319367
Apr,2022,2022-04-07,2022-04-08,3m,-0.13462223274703,1672,band5,20-25%,-0.1999951504171411,-0.21134135284443123,84,-0.06537291767011111
Apr,2022,2022-04-07,2022-04-08,3m,-0.13462223274703,1672,band5,25-30%,-0.172595710071821,-0.19696272434422457,83,-0.037973477324791005
Apr,2022,2022-04-07,2022-04-08,3m,-0.13462223274703,1672,band5,30-35%,-0.15317980113873345,-0.1616106237816764,84,-0.018557568391703444
Apr,2022,2022-04-07,2022-04-08,3m,-0.13462223274703,1672,band5,35-40%,-0.1561972775335534,-0.20141162168861454,84,-0.02157504478652339
Apr,2022,2022-04-07,2022-04-08,3m,-0.13462223274703,1672,band5,40-45%,-0.16179138970889004,-0.18154957321076826,83,-0.027169156961860036
Apr,2022,2022-04-07,2022-04-08,3m,-0.13462223274703,1672,band5,45-50%,-0.14777129936483321,-0.14993490489749756,84,-0.013149066617803212
Apr,2022,2022-04-07,2022-04-08,3m,-0.13462223274703,1672,band5,50-55%,-0.13924436424351794,-0.16690459939094815,84,-0.004622131496487936
Apr,2022,2022-04-07,2022-04-08,3m,-0.13462223274703,1672,band5,55-60%,-0.10581387197019676,-0.14521521103217716,83,0.02880836077683324
Apr,2022,2022-04-07,2022-04-08,3m,-0.13462223274703,1672,band5,60-65%,-0.12130132629636964,-0.16151800327332239,84,0.013320906450660364
Apr,2022,2022-04-07,2022-04-08,3m,-0.13462223274703,1672,band5,65-70%,-0.10803166496171461,-0.11499302077346252,84,0.02659056778531539
Apr,2022,2022-04-07,2022-04-08,3m,-0.13462223274703,1672,band5,70-75%,-0.13456035391361396,-0.14871794871794863,83,6.187883341604583e-05
Apr,2022,2022-04-07,2022-04-08,3m,-0.13462223274703,1672,band5,75-80%,-0.12174392026190638,-0.12840933757823525,84,0.012878312485123625
Apr,2022,2022-04-07,2022-04-08,3m,-0.13462223274703,1672,band5,80-85%,-0.0789020040688004,-0.10127758039366408,84,0.05572022867822961
Apr,2022,2022-04-07,2022-04-08,3m,-0.13462223274703,1672,band5,85-90%,-0.09032524088785136,-0.09457831325301203,83,0.04429699185917864
Apr,2022,2022-04-07,2022-04-08,3m,-0.13462223274703,1672,band5,90-95%,-0.08618438185911777,-0.10874371207282024,84,0.048437850887912234
Apr,2022,2022-04-07,2022-04-08,3m,-0.13462223274703,1672,band5,95-100%,-0.04832358218811602,-0.06102174549030531,84,0.08629865055891398
Apr,2022,2022-04-07,2022-04-08,3m,-0.13462223274703,1672,band1,0-1%,-0.23480294584665815,-0.25559420722603754,16,-0.10018071309962814
Apr,2022,2022-04-07,2022-04-08,3m,-0.13462223274703,1672,band1,1-2%,-0.21372617355017817,-0.25,17,-0.07910394080314817
Apr,2022,2022-04-07,2022-04-08,3m,-0.13462223274703,1672,band1,2-3%,-0.19168296063850582,-0.16615067079463375,17,-0.057060727891475815
Apr,2022,2022-04-07,2022-04-08,3m,-0.13462223274703,1672,band1,3-4%,-0.09231573255143063,-0.1589655595048412,16,0.04230650019559937
Apr,2022,2022-04-07,2022-04-08,3m,-0.13462223274703,1672,band1,4-5%,-0.1943908047995907,-0.25077399380804966,17,-0.0597685720525607
Apr,2022,2022-04-07,2022-04-08,3m,-0.13462223274703,1672,band1,5-6%,-0.14265491571505315,-0.24751908396946565,17,-0.008032682968023147
Apr,2022,2022-04-07,2022-04-08,3m,-0.13462223274703,1672,band1,6-7%,-0.03215430347362162,-0.21052631578947367,17,0.10246792927340838
Apr,2022,2022-04-07,2022-04-08,3m,-0.13462223274703,1672,band1,7-8%,-0.18125404645414128,-0.2569843178403143,16,-0.04663181370711128
Apr,2022,2022-04-07,2022-04-08,3m,-0.13462223274703,1672,band1,8-9%,-0.2275451367774015,-0.22876627402355865,17,-0.09292290403037151
Apr,2022,2022-04-07,2022-04-08,3m,-0.13462223274703,1672,band1,9-10%,-0.25817214146920614,-0.2754901960784313,17,-0.12354990872217614
Apr,2022,2022-04-07,2022-04-08,3m,-0.13462223274703,1672,band1,10-11%,-0.2386738067244475,-0.17813051146384484,17,-0.10405157397741749
Apr,2022,2022-04-07,2022-04-08,3m,-0.13462223274703,1672,band1,11-12%,-0.07298041458500343,-0.1119090909090909,16,0.061641818162026574
Apr,2022,2022-04-07,2022-04-08,3m,-0.13462223274703,1672,band1,12-13%,-0.08252433488106427,-0.19396946564885487,17,0.052097897865965734
Apr,2022,2022-04-07,2022-04-08,3m,-0.13462223274703,1672,band1,13-14%,-0.16058645893012335,-0.2005225180393132,16,-0.025964226183093353
Apr,2022,2022-04-07,2022-04-08,3m,-0.13462223274703,1672,band1,14-15%,-0.1520856400648119,-0.20532968323665995,16,-0.017463407317781898
Apr,2022,2022-04-07,2022-04-08,3m,-0.13462223274703,1672,band1,15-16%,-0.1473205039669489,-0.12290985096328622,17,-0.0126982712199189
Apr,2022,2022-04-07,2022-04-08,3m,-0.13462223274703,1672,band1,16-17%,-0.1323789188628228,-0.13649772056851694,17,0.0022433138842072042
Apr,2022,2022-04-07,2022-04-08,3m,-0.13462223274703,1672,band1,17-18%,-0.19499212473538052,-0.193871359223301,17,-0.06036989198835052
Apr,2022,2022-04-07,2022-04-08,3m,-0.13462223274703,1672,band1,18-19%,-0.12233440412951713,-0.15998375681633603,16,0.012287828617512875
Apr,2022,2022-04-07,2022-04-08,3m,-0.13462223274703,1672,band1,19-20%,-0.25619287276817204,-0.2564102564102564,17,-0.12157064002114204
Apr,2022,2022-04-07,2022-04-08,3m,-0.13462223274703,1672,cum,top 2%,-0.223945214663623,-0.25177664974619274,33,-0.08932298191659299
Apr,2022,2022-04-07,2022-04-08,3m,-0.13462223274703,1672,cum,top 5%,-0.18590961225506136,-0.2304687500000001,83,-0.05128737950803136
Apr,2022,2022-04-07,2022-04-08,3m,-0.13462223274703,1672,cum,top 10%,-0.17700307195710271,-0.23450735621934915,167,-0.04238083921007271
Apr,2022,2022-04-07,2022-04-08,3m,-0.13462223274703,1672,cum,top 15%,-0.1654229784795537,-0.21972602739726022,249,-0.0308007457325237
Apr,2022,2022-04-07,2022-04-08,3m,-0.13462223274703,1672,cum,top 20%,-0.1668850067662092,-0.21235521235521237,333,-0.03226277401917921
Apr,2022,2022-04-07,2022-04-08,3m,-0.13462223274703,1672,cum,top 25%,-0.1735546759908573,-0.21235521235521237,417,-0.0389324432438273
Apr,2022,2022-04-07,2022-04-08,3m,-0.13462223274703,1672,cum,top 30%,-0.1733954876482973,-0.21020142949967507,500,-0.03877325490126729
Apr,2022,2022-04-07,2022-04-08,3m,-0.13462223274703,1672,cum,top 40%,-0.16869074615661786,-0.20250391437036352,668,-0.03406851340958786
Apr,2022,2022-04-07,2022-04-08,3m,-0.13462223274703,1672,cum,top 50%,-0.16590047056898755,-0.1957446808510639,835,-0.031278237821957544
Apr,2022,2022-04-07,2022-04-08,3m,-0.13462223274703,1672,cum,top 100%,-0.13462223274703,-0.15331090622988602,1672,0.0
Apr,2022,2022-04-07,2022-04-08,6m,-0.017045009280708297,1672,band5,0-5%,-0.06280529513483643,-0.13775510204081642,83,-0.045760285854128134
Apr,2022,2022-04-07,2022-04-08,6m,-0.017045009280708297,1672,band5,5-10%,0.01441113858229661,-0.15374140837764227,84,0.03145614786300491
Apr,2022,2022-04-07,2022-04-08,6m,-0.017045009280708297,1672,band5,10-15%,-0.03579400566700596,-0.16524109301582962,82,-0.018748996386297664
Apr,2022,2022-04-07,2022-04-08,6m,-0.017045009280708297,1672,band5,15-20%,-0.05653389326245197,-0.11317509439723761,84,-0.039488883981743675
Apr,2022,2022-04-07,2022-04-08,6m,-0.017045009280708297,1672,band5,20-25%,-0.07563005840341233,-0.15066290885995554,84,-0.058585049122704035
Apr,2022,2022-04-07,2022-04-08,6m,-0.017045009280708297,1672,band5,25-30%,-0.01738697870727859,-0.07559098405717424,83,-0.00034196942657029397
Apr,2022,2022-04-07,2022-04-08,6m,-0.017045009280708297,1672,band5,30-35%,-0.024456566670826012,-0.11972528982362135,84,-0.007411557390117715
Apr,2022,2022-04-07,2022-04-08,6m,-0.017045009280708297,1672,band5,35-40%,-0.0522725672657595,-0.11096264852845583,84,-0.0352275579850512
Apr,2022,2022-04-07,2022-04-08,6m,-0.017045009280708297,1672,band5,40-45%,-0.011867792541788946,-0.05569205569205571,83,0.005177216738919351
Apr,2022,2022-04-07,2022-04-08,6m,-0.017045009280708297,1672,band5,45-50%,0.010214151324109199,-0.04698462225202332,84,0.027259160604817496
Apr,2022,2022-04-07,2022-04-08,6m,-0.017045009280708297,1672,band5,50-55%,-0.05028660962091837,-0.0881915244573524,84,-0.03324160034021007
Apr,2022,2022-04-07,2022-04-08,6m,-0.017045009280708297,1672,band5,55-60%,0.03980685907656922,-0.02487198244330635,83,0.05685186835727752
Apr,2022,2022-04-07,2022-04-08,6m,-0.017045009280708297,1672,band5,60-65%,0.009034399624952573,-0.038524276897237864,84,0.02607940890566087
Apr,2022,2022-04-07,2022-04-08,6m,-0.017045009280708297,1672,band5,65-70%,-0.003993955188207592,-0.02776312023581673,84,0.013051054092500704
Apr,2022,2022-04-07,2022-04-08,6m,-0.017045009280708297,1672,band5,70-75%,-0.0475047432657534,-0.06858974358974368,83,-0.030459733985045104
Apr,2022,2022-04-07,2022-04-08,6m,-0.017045009280708297,1672,band5,75-80%,0.012360142181907426,-0.05517463324589528,84,0.02940515146261572
Apr,2022,2022-04-07,2022-04-08,6m,-0.017045009280708297,1672,band5,80-85%,0.04299765259045556,-0.024999920292685218,84,0.060042661871163854
Apr,2022,2022-04-07,2022-04-08,6m,-0.017045009280708297,1672,band5,85-90%,0.0017846017912345913,-0.027219580371904417,83,0.01882961107194289
Apr,2022,2022-04-07,2022-04-08,6m,-0.017045009280708297,1672,band5,90-95%,-0.011088974621302181,-0.04474187124253709,84,0.0059560346594061155
Apr,2022,2022-04-07,2022-04-08,6m,-0.017045009280708297,1672,band5,95-100%,-0.022282943839366492,-0.016573207753243613,84,-0.005237934558658196
Apr,2022,2022-04-07,2022-04-08,6m,-0.017045009280708297,1672,band1,0-1%,-0.21066752492721702,-0.2271865006058439,16,-0.19362251564650873
Apr,2022,2022-04-07,2022-04-08,6m,-0.017045009280708297,1672,band1,1-2%,-0.09797631929922952,-0.07650273224043724,17,-0.08093131001852122
Apr,2022,2022-04-07,2022-04-08,6m,-0.017045009280708297,1672,band1,2-3%,-0.16005893250761402,-0.22770398481973442,17,-0.14301392322690573
Apr,2022,2022-04-07,2022-04-08,6m,-0.017045009280708297,1672,band1,3-4%,0.23249213665385834,-0.005734649122807023,16,0.24953714593456663
Apr,2022,2022-04-07,2022-04-08,6m,-0.017045009280708297,1672,band1,4-5%,-0.06914317665302037,-0.13775510204081642,17,-0.05209816737231208
Apr,2022,2022-04-07,2022-04-08,6m,-0.017045009280708297,1672,band1,5-6%,0.0683122454574594,-0.01864801864801857,17,0.08535725473816769
Apr,2022,2022-04-07,2022-04-08,6m,-0.017045009280708297,1672,band1,6-7%,0.18966602870084948,-0.19999999999999996,17,0.20671103798155777
Apr,2022,2022-04-07,2022-04-08,6m,-0.017045009280708297,1672,band1,7-8%,-0.09723808167498729,-0.17867827706451106,16,-0.080193072394279
Apr,2022,2022-04-07,2022-04-08,6m,-0.017045009280708297,1672,band1,8-9%,-0.016204103889362456,-0.16666666666666663,17,0.0008409053913458406
Apr,2022,2022-04-07,2022-04-08,6m,-0.017045009280708297,1672,band1,9-10%,-0.07904799687408091,-0.15151515151515138,17,-0.06200298759337262
Apr,2022,2022-04-07,2022-04-08,6m,-0.017045009280708297,1672,band1,10-11%,-0.10044786805735922,-0.1724137931034483,17,-0.08340285877665093
Apr,2022,2022-04-07,2022-04-08,6m,-0.017045009280708297,1672,band1,11-12%,0.11771578409066447,-0.1297272727272728,16,0.13476079337137276
Apr,2022,2022-04-07,2022-04-08,6m,-0.017045009280708297,1672,band1,12-13%,-0.0026077248313118406,-0.13660782808902538,17,0.014437284449396456
Apr,2022,2022-04-07,2022-04-08,6m,-0.017045009280708297,1672,band1,13-14%,-0.17375455852179944,-0.23340821566110392,16,-0.15670954924109115
Apr,2022,2022-04-07,2022-04-08,6m,-0.017045009280708297,1672,band1,14-15%,-0.01790893716805758,-0.02101967799642218,16,-0.0008639278873492848
Apr,2022,2022-04-07,2022-04-08,6m,-0.017045009280708297,1672,band1,15-16%,-0.0174282091816144,-0.1153284671532846,17,-0.0003831999009061039
Apr,2022,2022-04-07,2022-04-08,6m,-0.017045009280708297,1672,band1,16-17%,-0.02237186532160514,-0.032710280373831724,17,-0.005326856040896843
Apr,2022,2022-04-07,2022-04-08,6m,-0.017045009280708297,1672,band1,17-18%,-0.06356626764000058,-0.14694656488549618,17,-0.04652125835929228
Apr,2022,2022-04-07,2022-04-08,6m,-0.017045009280708297,1672,band1,18-19%,0.0028437537622710216,-0.08967317238939038,16,0.01988876304297932
Apr,2022,2022-04-07,2022-04-08,6m,-0.017045009280708297,1672,band1,19-20%,-0.17865407516515053,-0.20717463848720796,17,-0.16160906588444224
Apr,2022,2022-04-07,2022-04-08,6m,-0.017045009280708297,1672,cum,top 2%,-0.1526144796037083,-0.22508591065292094,33,-0.135569470323
Apr,2022,2022-04-07,2022-04-08,6m,-0.017045009280708297,1672,cum,top 5%,-0.06280529513483643,-0.13775510204081642,83,-0.045760285854128134
Apr,2022,2022-04-07,2022-04-08,6m,-0.017045009280708297,1672,cum,top 10%,-0.023965891348973107,-0.15151515151515138,167,-0.00692088206826481
Apr,2022,2022-04-07,2022-04-08,6m,-0.017045009280708297,1672,cum,top 15%,-0.02786109365451003,-0.15277777777777768,249,-0.010816084373801733
Apr,2022,2022-04-07,2022-04-08,6m,-0.017045009280708297,1672,cum,top 20%,-0.035093871933990876,-0.1454545454545455,333,-0.01804886265328258
Apr,2022,2022-04-07,2022-04-08,6m,-0.017045009280708297,1672,cum,top 25%,-0.04325943467603261,-0.1454545454545455,417,-0.026214425395324314
Apr,2022,2022-04-07,2022-04-08,6m,-0.017045009280708297,1672,cum,top 30%,-0.03896460698521944,-0.13078918683235224,500,-0.021919597704511143
Apr,2022,2022-04-07,2022-04-08,6m,-0.017045009280708297,1672,cum,top 40%,-0.038813698717489374,-0.12511107474904498,668,-0.021768689436781077
Apr,2022,2022-04-07,2022-04-08,6m,-0.017045009280708297,1672,cum,top 50%,-0.03120310037488169,-0.1140000000000001,835,-0.014158091094173392
Apr,2022,2022-04-07,2022-04-08,6m,-0.017045009280708297,1672,cum,top 100%,-0.017045009280708297,-0.07329163164735436,1672,0.0
Apr,2022,2022-04-07,2022-04-08,9m,0.021783536111744956,1672,band5,0-5%,-0.03849696803920521,-0.19075144508670527,83,-0.06028050415095017
Apr,2022,2022-04-07,2022-04-08,9m,0.021783536111744956,1672,band5,5-10%,0.055294751443464754,-0.15061018850749908,84,0.0335112153317198
Apr,2022,2022-04-07,2022-04-08,9m,0.021783536111744956,1672,band5,10-15%,0.02063874272276192,-0.15362524089773838,82,-0.0011447933889830349
Apr,2022,2022-04-07,2022-04-08,9m,0.021783536111744956,1672,band5,15-20%,-0.03355271833187633,-0.08641697353766525,84,-0.05533625444362128
Apr,2022,2022-04-07,2022-04-08,9m,0.021783536111744956,1672,band5,20-25%,0.007440902581941588,-0.13715793375117014,84,-0.014342633529803368
Apr,2022,2022-04-07,2022-04-08,9m,0.021783536111744956,1672,band5,25-30%,-0.020742715581094175,-0.10315789473684212,83,-0.042526251692839134
Apr,2022,2022-04-07,2022-04-08,9m,0.021783536111744956,1672,band5,30-35%,-0.021257094893903854,-0.08242099411703807,84,-0.04304063100564881
Apr,2022,2022-04-07,2022-04-08,9m,0.021783536111744956,1672,band5,35-40%,-0.0002065963379846066,-0.10687544980588065,84,-0.02199013244972956
Apr,2022,2022-04-07,2022-04-08,9m,0.021783536111744956,1672,band5,40-45%,-0.01315170074382032,-0.07877551020408169,83,-0.03493523685556528
Apr,2022,2022-04-07,2022-04-08,9m,0.021783536111744956,1672,band5,45-50%,0.005203469321867675,-0.04269524570803529,84,-0.01658006678987728
Apr,2022,2022-04-07,2022-04-08,9m,0.021783536111744956,1672,band5,50-55%,-0.0013718702878620145,-0.02871294259515883,84,-0.02315540639960697
Apr,2022,2022-04-07,2022-04-08,9m,0.021783536111744956,1672,band5,55-60%,0.081083585286519,-0.0012188751523593,83,0.05930004917477405
Apr,2022,2022-04-07,2022-04-08,9m,0.021783536111744956,1672,band5,60-65%,0.07668986215476348,-0.02779331494589854,84,0.054906326043018525
Apr,2022,2022-04-07,2022-04-08,9m,0.021783536111744956,1672,band5,65-70%,0.04818914537010891,-0.054923026273115794,84,0.026405609258363955
Apr,2022,2022-04-07,2022-04-08,9m,0.021783536111744956,1672,band5,70-75%,0.0008162999687919198,-0.05457990115321254,83,-0.020967236142953035
Apr,2022,2022-04-07,2022-04-08,9m,0.021783536111744956,1672,band5,75-80%,0.11497500498631724,0.027620896095293057,84,0.09319146887457229
Apr,2022,2022-04-07,2022-04-08,9m,0.021783536111744956,1672,band5,80-85%,0.11204222247328584,0.004359437496942342,84,0.09025868636154089
Apr,2022,2022-04-07,2022-04-08,9m,0.021783536111744956,1672,band5,85-90%,0.024301631821490536,-0.01184939158571141,83,0.0025180957097455797
Apr,2022,2022-04-07,2022-04-08,9m,0.021783536111744956,1672,band5,90-95%,0.02206576861181045,-0.01595766318937497,84,0.0002822325000654928
Apr,2022,2022-04-07,2022-04-08,9m,0.021783536111744956,1672,band5,95-100%,-0.005471722563141217,-0.006556449661181074,84,-0.027255258674886172
Apr,2022,2022-04-07,2022-04-08,9m,0.021783536111744956,1672,band1,0-1%,-0.23700071803917278,-0.2562780861749934,16,-0.2587842541509177
Apr,2022,2022-04-07,2022-04-08,9m,0.021783536111744956,1672,band1,1-2%,-0.06211605704537993,-0.19541875447387247,17,-0.08389959315712489
Apr,2022,2022-04-07,2022-04-08,9m,0.021783536111744956,1672,band1,2-3%,-0.056276843350847365,-0.2713472485768501,17,-0.07806037946259232
Apr,2022,2022-04-07,2022-04-08,9m,0.021783536111744956,1672,band1,3-4%,0.2689238700075938,-0.02167849400726113,16,0.24714033389584886
Apr,2022,2022-04-07,2022-04-08,9m,0.021783536111744956,1672,band1,4-5%,-0.09960820423605318,-0.11378205128205121,17,-0.12139174034779814
Apr,2022,2022-04-07,2022-04-08,9m,0.021783536111744956,1672,band1,5-6%,0.1544260464962655,-0.06472491909385114,17,0.13264251038452055
Apr,2022,2022-04-07,2022-04-08,9m,0.021783536111744956,1672,band1,6-7%,0.3419987896044686,-0.22619047619047628,17,0.3202152534927237
Apr,2022,2022-04-07,2022-04-08,9m,0.021783536111744956,1672,band1,7-8%,-0.14767584290445387,-0.24115333073963602,16,-0.16945937901619884
Apr,2022,2022-04-07,2022-04-08,9m,0.021783536111744956,1672,band1,8-9%,-0.017752723569833068,-0.15444015444015446,17,-0.03953625968157802
Apr,2022,2022-04-07,2022-04-08,9m,0.021783536111744956,1672,band1,9-10%,-0.06646195913547154,-0.13307984790874527,17,-0.08824549524721649
Apr,2022,2022-04-07,2022-04-08,9m,0.021783536111744956,1672,band1,10-11%,-0.1024255742218143,-0.15080971659919018,17,-0.12420911033355925
Apr,2022,2022-04-07,2022-04-08,9m,0.021783536111744956,1672,band1,11-12%,0.2106697496768115,-0.14355002052826055,16,0.18888621356506655
Apr,2022,2022-04-07,2022-04-08,9m,0.021783536111744956,1672,band1,12-13%,-0.002854537833010641,-0.15519323671497587,17,-0.024638073944755597
Apr,2022,2022-04-07,2022-04-08,9m,0.021783536111744956,1672,band1,13-14%,-0.18634988666471172,-0.24510542844324817,16,-0.2081334227764567
Apr,2022,2022-04-07,2022-04-08,9m,0.021783536111744956,1672,band1,14-15%,0.19331381250030652,0.031117472434266324,16,0.17153027638856155
Apr,2022,2022-04-07,2022-04-08,9m,0.021783536111744956,1672,band1,15-16%,-0.04748685887416568,-0.1093702922567037,17,-0.06927039498591063
Apr,2022,2022-04-07,2022-04-08,9m,0.021783536111744956,1672,band1,16-17%,0.04411692106796193,0.0018691588785046953,17,0.022333384956216975
Apr,2022,2022-04-07,2022-04-08,9m,0.021783536111744956,1672,band1,17-18%,-0.033640686594111964,-0.06791171477079794,17,-0.055424222705856924
Apr,2022,2022-04-07,2022-04-08,9m,0.021783536111744956,1672,band1,18-19%,-0.04799001843363982,-0.09688391269329444,16,-0.06977355454538478
Apr,2022,2022-04-07,2022-04-08,9m,0.021783536111744956,1672,band1,19-20%,-0.0836122017725887,-0.2536873156342182,17,-0.10539573788433365
Apr,2022,2022-04-07,2022-04-08,9m,0.021783536111744956,1672,cum,top 2%,-0.14690861995146132,-0.23076923076923073,33,-0.16869215606320628
Apr,2022,2022-04-07,2022-04-08,9m,0.021783536111744956,1672,cum,top 5%,-0.03849696803920521,-0.19075144508670527,83,-0.06028050415095017
Apr,2022,2022-04-07,2022-04-08,9m,0.021783536111744956,1672,cum,top 10%,0.008679705233515002,-0.16796875,167,-0.013103830878229954
Apr,2022,2022-04-07,2022-04-08,9m,0.021783536111744956,1672,cum,top 15%,0.012618022800254949,-0.1619718309859154,249,-0.009165513311490008
Apr,2022,2022-04-07,2022-04-08,9m,0.021783536111744956,1672,cum,top 20%,0.000971349361519132,-0.1471861471861473,333,-0.020812186750225826
Apr,2022,2022-04-07,2022-04-08,9m,0.021783536111744956,1672,cum,top 25%,0.0022745687152732996,-0.14382022471910105,417,-0.019508967396471656
Apr,2022,2022-04-07,2022-04-08,9m,0.021783536111744956,1672,cum,top 30%,-0.001546300477923701,-0.13372742395437265,500,-0.023329836589668657
Apr,2022,2022-04-07,2022-04-08,9m,0.021783536111744956,1672,cum,top 40%,-0.0038564375785037205,-0.11575258100306512,668,-0.025639973690248678
Apr,2022,2022-04-07,2022-04-08,9m,0.021783536111744956,1672,cum,top 50%,-0.0038689820851984247,-0.11120689655172422,835,-0.02565251819694338
Apr,2022,2022-04-07,2022-04-08,9m,0.021783536111744956,1672,cum,top 100%,0.021783536111744956,-0.06463478683449175,1672,0.0
Apr,2022,2022-04-07,2022-04-08,12m,-0.016245387468270974,1672,band5,0-5%,-0.13847552101478844,-0.24142480211081796,83,-0.12223013354651746
Apr,2022,2022-04-07,2022-04-08,12m,-0.016245387468270974,1672,band5,5-10%,-0.023520371759286857,-0.28210678210678203,84,-0.007274984291015883
Apr,2022,2022-04-07,2022-04-08,12m,-0.016245387468270974,1672,band5,10-15%,-0.03204468672363213,-0.24486928517302342,82,-0.015799299255361155
Apr,2022,2022-04-07,2022-04-08,12m,-0.016245387468270974,1672,band5,15-20%,-0.06673891568279905,-0.169377122905558,84,-0.05049352821452807
Apr,2022,2022-04-07,2022-04-08,12m,-0.016245387468270974,1672,band5,20-25%,-0.057310846223581784,-0.16907688011560357,84,-0.04106545875531081
Apr,2022,2022-04-07,2022-04-08,12m,-0.016245387468270974,1672,band5,25-30%,-0.037620204723874937,-0.17097764138535732,83,-0.021374817255603962
Apr,2022,2022-04-07,2022-04-08,12m,-0.016245387468270974,1672,band5,30-35%,-0.05408179987187593,-0.13012041405400349,84,-0.037836412403604955
Apr,2022,2022-04-07,2022-04-08,12m,-0.016245387468270974,1672,band5,35-40%,-0.015043294471351045,-0.14526606544023085,84,0.0012020929969199286
Apr,2022,2022-04-07,2022-04-08,12m,-0.016245387468270974,1672,band5,40-45%,-0.004358617742814598,-0.08285714285714285,83,0.011886769725456376
Apr,2022,2022-04-07,2022-04-08,12m,-0.016245387468270974,1672,band5,45-50%,-0.059844091908894115,-0.1594705020531974,84,-0.04359870444062314
Apr,2022,2022-04-07,2022-04-08,12m,-0.016245387468270974,1672,band5,50-55%,-0.029220220986894415,-0.12394645229261136,84,-0.012974833518623441
Apr,2022,2022-04-07,2022-04-08,12m,-0.016245387468270974,1672,band5,55-60%,0.052911792814172305,-0.050859976785902705,83,0.06915718028244328
Apr,2022,2022-04-07,2022-04-08,12m,-0.016245387468270974,1672,band5,60-65%,0.04677411801420399,-0.09126744633942241,84,0.06301950548247497
Apr,2022,2022-04-07,2022-04-08,12m,-0.016245387468270974,1672,band5,65-70%,0.002449411033914669,-0.0886677566397504,84,0.018694798502185642
Apr,2022,2022-04-07,2022-04-08,12m,-0.016245387468270974,1672,band5,70-75%,-0.03574528876721942,-0.11716147719044168,83,-0.019499901298948446
Apr,2022,2022-04-07,2022-04-08,12m,-0.016245387468270974,1672,band5,75-80%,0.09309846278117598,0.04515458937198058,84,0.10934385024944696
Apr,2022,2022-04-07,2022-04-08,12m,-0.016245387468270974,1672,band5,80-85%,0.07143043169115902,-0.012869525288879635,84,0.08767581915943
Apr,2022,2022-04-07,2022-04-08,12m,-0.016245387468270974,1672,band5,85-90%,-0.018591115723769352,-0.07062864446042016,83,-0.0023457282554983777
Apr,2022,2022-04-07,2022-04-08,12m,-0.016245387468270974,1672,band5,90-95%,-0.0025513549435965503,-0.05511201319645381,84,0.013694032524674424
Apr,2022,2022-04-07,2022-04-08,12m,-0.016245387468270974,1672,band5,95-100%,-0.017806649784945297,-0.01907109255670364,84,-0.001561262316674323
Apr,2022,2022-04-07,2022-04-08,12m,-0.016245387468270974,1672,band1,0-1%,-0.3235013620442981,-0.39702951283606225,16,-0.3072559745760271
Apr,2022,2022-04-07,2022-04-08,12m,-0.016245387468270974,1672,band1,1-2%,-0.21011782783391697,-0.21587301587301588,17,-0.193872440365646
Apr,2022,2022-04-07,2022-04-08,12m,-0.016245387468270974,1672,band1,2-3%,-0.1314410412171199,-0.3476272155517439,17,-0.11519565374884894
Apr,2022,2022-04-07,2022-04-08,12m,-0.016245387468270974,1672,band1,3-4%,0.1052008128555833,-0.10948427361211249,16,0.12144620032385428
Apr,2022,2022-04-07,2022-04-08,12m,-0.016245387468270974,1672,band1,4-5%,-0.12906815784355163,-0.22600619195046445,17,-0.11282277037528066
Apr,2022,2022-04-07,2022-04-08,12m,-0.016245387468270974,1672,band1,5-6%,0.12150999605972179,-0.13301526717557255,17,0.13775538352799277
Apr,2022,2022-04-07,2022-04-08,12m,-0.016245387468270974,1672,band1,6-7%,0.2200692891927155,-0.33333333333333337,17,0.2363146766609865
Apr,2022,2022-04-07,2022-04-08,12m,-0.016245387468270974,1672,band1,7-8%,-0.2947230533576415,-0.2886868686868686,16,-0.2784776658893705
Apr,2022,2022-04-07,2022-04-08,12m,-0.016245387468270974,1672,band1,8-9%,-0.042362108285066674,-0.2934362934362934,17,-0.0261167208167957
Apr,2022,2022-04-07,2022-04-08,12m,-0.016245387468270974,1672,band1,9-10%,-0.13804908132371357,-0.23170731707317072,17,-0.1218036938554426
Apr,2022,2022-04-07,2022-04-08,12m,-0.016245387468270974,1672,band1,10-11%,-0.14076625390367414,-0.2666666666666667,17,-0.12452086643540317
Apr,2022,2022-04-07,2022-04-08,12m,-0.016245387468270974,1672,band1,11-12%,0.06970343452814418,-0.25078170237405906,16,0.08594882199641515
Apr,2022,2022-04-07,2022-04-08,12m,-0.016245387468270974,1672,band1,12-13%,-0.003661331735646775,-0.25362318840579723,17,0.0125840557326242
Apr,2022,2022-04-07,2022-04-08,12m,-0.016245387468270974,1672,band1,13-14%,-0.1992028248907477,-0.32100273699925347,16,-0.18295743742247672
Apr,2022,2022-04-07,2022-04-08,12m,-0.016245387468270974,1672,band1,14-15%,0.1187246806457674,0.01388661202185798,16,0.13497006811403836
Apr,2022,2022-04-07,2022-04-08,12m,-0.016245387468270974,1672,band1,15-16%,-0.15082662454735682,-0.21052631578947356,17,-0.13458123707908584
Apr,2022,2022-04-07,2022-04-08,12m,-0.016245387468270974,1672,band1,16-17%,0.12184811196393591,-0.031643872351836855,17,0.1380934994322069
Apr,2022,2022-04-07,2022-04-08,12m,-0.016245387468270974,1672,band1,17-18%,-0.12563081258159858,-0.18764302059496574,17,-0.1093854251133276
Apr,2022,2022-04-07,2022-04-08,12m,-0.016245387468270974,1672,band1,18-19%,-0.08097107863679523,-0.2352905825791855,16,-0.06472569116852425
Apr,2022,2022-04-07,2022-04-08,12m,-0.016245387468270974,1672,band1,19-20%,-0.09895136066829796,-0.25361512791991114,17,-0.08270597320002698
Apr,2022,2022-04-07,2022-04-08,12m,-0.016245387468270974,1672,cum,top 2%,-0.2650916626025866,-0.3934707903780069,33,-0.24884627513431562
Apr,2022,2022-04-07,2022-04-08,12m,-0.016245387468270974,1672,cum,top 5%,-0.13847552101478844,-0.24142480211081796,83,-0.12223013354651746
Apr,2022,2022-04-07,2022-04-08,12m,-0.016245387468270974,1672,cum,top 10%,-0.08065376929345829,-0.2785714285714286,167,-0.06440838182518731
Apr,2022,2022-04-07,2022-04-08,12m,-0.016245387468270974,1672,cum,top 15%,-0.06464595896925851,-0.2608405603735824,249,-0.04840057150098753
Apr,2022,2022-04-07,2022-04-08,12m,-0.016245387468270974,1672,cum,top 20%,-0.0651739120141156,-0.24142480211081796,333,-0.04892852454584462
Apr,2022,2022-04-07,2022-04-08,12m,-0.016245387468270974,1672,cum,top 25%,-0.06358998509228143,-0.23961297666476944,417,-0.04734459762401046
Apr,2022,2022-04-07,2022-04-08,12m,-0.016245387468270974,1672,cum,top 30%,-0.059279001551125955,-0.21623610307820829,500,-0.043033614082854985
Apr,2022,2022-04-07,2022-04-08,12m,-0.016245387468270974,1672,cum,top 40%,-0.05306288727603898,-0.2000047472909316,668,-0.03681749980776801
Apr,2022,2022-04-07,2022-04-08,12m,-0.016245387468270974,1672,cum,top 50%,-0.048903805620832054,-0.1806451612903226,835,-0.03265841815256108
Apr,2022,2022-04-07,2022-04-08,12m,-0.016245387468270974,1672,cum,top 100%,-0.016245387468270974,-0.11763666043625243,1672,0.0
Apr,2022,2022-04-07,2022-04-08,18m,0.4003439340956536,1662,band5,0-5%,0.16269099984428873,-0.11072279114074784,82,-0.23765293425136488
Apr,2022,2022-04-07,2022-04-08,18m,0.4003439340956536,1662,band5,5-10%,0.39367219690699184,-0.04632006846384251,84,-0.006671737188661764
Apr,2022,2022-04-07,2022-04-08,18m,0.4003439340956536,1662,band5,10-15%,0.39117878230499464,0.07331533421188619,80,-0.009165151790658965
Apr,2022,2022-04-07,2022-04-08,18m,0.4003439340956536,1662,band5,15-20%,0.31857301157489937,0.22933643771827694,83,-0.08177092252075424
Apr,2022,2022-04-07,2022-04-08,18m,0.4003439340956536,1662,band5,20-25%,0.45240529852566524,0.0942492213727063,84,0.052061364430011636
Apr,2022,2022-04-07,2022-04-08,18m,0.4003439340956536,1662,band5,25-30%,0.3717695456117672,0.15140845070422548,83,-0.02857438848388638
Apr,2022,2022-04-07,2022-04-08,18m,0.4003439340956536,1662,band5,30-35%,0.4000374531379223,0.14748356825513054,84,-0.00030648095773128103
Apr,2022,2022-04-07,2022-04-08,18m,0.4003439340956536,1662,band5,35-40%,0.4878222146061605,0.1775641025641026,81,0.08747828051050688
Apr,2022,2022-04-07,2022-04-08,18m,0.4003439340956536,1662,band5,40-45%,0.4203432694041248,0.24986072423398342,83,0.0199993353084712
Apr,2022,2022-04-07,2022-04-08,18m,0.4003439340956536,1662,band5,45-50%,0.34596274216284123,0.1933075500252227,84,-0.05438119193281238
Apr,2022,2022-04-07,2022-04-08,18m,0.4003439340956536,1662,band5,50-55%,0.3596664943776205,0.1190410958904109,83,-0.040677439718033115
Apr,2022,2022-04-07,2022-04-08,18m,0.4003439340956536,1662,band5,55-60%,0.5492799587391842,0.30807330361565133,83,0.14893602464353062
Apr,2022,2022-04-07,2022-04-08,18m,0.4003439340956536,1662,band5,60-65%,0.5748234464206318,0.2825191478406386,83,0.17447951232497816
Apr,2022,2022-04-07,2022-04-08,18m,0.4003439340956536,1662,band5,65-70%,0.4126850341379815,0.25681196581196575,84,0.012341100042327913
Apr,2022,2022-04-07,2022-04-08,18m,0.4003439340956536,1662,band5,70-75%,0.37766948958848867,0.24133858267716546,83,-0.022674444507164937
Apr,2022,2022-04-07,2022-04-08,18m,0.4003439340956536,1662,band5,75-80%,0.6514629764070877,0.47912742936388475,84,0.2511190423114341
Apr,2022,2022-04-07,2022-04-08,18m,0.4003439340956536,1662,band5,80-85%,0.5028378937304374,0.3089642613108451,84,0.1024939596347838
Apr,2022,2022-04-07,2022-04-08,18m,0.4003439340956536,1662,band5,85-90%,0.2988320105850436,0.14218392298387506,82,-0.10151192351061
Apr,2022,2022-04-07,2022-04-08,18m,0.4003439340956536,1662,band5,90-95%,0.3635894047990278,0.20336829191822958,84,-0.036754529296625815
Apr,2022,2022-04-07,2022-04-08,18m,0.4003439340956536,1662,band5,95-100%,0.16820934233234372,0.13913697118492763,84,-0.2321345917633099
Apr,2022,2022-04-07,2022-04-08,18m,0.4003439340956536,1662,band1,0-1%,-0.06649291259155424,-0.1595428156748912,16,-0.4668368466872078
Apr,2022,2022-04-07,2022-04-08,18m,0.4003439340956536,1662,band1,1-2%,-0.037756081500377334,-0.18172721894698196,17,-0.43810001559603096
Apr,2022,2022-04-07,2022-04-08,18m,0.4003439340956536,1662,band1,2-3%,0.12295274277204514,-0.1266490765171503,17,-0.27739119132360845
Apr,2022,2022-04-07,2022-04-08,18m,0.4003439340956536,1662,band1,3-4%,0.7431658552973567,0.20949356368563687,16,0.3428219212017031
Apr,2022,2022-04-07,2022-04-08,18m,0.4003439340956536,1662,band1,4-5%,0.06659697889502997,-0.041070993234511965,16,-0.33374695520062364
Apr,2022,2022-04-07,2022-04-08,18m,0.4003439340956536,1662,band1,5-6%,0.41119560888077344,0.06392694063926951,17,0.010851674785119836
Apr,2022,2022-04-07,2022-04-08,18m,0.4003439340956536,1662,band1,6-7%,0.43261650704202376,-0.1728395061728395,17,0.03227257294637015
Apr,2022,2022-04-07,2022-04-08,18m,0.4003439340956536,1662,band1,7-8%,-0.08080201136839277,-0.13545757143474702,16,-0.4811459454640464
Apr,2022,2022-04-07,2022-04-08,18m,0.4003439340956536,1662,band1,8-9%,0.7557034975198028,0.09624999999999995,17,0.3553595634241492
Apr,2022,2022-04-07,2022-04-08,18m,0.4003439340956536,1662,band1,9-10%,0.4217371349151416,0.09556313993174048,17,0.02139320081948798
Apr,2022,2022-04-07,2022-04-08,18m,0.4003439340956536,1662,band1,10-11%,0.3237505169769472,0.05898712467775036,16,-0.07659341711870643
Apr,2022,2022-04-07,2022-04-08,18m,0.4003439340956536,1662,band1,11-12%,0.6569540283854911,0.05754140127388535,16,0.2566100942898375
Apr,2022,2022-04-07,2022-04-08,18m,0.4003439340956536,1662,band1,12-13%,0.37632448491177206,0.015206699125591583,16,-0.024019449183881547
Apr,2022,2022-04-07,2022-04-08,18m,0.4003439340956536,1662,band1,13-14%,0.17251319212553418,-0.1005414593950939,16,-0.22783074197011943
Apr,2022,2022-04-07,2022-04-08,18m,0.4003439340956536,1662,band1,14-15%,0.4263516891252287,0.23627872090804358,16,0.026007755029575086
Apr,2022,2022-04-07,2022-04-08,18m,0.4003439340956536,1662,band1,15-16%,0.2088460465389118,0.17518248175182483,17,-0.1914978875567418
Apr,2022,2022-04-07,2022-04-08,18m,0.4003439340956536,1662,band1,16-17%,0.5504080211677915,0.28779069767441867,17,0.15006408707213792
Apr,2022,2022-04-07,2022-04-08,18m,0.4003439340956536,1662,band1,17-18%,0.1990250974571462,0.2088575958784361,16,-0.20131883663850741
Apr,2022,2022-04-07,2022-04-08,18m,0.4003439340956536,1662,band1,18-19%,0.46677106008223324,0.43617241142567553,16,0.06642712598657963
Apr,2022,2022-04-07,2022-04-08,18m,0.4003439340956536,1662,band1,19-20%,0.16950013465133038,0.21608695652173915,17,-0.23084379944432323
Apr,2022,2022-04-07,2022-04-08,18m,0.4003439340956536,1662,cum,top 2%,-0.051689090514281305,-0.18172721894698196,33,-0.4520330246099349
Apr,2022,2022-04-07,2022-04-08,18m,0.4003439340956536,1662,cum,top 5%,0.16269099984428873,-0.11072279114074784,82,-0.23765293425136488
Apr,2022,2022-04-07,2022-04-08,18m,0.4003439340956536,1662,cum,top 10%,0.27957305136999394,-0.08428296173960909,166,-0.12077088272565967
Apr,2022,2022-04-07,2022-04-08,18m,0.4003439340956536,1662,cum,top 15%,0.3158675980155226,-0.04632006846384251,246,-0.084476336080131
Apr,2022,2022-04-07,2022-04-08,18m,0.4003439340956536,1662,cum,top 20%,0.3165501187615052,0.041860465116279055,329,-0.08379381533414842
Apr,2022,2022-04-07,2022-04-08,18m,0.4003439340956536,1662,cum,top 25%,0.34418168074743605,0.06652227722772275,413,-0.05616225334821756
Apr,2022,2022-04-07,2022-04-08,18m,0.4003439340956536,1662,cum,top 30%,0.3487981984565882,0.08272577121901792,496,-0.05154573563906539
Apr,2022,2022-04-07,2022-04-08,18m,0.4003439340956536,1662,cum,top 40%,0.37234591812579765,0.09624999999999995,661,-0.02799801596985596
Apr,2022,2022-04-07,2022-04-08,18m,0.4003439340956536,1662,cum,top 50%,0.3744806927335426,0.13489227120805147,828,-0.02586324136211099
Apr,2022,2022-04-07,2022-04-08,18m,0.4003439340956536,1662,cum,top 100%,0.4003439340956536,0.18785469420678136,1662,0.0
Apr,2022,2022-04-07,2022-04-08,24m,0.7646021093025406,1641,band5,0-5%,0.37154614527211166,0.06530572755417952,82,-0.3930559640304289
Apr,2022,2022-04-07,2022-04-08,24m,0.7646021093025406,1641,band5,5-10%,0.7768569993819271,0.1777777777777778,83,0.012254890079386516
Apr,2022,2022-04-07,2022-04-08,24m,0.7646021093025406,1641,band5,10-15%,0.7517892778995825,0.2789115646258504,79,-0.01281283140295808
Apr,2022,2022-04-07,2022-04-08,24m,0.7646021093025406,1641,band5,15-20%,0.6227223724799305,0.3573117727915125,82,-0.14187973682261013
Apr,2022,2022-04-07,2022-04-08,24m,0.7646021093025406,1641,band5,20-25%,0.8338920501876974,0.3088321482031767,82,0.06928994088515683
Apr,2022,2022-04-07,2022-04-08,24m,0.7646021093025406,1641,band5,25-30%,0.7328538529756865,0.3598625286795589,82,-0.031748256326854074
Apr,2022,2022-04-07,2022-04-08,24m,0.7646021093025406,1641,band5,30-35%,0.7977212942602333,0.28814852711673467,84,0.03311918495769273
Apr,2022,2022-04-07,2022-04-08,24m,0.7646021093025406,1641,band5,35-40%,0.7391742103498281,0.375,81,-0.02542789895271247
Apr,2022,2022-04-07,2022-04-08,24m,0.7646021093025406,1641,band5,40-45%,0.7933305341091327,0.43013266909506465,80,0.0287284248065921
Apr,2022,2022-04-07,2022-04-08,24m,0.7646021093025406,1641,band5,45-50%,0.606432052331651,0.3962555546718616,84,-0.1581700569708896
Apr,2022,2022-04-07,2022-04-08,24m,0.7646021093025406,1641,band5,50-55%,0.7223306569424851,0.22608963833101758,82,-0.04227145236005547
Apr,2022,2022-04-07,2022-04-08,24m,0.7646021093025406,1641,band5,55-60%,0.9727864726446602,0.5422246311013368,82,0.20818436334211965
Apr,2022,2022-04-07,2022-04-08,24m,0.7646021093025406,1641,band5,60-65%,1.0111188374618953,0.6289655187266889,82,0.24651672815935477
Apr,2022,2022-04-07,2022-04-08,24m,0.7646021093025406,1641,band5,65-70%,0.9180937055537942,0.5031063575970209,84,0.15349159625125364
Apr,2022,2022-04-07,2022-04-08,24m,0.7646021093025406,1641,band5,70-75%,0.7614011443866309,0.43707136237256705,79,-0.0032009649159097098
Apr,2022,2022-04-07,2022-04-08,24m,0.7646021093025406,1641,band5,75-80%,1.0868693649848487,0.8508143322475572,83,0.3222672556823081
Apr,2022,2022-04-07,2022-04-08,24m,0.7646021093025406,1641,band5,80-85%,0.9831461500183867,0.6870985155598642,80,0.2185440407158461
Apr,2022,2022-04-07,2022-04-08,24m,0.7646021093025406,1641,band5,85-90%,0.6944021545467665,0.3263337705158623,82,-0.07019995475577412
Apr,2022,2022-04-07,2022-04-08,24m,0.7646021093025406,1641,band5,90-95%,0.7743151037224172,0.5253006621565643,84,0.009712994419876608
Apr,2022,2022-04-07,2022-04-08,24m,0.7646021093025406,1641,band5,95-100%,0.3514613620837752,0.2696924999032947,84,-0.41314074721876537
Apr,2022,2022-04-07,2022-04-08,24m,0.7646021093025406,1641,band1,0-1%,0.035433711241716154,-0.1271771467207572,16,-0.7291683980608245
Apr,2022,2022-04-07,2022-04-08,24m,0.7646021093025406,1641,band1,1-2%,0.14403649452036127,-0.25053686471009295,17,-0.6205656147821793
Apr,2022,2022-04-07,2022-04-08,24m,0.7646021093025406,1641,band1,2-3%,0.43529987249984486,0.23554913294797686,17,-0.3293022368026957
Apr,2022,2022-04-07,2022-04-08,24m,0.7646021093025406,1641,band1,3-4%,1.1042856246217896,0.5126271601911998,16,0.339683515319249
Apr,2022,2022-04-07,2022-04-08,24m,0.7646021093025406,1641,band1,4-5%,0.14890976869709777,0.062003968253968256,16,-0.6156923406054429
Apr,2022,2022-04-07,2022-04-08,24m,0.7646021093025406,1641,band1,5-6%,0.6004138748709079,0.4018264840182648,17,-0.16418823443163266
Apr,2022,2022-04-07,2022-04-08,24m,0.7646021093025406,1641,band1,6-7%,0.585820594653495,0.09893048128342263,17,-0.17878151464904557
Apr,2022,2022-04-07,2022-04-08,24m,0.7646021093025406,1641,band1,7-8%,0.05454907693988032,0.06694455468199756,16,-0.7100530323626603
Apr,2022,2022-04-07,2022-04-08,24m,0.7646021093025406,1641,band1,8-9%,1.6086898988211553,0.42801980006199625,16,0.8440877895186147
Apr,2022,2022-04-07,2022-04-08,24m,0.7646021093025406,1641,band1,9-10%,1.0412541973299132,0.22560975609756118,17,0.2766520880273726
Apr,2022,2022-04-07,2022-04-08,24m,0.7646021093025406,1641,band1,10-11%,0.7042633241236339,0.25382405947285414,16,-0.06033878517890667
Apr,2022,2022-04-07,2022-04-08,24m,0.7646021093025406,1641,band1,11-12%,1.2582989131637323,0.6199867241864749,16,0.49369680386119175
Apr,2022,2022-04-07,2022-04-08,24m,0.7646021093025406,1641,band1,12-13%,0.6646703491715638,0.22386760236367165,16,-0.09993176013097682
Apr,2022,2022-04-07,2022-04-08,24m,0.7646021093025406,1641,band1,13-14%,0.5026598288820974,0.21829268292682924,15,-0.2619422804204432
Apr,2022,2022-04-07,2022-04-08,24m,0.7646021093025406,1641,band1,14-15%,0.6134833835932926,0.13023448169734742,16,-0.151118725709248
Apr,2022,2022-04-07,2022-04-08,24m,0.7646021093025406,1641,band1,15-16%,0.5075147889255127,0.30243161094224935,17,-0.25708732037702786
Apr,2022,2022-04-07,2022-04-08,24m,0.7646021093025406,1641,band1,16-17%,0.8784780298653211,0.5237153607648086,16,0.11387592056278051
Apr,2022,2022-04-07,2022-04-08,24m,0.7646021093025406,1641,band1,17-18%,0.6470189050691044,0.2988269145639664,16,-0.11758320423343616
Apr,2022,2022-04-07,2022-04-08,24m,0.7646021093025406,1641,band1,18-19%,0.7157551232671753,0.7397340136792966,16,-0.0488469860353653
Apr,2022,2022-04-07,2022-04-08,24m,0.7646021093025406,1641,band1,19-20%,0.38679118825852715,0.15064935064935048,17,-0.3778109210440134
Apr,2022,2022-04-07,2022-04-08,24m,0.7646021093025406,1641,cum,top 2%,0.0913805995973818,-0.13941176470588224,33,-0.6732215097051588
Apr,2022,2022-04-07,2022-04-08,24m,0.7646021093025406,1641,cum,top 5%,0.37154614527211166,0.06530572755417952,82,-0.3930559640304289
Apr,2022,2022-04-07,2022-04-08,24m,0.7646021093025406,1641,cum,top 10%,0.5754297870364431,0.13402061855670122,165,-0.18917232226609748
Apr,2022,2022-04-07,2022-04-08,24m,0.7646021093025406,1641,cum,top 15%,0.6325297861273775,0.17446102819237153,244,-0.13207232317516304
Apr,2022,2022-04-07,2022-04-08,24m,0.7646021093025406,1641,cum,top 20%,0.6300628906700443,0.22545110636665067,326,-0.1345392186324963
Apr,2022,2022-04-07,2022-04-08,24m,0.7646021093025406,1641,cum,top 25%,0.6710285550829059,0.2542097711998794,408,-0.09357355421963465
Apr,2022,2022-04-07,2022-04-08,24m,0.7646021093025406,1641,cum,top 30%,0.6813748294241467,0.2602830976884565,490,-0.08322727987839385
Apr,2022,2022-04-07,2022-04-08,24m,0.7646021093025406,1641,cum,top 40%,0.70344330713592,0.2865275142314989,655,-0.06115880216662062
Apr,2022,2022-04-07,2022-04-08,24m,0.7646021093025406,1641,cum,top 50%,0.7022736279592391,0.30434782608695654,819,-0.06232848134330149
Apr,2022,2022-04-07,2022-04-08,24m,0.7646021093025406,1641,cum,top 100%,0.7646021093025406,0.38808290155440406,1641,0.0
Oct,2022,2022-10-10,2022-10-11,3m,0.026367541541402327,1690,band5,0-5%,0.07583416263352463,0.0,84,0.049466621092122305
Oct,2022,2022-10-10,2022-10-11,3m,0.026367541541402327,1690,band5,5-10%,0.03121964070345662,-0.04885082606893193,84,0.004852099162054292
Oct,2022,2022-10-10,2022-10-11,3m,0.026367541541402327,1690,band5,10-15%,0.03636181835953669,-0.0014673514306677848,83,0.009994276818134362
Oct,2022,2022-10-10,2022-10-11,3m,0.026367541541402327,1690,band5,15-20%,0.0010713777805200723,-0.03871962763715353,84,-0.025296163760882256
Oct,2022,2022-10-10,2022-10-11,3m,0.026367541541402327,1690,band5,20-25%,0.03423283681562514,-0.0061440845896545415,82,0.007865295274222812
Oct,2022,2022-10-10,2022-10-11,3m,0.026367541541402327,1690,band5,25-30%,0.0752640339291771,0.010117801047120345,84,0.04889649238777478
Oct,2022,2022-10-10,2022-10-11,3m,0.026367541541402327,1690,band5,30-35%,0.02777584934937917,-0.011188811188811099,85,0.0014083078079768427
Oct,2022,2022-10-10,2022-10-11,3m,0.026367541541402327,1690,band5,35-40%,0.01599345946235508,-0.06483282529626655,84,-0.010374082079047248
Oct,2022,2022-10-10,2022-10-11,3m,0.026367541541402327,1690,band5,40-45%,0.017339638070410886,-0.008028545941123899,85,-0.00902790347099144
Oct,2022,2022-10-10,2022-10-11,3m,0.026367541541402327,1690,band5,45-50%,0.049594248249903966,-0.0016966406515099841,85,0.02322670670850164
Oct,2022,2022-10-10,2022-10-11,3m,0.026367541541402327,1690,band5,50-55%,-0.03957743372472764,-0.06256890615469318,84,-0.06594497526612997
Oct,2022,2022-10-10,2022-10-11,3m,0.026367541541402327,1690,band5,55-60%,0.014648923252783188,-0.007663340661421714,86,-0.011718618288619139
Oct,2022,2022-10-10,2022-10-11,3m,0.026367541541402327,1690,band5,60-65%,0.05459512016335842,-0.010952380952381047,85,0.028227578621956094
Oct,2022,2022-10-10,2022-10-11,3m,0.026367541541402327,1690,band5,65-70%,0.014037259598489976,-0.0376674107142857,85,-0.01233028194291235
Oct,2022,2022-10-10,2022-10-11,3m,0.026367541541402327,1690,band5,70-75%,0.049205809431663014,0.011587214108569999,85,0.022838267890260687
Oct,2022,2022-10-10,2022-10-11,3m,0.026367541541402327,1690,band5,75-80%,0.03893296383928663,-0.010565302144249444,85,0.0125654222978843
Oct,2022,2022-10-10,2022-10-11,3m,0.026367541541402327,1690,band5,80-85%,0.011237645068509185,-0.018159683473673582,85,-0.015129896472893142
Oct,2022,2022-10-10,2022-10-11,3m,0.026367541541402327,1690,band5,85-90%,0.0012463598682467439,-0.014435637426382875,85,-0.025121181673155583
Oct,2022,2022-10-10,2022-10-11,3m,0.026367541541402327,1690,band5,90-95%,0.012390847455051614,0.002338376891334315,85,-0.013976694086350713
Oct,2022,2022-10-10,2022-10-11,3m,0.026367541541402327,1690,band5,95-100%,0.006615718160124886,0.0017605131860298773,85,-0.019751823381277442
Oct,2022,2022-10-10,2022-10-11,3m,0.026367541541402327,1690,band1,0-1%,-0.006191588801745823,-0.051724137931034475,17,-0.03255913034314815
Oct,2022,2022-10-10,2022-10-11,3m,0.026367541541402327,1690,band1,1-2%,0.08726913676393429,0.032258064516129004,17,0.06090159522253196
Oct,2022,2022-10-10,2022-10-11,3m,0.026367541541402327,1690,band1,2-3%,0.10403584014093588,0.021739130434782705,17,0.07766829859953356
Oct,2022,2022-10-10,2022-10-11,3m,0.026367541541402327,1690,band1,3-4%,0.18753693147900097,0.02648447676943111,16,0.16116938993759863
Oct,2022,2022-10-10,2022-10-11,3m,0.026367541541402327,1690,band1,4-5%,0.01309124469405536,-0.029084158415841554,17,-0.013276296847346967
Oct,2022,2022-10-10,2022-10-11,3m,0.026367541541402327,1690,band1,5-6%,-0.005223679578850556,-0.05291005291005291,17,-0.03159122112025288
Oct,2022,2022-10-10,2022-10-11,3m,0.026367541541402327,1690,band1,6-7%,0.0009440184809943047,-0.05462488350419392,16,-0.025423523060408022
Oct,2022,2022-10-10,2022-10-11,3m,0.026367541541402327,1690,band1,7-8%,0.08681216452486867,-0.01450952253366572,18,0.060444622983466346
Oct,2022,2022-10-10,2022-10-11,3m,0.026367541541402327,1690,band1,8-9%,0.06846876830480898,-0.018905472636815968,17,0.042101226763406656
Oct,2022,2022-10-10,2022-10-11,3m,0.026367541541402327,1690,band1,9-10%,-0.0019024966496551388,-0.058031540318048025,16,-0.028270038191057466
Oct,2022,2022-10-10,2022-10-11,3m,0.026367541541402327,1690,band1,10-11%,-0.06622129724697576,-0.09214466089466089,16,-0.09258883878837809
Oct,2022,2022-10-10,2022-10-11,3m,0.026367541541402327,1690,band1,11-12%,0.10352245165691504,0.03819444444444442,17,0.0771549101155127
Oct,2022,2022-10-10,2022-10-11,3m,0.026367541541402327,1690,band1,12-13%,0.050125927535129046,-0.047164929555334356,16,0.02375838599372672
Oct,2022,2022-10-10,2022-10-11,3m,0.026367541541402327,1690,band1,13-14%,0.03153007543587626,0.06530278497409325,16,0.005162533894473936
Oct,2022,2022-10-10,2022-10-11,3m,0.026367541541402327,1690,band1,14-15%,0.05617744189386209,0.05835293795820118,18,0.029809900352459763
Oct,2022,2022-10-10,2022-10-11,3m,0.026367541541402327,1690,band1,15-16%,0.04681428911297084,-0.03112033195020747,17,0.020446747571568516
Oct,2022,2022-10-10,2022-10-11,3m,0.026367541541402327,1690,band1,16-17%,-0.03956743361757419,0.029982363315696592,17,-0.06593497515897652
Oct,2022,2022-10-10,2022-10-11,3m,0.026367541541402327,1690,band1,17-18%,-0.03497651606874803,-0.05786618444846281,17,-0.061344057610150354
Oct,2022,2022-10-10,2022-10-11,3m,0.026367541541402327,1690,band1,18-19%,0.07147612186128519,0.04379278503525552,16,0.04510858031988286
Oct,2022,2022-10-10,2022-10-11,3m,0.026367541541402327,1690,band1,19-20%,-0.034248116851170796,-0.023669836131903654,17,-0.06061565839257312
Oct,2022,2022-10-10,2022-10-11,3m,0.026367541541402327,1690,cum,top 2%,0.040538773981094234,-0.020833333333333315,34,0.014171232439691907
Oct,2022,2022-10-10,2022-10-11,3m,0.026367541541402327,1690,cum,top 5%,0.07583416263352463,0.0,84,0.049466621092122305
Oct,2022,2022-10-10,2022-10-11,3m,0.026367541541402327,1690,cum,top 10%,0.05352690166849064,-0.021029707532425557,168,0.027159360127088313
Oct,2022,2022-10-10,2022-10-11,3m,0.026367541541402327,1690,cum,top 15%,0.047850798422900284,-0.016393442622950727,251,0.021483256881497957
Oct,2022,2022-10-10,2022-10-11,3m,0.026367541541402327,1690,cum,top 20%,0.03612103324690047,-0.02238354506957063,335,0.009753491705498142
Oct,2022,2022-10-10,2022-10-11,3m,0.026367541541402327,1690,cum,top 25%,0.03574973322923961,-0.021847507331378302,417,0.009382191687837285
Oct,2022,2022-10-10,2022-10-11,3m,0.026367541541402327,1690,cum,top 30%,0.04237488544240279,-0.016393442622950727,501,0.016007343901000462
Oct,2022,2022-10-10,2022-10-11,3m,0.026367541541402327,1690,cum,top 40%,0.037215246859968444,-0.02190131776825327,670,0.010847705318566117
Oct,2022,2022-10-10,2022-10-11,3m,0.026367541541402327,1690,cum,top 50%,0.03645666158738764,-0.017889950226906814,840,0.010089120045985313
Oct,2022,2022-10-10,2022-10-11,3m,0.026367541541402327,1690,cum,top 100%,0.026367541541402327,-0.01564705711210035,1690,0.0
Oct,2022,2022-10-10,2022-10-11,6m,-0.02660498976661894,1690,band5,0-5%,-0.05276814681274652,-0.17591587516960655,84,-0.026163157046127577
Oct,2022,2022-10-10,2022-10-11,6m,-0.02660498976661894,1690,band5,5-10%,-0.025207060201598373,-0.13586998456790117,84,0.0013979295650205677
Oct,2022,2022-10-10,2022-10-11,6m,-0.02660498976661894,1690,band5,10-15%,-0.0556200088680909,-0.09433962264150941,83,-0.029015019101471962
Oct,2022,2022-10-10,2022-10-11,6m,-0.02660498976661894,1690,band5,15-20%,-0.07867535224634435,-0.11125564853987169,84,-0.05207036247972541
Oct,2022,2022-10-10,2022-10-11,6m,-0.02660498976661894,1690,band5,20-25%,-0.0464361498479526,-0.12623179259630907,82,-0.01983116008133366
Oct,2022,2022-10-10,2022-10-11,6m,-0.02660498976661894,1690,band5,25-30%,0.024550334141383696,-0.029220660120163833,84,0.051155323908002634
Oct,2022,2022-10-10,2022-10-11,6m,-0.02660498976661894,1690,band5,30-35%,-0.020589691940066244,-0.0767605633802817,85,0.006015297826552697
Oct,2022,2022-10-10,2022-10-11,6m,-0.02660498976661894,1690,band5,35-40%,-0.03139201959984337,-0.1447296505298572,84,-0.004787029833224429
Oct,2022,2022-10-10,2022-10-11,6m,-0.02660498976661894,1690,band5,40-45%,0.003734868327459621,-0.07604651162790699,85,0.03033985809407856
Oct,2022,2022-10-10,2022-10-11,6m,-0.02660498976661894,1690,band5,45-50%,-0.004305632037087934,-0.079166037165735,85,0.022299357729531007
Oct,2022,2022-10-10,2022-10-11,6m,-0.02660498976661894,1690,band5,50-55%,-0.10039161762766054,-0.13921910827883477,84,-0.07378662786104159
Oct,2022,2022-10-10,2022-10-11,6m,-0.02660498976661894,1690,band5,55-60%,-0.04390207138676188,-0.06789774695615475,86,-0.01729708162014294
Oct,2022,2022-10-10,2022-10-11,6m,-0.02660498976661894,1690,band5,60-65%,-0.010808261865643444,-0.0840893230983949,85,0.0157967279009755
Oct,2022,2022-10-10,2022-10-11,6m,-0.02660498976661894,1690,band5,65-70%,-0.04043560668032637,-0.0811861934856587,85,-0.01383061691370743
Oct,2022,2022-10-10,2022-10-11,6m,-0.02660498976661894,1690,band5,70-75%,0.02708300330203784,-0.021710063335679042,85,0.05368799306865678
Oct,2022,2022-10-10,2022-10-11,6m,-0.02660498976661894,1690,band5,75-80%,0.015891846725150344,-0.05849532037437,85,0.04249683649176929
Oct,2022,2022-10-10,2022-10-11,6m,-0.02660498976661894,1690,band5,80-85%,-0.04260842141910633,-0.07139175257731956,85,-0.016003431652487392
Oct,2022,2022-10-10,2022-10-11,6m,-0.02660498976661894,1690,band5,85-90%,-0.03290893402892045,-0.044792084503275986,85,-0.006303944262301509
Oct,2022,2022-10-10,2022-10-11,6m,-0.02660498976661894,1690,band5,90-95%,-0.015988995364411,-0.04195544554455444,85,0.01061599440220794
Oct,2022,2022-10-10,2022-10-11,6m,-0.02660498976661894,1690,band5,95-100%,-0.003727529202719394,-0.004026217228464413,85,0.022877460563899547
Oct,2022,2022-10-10,2022-10-11,6m,-0.02660498976661894,1690,band1,0-1%,-0.13810124087637402,-0.22499999999999998,17,-0.11149625110975507
Oct,2022,2022-10-10,2022-10-11,6m,-0.02660498976661894,1690,band1,1-2%,-0.008615973395745033,-0.08150470219435735,17,0.017989016370873908
Oct,2022,2022-10-10,2022-10-11,6m,-0.02660498976661894,1690,band1,2-3%,-0.0349221038746535,-0.03364002300172508,17,-0.008317114108034557
Oct,2022,2022-10-10,2022-10-11,6m,-0.02660498976661894,1690,band1,3-4%,0.0003322773208396662,-0.15495371240753814,16,0.026937267087458607
Oct,2022,2022-10-10,2022-10-11,6m,-0.02660498976661894,1690,band1,4-5%,-0.07941013887700056,-0.20730198019801982,17,-0.052805149110381616
Oct,2022,2022-10-10,2022-10-11,6m,-0.02660498976661894,1690,band1,5-6%,-0.11205243506430669,-0.1779279279279279,17,-0.08544744529768775
Oct,2022,2022-10-10,2022-10-11,6m,-0.02660498976661894,1690,band1,6-7%,-0.09359089783772279,-0.1496305133432172,16,-0.06698590807110384
Oct,2022,2022-10-10,2022-10-11,6m,-0.02660498976661894,1690,band1,7-8%,0.07801023277127157,0.09783178701089146,18,0.10461522253789052
Oct,2022,2022-10-10,2022-10-11,6m,-0.02660498976661894,1690,band1,8-9%,-0.03612495112701314,-0.2170343137254902,17,-0.009519961360394198
Oct,2022,2022-10-10,2022-10-11,6m,-0.02660498976661894,1690,band1,9-10%,0.030930792739928104,-0.19300340915441794,16,0.05753578250654705
Oct,2022,2022-10-10,2022-10-11,6m,-0.02660498976661894,1690,band1,10-11%,-0.18475347885067847,-0.15619997141223557,16,-0.15814848908405954
Oct,2022,2022-10-10,2022-10-11,6m,-0.02660498976661894,1690,band1,11-12%,-0.014787302196152822,-0.04447164422684624,17,0.011817687570466119
Oct,2022,2022-10-10,2022-10-11,6m,-0.02660498976661894,1690,band1,12-13%,-0.12494636746627422,-0.1545797294300289,16,-0.09834137769965527
Oct,2022,2022-10-10,2022-10-11,6m,-0.02660498976661894,1690,band1,13-14%,0.0062770129185278495,-0.005021360671884911,16,0.032882002685146794
Oct,2022,2022-10-10,2022-10-11,6m,-0.02660498976661894,1690,band1,14-15%,0.027204929758769463,-0.14774022588404023,18,0.053809919525388404
Oct,2022,2022-10-10,2022-10-11,6m,-0.02660498976661894,1690,band1,15-16%,-0.06003378913786234,-0.11562499999999987,17,-0.03342879937124339
Oct,2022,2022-10-10,2022-10-11,6m,-0.02660498976661894,1690,band1,16-17%,-0.18234330095722565,-0.17732884399551063,17,-0.15573831119060672
Oct,2022,2022-10-10,2022-10-11,6m,-0.02660498976661894,1690,band1,17-18%,-0.06385050198932887,-0.21059972105997216,17,-0.03724551222270993
Oct,2022,2022-10-10,2022-10-11,6m,-0.02660498976661894,1690,band1,18-19%,0.026780957184462467,-0.043883581587298714,16,0.05338594695108141
Oct,2022,2022-10-10,2022-10-11,6m,-0.02660498976661894,1690,band1,19-20%,-0.10772681401230803,-0.12885662431941924,17,-0.08112182424568909
Oct,2022,2022-10-10,2022-10-11,6m,-0.02660498976661894,1690,cum,top 2%,-0.07335860713605952,-0.17110939907550077,34,-0.04675361736944057
Oct,2022,2022-10-10,2022-10-11,6m,-0.02660498976661894,1690,cum,top 5%,-0.05276814681274652,-0.17591587516960655,84,-0.026163157046127577
Oct,2022,2022-10-10,2022-10-11,6m,-0.02660498976661894,1690,cum,top 10%,-0.03898760350717245,-0.1496305133432172,168,-0.012382613740553512
Oct,2022,2022-10-10,2022-10-11,6m,-0.02660498976661894,1690,cum,top 15%,-0.044487562252017984,-0.13542510121457485,251,-0.017882572485399043
Oct,2022,2022-10-10,2022-10-11,6m,-0.02660498976661894,1690,cum,top 20%,-0.05306002302671474,-0.12641509433962272,335,-0.0264550332600958
Oct,2022,2022-10-10,2022-10-11,6m,-0.02660498976661894,1690,cum,top 25%,-0.05175748681410445,-0.12641509433962272,417,-0.025152497047485508
Oct,2022,2022-10-10,2022-10-11,6m,-0.02660498976661894,1690,cum,top 30%,-0.03896336114492081,-0.11549707602339188,501,-0.012358371378301872
Oct,2022,2022-10-10,2022-10-11,6m,-0.02660498976661894,1690,cum,top 40%,-0.035683130440145976,-0.11482616358247222,670,-0.009078140673527035
Oct,2022,2022-10-10,2022-10-11,6m,-0.02660498976661894,1690,cum,top 50%,-0.028519300369305,-0.10439373461242257,840,-0.0019143106026860597
Oct,2022,2022-10-10,2022-10-11,6m,-0.02660498976661894,1690,cum,top 100%,-0.02660498976661894,-0.07759761138187793,1690,0.0
Oct,2022,2022-10-10,2022-10-11,9m,0.16318599009598153,1690,band5,0-5%,0.03980546007082532,-0.12313021571406074,84,-0.12338053002515621
Oct,2022,2022-10-10,2022-10-11,9m,0.16318599009598153,1690,band5,5-10%,0.17382037058041228,-0.018013555787278368,84,0.010634380484430744
Oct,2022,2022-10-10,2022-10-11,9m,0.16318599009598153,1690,band5,10-15%,0.09598189619195449,-0.013157894736842146,83,-0.06720409390402704
Oct,2022,2022-10-10,2022-10-11,9m,0.16318599009598153,1690,band5,15-20%,0.09865715246294306,0.013554750179826325,84,-0.06452883763303847
Oct,2022,2022-10-10,2022-10-11,9m,0.16318599009598153,1690,band5,20-25%,0.11926570068528004,0.10613265782819203,82,-0.04392028941070149
Oct,2022,2022-10-10,2022-10-11,9m,0.16318599009598153,1690,band5,25-30%,0.28326107581116755,0.16157293506887627,84,0.12007508571518602
Oct,2022,2022-10-10,2022-10-11,9m,0.16318599009598153,1690,band5,30-35%,0.15400050008989544,0.06611570247933907,85,-0.009185490006086094
Oct,2022,2022-10-10,2022-10-11,9m,0.16318599009598153,1690,band5,35-40%,0.22191695588342272,-0.008267633004688468,84,0.05873096578744119
Oct,2022,2022-10-10,2022-10-11,9m,0.16318599009598153,1690,band5,40-45%,0.23538783359473506,0.06807902880266603,85,0.07220184349875353
Oct,2022,2022-10-10,2022-10-11,9m,0.16318599009598153,1690,band5,45-50%,0.22831646215932308,0.13920922570016492,85,0.06513047206334155
Oct,2022,2022-10-10,2022-10-11,9m,0.16318599009598153,1690,band5,50-55%,0.13868406767637179,0.05703828897984464,84,-0.024501922419609745
Oct,2022,2022-10-10,2022-10-11,9m,0.16318599009598153,1690,band5,55-60%,0.178495164511928,0.11315751717884326,86,0.01530917441594648
Oct,2022,2022-10-10,2022-10-11,9m,0.16318599009598153,1690,band5,60-65%,0.18763848236274358,0.12295465170640485,85,0.02445249226676205
Oct,2022,2022-10-10,2022-10-11,9m,0.16318599009598153,1690,band5,65-70%,0.1746016789864426,0.11837063924178248,85,0.011415688890461073
Oct,2022,2022-10-10,2022-10-11,9m,0.16318599009598153,1690,band5,70-75%,0.18587409914759012,0.12936283974454188,85,0.02268810905160859
Oct,2022,2022-10-10,2022-10-11,9m,0.16318599009598153,1690,band5,75-80%,0.20548205305940626,0.11066707654472796,85,0.042296062963424724
Oct,2022,2022-10-10,2022-10-11,9m,0.16318599009598153,1690,band5,80-85%,0.11293915328753394,0.11270170468915963,85,-0.05024683680844759
Oct,2022,2022-10-10,2022-10-11,9m,0.16318599009598153,1690,band5,85-90%,0.14864794009983023,0.13133751810719474,85,-0.014538049996151298
Oct,2022,2022-10-10,2022-10-11,9m,0.16318599009598153,1690,band5,90-95%,0.15839460103455033,0.1333333333333333,85,-0.0047913890614312005
Oct,2022,2022-10-10,2022-10-11,9m,0.16318599009598153,1690,band5,95-100%,0.11896740024037054,0.12995112414467247,85,-0.04421858985561099
Oct,2022,2022-10-10,2022-10-11,9m,0.16318599009598153,1690,band1,0-1%,-0.08718057195453432,-0.18965517241379304,17,-0.2503665620505159
Oct,2022,2022-10-10,2022-10-11,9m,0.16318599009598153,1690,band1,1-2%,0.0863042628703455,-0.1428571428571429,17,-0.07688172722563603
Oct,2022,2022-10-10,2022-10-11,9m,0.16318599009598153,1690,band1,2-3%,0.15890978466599262,0.16753343239227347,17,-0.004276205429988911
Oct,2022,2022-10-10,2022-10-11,9m,0.16318599009598153,1690,band1,3-4%,0.1337872429803061,-0.1212579418271379,16,-0.029398747115675444
Oct,2022,2022-10-10,2022-10-11,9m,0.16318599009598153,1690,band1,4-5%,-0.08726507803683736,-0.1206896551724137,17,-0.2504510681328189
Oct,2022,2022-10-10,2022-10-11,9m,0.16318599009598153,1690,band1,5-6%,-0.03143106622043944,-0.052631578947368585,17,-0.19461705631642096
Oct,2022,2022-10-10,2022-10-11,9m,0.16318599009598153,1690,band1,6-7%,0.011964533825638134,-0.06817948053870054,16,-0.1512214562703434
Oct,2022,2022-10-10,2022-10-11,9m,0.16318599009598153,1690,band1,7-8%,0.5951604438979482,0.259817833173538,18,0.43197445380196664
Oct,2022,2022-10-10,2022-10-11,9m,0.16318599009598153,1690,band1,8-9%,0.061842659233216815,-0.022258862324814555,17,-0.10134333086276472
Oct,2022,2022-10-10,2022-10-11,9m,0.16318599009598153,1690,band1,9-10%,0.19872459476025847,0.02146391305260653,16,0.03553860466427694
Oct,2022,2022-10-10,2022-10-11,9m,0.16318599009598153,1690,band1,10-11%,-0.09880508671794327,-0.09286059684995857,16,-0.2619910768139248
Oct,2022,2022-10-10,2022-10-11,9m,0.16318599009598153,1690,band1,11-12%,0.22236631341855506,0.048151750972762475,17,0.05918032332257353
Oct,2022,2022-10-10,2022-10-11,9m,0.16318599009598153,1690,band1,12-13%,-0.03851667222598805,-0.09732439870767012,16,-0.2017026623219696
Oct,2022,2022-10-10,2022-10-11,9m,0.16318599009598153,1690,band1,13-14%,0.11263802579941329,0.03621348797250867,16,-0.05054796429656824
Oct,2022,2022-10-10,2022-10-11,9m,0.16318599009598153,1690,band1,14-15%,0.25451165478494864,0.018270142612247908,18,0.0913256646889671
Oct,2022,2022-10-10,2022-10-11,9m,0.16318599009598153,1690,band1,15-16%,0.21221917909555044,0.04856512141280356,17,0.049033188999568905
Oct,2022,2022-10-10,2022-10-11,9m,0.16318599009598153,1690,band1,16-17%,-0.020169623854389866,-0.1688073394495413,17,-0.1833556139503714
Oct,2022,2022-10-10,2022-10-11,9m,0.16318599009598153,1690,band1,17-18%,-0.020050366884934046,-0.15391814324931374,17,-0.1832363569809156
Oct,2022,2022-10-10,2022-10-11,9m,0.16318599009598153,1690,band1,18-19%,0.2349059307403345,0.13915675085887846,16,0.07171994064435297
Oct,2022,2022-10-10,2022-10-11,9m,0.16318599009598153,1690,band1,19-20%,0.09439527723447144,0.012006861063464935,17,-0.06879071286151009
Oct,2022,2022-10-10,2022-10-11,9m,0.16318599009598153,1690,cum,top 2%,-0.0004381545420944227,-0.15031347962382446,34,-0.16362414463807595
Oct,2022,2022-10-10,2022-10-11,9m,0.16318599009598153,1690,cum,top 5%,0.03980546007082532,-0.12313021571406074,84,-0.12338053002515621
Oct,2022,2022-10-10,2022-10-11,9m,0.16318599009598153,1690,cum,top 10%,0.10681291532561878,-0.07287644787644776,168,-0.056373074770362755
Oct,2022,2022-10-10,2022-10-11,9m,0.16318599009598153,1690,cum,top 15%,0.10323134326149871,-0.05585106382978722,251,-0.059954646834482817
Oct,2022,2022-10-10,2022-10-11,9m,0.16318599009598153,1690,cum,top 20%,0.10208438198663701,-0.036809815950920144,335,-0.06110160810934452
Oct,2022,2022-10-10,2022-10-11,9m,0.16318599009598153,1690,cum,top 25%,0.10546296264200566,-0.023809523809523836,417,-0.05772302745397587
Oct,2022,2022-10-10,2022-10-11,9m,0.16318599009598153,1690,cum,top 30%,0.1352734247302484,0.0030637254901961786,501,-0.02791256536573314
Oct,2022,2022-10-10,2022-10-11,9m,0.16318599009598153,1690,cum,top 40%,0.14851201879358666,0.00627485484591328,670,-0.014673971302394867
Oct,2022,2022-10-10,2022-10-11,9m,0.16318599009598153,1690,cum,top 50%,0.16537847348904522,0.03432143218499728,840,0.0021924833930636878
Oct,2022,2022-10-10,2022-10-11,9m,0.16318599009598153,1690,cum,top 100%,0.16318599009598153,0.08640429119522985,1690,0.0
Oct,2022,2022-10-10,2022-10-11,12m,0.37333423666367554,1690,band5,0-5%,0.27535468809794317,0.07055446401970678,84,-0.09797954856573238
Oct,2022,2022-10-10,2022-10-11,12m,0.37333423666367554,1690,band5,5-10%,0.3893508581423289,0.1500233918128654,84,0.016016621478653348
Oct,2022,2022-10-10,2022-10-11,12m,0.37333423666367554,1690,band5,10-15%,0.38718089925534666,0.22707182320441976,83,0.01384666259167111
Oct,2022,2022-10-10,2022-10-11,12m,0.37333423666367554,1690,band5,15-20%,0.3565833108524195,0.22469488921313796,84,-0.016750925811256034
Oct,2022,2022-10-10,2022-10-11,12m,0.37333423666367554,1690,band5,20-25%,0.3481741868011959,0.22592121274119603,82,-0.02516004986247966
Oct,2022,2022-10-10,2022-10-11,12m,0.37333423666367554,1690,band5,25-30%,0.6104686416590092,0.4067665886829319,84,0.23713440499533361
Oct,2022,2022-10-10,2022-10-11,12m,0.37333423666367554,1690,band5,30-35%,0.376628481702745,0.2941176470588236,85,0.0032942450390694433
Oct,2022,2022-10-10,2022-10-11,12m,0.37333423666367554,1690,band5,35-40%,0.43252179479036745,0.17800625220686894,84,0.05918755812669191
Oct,2022,2022-10-10,2022-10-11,12m,0.37333423666367554,1690,band5,40-45%,0.5504306457537984,0.273764258555133,85,0.17709640909012286
Oct,2022,2022-10-10,2022-10-11,12m,0.37333423666367554,1690,band5,45-50%,0.447926438897416,0.33735878457343205,85,0.07459220223374047
Oct,2022,2022-10-10,2022-10-11,12m,0.37333423666367554,1690,band5,50-55%,0.40070034823439793,0.23578235806743042,84,0.027366111570722385
Oct,2022,2022-10-10,2022-10-11,12m,0.37333423666367554,1690,band5,55-60%,0.3944439770891871,0.32271820813699215,86,0.02110974042551156
Oct,2022,2022-10-10,2022-10-11,12m,0.37333423666367554,1690,band5,60-65%,0.3958930304611373,0.2103594080338267,85,0.02255879379746173
Oct,2022,2022-10-10,2022-10-11,12m,0.37333423666367554,1690,band5,65-70%,0.319147746141767,0.1846336822074215,85,-0.05418649052190855
Oct,2022,2022-10-10,2022-10-11,12m,0.37333423666367554,1690,band5,70-75%,0.35374415718763164,0.29244971066409486,85,-0.01959007947604391
Oct,2022,2022-10-10,2022-10-11,12m,0.37333423666367554,1690,band5,75-80%,0.37847331478854895,0.27161383285302576,85,0.0051390781248734085
Oct,2022,2022-10-10,2022-10-11,12m,0.37333423666367554,1690,band5,80-85%,0.26339526623248605,0.18429471643238005,85,-0.1099389704311895
Oct,2022,2022-10-10,2022-10-11,12m,0.37333423666367554,1690,band5,85-90%,0.2881845486598403,0.21189224704336396,85,-0.08514968800383527
Oct,2022,2022-10-10,2022-10-11,12m,0.37333423666367554,1690,band5,90-95%,0.3239523123549544,0.20269389528568338,85,-0.049381924308721126
Oct,2022,2022-10-10,2022-10-11,12m,0.37333423666367554,1690,band5,95-100%,0.17596629389998789,0.18129528647195037,85,-0.19736794276368766
Oct,2022,2022-10-10,2022-10-11,12m,0.37333423666367554,1690,band1,0-1%,0.032200528607445,-0.051724137931034475,17,-0.34113370805623056
Oct,2022,2022-10-10,2022-10-11,12m,0.37333423666367554,1690,band1,1-2%,0.3461226017034136,0.1781765989751376,17,-0.027211634960261966
Oct,2022,2022-10-10,2022-10-11,12m,0.37333423666367554,1690,band1,2-3%,0.35314695961885273,-0.01035077630822323,17,-0.020187277044822816
Oct,2022,2022-10-10,2022-10-11,12m,0.37333423666367554,1690,band1,3-4%,0.43988421547114887,0.07511658736186744,16,0.06654997880747332
Oct,2022,2022-10-10,2022-10-11,12m,0.37333423666367554,1690,band1,4-5%,0.21509734258139734,0.0847457627118644,17,-0.1582368940822782
Oct,2022,2022-10-10,2022-10-11,12m,0.37333423666367554,1690,band1,5-6%,0.17161396538572365,0.15204678362573087,17,-0.2017202712779519
Oct,2022,2022-10-10,2022-10-11,12m,0.37333423666367554,1690,band1,6-7%,0.3812523042877939,0.2675188760938261,16,0.007918067624118341
Oct,2022,2022-10-10,2022-10-11,12m,0.37333423666367554,1690,band1,7-8%,0.7724381661681287,0.3749345447134077,18,0.3991039295044531
Oct,2022,2022-10-10,2022-10-11,12m,0.37333423666367554,1690,band1,8-9%,0.24687169670444106,0.11580246913580239,17,-0.12646253995923448
Oct,2022,2022-10-10,2022-10-11,12m,0.37333423666367554,1690,band1,9-10%,0.3492057480494877,0.08610896751345265,16,-0.02412848861418787
Oct,2022,2022-10-10,2022-10-11,12m,0.37333423666367554,1690,band1,10-11%,0.049469948962437775,0.0008538251366119742,16,-0.32386428770123776
Oct,2022,2022-10-10,2022-10-11,12m,0.37333423666367554,1690,band1,11-12%,0.6381983093346977,0.3741900647948164,17,0.26486407267102213
Oct,2022,2022-10-10,2022-10-11,12m,0.37333423666367554,1690,band1,12-13%,0.3166732749195183,0.2356771654354748,16,-0.056660961744157246
Oct,2022,2022-10-10,2022-10-11,12m,0.37333423666367554,1690,band1,13-14%,0.40517434113622425,0.35967457637160805,16,0.0318401044725487
Oct,2022,2022-10-10,2022-10-11,12m,0.37333423666367554,1690,band1,14-15%,0.4969756855118346,0.15647129016836736,18,0.12364144884815903
Oct,2022,2022-10-10,2022-10-11,12m,0.37333423666367554,1690,band1,15-16%,0.5248273312331264,0.4661870503597123,17,0.15149309456945087
Oct,2022,2022-10-10,2022-10-11,12m,0.37333423666367554,1690,band1,16-17%,0.17278212345298977,0.06668519033064735,17,-0.20055211321068578
Oct,2022,2022-10-10,2022-10-11,12m,0.37333423666367554,1690,band1,17-18%,0.13844544873216133,0.1622641509433962,17,-0.23488878793151421
Oct,2022,2022-10-10,2022-10-11,12m,0.37333423666367554,1690,band1,18-19%,0.4775012676255179,0.29588830750786654,16,0.10416703096184238
Oct,2022,2022-10-10,2022-10-11,12m,0.37333423666367554,1690,band1,19-20%,0.4764732042049549,0.329551315110882,17,0.10313896754127938
Oct,2022,2022-10-10,2022-10-11,12m,0.37333423666367554,1690,cum,top 2%,0.1891615651554293,0.03594393623281433,34,-0.18417267150824623
Oct,2022,2022-10-10,2022-10-11,12m,0.37333423666367554,1690,cum,top 5%,0.27535468809794317,0.07055446401970678,84,-0.09797954856573238
Oct,2022,2022-10-10,2022-10-11,12m,0.37333423666367554,1690,cum,top 10%,0.332352773120136,0.08955809291379757,168,-0.04098146354353954
Oct,2022,2022-10-10,2022-10-11,12m,0.37333423666367554,1690,cum,top 15%,0.35048318933217776,0.11379310344827576,251,-0.022851047331497787
Oct,2022,2022-10-10,2022-10-11,12m,0.37333423666367554,1690,cum,top 20%,0.3520127720417309,0.1479999999999999,335,-0.02132146462194462
Oct,2022,2022-10-10,2022-10-11,12m,0.37333423666367554,1690,cum,top 25%,0.3512579423301629,0.16352201257861632,417,-0.022076294333512658
Oct,2022,2022-10-10,2022-10-11,12m,0.37333423666367554,1690,cum,top 30%,0.39471841886434067,0.2072072072072073,501,0.021384182200665125
Oct,2022,2022-10-10,2022-10-11,12m,0.37333423666367554,1690,cum,top 40%,0.39716295456441625,0.2093176381616263,670,0.023828717900740704
Oct,2022,2022-10-10,2022-10-11,12m,0.37333423666367554,1690,cum,top 50%,0.4178089663732287,0.24437780504918238,840,0.04447472970955313
Oct,2022,2022-10-10,2022-10-11,12m,0.37333423666367554,1690,cum,top 100%,0.37333423666367554,0.22314827914534685,1690,0.0
Oct,2022,2022-10-10,2022-10-11,18m,0.7325098606283569,1676,band5,0-5%,0.5423323214889405,0.3165293875389774,84,-0.19017753913941637
Oct,2022,2022-10-10,2022-10-11,18m,0.7325098606283569,1676,band5,5-10%,0.7826033997558788,0.5036925566343041,84,0.0500935391275219
Oct,2022,2022-10-10,2022-10-11,18m,0.7325098606283569,1676,band5,10-15%,0.8207875618050325,0.42361111111111116,83,0.08827770117667566
Oct,2022,2022-10-10,2022-10-11,18m,0.7325098606283569,1676,band5,15-20%,0.5656978854788135,0.3983737077931977,83,-0.16681197514954338
Oct,2022,2022-10-10,2022-10-11,18m,0.7325098606283569,1676,band5,20-25%,0.8460584393874656,0.4875444398511781,82,0.11354857875910873
Oct,2022,2022-10-10,2022-10-11,18m,0.7325098606283569,1676,band5,25-30%,1.118723781776171,0.5616423357664234,84,0.38621392114781417
Oct,2022,2022-10-10,2022-10-11,18m,0.7325098606283569,1676,band5,30-35%,0.7707776684002676,0.2895634379263303,85,0.038267807771910745
Oct,2022,2022-10-10,2022-10-11,18m,0.7325098606283569,1676,band5,35-40%,0.8024660700238078,0.5113931793852271,83,0.06995620939545089
Oct,2022,2022-10-10,2022-10-11,18m,0.7325098606283569,1676,band5,40-45%,0.9065093374480121,0.5428727471327144,81,0.17399947681965522
Oct,2022,2022-10-10,2022-10-11,18m,0.7325098606283569,1676,band5,45-50%,0.8011912979481306,0.5786844296419651,85,0.06868143731977372
Oct,2022,2022-10-10,2022-10-11,18m,0.7325098606283569,1676,band5,50-55%,0.7467093595733383,0.5934048841188366,83,0.014199498944981404
Oct,2022,2022-10-10,2022-10-11,18m,0.7325098606283569,1676,band5,55-60%,0.7665177220410685,0.5623282272711695,86,0.034007861412711615
Oct,2022,2022-10-10,2022-10-11,18m,0.7325098606283569,1676,band5,60-65%,0.7169544865659072,0.38865938348723283,84,-0.015555374062449667
Oct,2022,2022-10-10,2022-10-11,18m,0.7325098606283569,1676,band5,65-70%,0.6901491816693551,0.42612836887108996,85,-0.04236067895900175
Oct,2022,2022-10-10,2022-10-11,18m,0.7325098606283569,1676,band5,70-75%,0.7812867552730646,0.4889511619097976,84,0.04877689464470769
Oct,2022,2022-10-10,2022-10-11,18m,0.7325098606283569,1676,band5,75-80%,0.7392281235942859,0.5628955446233725,84,0.006718262965929034
Oct,2022,2022-10-10,2022-10-11,18m,0.7325098606283569,1676,band5,80-85%,0.5998048761853813,0.3426484944991316,82,-0.13270498444297563
Oct,2022,2022-10-10,2022-10-11,18m,0.7325098606283569,1676,band5,85-90%,0.5905026329474469,0.3902783005811298,84,-0.14200722768091
Oct,2022,2022-10-10,2022-10-11,18m,0.7325098606283569,1676,band5,90-95%,0.6646505697441581,0.36079602549982703,85,-0.06785929088419873
Oct,2022,2022-10-10,2022-10-11,18m,0.7325098606283569,1676,band5,95-100%,0.40618487292593497,0.3378309409888358,85,-0.3263249877024219
Oct,2022,2022-10-10,2022-10-11,18m,0.7325098606283569,1676,band1,0-1%,0.191968344785755,0.09820788530465951,17,-0.5405415158426019
Oct,2022,2022-10-10,2022-10-11,18m,0.7325098606283569,1676,band1,1-2%,0.8481571641335347,0.46794871794871784,17,0.11564730350517782
Oct,2022,2022-10-10,2022-10-11,18m,0.7325098606283569,1676,band1,2-3%,0.616433654843537,0.34347826086956523,17,-0.11607620578481992
Oct,2022,2022-10-10,2022-10-11,18m,0.7325098606283569,1676,band1,3-4%,0.6675220547661607,0.5552508841021634,16,-0.06498780586219621
Oct,2022,2022-10-10,2022-10-11,18m,0.7325098606283569,1676,band1,4-5%,0.3949444908731985,0.23624595469255683,17,-0.3375653697551584
Oct,2022,2022-10-10,2022-10-11,18m,0.7325098606283569,1676,band1,5-6%,0.43301018306934425,0.3925081433224755,17,-0.29949967755901263
Oct,2022,2022-10-10,2022-10-11,18m,0.7325098606283569,1676,band1,6-7%,0.7289378402238713,0.5325088197383737,16,-0.0035720204044855652
Oct,2022,2022-10-10,2022-10-11,18m,0.7325098606283569,1676,band1,7-8%,1.2600004934292217,1.3880798709156916,18,0.5274906328008648
Oct,2022,2022-10-10,2022-10-11,18m,0.7325098606283569,1676,band1,8-9%,0.48013696899969366,0.22101711255724266,17,-0.2523728916286632
Oct,2022,2022-10-10,2022-10-11,18m,0.7325098606283569,1676,band1,9-10%,0.9920106043132642,0.3833560094872124,16,0.2595007436849073
Oct,2022,2022-10-10,2022-10-11,18m,0.7325098606283569,1676,band1,10-11%,0.32841136635995405,0.2780919621629825,16,-0.40409849426840283
Oct,2022,2022-10-10,2022-10-11,18m,0.7325098606283569,1676,band1,11-12%,1.3269883780462786,0.7481060606060606,17,0.5944785174179217
Oct,2022,2022-10-10,2022-10-11,18m,0.7325098606283569,1676,band1,12-13%,0.675095108653593,0.3314641629459181,16,-0.05741475197476387
Oct,2022,2022-10-10,2022-10-11,18m,0.7325098606283569,1676,band1,13-14%,0.6713768790422979,0.44691618859622073,16,-0.061132981586058954
Oct,2022,2022-10-10,2022-10-11,18m,0.7325098606283569,1676,band1,14-15%,1.0426906410076358,0.2937574065707559,18,0.3101807803792789
Oct,2022,2022-10-10,2022-10-11,18m,0.7325098606283569,1676,band1,15-16%,0.8542173091859511,0.32365145228215786,17,0.12170744855759419
Oct,2022,2022-10-10,2022-10-11,18m,0.7325098606283569,1676,band1,16-17%,0.26202417070203854,0.21939953810623547,17,-0.47048568992631834
Oct,2022,2022-10-10,2022-10-11,18m,0.7325098606283569,1676,band1,17-18%,0.4726603323287943,0.41235308827206807,17,-0.2598495282995626
Oct,2022,2022-10-10,2022-10-11,18m,0.7325098606283569,1676,band1,18-19%,0.6711247123151616,0.536153846153846,15,-0.061385148313195304
Oct,2022,2022-10-10,2022-10-11,18m,0.7325098606283569,1676,band1,19-20%,0.5808660589605164,0.6227433077401949,17,-0.15164380166784053
Oct,2022,2022-10-10,2022-10-11,18m,0.7325098606283569,1676,cum,top 2%,0.5200627544596448,0.2721752178224889,34,-0.2124471061687121
Oct,2022,2022-10-10,2022-10-11,18m,0.7325098606283569,1676,cum,top 5%,0.5423323214889405,0.3165293875389774,84,-0.19017753913941637
Oct,2022,2022-10-10,2022-10-11,18m,0.7325098606283569,1676,cum,top 10%,0.6624678606224096,0.4241095046706096,168,-0.07004200000594729
Oct,2022,2022-10-10,2022-10-11,18m,0.7325098606283569,1676,cum,top 15%,0.7148205904955478,0.42361111111111116,251,-0.017689270132809076
Oct,2022,2022-10-10,2022-10-11,18m,0.7325098606283569,1676,cum,top 20%,0.6777631518237246,0.4147051159558759,334,-0.05474670880463228
Oct,2022,2022-10-10,2022-10-11,18m,0.7325098606283569,1676,cum,top 25%,0.7109367421608082,0.42381535947712423,416,-0.021573118467548724
Oct,2022,2022-10-10,2022-10-11,18m,0.7325098606283569,1676,cum,top 30%,0.7794449648161892,0.43956410012372715,500,0.04693510418783231
Oct,2022,2022-10-10,2022-10-11,18m,0.7325098606283569,1676,cum,top 40%,0.781202497057026,0.43091632505425626,668,0.04869263642866917
Oct,2022,2022-10-10,2022-10-11,18m,0.7325098606283569,1676,cum,top 50%,0.7954098137805438,0.4695675793133419,834,0.06289995315218688
Oct,2022,2022-10-10,2022-10-11,18m,0.7325098606283569,1676,cum,top 100%,0.7325098606283569,0.44611940520889215,1676,0.0
Oct,2022,2022-10-10,2022-10-11,24m,0.9995615523976555,1653,band5,0-5%,0.8815971901730434,0.465691433064199,84,-0.11796436222461215
Oct,2022,2022-10-10,2022-10-11,24m,0.9995615523976555,1653,band5,5-10%,1.0325746871729682,0.48179162289915956,84,0.03301313477531265
Oct,2022,2022-10-10,2022-10-11,24m,0.9995615523976555,1653,band5,10-15%,0.8941277973357401,0.4200226979850048,79,-0.10543375506191544
Oct,2022,2022-10-10,2022-10-11,24m,0.9995615523976555,1653,band5,15-20%,0.7909780902551385,0.5047430830039525,81,-0.208583462142517
Oct,2022,2022-10-10,2022-10-11,24m,0.9995615523976555,1653,band5,20-25%,1.1926988391672657,0.6290909090909089,79,0.19313728676961017
Oct,2022,2022-10-10,2022-10-11,24m,0.9995615523976555,1653,band5,25-30%,1.2860726256973742,0.5483100331674958,84,0.2865110732997187
Oct,2022,2022-10-10,2022-10-11,24m,0.9995615523976555,1653,band5,30-35%,1.1109718473199284,0.4407871126580307,84,0.11141029492227283
Oct,2022,2022-10-10,2022-10-11,24m,0.9995615523976555,1653,band5,35-40%,1.1566431207378765,0.4334588038477625,81,0.1570815683402209
Oct,2022,2022-10-10,2022-10-11,24m,0.9995615523976555,1653,band5,40-45%,1.2666418355734586,0.5077183350316311,80,0.267080283175803
Oct,2022,2022-10-10,2022-10-11,24m,0.9995615523976555,1653,band5,45-50%,1.1625151795495836,0.8350485151426053,83,0.16295362715192807
Oct,2022,2022-10-10,2022-10-11,24m,0.9995615523976555,1653,band5,50-55%,1.1749002270672952,0.7850569976651558,83,0.1753386746696397
Oct,2022,2022-10-10,2022-10-11,24m,0.9995615523976555,1653,band5,55-60%,1.0306069574611172,0.5857201734293036,86,0.03104540506346165
Oct,2022,2022-10-10,2022-10-11,24m,0.9995615523976555,1653,band5,60-65%,0.8168793666556399,0.3938285714285714,83,-0.18268218574201567
Oct,2022,2022-10-10,2022-10-11,24m,0.9995615523976555,1653,band5,65-70%,0.8286306713718622,0.4760824577215912,84,-0.17093088102579335
Oct,2022,2022-10-10,2022-10-11,24m,0.9995615523976555,1653,band5,70-75%,1.1297674383913276,0.7890301902398675,82,0.1302058859936721
Oct,2022,2022-10-10,2022-10-11,24m,0.9995615523976555,1653,band5,75-80%,0.9063724985689605,0.6170393460280565,84,-0.09318905382869502
Oct,2022,2022-10-10,2022-10-11,24m,0.9995615523976555,1653,band5,80-85%,0.8796577894490942,0.6298944507989157,80,-0.11990376294856131
Oct,2022,2022-10-10,2022-10-11,24m,0.9995615523976555,1653,band5,85-90%,0.8195116027294872,0.5823772372648004,83,-0.18004994966816834
Oct,2022,2022-10-10,2022-10-11,24m,0.9995615523976555,1653,band5,90-95%,1.0267432463400925,0.6333571137382799,85,0.02718169394243697
Oct,2022,2022-10-10,2022-10-11,24m,0.9995615523976555,1653,band5,95-100%,0.6154759594640703,0.4903723906646711,84,-0.38408559293358524
Oct,2022,2022-10-10,2022-10-11,24m,0.9995615523976555,1653,band1,0-1%,0.3659375743561527,0.02286465177398167,17,-0.6336239780415028
Oct,2022,2022-10-10,2022-10-11,24m,0.9995615523976555,1653,band1,1-2%,2.0141188172227156,0.7403200195431785,17,1.01455726482506
Oct,2022,2022-10-10,2022-10-11,24m,0.9995615523976555,1653,band1,2-3%,0.4996016131284881,0.39261363636363655,17,-0.49995993926916743
Oct,2022,2022-10-10,2022-10-11,24m,0.9995615523976555,1653,band1,3-4%,0.8375033420646084,0.507156808403938,16,-0.16205821033304713
Oct,2022,2022-10-10,2022-10-11,24m,0.9995615523976555,1653,band1,4-5%,0.6882308483221676,0.45695364238410585,17,-0.3113307040754879
Oct,2022,2022-10-10,2022-10-11,24m,0.9995615523976555,1653,band1,5-6%,0.5548938442425406,0.3247747747747749,17,-0.4446677081551149
Oct,2022,2022-10-10,2022-10-11,24m,0.9995615523976555,1653,band1,6-7%,0.9042930617455547,0.6156230171319795,16,-0.09526849065210086
Oct,2022,2022-10-10,2022-10-11,24m,0.9995615523976555,1653,band1,7-8%,1.8904810140201742,1.1709140492856371,18,0.8909194616225187
Oct,2022,2022-10-10,2022-10-11,24m,0.9995615523976555,1653,band1,8-9%,0.5024983204757223,0.4214285714285715,17,-0.49706323192193325
Oct,2022,2022-10-10,2022-10-11,24m,0.9995615523976555,1653,band1,9-10%,1.2664537301266772,0.9200382176669851,16,0.26689217772902163
Oct,2022,2022-10-10,2022-10-11,24m,0.9995615523976555,1653,band1,10-11%,0.31732906840176056,0.21145155112983516,16,-0.682232483995895
Oct,2022,2022-10-10,2022-10-11,24m,0.9995615523976555,1653,band1,11-12%,1.1233776863293214,0.5907692307692307,17,0.1238161339316659
Oct,2022,2022-10-10,2022-10-11,24m,0.9995615523976555,1653,band1,12-13%,1.1958365672516638,0.22359724994455532,15,0.19627501485400822
Oct,2022,2022-10-10,2022-10-11,24m,0.9995615523976555,1653,band1,13-14%,0.610852305699752,0.5242300989925024,16,-0.3887092466979035
Oct,2022,2022-10-10,2022-10-11,24m,0.9995615523976555,1653,band1,14-15%,1.2500149885017235,0.6088775510204081,15,0.250453436104068
Oct,2022,2022-10-10,2022-10-11,24m,0.9995615523976555,1653,band1,15-16%,1.2303774267196224,0.22790352504638234,17,0.23081587432196682
Oct,2022,2022-10-10,2022-10-11,24m,0.9995615523976555,1653,band1,16-17%,0.2721430067717332,0.29237875288683624,15,-0.7274185456259223
Oct,2022,2022-10-10,2022-10-11,24m,0.9995615523976555,1653,band1,17-18%,0.7428421195220426,0.5094076655052264,17,-0.25671943287561294
Oct,2022,2022-10-10,2022-10-11,24m,0.9995615523976555,1653,band1,18-19%,0.8667779635791549,0.9238421955403089,15,-0.1327835888185006
Oct,2022,2022-10-10,2022-10-11,24m,0.9995615523976555,1653,band1,19-20%,0.7906281452526227,1.0139358108108105,17,-0.20893340714503283
Oct,2022,2022-10-10,2022-10-11,24m,0.9995615523976555,1653,cum,top 2%,1.1900281957894343,0.449277726001864,34,0.19046664339177877
Oct,2022,2022-10-10,2022-10-11,24m,0.9995615523976555,1653,cum,top 5%,0.8815971901730434,0.465691433064199,84,-0.11796436222461215
Oct,2022,2022-10-10,2022-10-11,24m,0.9995615523976555,1653,cum,top 10%,0.9570859386730057,0.47276148687214603,168,-0.04247561372464981
Oct,2022,2022-10-10,2022-10-11,24m,0.9995615523976555,1653,cum,top 15%,0.9369495290954997,0.4640547263681589,247,-0.06261202330215587
Oct,2022,2022-10-10,2022-10-11,24m,0.9995615523976555,1653,cum,top 20%,0.9009017042599228,0.4654743328810491,328,-0.09865984813773276
Oct,2022,2022-10-10,2022-10-11,24m,0.9995615523976555,1653,cum,top 25%,0.9575404601755986,0.4926525529265253,407,-0.042021092222056966
Oct,2022,2022-10-10,2022-10-11,24m,0.9995615523976555,1653,cum,top 30%,1.0137455557027455,0.5047430830039525,491,0.014184003305089954
Oct,2022,2022-10-10,2022-10-11,24m,0.9995615523976555,1653,cum,top 40%,1.043839627751052,0.48738610038610053,656,0.04427807535339645
Oct,2022,2022-10-10,2022-10-11,24m,0.9995615523976555,1653,cum,top 50%,1.0776299176473532,0.5094076655052264,819,0.07806836524969762
Oct,2022,2022-10-10,2022-10-11,24m,0.9995615523976555,1653,cum,top 100%,0.9995615523976555,0.5524615384615386,1653,0.0
Apr,2023,2023-04-03,2023-04-05,3m,0.23131389366273278,1722,band5,0-5%,0.23676953617732452,0.0945515437850134,86,0.005455642514591741
Apr,2023,2023-04-03,2023-04-05,3m,0.23131389366273278,1722,band5,5-10%,0.19783964874279591,0.1335078534031413,85,-0.03347424491993686
Apr,2023,2023-04-03,2023-04-05,3m,0.23131389366273278,1722,band5,10-15%,0.1920235039198269,0.15279591219865152,84,-0.039290389742905885
Apr,2023,2023-04-03,2023-04-05,3m,0.23131389366273278,1722,band5,15-20%,0.2207945108565479,0.1698108646463865,86,-0.01051938280618489
Apr,2023,2023-04-03,2023-04-05,3m,0.23131389366273278,1722,band5,20-25%,0.27581793521051856,0.26734329265974854,86,0.04450404154778578
Apr,2023,2023-04-03,2023-04-05,3m,0.23131389366273278,1722,band5,25-30%,0.2487044889171502,0.2323383084577113,86,0.017390595254417412
Apr,2023,2023-04-03,2023-04-05,3m,0.23131389366273278,1722,band5,30-35%,0.20249629382091344,0.16244354769565827,84,-0.028817599841819336
Apr,2023,2023-04-03,2023-04-05,3m,0.23131389366273278,1722,band5,35-40%,0.3027774752174631,0.25537427170669313,86,0.07146358155473034
Apr,2023,2023-04-03,2023-04-05,3m,0.23131389366273278,1722,band5,40-45%,0.3395857679259701,0.22471584245078957,86,0.10827187426323734
Apr,2023,2023-04-03,2023-04-05,3m,0.23131389366273278,1722,band5,45-50%,0.2755096631348368,0.21647398843930632,87,0.044195769472104046
Apr,2023,2023-04-03,2023-04-05,3m,0.23131389366273278,1722,band5,50-55%,0.2126899264565853,0.18581560283687937,87,-0.01862396720614748
Apr,2023,2023-04-03,2023-04-05,3m,0.23131389366273278,1722,band5,55-60%,0.2500617026551389,0.20751408090117762,86,0.018747808992406106
Apr,2023,2023-04-03,2023-04-05,3m,0.23131389366273278,1722,band5,60-65%,0.2348749940793209,0.20377538575746312,87,0.003561100416588109
Apr,2023,2023-04-03,2023-04-05,3m,0.23131389366273278,1722,band5,65-70%,0.2542883798243236,0.22381389757477932,86,0.02297448616159084
Apr,2023,2023-04-03,2023-04-05,3m,0.23131389366273278,1722,band5,70-75%,0.1909803945794697,0.1752212389380532,87,-0.040333499083263086
Apr,2023,2023-04-03,2023-04-05,3m,0.23131389366273278,1722,band5,75-80%,0.23676407078402575,0.19966598270628644,86,0.005450177121292976
Apr,2023,2023-04-03,2023-04-05,3m,0.23131389366273278,1722,band5,80-85%,0.22174290655201992,0.2053604436229206,87,-0.009570987110712859
Apr,2023,2023-04-03,2023-04-05,3m,0.23131389366273278,1722,band5,85-90%,0.1863038556767169,0.17398228893279566,86,-0.04501003798601588
Apr,2023,2023-04-03,2023-04-05,3m,0.23131389366273278,1722,band5,90-95%,0.19560556827515851,0.1778092540132199,87,-0.03570832538757426
Apr,2023,2023-04-03,2023-04-05,3m,0.23131389366273278,1722,band5,95-100%,0.1502731852534201,0.1468202764976958,87,-0.08104070840931268
Apr,2023,2023-04-03,2023-04-05,3m,0.23131389366273278,1722,band1,0-1%,0.24029654247216062,0.012820512820512997,17,0.00898264880942784
Apr,2023,2023-04-03,2023-04-05,3m,0.23131389366273278,1722,band1,1-2%,0.2605551661859434,0.11494252873563227,17,0.0292412725232106
Apr,2023,2023-04-03,2023-04-05,3m,0.23131389366273278,1722,band1,2-3%,0.16105767366546014,0.08721624850657106,17,-0.07025621999727263
Apr,2023,2023-04-03,2023-04-05,3m,0.23131389366273278,1722,band1,3-4%,0.12997358767828834,0.02203285736219862,18,-0.10134030598444443
Apr,2023,2023-04-03,2023-04-05,3m,0.23131389366273278,1722,band1,4-5%,0.39824682550236057,0.12952594251586436,17,0.1669329318396278
Apr,2023,2023-04-03,2023-04-05,3m,0.23131389366273278,1722,band1,5-6%,0.24168300206421073,0.1343992922743974,16,0.01036910840147795
Apr,2023,2023-04-03,2023-04-05,3m,0.23131389366273278,1722,band1,6-7%,0.20198542320876575,0.15629282365668962,18,-0.029328470453967026
Apr,2023,2023-04-03,2023-04-05,3m,0.23131389366273278,1722,band1,7-8%,-0.037165921895790086,0.020715917339140077,16,-0.26847981555852285
Apr,2023,2023-04-03,2023-04-05,3m,0.23131389366273278,1722,band1,8-9%,0.20174831459016704,0.13054435483870974,17,-0.02956557907256574
Apr,2023,2023-04-03,2023-04-05,3m,0.23131389366273278,1722,band1,9-10%,0.35992432748068354,0.24481946624803763,18,0.12861043381795076
Apr,2023,2023-04-03,2023-04-05,3m,0.23131389366273278,1722,band1,10-11%,0.3614901032849873,0.2028456767603064,17,0.13017620962225454
Apr,2023,2023-04-03,2023-04-05,3m,0.23131389366273278,1722,band1,11-12%,0.11813117087291314,0.12616822429906538,17,-0.11318272278981964
Apr,2023,2023-04-03,2023-04-05,3m,0.23131389366273278,1722,band1,12-13%,0.12614929527971308,0.10812468403341124,18,-0.1051645983830197
Apr,2023,2023-04-03,2023-04-05,3m,0.23131389366273278,1722,band1,13-14%,0.22556015460062467,0.22275969776067783,16,-0.005753739062108104
Apr,2023,2023-04-03,2023-04-05,3m,0.23131389366273278,1722,band1,14-15%,0.13104767999602013,0.14717893754121225,16,-0.10026621366671265
Apr,2023,2023-04-03,2023-04-05,3m,0.23131389366273278,1722,band1,15-16%,0.19093192086587377,0.1686746987951806,17,-0.04038197279685901
Apr,2023,2023-04-03,2023-04-05,3m,0.23131389366273278,1722,band1,16-17%,0.3411034088788943,0.3650871847836066,18,0.10978951521616151
Apr,2023,2023-04-03,2023-04-05,3m,0.23131389366273278,1722,band1,17-18%,0.2564901681498333,0.20098039215686292,17,0.025176274487100497
Apr,2023,2023-04-03,2023-04-05,3m,0.23131389366273278,1722,band1,18-19%,0.1855365244577677,0.13249999999999984,17,-0.045777369204965085
Apr,2023,2023-04-03,2023-04-05,3m,0.23131389366273278,1722,band1,19-20%,0.12283353792905605,0.11678832116788329,17,-0.10848035573367673
Apr,2023,2023-04-03,2023-04-05,3m,0.23131389366273278,1722,cum,top 2%,0.25042585432905196,0.1103823469595282,34,0.019111960666319178
Apr,2023,2023-04-03,2023-04-05,3m,0.23131389366273278,1722,cum,top 5%,0.23676953617732452,0.0945515437850134,86,0.005455642514591741
Apr,2023,2023-04-03,2023-04-05,3m,0.23131389366273278,1722,cum,top 10%,0.2174184225402782,0.11494252873563227,171,-0.013895471122454567
Apr,2023,2023-04-03,2023-04-05,3m,0.23131389366273278,1722,cum,top 15%,0.20905303758295304,0.12916666666666665,255,-0.022260856079779734
Apr,2023,2023-04-03,2023-04-05,3m,0.23131389366273278,1722,cum,top 20%,0.2120142302560591,0.13888888888888884,341,-0.01929966340667369
Apr,2023,2023-04-03,2023-04-05,3m,0.23131389366273278,1722,cum,top 25%,0.22486462516491976,0.16279069767441867,427,-0.006449268497813021
Apr,2023,2023-04-03,2023-04-05,3m,0.23131389366273278,1722,cum,top 30%,0.2288611715249428,0.17021276595744683,513,-0.0024527221377899644
Apr,2023,2023-04-03,2023-04-05,3m,0.23131389366273278,1722,cum,top 40%,0.23492581631325649,0.18497109826589586,683,0.003611922650523708
Apr,2023,2023-04-03,2023-04-05,3m,0.23131389366273278,1722,cum,top 50%,0.24956547812654026,0.19303688092729188,856,0.01825158446380748
Apr,2023,2023-04-03,2023-04-05,3m,0.23131389366273278,1722,cum,top 100%,0.23131389366273278,0.19181111677126905,1722,0.0
Apr,2023,2023-04-03,2023-04-05,6m,0.4356508673521653,1722,band5,0-5%,0.41410255968151555,0.265993265993266,86,-0.021548307670649747
Apr,2023,2023-04-03,2023-04-05,6m,0.4356508673521653,1722,band5,5-10%,0.44889438679504295,0.3142857142857143,85,0.01324351944287766
Apr,2023,2023-04-03,2023-04-05,6m,0.4356508673521653,1722,band5,10-15%,0.5121098359046707,0.33195061047190866,84,0.07645896855250545
Apr,2023,2023-04-03,2023-04-05,6m,0.4356508673521653,1722,band5,15-20%,0.46407131211157227,0.4208144796380091,86,0.02842044475940697
Apr,2023,2023-04-03,2023-04-05,6m,0.4356508673521653,1722,band5,20-25%,0.48698297145386776,0.42717017779769906,86,0.05133210410170247
Apr,2023,2023-04-03,2023-04-05,6m,0.4356508673521653,1722,band5,25-30%,0.5298818709837684,0.44564003417312603,86,0.09423100363160308
Apr,2023,2023-04-03,2023-04-05,6m,0.4356508673521653,1722,band5,30-35%,0.4338772879867743,0.3361854863402851,84,-0.0017735793653910203
Apr,2023,2023-04-03,2023-04-05,6m,0.4356508673521653,1722,band5,35-40%,0.6489768472466856,0.5074604714854231,86,0.2133259798945203
Apr,2023,2023-04-03,2023-04-05,6m,0.4356508673521653,1722,band5,40-45%,0.6019518541460573,0.44112297415681123,86,0.16630098679389205
Apr,2023,2023-04-03,2023-04-05,6m,0.4356508673521653,1722,band5,45-50%,0.5348051466989083,0.4578272027373824,87,0.09915427934674304
Apr,2023,2023-04-03,2023-04-05,6m,0.4356508673521653,1722,band5,50-55%,0.42371074244505286,0.38685621067350273,87,-0.011940124907112437
Apr,2023,2023-04-03,2023-04-05,6m,0.4356508673521653,1722,band5,55-60%,0.4495664532564916,0.3479667444574096,86,0.013915585904326289
Apr,2023,2023-04-03,2023-04-05,6m,0.4356508673521653,1722,band5,60-65%,0.41118345278696344,0.3563492063492064,87,-0.02446741456520185
Apr,2023,2023-04-03,2023-04-05,6m,0.4356508673521653,1722,band5,65-70%,0.40241604974783723,0.32235510269693257,86,-0.03323481760432806
Apr,2023,2023-04-03,2023-04-05,6m,0.4356508673521653,1722,band5,70-75%,0.40212046611113916,0.30244664237376373,87,-0.03353040124102613
Apr,2023,2023-04-03,2023-04-05,6m,0.4356508673521653,1722,band5,75-80%,0.44736257809086855,0.32748152135400543,86,0.011711710738703252
Apr,2023,2023-04-03,2023-04-05,6m,0.4356508673521653,1722,band5,80-85%,0.34995420513577363,0.3111557788944723,87,-0.08569666221639166
Apr,2023,2023-04-03,2023-04-05,6m,0.4356508673521653,1722,band5,85-90%,0.2857914317935212,0.2656776718770424,86,-0.14985943555864412
Apr,2023,2023-04-03,2023-04-05,6m,0.4356508673521653,1722,band5,90-95%,0.27437792564123764,0.2458923512747877,87,-0.16127294171092765
Apr,2023,2023-04-03,2023-04-05,6m,0.4356508673521653,1722,band5,95-100%,0.19806546858231167,0.1668150925708929,87,-0.23758539876985363
Apr,2023,2023-04-03,2023-04-05,6m,0.4356508673521653,1722,band1,0-1%,0.36190086670239324,0.23202614379084974,17,-0.07375000064977205
Apr,2023,2023-04-03,2023-04-05,6m,0.4356508673521653,1722,band1,1-2%,0.4965498818000826,0.431939978563773,17,0.06089901444791729
Apr,2023,2023-04-03,2023-04-05,6m,0.4356508673521653,1722,band1,2-3%,0.3929925047760996,0.12039473684210544,17,-0.0426583625760657
Apr,2023,2023-04-03,2023-04-05,6m,0.4356508673521653,1722,band1,3-4%,0.20605453242523614,0.11273118700459928,18,-0.22959633492692916
Apr,2023,2023-04-03,2023-04-05,6m,0.4356508673521653,1722,band1,4-5%,0.6252531319541356,0.3869565217391304,17,0.18960226460197027
Apr,2023,2023-04-03,2023-04-05,6m,0.4356508673521653,1722,band1,5-6%,0.4097469075358531,0.3351808718656545,16,-0.025903959816312216
Apr,2023,2023-04-03,2023-04-05,6m,0.4356508673521653,1722,band1,6-7%,0.6218564048327861,0.43388675625130835,18,0.18620553748062085
Apr,2023,2023-04-03,2023-04-05,6m,0.4356508673521653,1722,band1,7-8%,0.19705037431568892,0.195962899102206,16,-0.23860049303647637
Apr,2023,2023-04-03,2023-04-05,6m,0.4356508673521653,1722,band1,8-9%,0.36386317484954567,0.21129032258064506,17,-0.07178769250261963
Apr,2023,2023-04-03,2023-04-05,6m,0.4356508673521653,1722,band1,9-10%,0.6148987282511974,0.5734955520669806,18,0.1792478608990321
Apr,2023,2023-04-03,2023-04-05,6m,0.4356508673521653,1722,band1,10-11%,0.6172113186266766,0.3272675575774808,17,0.18156045127451126
Apr,2023,2023-04-03,2023-04-05,6m,0.4356508673521653,1722,band1,11-12%,0.28960635944121105,0.3723662884927068,17,-0.14604450791095425
Apr,2023,2023-04-03,2023-04-05,6m,0.4356508673521653,1722,band1,12-13%,0.3858001946618096,0.33695089576411263,18,-0.0498506726903557
Apr,2023,2023-04-03,2023-04-05,6m,0.4356508673521653,1722,band1,13-14%,1.039950379640441,0.4363821516130264,16,0.6042995122882757
Apr,2023,2023-04-03,2023-04-05,6m,0.4356508673521653,1722,band1,14-15%,0.25110725691741514,0.18989540351213907,16,-0.18454361043475015
Apr,2023,2023-04-03,2023-04-05,6m,0.4356508673521653,1722,band1,15-16%,0.4439673999062427,0.40441176470588247,17,0.008316532554077383
Apr,2023,2023-04-03,2023-04-05,6m,0.4356508673521653,1722,band1,16-17%,0.5927220932806805,0.49597669256381804,18,0.1570712259285152
Apr,2023,2023-04-03,2023-04-05,6m,0.4356508673521653,1722,band1,17-18%,0.4980189001784937,0.5006281407035176,17,0.06236803282632841
Apr,2023,2023-04-03,2023-04-05,6m,0.4356508673521653,1722,band1,18-19%,0.3955325283867066,0.3474999999999999,17,-0.04011833896545869
Apr,2023,2023-04-03,2023-04-05,6m,0.4356508673521653,1722,band1,19-20%,0.38254794579578943,0.3868613138686132,17,-0.05310292155637586
Apr,2023,2023-04-03,2023-04-05,6m,0.4356508673521653,1722,cum,top 2%,0.42922537425123797,0.2854369476893398,34,-0.006425493100927326
Apr,2023,2023-04-03,2023-04-05,6m,0.4356508673521653,1722,cum,top 5%,0.41410255968151555,0.265993265993266,86,-0.021548307670649747
Apr,2023,2023-04-03,2023-04-05,6m,0.4356508673521653,1722,cum,top 10%,0.4313967427496432,0.28944504896626766,171,-0.0042541246025221136
Apr,2023,2023-04-03,2023-04-05,6m,0.4356508673521653,1722,cum,top 15%,0.4579845852007111,0.30704636728733137,255,0.02233371784854582
Apr,2023,2023-04-03,2023-04-05,6m,0.4356508673521653,1722,cum,top 20%,0.45951965415770246,0.3270013568521031,341,0.023868786805537168
Apr,2023,2023-04-03,2023-04-05,6m,0.4356508673521653,1722,cum,top 25%,0.4650509077583353,0.33967391304347827,427,0.029400040406170003
Apr,2023,2023-04-03,2023-04-05,6m,0.4356508673521653,1722,cum,top 30%,0.47591925636922666,0.36987607244995235,513,0.04026838901706137
Apr,2023,2023-04-03,2023-04-05,6m,0.4356508673521653,1722,cum,top 40%,0.4925392087430706,0.37419354838709684,683,0.05688834139090532
Apr,2023,2023-04-03,2023-04-05,6m,0.4356508673521653,1722,cum,top 50%,0.5078273210173869,0.3989936409958257,856,0.07217645366522163
Apr,2023,2023-04-03,2023-04-05,6m,0.4356508673521653,1722,cum,top 100%,0.4356508673521653,0.33829465541490866,1722,0.0
Apr,2023,2023-04-03,2023-04-05,9m,0.7256158674146183,1722,band5,0-5%,0.8702511974948288,0.5856377277599143,86,0.14463533008021057
Apr,2023,2023-04-03,2023-04-05,9m,0.7256158674146183,1722,band5,5-10%,0.8266072659768868,0.6229411764705881,85,0.10099139856226858
Apr,2023,2023-04-03,2023-04-05,9m,0.7256158674146183,1722,band5,10-15%,0.8975690346191593,0.6408259683741448,84,0.171953167204541
Apr,2023,2023-04-03,2023-04-05,9m,0.7256158674146183,1722,band5,15-20%,0.7631592719584961,0.6689344648750589,86,0.037543404543877834
Apr,2023,2023-04-03,2023-04-05,9m,0.7256158674146183,1722,band5,20-25%,0.8295459105236516,0.7663020833333334,86,0.10393004310903331
Apr,2023,2023-04-03,2023-04-05,9m,0.7256158674146183,1722,band5,25-30%,0.8883035700188598,0.7350309223531045,86,0.1626877026042416
Apr,2023,2023-04-03,2023-04-05,9m,0.7256158674146183,1722,band5,30-35%,0.73052203786544,0.5084108168250668,84,0.004906170450821756
Apr,2023,2023-04-03,2023-04-05,9m,0.7256158674146183,1722,band5,35-40%,1.0858131519110281,0.7902550486888302,86,0.36019728449640986
Apr,2023,2023-04-03,2023-04-05,9m,0.7256158674146183,1722,band5,40-45%,0.8920121188204102,0.6591774002109778,86,0.16639625140579195
Apr,2023,2023-04-03,2023-04-05,9m,0.7256158674146183,1722,band5,45-50%,0.9063827942600613,0.6528795811518324,87,0.18076692684544304
Apr,2023,2023-04-03,2023-04-05,9m,0.7256158674146183,1722,band5,50-55%,0.769127424292456,0.6512195121951221,87,0.0435115568778377
Apr,2023,2023-04-03,2023-04-05,9m,0.7256158674146183,1722,band5,55-60%,0.6472613453020927,0.5176686264034897,86,-0.07835452211252558
Apr,2023,2023-04-03,2023-04-05,9m,0.7256158674146183,1722,band5,60-65%,0.6798106954302313,0.5457793657882983,87,-0.04580517198438694
Apr,2023,2023-04-03,2023-04-05,9m,0.7256158674146183,1722,band5,65-70%,0.5890237450180557,0.4308853257173091,86,-0.1365921223965626
Apr,2023,2023-04-03,2023-04-05,9m,0.7256158674146183,1722,band5,70-75%,0.5915830986417889,0.41040994933210495,87,-0.13403276877282932
Apr,2023,2023-04-03,2023-04-05,9m,0.7256158674146183,1722,band5,75-80%,0.7133586671701633,0.48522263900223905,86,-0.01225720024445498
Apr,2023,2023-04-03,2023-04-05,9m,0.7256158674146183,1722,band5,80-85%,0.6051385811615028,0.42649242649242636,87,-0.12047728625311549
Apr,2023,2023-04-03,2023-04-05,9m,0.7256158674146183,1722,band5,85-90%,0.46261485958956433,0.384517615478688,86,-0.2630010078250539
Apr,2023,2023-04-03,2023-04-05,9m,0.7256158674146183,1722,band5,90-95%,0.4216784122091047,0.3496758925815413,87,-0.3039374552055136
Apr,2023,2023-04-03,2023-04-05,9m,0.7256158674146183,1722,band5,95-100%,0.3565512461866492,0.3302272727272726,87,-0.36906462122796907
Apr,2023,2023-04-03,2023-04-05,9m,0.7256158674146183,1722,band1,0-1%,0.8499545823301864,0.6363636363636362,17,0.12433871491556814
Apr,2023,2023-04-03,2023-04-05,9m,0.7256158674146183,1722,band1,1-2%,0.8662022088579704,0.667123287671233,17,0.14058634144335214
Apr,2023,2023-04-03,2023-04-05,9m,0.7256158674146183,1722,band1,2-3%,0.7340096288580282,0.19832735961768222,17,0.008393761443409975
Apr,2023,2023-04-03,2023-04-05,9m,0.7256158674146183,1722,band1,3-4%,0.5661728291870736,0.47211440245148106,18,-0.1594430382275447
Apr,2023,2023-04-03,2023-04-05,9m,0.7256158674146183,1722,band1,4-5%,1.3528037010825185,0.6662531017369728,17,0.6271878336679002
Apr,2023,2023-04-03,2023-04-05,9m,0.7256158674146183,1722,band1,5-6%,0.8602453773416452,0.5771778527684039,16,0.13462950992702694
Apr,2023,2023-04-03,2023-04-05,9m,0.7256158674146183,1722,band1,6-7%,1.046649794719554,0.8350088624130343,18,0.32103392730493585
Apr,2023,2023-04-03,2023-04-05,9m,0.7256158674146183,1722,band1,7-8%,0.5659698553180048,0.43461093990754995,16,-0.15964601209661344
Apr,2023,2023-04-03,2023-04-05,9m,0.7256158674146183,1722,band1,8-9%,0.5801161577968138,0.3306451612903225,17,-0.14549970961780445
Apr,2023,2023-04-03,2023-04-05,9m,0.7256158674146183,1722,band1,9-10%,1.0411390498879536,0.8721025024711416,18,0.31552318247333533
Apr,2023,2023-04-03,2023-04-05,9m,0.7256158674146183,1722,band1,10-11%,1.1409959769226181,0.7098445595854923,17,0.41538010950799986
Apr,2023,2023-04-03,2023-04-05,9m,0.7256158674146183,1722,band1,11-12%,0.7932588235470677,0.9718759987216365,17,0.06764295613244942
Apr,2023,2023-04-03,2023-04-05,9m,0.7256158674146183,1722,band1,12-13%,0.7023880483780528,0.6650787349477306,18,-0.023227819036565456
Apr,2023,2023-04-03,2023-04-05,9m,0.7256158674146183,1722,band1,13-14%,1.272458446976906,0.4036237156325272,16,0.5468425795622878
Apr,2023,2023-04-03,2023-04-05,9m,0.7256158674146183,1722,band1,14-15%,0.5944467048493298,0.42703834308311917,16,-0.13116916256528843
Apr,2023,2023-04-03,2023-04-05,9m,0.7256158674146183,1722,band1,15-16%,0.7386872511544447,0.5010141987829615,17,0.013071383739826414
Apr,2023,2023-04-03,2023-04-05,9m,0.7256158674146183,1722,band1,16-17%,0.9722382739207726,0.9748038288162947,18,0.2466224065061543
Apr,2023,2023-04-03,2023-04-05,9m,0.7256158674146183,1722,band1,17-18%,0.7127506091390355,0.602607781801775,17,-0.012865258275582714
Apr,2023,2023-04-03,2023-04-05,9m,0.7256158674146183,1722,band1,18-19%,0.7449112452777963,0.7316455696202533,17,0.01929537786317803
Apr,2023,2023-04-03,2023-04-05,9m,0.7256158674146183,1722,band1,19-20%,0.6349102154791213,0.5394238358326757,17,-0.09070565193549696
Apr,2023,2023-04-03,2023-04-05,9m,0.7256158674146183,1722,cum,top 2%,0.8580783955940783,0.6517434620174346,34,0.13246252817946003
Apr,2023,2023-04-03,2023-04-05,9m,0.7256158674146183,1722,cum,top 5%,0.8702511974948288,0.5856377277599143,86,0.14463533008021057
Apr,2023,2023-04-03,2023-04-05,9m,0.7256158674146183,1722,cum,top 10%,0.8485568455707057,0.6031746031746033,171,0.1229409781560874
Apr,2023,2023-04-03,2023-04-05,9m,0.7256158674146183,1722,cum,top 15%,0.8647020372572551,0.6148026315789472,255,0.1390861698426369
Apr,2023,2023-04-03,2023-04-05,9m,0.7256158674146183,1722,cum,top 20%,0.8390930114047822,0.6260869565217391,341,0.11347714399016395
Apr,2023,2023-04-03,2023-04-05,9m,0.7256158674146183,1722,cum,top 25%,0.8371701760985122,0.6484641638225255,427,0.11155430868389393
Apr,2023,2023-04-03,2023-04-05,9m,0.7256158674146183,1722,cum,top 30%,0.8457422460344769,0.6643878972021775,513,0.12012637861985864
Apr,2023,2023-04-03,2023-04-05,9m,0.7256158674146183,1722,cum,top 40%,0.861800226150413,0.6647578143641137,683,0.1361843587357947
Apr,2023,2023-04-03,2023-04-05,9m,0.7256158674146183,1722,cum,top 50%,0.8693667053503652,0.6625844552324709,856,0.14375083793574694
Apr,2023,2023-04-03,2023-04-05,9m,0.7256158674146183,1722,cum,top 100%,0.7256158674146183,0.5390936647269365,1722,0.0
Apr,2023,2023-04-03,2023-04-05,12m,0.8129327135748606,1722,band5,0-5%,0.8077251457892581,0.37444536799457107,86,-0.005207567785602496
Apr,2023,2023-04-03,2023-04-05,12m,0.8129327135748606,1722,band5,5-10%,0.8452372535424988,0.5491525423728814,85,0.03230453996763816
Apr,2023,2023-04-03,2023-04-05,12m,0.8129327135748606,1722,band5,10-15%,0.9896275771368072,0.6646730462519936,84,0.17669486356194652
Apr,2023,2023-04-03,2023-04-05,12m,0.8129327135748606,1722,band5,15-20%,0.8434497349728073,0.6635228848821082,86,0.030517021397946653
Apr,2023,2023-04-03,2023-04-05,12m,0.8129327135748606,1722,band5,20-25%,0.8867715546757087,0.775472204967266,86,0.07383884110084804
Apr,2023,2023-04-03,2023-04-05,12m,0.8129327135748606,1722,band5,25-30%,1.0539408305382856,0.7483024831554244,86,0.24100811696342495
Apr,2023,2023-04-03,2023-04-05,12m,0.8129327135748606,1722,band5,30-35%,0.7906049851072806,0.5703116289802765,84,-0.02232772846758002
Apr,2023,2023-04-03,2023-04-05,12m,0.8129327135748606,1722,band5,35-40%,1.33250571365492,0.9349672800084351,86,0.5195730000800595
Apr,2023,2023-04-03,2023-04-05,12m,0.8129327135748606,1722,band5,40-45%,1.0065669264238208,0.6663739668179074,86,0.1936342128489602
Apr,2023,2023-04-03,2023-04-05,12m,0.8129327135748606,1722,band5,45-50%,1.0858307999728543,0.7668732782369148,87,0.2728980863979936
Apr,2023,2023-04-03,2023-04-05,12m,0.8129327135748606,1722,band5,50-55%,0.8171488293071212,0.6075598086124403,87,0.00421611573226055
Apr,2023,2023-04-03,2023-04-05,12m,0.8129327135748606,1722,band5,55-60%,0.7184927608266716,0.47279895404461214,86,-0.09443995274818906
Apr,2023,2023-04-03,2023-04-05,12m,0.8129327135748606,1722,band5,60-65%,0.7419242399425932,0.6585034013605442,87,-0.07100847363226748
Apr,2023,2023-04-03,2023-04-05,12m,0.8129327135748606,1722,band5,65-70%,0.7454892957007005,0.4092721220942678,86,-0.06744341787416008
Apr,2023,2023-04-03,2023-04-05,12m,0.8129327135748606,1722,band5,70-75%,0.6830842453272498,0.42929936305732497,87,-0.12984846824761087
Apr,2023,2023-04-03,2023-04-05,12m,0.8129327135748606,1722,band5,75-80%,0.7774611002660031,0.5122887805685175,86,-0.03547161330885751
Apr,2023,2023-04-03,2023-04-05,12m,0.8129327135748606,1722,band5,80-85%,0.6818815868088426,0.4958757216181311,87,-0.13105112676601804
Apr,2023,2023-04-03,2023-04-05,12m,0.8129327135748606,1722,band5,85-90%,0.5204237498878502,0.43245670074491527,86,-0.2925089636870104
Apr,2023,2023-04-03,2023-04-05,12m,0.8129327135748606,1722,band5,90-95%,0.49677486558552714,0.41039786024740876,87,-0.3161578479893335
Apr,2023,2023-04-03,2023-04-05,12m,0.8129327135748606,1722,band5,95-100%,0.4462557215730042,0.39282877900991275,87,-0.36667699200185644
Apr,2023,2023-04-03,2023-04-05,12m,0.8129327135748606,1722,band1,0-1%,0.7145152419180145,0.5384615384615385,17,-0.09841747165684611
Apr,2023,2023-04-03,2023-04-05,12m,0.8129327135748606,1722,band1,1-2%,0.7808826368429865,0.49774774774774766,17,-0.0320500767318741
Apr,2023,2023-04-03,2023-04-05,12m,0.8129327135748606,1722,band1,2-3%,0.5589007324659667,0.1304347826086958,17,-0.2540319811088939
Apr,2023,2023-04-03,2023-04-05,12m,0.8129327135748606,1722,band1,3-4%,0.576943982618991,0.2597168748854144,18,-0.23598873095586959
Apr,2023,2023-04-03,2023-04-05,12m,0.8129327135748606,1722,band1,4-5%,1.42095849763976,0.4565217391304348,17,0.6080257840648994
Apr,2023,2023-04-03,2023-04-05,12m,0.8129327135748606,1722,band1,5-6%,0.8940118155271191,0.5583861063135676,16,0.08107910195225843
Apr,2023,2023-04-03,2023-04-05,12m,0.8129327135748606,1722,band1,6-7%,1.0382513349990485,0.7707028061851923,18,0.2253186214241879
Apr,2023,2023-04-03,2023-04-05,12m,0.8129327135748606,1722,band1,7-8%,0.7319279472965812,0.3909961097461099,16,-0.08100476627827946
Apr,2023,2023-04-03,2023-04-05,12m,0.8129327135748606,1722,band1,8-9%,0.49312417136084824,0.3114919354838708,17,-0.3198085422140124
Apr,2023,2023-04-03,2023-04-05,12m,0.8129327135748606,1722,band1,9-10%,1.042138633489771,1.1860927429480204,18,0.22920591991491046
Apr,2023,2023-04-03,2023-04-05,12m,0.8129327135748606,1722,band1,10-11%,1.2866241295061966,0.9482758620689657,17,0.473691415931336
Apr,2023,2023-04-03,2023-04-05,12m,0.8129327135748606,1722,band1,11-12%,0.6895083343450334,0.721892426695449,17,-0.12342437922982719
Apr,2023,2023-04-03,2023-04-05,12m,0.8129327135748606,1722,band1,12-13%,0.8382229280669792,0.701697298883509,18,0.025290214492118546
Apr,2023,2023-04-03,2023-04-05,12m,0.8129327135748606,1722,band1,13-14%,1.4866552439280902,0.22642218557824656,16,0.6737225303532296
Apr,2023,2023-04-03,2023-04-05,12m,0.8129327135748606,1722,band1,14-15%,0.6662479991228634,0.36749622926093517,16,-0.14668471445199727
Apr,2023,2023-04-03,2023-04-05,12m,0.8129327135748606,1722,band1,15-16%,0.61204798180429,0.49290060851926976,17,-0.20088473177057065
Apr,2023,2023-04-03,2023-04-05,12m,0.8129327135748606,1722,band1,16-17%,1.0589553998373422,0.8253155125184732,18,0.24602268626248158
Apr,2023,2023-04-03,2023-04-05,12m,0.8129327135748606,1722,band1,17-18%,0.89865888498499,0.7716535433070868,17,0.08572617141012939
Apr,2023,2023-04-03,2023-04-05,12m,0.8129327135748606,1722,band1,18-19%,0.9740434213279263,0.7026143790849673,17,0.16111070775306569
Apr,2023,2023-04-03,2023-04-05,12m,0.8129327135748606,1722,band1,19-20%,0.6608661830939271,0.4323308270676691,17,-0.15206653048093355
Apr,2023,2023-04-03,2023-04-05,12m,0.8129327135748606,1722,cum,top 2%,0.7476989393805006,0.5181046431046431,34,-0.06523377419436005
Apr,2023,2023-04-03,2023-04-05,12m,0.8129327135748606,1722,cum,top 5%,0.8077251457892581,0.37444536799457107,86,-0.005207567785602496
Apr,2023,2023-04-03,2023-04-05,12m,0.8129327135748606,1722,cum,top 10%,0.8263715151402842,0.46947674418604657,171,0.013438801565423542
Apr,2023,2023-04-03,2023-04-05,12m,0.8129327135748606,1722,cum,top 15%,0.8801499826214918,0.5000000000000002,255,0.06721726904663117
Apr,2023,2023-04-03,2023-04-05,12m,0.8129327135748606,1722,cum,top 20%,0.8708942016895653,0.5693069306930694,341,0.057961488114704696
Apr,2023,2023-04-03,2023-04-05,12m,0.8129327135748606,1722,cum,top 25%,0.8740919823846668,0.601190476190476,427,0.061159268809806155
Apr,2023,2023-04-03,2023-04-05,12m,0.8129327135748606,1722,cum,top 30%,0.9042420816852735,0.6461336828309305,513,0.0913093681104129
Apr,2023,2023-04-03,2023-04-05,12m,0.8129327135748606,1722,cum,top 40%,0.944191065926618,0.6682926829268292,683,0.1312583523517573
Apr,2023,2023-04-03,2023-04-05,12m,0.8129327135748606,1722,cum,top 50%,0.9648534267499614,0.6725705329153604,856,0.1519207131751008
Apr,2023,2023-04-03,2023-04-05,12m,0.8129327135748606,1722,cum,top 100%,0.8129327135748606,0.5612182192937256,1722,0.0
Apr,2023,2023-04-03,2023-04-05,18m,1.2496175254731239,1709,band5,0-5%,1.287504158381097,0.6029055407551143,84,0.03788663290797323
Apr,2023,2023-04-03,2023-04-05,18m,1.2496175254731239,1709,band5,5-10%,1.1286082369396202,0.7345315239125757,84,-0.12100928853350368
Apr,2023,2023-04-03,2023-04-05,18m,1.2496175254731239,1709,band5,10-15%,1.6107444572069771,0.9362000000000001,83,0.36112693173385324
Apr,2023,2023-04-03,2023-04-05,18m,1.2496175254731239,1709,band5,15-20%,1.3113707105697427,0.815748031496063,85,0.06175318509661887
Apr,2023,2023-04-03,2023-04-05,18m,1.2496175254731239,1709,band5,20-25%,1.4192596312502503,1.0330080107625514,86,0.16964210577712646
Apr,2023,2023-04-03,2023-04-05,18m,1.2496175254731239,1709,band5,25-30%,1.537546650011424,0.9068627450980391,85,0.2879291245383002
Apr,2023,2023-04-03,2023-04-05,18m,1.2496175254731239,1709,band5,30-35%,1.26997214401278,0.8789752834213662,82,0.020354618539656144
Apr,2023,2023-04-03,2023-04-05,18m,1.2496175254731239,1709,band5,35-40%,1.910936401697805,1.130072786250251,86,0.6613188762246811
Apr,2023,2023-04-03,2023-04-05,18m,1.2496175254731239,1709,band5,40-45%,1.426133262998241,1.0136942675159233,85,0.17651573752511718
Apr,2023,2023-04-03,2023-04-05,18m,1.2496175254731239,1709,band5,45-50%,1.6147764757498357,0.9139511201629327,87,0.36515895027671186
Apr,2023,2023-04-03,2023-04-05,18m,1.2496175254731239,1709,band5,50-55%,1.2693170480310056,0.8806268490453312,86,0.019699522557881766
Apr,2023,2023-04-03,2023-04-05,18m,1.2496175254731239,1709,band5,55-60%,1.1538243407593387,0.7763680981152622,86,-0.09579318471378517
Apr,2023,2023-04-03,2023-04-05,18m,1.2496175254731239,1709,band5,60-65%,1.0079573825846466,0.6944099378881989,87,-0.24166014288847726
Apr,2023,2023-04-03,2023-04-05,18m,1.2496175254731239,1709,band5,65-70%,1.1964070575754067,0.659815340751338,86,-0.05321046789771722
Apr,2023,2023-04-03,2023-04-05,18m,1.2496175254731239,1709,band5,70-75%,1.0099649426157498,0.6488456098357089,86,-0.23965258285737412
Apr,2023,2023-04-03,2023-04-05,18m,1.2496175254731239,1709,band5,75-80%,1.2201197845395562,0.8878874254400617,86,-0.029497740933567718
Apr,2023,2023-04-03,2023-04-05,18m,1.2496175254731239,1709,band5,80-85%,1.1396707822593124,0.7980973090513725,87,-0.10994674321381148
Apr,2023,2023-04-03,2023-04-05,18m,1.2496175254731239,1709,band5,85-90%,0.8711840151337994,0.6965344371969082,86,-0.3784335103393245
Apr,2023,2023-04-03,2023-04-05,18m,1.2496175254731239,1709,band5,90-95%,0.8825651511992822,0.5683256500793825,86,-0.36705237427384163
Apr,2023,2023-04-03,2023-04-05,18m,1.2496175254731239,1709,band5,95-100%,0.7420599682849215,0.6212416483572479,86,-0.5075575571882024
Apr,2023,2023-04-03,2023-04-05,18m,1.2496175254731239,1709,band1,0-1%,1.0745023374297318,0.6318446900959962,17,-0.1751151880433921
Apr,2023,2023-04-03,2023-04-05,18m,1.2496175254731239,1709,band1,1-2%,1.2044162795616784,0.8148148148148149,17,-0.045201245911445476
Apr,2023,2023-04-03,2023-04-05,18m,1.2496175254731239,1709,band1,2-3%,1.2022293064779064,0.13280000000000003,17,-0.0473882189952175
Apr,2023,2023-04-03,2023-04-05,18m,1.2496175254731239,1709,band1,3-4%,0.6443114189360254,0.38320962648261714,18,-0.6053061065370985
Apr,2023,2023-04-03,2023-04-05,18m,1.2496175254731239,1709,band1,4-5%,2.49154860427902,0.7674418604651163,15,1.2419310788058961
Apr,2023,2023-04-03,2023-04-05,18m,1.2496175254731239,1709,band1,5-6%,1.0677259224901967,0.5833333333333333,15,-0.18189160298292717
Apr,2023,2023-04-03,2023-04-05,18m,1.2496175254731239,1709,band1,6-7%,1.464323449407854,0.8530412642261191,18,0.2147059239347302
Apr,2023,2023-04-03,2023-04-05,18m,1.2496175254731239,1709,band1,7-8%,0.9345592617610328,0.3847906655635126,16,-0.3150582637120911
Apr,2023,2023-04-03,2023-04-05,18m,1.2496175254731239,1709,band1,8-9%,0.8148197373073219,0.533366935483871,17,-0.43479778816580195
Apr,2023,2023-04-03,2023-04-05,18m,1.2496175254731239,1709,band1,9-10%,1.3124720696573748,1.2348263925115883,18,0.06285454418425096
Apr,2023,2023-04-03,2023-04-05,18m,1.2496175254731239,1709,band1,10-11%,2.025716945822875,1.0,17,0.7760994203497513
Apr,2023,2023-04-03,2023-04-05,18m,1.2496175254731239,1709,band1,11-12%,2.078771926992263,1.2125423728813556,17,0.8291544015191392
Apr,2023,2023-04-03,2023-04-05,18m,1.2496175254731239,1709,band1,12-13%,1.3404842721069476,1.1453431294425145,18,0.09086674663382377
Apr,2023,2023-04-03,2023-04-05,18m,1.2496175254731239,1709,band1,13-14%,1.6664635066734228,0.35851432168712605,15,0.4168459812002989
Apr,2023,2023-04-03,2023-04-05,18m,1.2496175254731239,1709,band1,14-15%,0.9243631007684592,0.5658254269449715,16,-0.3252544247046647
Apr,2023,2023-04-03,2023-04-05,18m,1.2496175254731239,1709,band1,15-16%,0.9478300844603833,0.5585406634563936,16,-0.3017874410127406
Apr,2023,2023-04-03,2023-04-05,18m,1.2496175254731239,1709,band1,16-17%,1.8261169138378526,1.3255798070110079,18,0.5764993883647287
Apr,2023,2023-04-03,2023-04-05,18m,1.2496175254731239,1709,band1,17-18%,1.2345435963068643,0.815748031496063,17,-0.015073929166259603
Apr,2023,2023-04-03,2023-04-05,18m,1.2496175254731239,1709,band1,18-19%,1.201586101530849,0.6766771583412585,17,-0.048031423942274776
Apr,2023,2023-04-03,2023-04-05,18m,1.2496175254731239,1709,band1,19-20%,1.2951129255729117,0.8071278825995809,17,0.04549540009978781
Apr,2023,2023-04-03,2023-04-05,18m,1.2496175254731239,1709,cum,top 2%,1.1394593084957048,0.731795090917723,34,-0.11015821697741912
Apr,2023,2023-04-03,2023-04-05,18m,1.2496175254731239,1709,cum,top 5%,1.287504158381097,0.6029055407551143,84,0.03788663290797323
Apr,2023,2023-04-03,2023-04-05,18m,1.2496175254731239,1709,cum,top 10%,1.2080561976603583,0.6769060590612365,168,-0.04156132781276556
Apr,2023,2023-04-03,2023-04-05,18m,1.2496175254731239,1709,cum,top 15%,1.3412160603789613,0.7617715882856195,251,0.09159853490583747
Apr,2023,2023-04-03,2023-04-05,18m,1.2496175254731239,1709,cum,top 20%,1.3336658974807958,0.7691861312176234,336,0.0840483720076719
Apr,2023,2023-04-03,2023-04-05,18m,1.2496175254731239,1709,cum,top 25%,1.3511091702394997,0.7894915254237288,422,0.10149164476637584
Apr,2023,2023-04-03,2023-04-05,18m,1.2496175254731239,1709,cum,top 30%,1.3823659469271006,0.8350515463917527,507,0.1327484214539767
Apr,2023,2023-04-03,2023-04-05,18m,1.2496175254731239,1709,cum,top 40%,1.436055972514221,0.88939617083947,675,0.18643844704109713
Apr,2023,2023-04-03,2023-04-05,18m,1.2496175254731239,1709,cum,top 50%,1.453417546862084,0.9021784232365144,847,0.20380002138896014
Apr,2023,2023-04-03,2023-04-05,18m,1.2496175254731239,1709,cum,top 100%,1.2496175254731239,0.8171875,1709,0.0
Apr,2023,2023-04-03,2023-04-05,24m,0.9255751681116188,1677,band5,0-5%,0.8038890634818707,0.18363335084084387,82,-0.12168610462974805
Apr,2023,2023-04-03,2023-04-05,24m,0.9255751681116188,1677,band5,5-10%,0.6780524090954697,0.36858108108108123,83,-0.24752275901614906
Apr,2023,2023-04-03,2023-04-05,24m,0.9255751681116188,1677,band5,10-15%,1.3005909871530865,0.5007711063700091,82,0.37501581904146775
Apr,2023,2023-04-03,2023-04-05,24m,0.9255751681116188,1677,band5,15-20%,0.9277881163666146,0.5054465008946563,82,0.00221294825499585
Apr,2023,2023-04-03,2023-04-05,24m,0.9255751681116188,1677,band5,20-25%,1.0377286014137077,0.7075949367088608,81,0.11215343330208893
Apr,2023,2023-04-03,2023-04-05,24m,0.9255751681116188,1677,band5,25-30%,1.136453659122861,0.589763779527559,84,0.21087849101124212
Apr,2023,2023-04-03,2023-04-05,24m,0.9255751681116188,1677,band5,30-35%,0.9612000200241981,0.672051886792453,81,0.03562485191257936
Apr,2023,2023-04-03,2023-04-05,24m,0.9255751681116188,1677,band5,35-40%,1.5701845866934827,0.8777724779394229,83,0.6446094185818639
Apr,2023,2023-04-03,2023-04-05,24m,0.9255751681116188,1677,band5,40-45%,1.0691291766818969,0.6080289835523137,84,0.1435540085702781
Apr,2023,2023-04-03,2023-04-05,24m,0.9255751681116188,1677,band5,45-50%,1.1748745195525343,0.6540569020021074,85,0.24929935144091553
Apr,2023,2023-04-03,2023-04-05,24m,0.9255751681116188,1677,band5,50-55%,0.8590517114329084,0.43571069814163743,85,-0.0665234566787104
Apr,2023,2023-04-03,2023-04-05,24m,0.9255751681116188,1677,band5,55-60%,0.9237034614173968,0.6086182393188363,86,-0.0018717066942219862
Apr,2023,2023-04-03,2023-04-05,24m,0.9255751681116188,1677,band5,60-65%,0.7615517983515415,0.5210200410690693,87,-0.16402336976007725
Apr,2023,2023-04-03,2023-04-05,24m,0.9255751681116188,1677,band5,65-70%,0.837289395941677,0.3927593388783971,84,-0.08828577216994182
Apr,2023,2023-04-03,2023-04-05,24m,0.9255751681116188,1677,band5,70-75%,0.6778873376608576,0.48938053097345136,85,-0.24768783045076115
Apr,2023,2023-04-03,2023-04-05,24m,0.9255751681116188,1677,band5,75-80%,0.9825458535326949,0.6318906189625824,80,0.056970685421076084
Apr,2023,2023-04-03,2023-04-05,24m,0.9255751681116188,1677,band5,80-85%,0.9373323044254341,0.5415846930681475,86,0.011757136313815364
Apr,2023,2023-04-03,2023-04-05,24m,0.9255751681116188,1677,band5,85-90%,0.6940380453624038,0.5124316939890712,85,-0.231537122749215
Apr,2023,2023-04-03,2023-04-05,24m,0.9255751681116188,1677,band5,90-95%,0.6238982584588214,0.46199066503746566,86,-0.30167690965279736
Apr,2023,2023-04-03,2023-04-05,24m,0.9255751681116188,1677,band5,95-100%,0.5972677064595374,0.48969711096869695,86,-0.32830746165208136
Apr,2023,2023-04-03,2023-04-05,24m,0.9255751681116188,1677,band1,0-1%,0.5708272496574085,0.012820512820512997,17,-0.3547479184542103
Apr,2023,2023-04-03,2023-04-05,24m,0.9255751681116188,1677,band1,1-2%,0.7371191823289314,0.5319465844889574,16,-0.1884559857826874
Apr,2023,2023-04-03,2023-04-05,24m,0.9255751681116188,1677,band1,2-3%,0.8877081444078029,0.0928689883913767,17,-0.037867023703815894
Apr,2023,2023-04-03,2023-04-05,24m,0.9255751681116188,1677,band1,3-4%,0.2632999253703542,0.03907765009088404,17,-0.6622752427412646
Apr,2023,2023-04-03,2023-04-05,24m,0.9255751681116188,1677,band1,4-5%,1.6569197238563929,0.5092783505154641,15,0.7313445557447741
Apr,2023,2023-04-03,2023-04-05,24m,0.9255751681116188,1677,band1,5-6%,0.7528346306469925,0.37167530224525036,15,-0.17274053746462625
Apr,2023,2023-04-03,2023-04-05,24m,0.9255751681116188,1677,band1,6-7%,1.1422405008075758,0.6427083333333332,17,0.216665332695957
Apr,2023,2023-04-03,2023-04-05,24m,0.9255751681116188,1677,band1,7-8%,0.2207318947226951,-0.08844897541682278,16,-0.7048432733889236
Apr,2023,2023-04-03,2023-04-05,24m,0.9255751681116188,1677,band1,8-9%,0.39728785898477065,0.2702366127023661,17,-0.5282873091268481
Apr,2023,2023-04-03,2023-04-05,24m,0.9255751681116188,1677,band1,9-10%,0.8490076701770042,0.4601284865027695,18,-0.07656749793461459
Apr,2023,2023-04-03,2023-04-05,24m,0.9255751681116188,1677,band1,10-11%,1.5669029234281582,0.9149843616718796,17,0.6413277553165394
Apr,2023,2023-04-03,2023-04-05,24m,0.9255751681116188,1677,band1,11-12%,1.983207062710588,1.116840733745078,16,1.0576318945989693
Apr,2023,2023-04-03,2023-04-05,24m,0.9255751681116188,1677,band1,12-13%,1.0975226206190638,0.525076531684279,18,0.17194745250744503
Apr,2023,2023-04-03,2023-04-05,24m,0.9255751681116188,1677,band1,13-14%,1.427415533768636,0.13998294970161984,15,0.5018403656570173
Apr,2023,2023-04-03,2023-04-05,24m,0.9255751681116188,1677,band1,14-15%,0.44457237920201964,0.38142611876236343,16,-0.48100278890959913
Apr,2023,2023-04-03,2023-04-05,24m,0.9255751681116188,1677,band1,15-16%,0.4178626290717335,0.3414141414141414,15,-0.5077125390398853
Apr,2023,2023-04-03,2023-04-05,24m,0.9255751681116188,1677,band1,16-17%,1.4886430891878706,1.1380053908355792,17,0.5630679210762518
Apr,2023,2023-04-03,2023-04-05,24m,0.9255751681116188,1677,band1,17-18%,0.6354535838735436,0.3325044895703828,17,-0.2901215842380752
Apr,2023,2023-04-03,2023-04-05,24m,0.9255751681116188,1677,band1,18-19%,0.9995212925936316,0.2643391521197007,17,0.07394612448201288
Apr,2023,2023-04-03,2023-04-05,24m,0.9255751681116188,1677,band1,19-20%,1.0443237931156641,0.36155407175835974,16,0.11874862500404537
Apr,2023,2023-04-03,2023-04-05,24m,0.9255751681116188,1677,cum,top 2%,0.6514536412557226,0.24444444444444424,33,-0.2741215268558962
Apr,2023,2023-04-03,2023-04-05,24m,0.9255751681116188,1677,cum,top 5%,0.8038890634818707,0.18363335084084387,82,-0.12168610462974805
Apr,2023,2023-04-03,2023-04-05,24m,0.9255751681116188,1677,cum,top 10%,0.74058941309356,0.2881889763779528,165,-0.1849857550180588
Apr,2023,2023-04-03,2023-04-05,24m,0.9255751681116188,1677,cum,top 15%,0.926500866829921,0.36858108108108123,247,0.0009256987183022813
Apr,2023,2023-04-03,2023-04-05,24m,0.9255751681116188,1677,cum,top 20%,0.926821701060951,0.37007716204028474,329,0.0012465329493321908
Apr,2023,2023-04-03,2023-04-05,24m,0.9255751681116188,1677,cum,top 25%,0.9487325764964958,0.4257522482246159,410,0.02315740838487701
Apr,2023,2023-04-03,2023-04-05,24m,0.9255751681116188,1677,cum,top 30%,0.980652760586809,0.4658922558922559,494,0.055077592475190174
Apr,2023,2023-04-03,2023-04-05,24m,0.9255751681116188,1677,cum,top 40%,1.0526215593425572,0.5449314430244941,658,0.12704639123093842
Apr,2023,2023-04-03,2023-04-05,24m,0.9255751681116188,1677,cum,top 50%,1.0668635683804686,0.565684830633284,827,0.1412884002688498
Apr,2023,2023-04-03,2023-04-05,24m,0.9255751681116188,1677,cum,top 100%,0.9255751681116188,0.5377245508982036,1677,0.0
Oct,2023,2023-10-05,2023-10-06,3m,0.19732089507460715,1802,band5,0-5%,0.38997896883849886,0.28476404080127804,90,0.1926580737638917
Oct,2023,2023-10-05,2023-10-06,3m,0.19732089507460715,1802,band5,5-10%,0.37637550140701254,0.3325967104205896,90,0.17905460633240539
Oct,2023,2023-10-05,2023-10-06,3m,0.19732089507460715,1802,band5,10-15%,0.2738992245096484,0.15068516316825198,90,0.07657832943504123
Oct,2023,2023-10-05,2023-10-06,3m,0.19732089507460715,1802,band5,15-20%,0.27221029161907717,0.2013881606543625,90,0.07488939654447002
Oct,2023,2023-10-05,2023-10-06,3m,0.19732089507460715,1802,band5,20-25%,0.249200165812991,0.18835154316104696,90,0.05187927073838386
Oct,2023,2023-10-05,2023-10-06,3m,0.19732089507460715,1802,band5,25-30%,0.23973818693078477,0.13382198952879576,89,0.042417291856177625
Oct,2023,2023-10-05,2023-10-06,3m,0.19732089507460715,1802,band5,30-35%,0.17919836312525309,0.12862547288776804,91,-0.018122531949354065
Oct,2023,2023-10-05,2023-10-06,3m,0.19732089507460715,1802,band5,35-40%,0.24372227355870185,0.1739132997195727,90,0.0464013784840947
Oct,2023,2023-10-05,2023-10-06,3m,0.19732089507460715,1802,band5,40-45%,0.1633434616024482,0.12260769205836186,90,-0.03397743347215895
Oct,2023,2023-10-05,2023-10-06,3m,0.19732089507460715,1802,band5,45-50%,0.16823963238802678,0.13181174202713153,90,-0.029081262686580373
Oct,2023,2023-10-05,2023-10-06,3m,0.19732089507460715,1802,band5,50-55%,0.1746776575124242,0.12472920752439853,90,-0.02264323756218295
Oct,2023,2023-10-05,2023-10-06,3m,0.19732089507460715,1802,band5,55-60%,0.13850251165728322,0.09859254896161151,90,-0.05881838341732393
Oct,2023,2023-10-05,2023-10-06,3m,0.19732089507460715,1802,band5,60-65%,0.1423317431393059,0.1000059752022231,90,-0.05498915193530124
Oct,2023,2023-10-05,2023-10-06,3m,0.19732089507460715,1802,band5,65-70%,0.14331150335045656,0.09725565719788154,91,-0.05400939172415059
Oct,2023,2023-10-05,2023-10-06,3m,0.19732089507460715,1802,band5,70-75%,0.1873694410262095,0.13666591077428136,90,-0.009951454048397645
Oct,2023,2023-10-05,2023-10-06,3m,0.19732089507460715,1802,band5,75-80%,0.11486860411437486,0.06997328732817631,90,-0.0824522909602323
Oct,2023,2023-10-05,2023-10-06,3m,0.19732089507460715,1802,band5,80-85%,0.12305457034133313,0.08444920769696218,90,-0.07426632473327402
Oct,2023,2023-10-05,2023-10-06,3m,0.19732089507460715,1802,band5,85-90%,0.11577612893535058,0.06864228019813123,90,-0.08154476613925657
Oct,2023,2023-10-05,2023-10-06,3m,0.19732089507460715,1802,band5,90-95%,0.12452878800569325,0.10171992421992426,90,-0.0727921070689139
Oct,2023,2023-10-05,2023-10-06,3m,0.19732089507460715,1802,band5,95-100%,0.12813241358415883,0.11119525173966438,91,-0.06918848149044832
Oct,2023,2023-10-05,2023-10-06,3m,0.19732089507460715,1802,band1,0-1%,0.35154520520237326,0.3225473505001064,18,0.1542243101277661
Oct,2023,2023-10-05,2023-10-06,3m,0.19732089507460715,1802,band1,1-2%,0.42918180416940604,0.23207441711913124,18,0.2318609090947989
Oct,2023,2023-10-05,2023-10-06,3m,0.19732089507460715,1802,band1,2-3%,0.42377926960540524,0.4547583928390908,18,0.2264583745307981
Oct,2023,2023-10-05,2023-10-06,3m,0.19732089507460715,1802,band1,3-4%,0.3883530724104511,0.3595959595959596,18,0.19103217733584393
Oct,2023,2023-10-05,2023-10-06,3m,0.19732089507460715,1802,band1,4-5%,0.357035492804859,0.1818289434744007,18,0.15971459773025187
Oct,2023,2023-10-05,2023-10-06,3m,0.19732089507460715,1802,band1,5-6%,0.45845181650237343,0.3975126707983765,18,0.2611309214277663
Oct,2023,2023-10-05,2023-10-06,3m,0.19732089507460715,1802,band1,6-7%,0.4500406138534093,0.4391760651629072,18,0.25271971877880217
Oct,2023,2023-10-05,2023-10-06,3m,0.19732089507460715,1802,band1,7-8%,0.3549601279055053,0.30962179487179486,18,0.15763923283089815
Oct,2023,2023-10-05,2023-10-06,3m,0.19732089507460715,1802,band1,8-9%,0.34868845501208096,0.31964922562339637,18,0.1513675599374738
Oct,2023,2023-10-05,2023-10-06,3m,0.19732089507460715,1802,band1,9-10%,0.26973649376169423,0.2891332427825717,18,0.07241559868708708
Oct,2023,2023-10-05,2023-10-06,3m,0.19732089507460715,1802,band1,10-11%,0.32379547545997006,0.194101162953622,18,0.1264745803853629
Oct,2023,2023-10-05,2023-10-06,3m,0.19732089507460715,1802,band1,11-12%,0.33360544241437523,0.23915320918369365,18,0.13628454733976808
Oct,2023,2023-10-05,2023-10-06,3m,0.19732089507460715,1802,band1,12-13%,0.25423822911520705,0.16459129313825982,18,0.0569173340405999
Oct,2023,2023-10-05,2023-10-06,3m,0.19732089507460715,1802,band1,13-14%,0.20355601061990494,0.01841811691209272,18,0.0062351155452977924
Oct,2023,2023-10-05,2023-10-06,3m,0.19732089507460715,1802,band1,14-15%,0.25430096493878485,0.149406900396432,18,0.056980069864177696
Oct,2023,2023-10-05,2023-10-06,3m,0.19732089507460715,1802,band1,15-16%,0.21409640635288582,0.12270495399182668,18,0.01677551127827867
Oct,2023,2023-10-05,2023-10-06,3m,0.19732089507460715,1802,band1,16-17%,0.4149066168779029,0.3033258768412611,18,0.21758572180329577
Oct,2023,2023-10-05,2023-10-06,3m,0.19732089507460715,1802,band1,17-18%,0.23328861134115902,0.16497256933861626,18,0.035967716266551875
Oct,2023,2023-10-05,2023-10-06,3m,0.19732089507460715,1802,band1,18-19%,0.29028316464312076,0.21839751294378718,18,0.09296226956851361
Oct,2023,2023-10-05,2023-10-06,3m,0.19732089507460715,1802,band1,19-20%,0.2084766588803174,0.13782779269048118,18,0.011155763805710261
Oct,2023,2023-10-05,2023-10-06,3m,0.19732089507460715,1802,cum,top 2%,0.39036350468588965,0.26101727203454406,36,0.1930426096112825
Oct,2023,2023-10-05,2023-10-06,3m,0.19732089507460715,1802,cum,top 5%,0.38997896883849886,0.28476404080127804,90,0.1926580737638917
Oct,2023,2023-10-05,2023-10-06,3m,0.19732089507460715,1802,cum,top 10%,0.3831772351227558,0.3068384816284865,180,0.18585634004814866
Oct,2023,2023-10-05,2023-10-06,3m,0.19732089507460715,1802,cum,top 15%,0.34675123158505333,0.2557844711158678,270,0.14943033651044618
Oct,2023,2023-10-05,2023-10-06,3m,0.19732089507460715,1802,cum,top 20%,0.3281159965935593,0.24576830454313903,360,0.13079510151895213
Oct,2023,2023-10-05,2023-10-06,3m,0.19732089507460715,1802,cum,top 25%,0.31233283043744564,0.2374086209084627,450,0.11501193536283849
Oct,2023,2023-10-05,2023-10-06,3m,0.19732089507460715,1802,cum,top 30%,0.30034595980276513,0.2056737588652484,539,0.10302506472815798
Oct,2023,2023-10-05,2023-10-06,3m,0.19732089507460715,1802,cum,top 40%,0.27795628888662716,0.18347529483249092,720,0.08063539381202
Oct,2023,2023-10-05,2023-10-06,3m,0.19732089507460715,1802,cum,top 50%,0.25552334050834924,0.1709373247098528,900,0.05820244543374209
Oct,2023,2023-10-05,2023-10-06,3m,0.19732089507460715,1802,cum,top 100%,0.19732089507460715,0.13274395039542652,1802,0.0
Oct,2023,2023-10-05,2023-10-06,6m,0.26761366958287625,1802,band5,0-5%,0.6011887562345883,0.3792492949673987,90,0.3335750866517121
Oct,2023,2023-10-05,2023-10-06,6m,0.26761366958287625,1802,band5,5-10%,0.5182547730216562,0.2958058392841003,90,0.25064110343878
Oct,2023,2023-10-05,2023-10-06,6m,0.26761366958287625,1802,band5,10-15%,0.2948984365778808,0.2058730615593234,90,0.02728476699500454
Oct,2023,2023-10-05,2023-10-06,6m,0.26761366958287625,1802,band5,15-20%,0.30933869450791224,0.20522710210210215,90,0.04172502492503599
Oct,2023,2023-10-05,2023-10-06,6m,0.26761366958287625,1802,band5,20-25%,0.2363341873552876,0.17336218896196265,90,-0.03127948222758864
Oct,2023,2023-10-05,2023-10-06,6m,0.26761366958287625,1802,band5,25-30%,0.3306974527987201,0.2040283476314808,89,0.06308378321584385
Oct,2023,2023-10-05,2023-10-06,6m,0.26761366958287625,1802,band5,30-35%,0.22693518421742745,0.1374663072776281,91,-0.0406784853654488
Oct,2023,2023-10-05,2023-10-06,6m,0.26761366958287625,1802,band5,35-40%,0.33188538282635505,0.17133316539084553,90,0.0642717132434788
Oct,2023,2023-10-05,2023-10-06,6m,0.26761366958287625,1802,band5,40-45%,0.17533370544217353,0.10200682076435341,90,-0.09227996414070272
Oct,2023,2023-10-05,2023-10-06,6m,0.26761366958287625,1802,band5,45-50%,0.1762250120755701,0.12304383683813813,90,-0.09138865750730615
Oct,2023,2023-10-05,2023-10-06,6m,0.26761366958287625,1802,band5,50-55%,0.2831682368517575,0.1771346374354157,90,0.01555456726888127
Oct,2023,2023-10-05,2023-10-06,6m,0.26761366958287625,1802,band5,55-60%,0.23086758507762584,0.1467127396903728,90,-0.03674608450525041
Oct,2023,2023-10-05,2023-10-06,6m,0.26761366958287625,1802,band5,60-65%,0.22890762814751778,0.10904421791518559,90,-0.03870604143535847
Oct,2023,2023-10-05,2023-10-06,6m,0.26761366958287625,1802,band5,65-70%,0.2135896007165055,0.09597188429305215,91,-0.054024068866370734
Oct,2023,2023-10-05,2023-10-06,6m,0.26761366958287625,1802,band5,70-75%,0.26691117636152106,0.22299835739988239,90,-0.0007024932213551827
Oct,2023,2023-10-05,2023-10-06,6m,0.26761366958287625,1802,band5,75-80%,0.15338933762713722,0.11571251247492753,90,-0.11422433195573903
Oct,2023,2023-10-05,2023-10-06,6m,0.26761366958287625,1802,band5,80-85%,0.17713748765258527,0.12017289758719263,90,-0.09047618193029097
Oct,2023,2023-10-05,2023-10-06,6m,0.26761366958287625,1802,band5,85-90%,0.16184933155160167,0.08724489037989347,90,-0.10576433803127458
Oct,2023,2023-10-05,2023-10-06,6m,0.26761366958287625,1802,band5,90-95%,0.20314081308908005,0.17516481421873864,90,-0.0644728564937962
Oct,2023,2023-10-05,2023-10-06,6m,0.26761366958287625,1802,band5,95-100%,0.23434346004666468,0.20724444444444434,91,-0.03327020953621157
Oct,2023,2023-10-05,2023-10-06,6m,0.26761366958287625,1802,band1,0-1%,0.5475752111408219,0.35777728019107335,18,0.2799615415579456
Oct,2023,2023-10-05,2023-10-06,6m,0.26761366958287625,1802,band1,1-2%,1.2498955760201922,0.39435483870967736,18,0.9822819064373159
Oct,2023,2023-10-05,2023-10-06,6m,0.26761366958287625,1802,band1,2-3%,0.3750718848492362,0.4127729902018652,18,0.10745821526635996
Oct,2023,2023-10-05,2023-10-06,6m,0.26761366958287625,1802,band1,3-4%,0.38144384257595754,0.17746212121212124,18,0.11383017299308129
Oct,2023,2023-10-05,2023-10-06,6m,0.26761366958287625,1802,band1,4-5%,0.4519572665867338,0.45987303037260496,18,0.18434359700385755
Oct,2023,2023-10-05,2023-10-06,6m,0.26761366958287625,1802,band1,5-6%,0.7218178539240018,0.38964291315940813,18,0.4542041843411255
Oct,2023,2023-10-05,2023-10-06,6m,0.26761366958287625,1802,band1,6-7%,0.6353424353558572,0.41155051243707497,18,0.36772876577298097
Oct,2023,2023-10-05,2023-10-06,6m,0.26761366958287625,1802,band1,7-8%,0.4258586522053182,0.2302932504582038,18,0.15824498262244197
Oct,2023,2023-10-05,2023-10-06,6m,0.26761366958287625,1802,band1,8-9%,0.44522850934170854,0.4278741473861132,18,0.1776148397588323
Oct,2023,2023-10-05,2023-10-06,6m,0.26761366958287625,1802,band1,9-10%,0.36302641428139526,0.24141938143244912,18,0.09541274469851901
Oct,2023,2023-10-05,2023-10-06,6m,0.26761366958287625,1802,band1,10-11%,0.3504874859681702,0.08800679152088897,18,0.08287381638529395
Oct,2023,2023-10-05,2023-10-06,6m,0.26761366958287625,1802,band1,11-12%,0.29908443444136235,0.3110274160453127,18,0.0314707648584861
Oct,2023,2023-10-05,2023-10-06,6m,0.26761366958287625,1802,band1,12-13%,0.15851571021886046,0.12592295014421095,18,-0.10909795936401578
Oct,2023,2023-10-05,2023-10-06,6m,0.26761366958287625,1802,band1,13-14%,0.25237389634814655,0.1028169683150445,18,-0.015239773234729692
Oct,2023,2023-10-05,2023-10-06,6m,0.26761366958287625,1802,band1,14-15%,0.41403065591286464,0.33239216363496815,18,0.1464169863299884
Oct,2023,2023-10-05,2023-10-06,6m,0.26761366958287625,1802,band1,15-16%,0.23767790939042127,0.17956610275689222,18,-0.029935760192454974
Oct,2023,2023-10-05,2023-10-06,6m,0.26761366958287625,1802,band1,16-17%,0.38453032729638664,0.24486430519113034,18,0.1169166577135104
Oct,2023,2023-10-05,2023-10-06,6m,0.26761366958287625,1802,band1,17-18%,0.29797408483467097,0.17137032391331242,18,0.030360415251794726
Oct,2023,2023-10-05,2023-10-06,6m,0.26761366958287625,1802,band1,18-19%,0.2997616879966454,0.20790872373915126,18,0.03214801841376913
Oct,2023,2023-10-05,2023-10-06,6m,0.26761366958287625,1802,band1,19-20%,0.3267494630214369,0.23769532244108527,18,0.05913579343856068
Oct,2023,2023-10-05,2023-10-06,6m,0.26761366958287625,1802,cum,top 2%,0.8987353935805071,0.37356069032932215,36,0.6311217239976309
Oct,2023,2023-10-05,2023-10-06,6m,0.26761366958287625,1802,cum,top 5%,0.6011887562345883,0.3792492949673987,90,0.3335750866517121
Oct,2023,2023-10-05,2023-10-06,6m,0.26761366958287625,1802,cum,top 10%,0.5597217646281222,0.35264550264550265,180,0.29210809504524593
Oct,2023,2023-10-05,2023-10-06,6m,0.26761366958287625,1802,cum,top 15%,0.4714473219447084,0.2840104424386165,270,0.20383365236183215
Oct,2023,2023-10-05,2023-10-06,6m,0.26761366958287625,1802,cum,top 20%,0.4309201650855095,0.2647759036441032,360,0.16330649550263326
Oct,2023,2023-10-05,2023-10-06,6m,0.26761366958287625,1802,cum,top 25%,0.392002969539465,0.23989898989898983,450,0.12438929995658876
Oct,2023,2023-10-05,2023-10-06,6m,0.26761366958287625,1802,cum,top 30%,0.381880166218637,0.23174258857556018,539,0.11426649663576077
Oct,2023,2023-10-05,2023-10-06,6m,0.26761366958287625,1802,cum,top 40%,0.3560474941805599,0.21364081066500162,720,0.08843382459768367
Oct,2023,2023-10-05,2023-10-06,6m,0.26761366958287625,1802,cum,top 50%,0.3199938670962224,0.1938816315649161,900,0.05238019751334616
Oct,2023,2023-10-05,2023-10-06,6m,0.26761366958287625,1802,cum,top 100%,0.26761366958287625,0.17290209790209798,1802,0.0
Oct,2023,2023-10-05,2023-10-06,9m,0.44852863770624307,1802,band5,0-5%,0.7949181432774004,0.5047712418300655,90,0.34638950557115733
Oct,2023,2023-10-05,2023-10-06,9m,0.44852863770624307,1802,band5,5-10%,0.7764645507504488,0.4477659950184021,90,0.3279359130442058
Oct,2023,2023-10-05,2023-10-06,9m,0.44852863770624307,1802,band5,10-15%,0.4102454955699339,0.20747118681194032,90,-0.03828314213630918
Oct,2023,2023-10-05,2023-10-06,9m,0.44852863770624307,1802,band5,15-20%,0.5132095915674716,0.3580313765182187,90,0.06468095386122852
Oct,2023,2023-10-05,2023-10-06,9m,0.44852863770624307,1802,band5,20-25%,0.4046944288142635,0.2740892970954365,90,-0.04383420889197959
Oct,2023,2023-10-05,2023-10-06,9m,0.44852863770624307,1802,band5,25-30%,0.5719011677220829,0.39197721338713487,89,0.12337253001583981
Oct,2023,2023-10-05,2023-10-06,9m,0.44852863770624307,1802,band5,30-35%,0.3816742612920309,0.23711615487316418,91,-0.06685437641421216
Oct,2023,2023-10-05,2023-10-06,9m,0.44852863770624307,1802,band5,35-40%,0.4949197644109843,0.3013681309032047,90,0.046391126704741215
Oct,2023,2023-10-05,2023-10-06,9m,0.44852863770624307,1802,band5,40-45%,0.3354279783399449,0.19722183857979103,90,-0.11310065936629815
Oct,2023,2023-10-05,2023-10-06,9m,0.44852863770624307,1802,band5,45-50%,0.37307005648672265,0.25662936033814243,90,-0.07545858121952043
Oct,2023,2023-10-05,2023-10-06,9m,0.44852863770624307,1802,band5,50-55%,0.4286588026145145,0.260035677822531,90,-0.01986983509172857
Oct,2023,2023-10-05,2023-10-06,9m,0.44852863770624307,1802,band5,55-60%,0.48694006611042645,0.39113981762917926,90,0.03841142840418338
Oct,2023,2023-10-05,2023-10-06,9m,0.44852863770624307,1802,band5,60-65%,0.3819098355802232,0.24295055252498388,90,-0.0666188021260199
Oct,2023,2023-10-05,2023-10-06,9m,0.44852863770624307,1802,band5,65-70%,0.4855923442790958,0.30919282511210766,91,0.03706370657285274
Oct,2023,2023-10-05,2023-10-06,9m,0.44852863770624307,1802,band5,70-75%,0.42013381459149457,0.345095937463177,90,-0.028394823114748502
Oct,2023,2023-10-05,2023-10-06,9m,0.44852863770624307,1802,band5,75-80%,0.3217805191321325,0.27955714537700405,90,-0.12674811857411056
Oct,2023,2023-10-05,2023-10-06,9m,0.44852863770624307,1802,band5,80-85%,0.32019314184937697,0.24179799823047998,90,-0.1283354958568661
Oct,2023,2023-10-05,2023-10-06,9m,0.44852863770624307,1802,band5,85-90%,0.2890400969078009,0.19460864255889077,90,-0.15948854079844216
Oct,2023,2023-10-05,2023-10-06,9m,0.44852863770624307,1802,band5,90-95%,0.3931802236241224,0.3161538348536054,90,-0.055348414082120656
Oct,2023,2023-10-05,2023-10-06,9m,0.44852863770624307,1802,band5,95-100%,0.38898191479075184,0.3032769556025372,91,-0.059546722915491235
Oct,2023,2023-10-05,2023-10-06,9m,0.44852863770624307,1802,band1,0-1%,0.7525617550859035,0.7382949896392328,18,0.30403311737966043
Oct,2023,2023-10-05,2023-10-06,9m,0.44852863770624307,1802,band1,1-2%,1.4169872414591063,0.4892303852377181,18,0.9684586037528632
Oct,2023,2023-10-05,2023-10-06,9m,0.44852863770624307,1802,band1,2-3%,0.597988230076526,0.500092879256966,18,0.14945959237028295
Oct,2023,2023-10-05,2023-10-06,9m,0.44852863770624307,1802,band1,3-4%,0.6219970094339655,0.3737373737373739,18,0.17346837172772245
Oct,2023,2023-10-05,2023-10-06,9m,0.44852863770624307,1802,band1,4-5%,0.5850564803315011,0.5106223766229208,18,0.13652784262525808
Oct,2023,2023-10-05,2023-10-06,9m,0.44852863770624307,1802,band1,5-6%,1.1955194046904416,0.574779884318766,18,0.7469907669841985
Oct,2023,2023-10-05,2023-10-06,9m,0.44852863770624307,1802,band1,6-7%,0.9017408133297664,0.5807123655913977,18,0.45321217562352334
Oct,2023,2023-10-05,2023-10-06,9m,0.44852863770624307,1802,band1,7-8%,0.5745089192380266,0.26495829972222307,18,0.12598028153178353
Oct,2023,2023-10-05,2023-10-06,9m,0.44852863770624307,1802,band1,8-9%,0.6369839886132821,0.5740878428148694,18,0.18845535090703902
Oct,2023,2023-10-05,2023-10-06,9m,0.44852863770624307,1802,band1,9-10%,0.5735696278807283,0.25301445330222305,18,0.12504099017448522
Oct,2023,2023-10-05,2023-10-06,9m,0.44852863770624307,1802,band1,10-11%,0.5206112778878564,0.16844560306949674,18,0.07208264018161337
Oct,2023,2023-10-05,2023-10-06,9m,0.44852863770624307,1802,band1,11-12%,0.39630945892950553,0.2850382910622181,18,-0.05221917877673754
Oct,2023,2023-10-05,2023-10-06,9m,0.44852863770624307,1802,band1,12-13%,0.2608458370667931,0.19622457434581564,18,-0.18768280063944998
Oct,2023,2023-10-05,2023-10-06,9m,0.44852863770624307,1802,band1,13-14%,0.349419309156332,0.11956269468026626,18,-0.09910932854991106
Oct,2023,2023-10-05,2023-10-06,9m,0.44852863770624307,1802,band1,14-15%,0.5240415948091824,0.32657733803004396,18,0.07551295710293937
Oct,2023,2023-10-05,2023-10-06,9m,0.44852863770624307,1802,band1,15-16%,0.41328939570161577,0.3305367719389968,18,-0.0352392420046273
Oct,2023,2023-10-05,2023-10-06,9m,0.44852863770624307,1802,band1,16-17%,0.5483940489079198,0.33110665543679707,18,0.09986541120167669
Oct,2023,2023-10-05,2023-10-06,9m,0.44852863770624307,1802,band1,17-18%,0.5038525302020452,0.3107377866400798,18,0.05532389249580216
Oct,2023,2023-10-05,2023-10-06,9m,0.44852863770624307,1802,band1,18-19%,0.6378915672318363,0.4072269174469024,18,0.1893629295255932
Oct,2023,2023-10-05,2023-10-06,9m,0.44852863770624307,1802,band1,19-20%,0.4626204157939411,0.35606923259018275,18,0.014091778087698015
Oct,2023,2023-10-05,2023-10-06,9m,0.44852863770624307,1802,cum,top 2%,1.0847744982725047,0.6746459128484344,36,0.6362458605662616
Oct,2023,2023-10-05,2023-10-06,9m,0.44852863770624307,1802,cum,top 5%,0.7949181432774004,0.5047712418300655,90,0.34638950557115733
Oct,2023,2023-10-05,2023-10-06,9m,0.44852863770624307,1802,cum,top 10%,0.7856913470139247,0.467050032488629,180,0.33716270930768166
Oct,2023,2023-10-05,2023-10-06,9m,0.44852863770624307,1802,cum,top 15%,0.6605427298659278,0.3495068267419963,270,0.2120140921596847
Oct,2023,2023-10-05,2023-10-06,9m,0.44852863770624307,1802,cum,top 20%,0.6237094452913138,0.3511805555555556,360,0.1751808075850707
Oct,2023,2023-10-05,2023-10-06,9m,0.44852863770624307,1802,cum,top 25%,0.5799064419959037,0.3114489868273925,450,0.13137780428966062
Oct,2023,2023-10-05,2023-10-06,9m,0.44852863770624307,1802,cum,top 30%,0.578584606355143,0.3240406690718267,539,0.1300559686488999
Oct,2023,2023-10-05,2023-10-06,9m,0.44852863770624307,1802,cum,top 40%,0.5432392213888687,0.2999757911527622,720,0.09471058368262564
Oct,2023,2023-10-05,2023-10-06,9m,0.44852863770624307,1802,cum,top 50%,0.5054411805937616,0.2961065646651664,900,0.05691254288751857
Oct,2023,2023-10-05,2023-10-06,9m,0.44852863770624307,1802,cum,top 100%,0.44852863770624307,0.28891164833753413,1802,0.0
Oct,2023,2023-10-05,2023-10-06,12m,0.5416874026315182,1802,band5,0-5%,0.9809470427802353,0.5787948265726043,90,0.4392596401487171
Oct,2023,2023-10-05,2023-10-06,12m,0.5416874026315182,1802,band5,5-10%,0.9674633222461365,0.6229316435682701,90,0.42577591961461836
Oct,2023,2023-10-05,2023-10-06,12m,0.5416874026315182,1802,band5,10-15%,0.5037864232322413,0.26034058534058535,90,-0.037900979399276835
Oct,2023,2023-10-05,2023-10-06,12m,0.5416874026315182,1802,band5,15-20%,0.6539390039353423,0.44700749625187397,90,0.11225160130382417
Oct,2023,2023-10-05,2023-10-06,12m,0.5416874026315182,1802,band5,20-25%,0.5279389912175476,0.33929694475790506,90,-0.01374841141397054
Oct,2023,2023-10-05,2023-10-06,12m,0.5416874026315182,1802,band5,25-30%,0.7514518549858091,0.30179028132992336,89,0.20976445235429098
Oct,2023,2023-10-05,2023-10-06,12m,0.5416874026315182,1802,band5,30-35%,0.5024013679983079,0.26995708154506426,91,-0.03928603463321023
Oct,2023,2023-10-05,2023-10-06,12m,0.5416874026315182,1802,band5,35-40%,0.589740860395351,0.3366851673101673,90,0.04805345776383285
Oct,2023,2023-10-05,2023-10-06,12m,0.5416874026315182,1802,band5,40-45%,0.4233933265962038,0.2999512526220848,90,-0.11829407603531433
Oct,2023,2023-10-05,2023-10-06,12m,0.5416874026315182,1802,band5,45-50%,0.46109065590093956,0.32671608130036567,90,-0.0805967467305786
Oct,2023,2023-10-05,2023-10-06,12m,0.5416874026315182,1802,band5,50-55%,0.5554052413935545,0.3309621640367574,90,0.01371783876203636
Oct,2023,2023-10-05,2023-10-06,12m,0.5416874026315182,1802,band5,55-60%,0.5215787500281149,0.47733162094927917,90,-0.02010865260340322
Oct,2023,2023-10-05,2023-10-06,12m,0.5416874026315182,1802,band5,60-65%,0.43225780300251976,0.2533553670262867,90,-0.1094295996289984
Oct,2023,2023-10-05,2023-10-06,12m,0.5416874026315182,1802,band5,65-70%,0.46092911513610846,0.32689796679723937,91,-0.0807582874954097
Oct,2023,2023-10-05,2023-10-06,12m,0.5416874026315182,1802,band5,70-75%,0.4417315285877231,0.3623973255662917,90,-0.09995587404379508
Oct,2023,2023-10-05,2023-10-06,12m,0.5416874026315182,1802,band5,75-80%,0.37840923461974396,0.2905781645613932,90,-0.1632781680117742
Oct,2023,2023-10-05,2023-10-06,12m,0.5416874026315182,1802,band5,80-85%,0.41295170216150556,0.34241521512205086,90,-0.1287357004700126
Oct,2023,2023-10-05,2023-10-06,12m,0.5416874026315182,1802,band5,85-90%,0.35925844661647643,0.2658772510767089,90,-0.18242895601504172
Oct,2023,2023-10-05,2023-10-06,12m,0.5416874026315182,1802,band5,90-95%,0.47206839752771723,0.3493153504672759,90,-0.06961900510380092
Oct,2023,2023-10-05,2023-10-06,12m,0.5416874026315182,1802,band5,95-100%,0.44177961276159294,0.3469362745098039,91,-0.09990778986992521
Oct,2023,2023-10-05,2023-10-06,12m,0.5416874026315182,1802,band1,0-1%,0.8837182513499111,0.6677332471450118,18,0.34203084871839295
Oct,2023,2023-10-05,2023-10-06,12m,0.5416874026315182,1802,band1,1-2%,1.649977335349002,0.5746801710016379,18,1.1082899327174838
Oct,2023,2023-10-05,2023-10-06,12m,0.5416874026315182,1802,band1,2-3%,0.6722715605119235,0.9072668982099921,18,0.13058415788040534
Oct,2023,2023-10-05,2023-10-06,12m,0.5416874026315182,1802,band1,3-4%,0.6981534107526579,0.3866666666666667,18,0.15646600812113975
Oct,2023,2023-10-05,2023-10-06,12m,0.5416874026315182,1802,band1,4-5%,1.000614655937682,0.6648067448184187,18,0.4589272533061639
Oct,2023,2023-10-05,2023-10-06,12m,0.5416874026315182,1802,band1,5-6%,1.517913267608395,0.823061331049823,18,0.9762258649768769
Oct,2023,2023-10-05,2023-10-06,12m,0.5416874026315182,1802,band1,6-7%,1.375276357508011,1.156200662083015,18,0.8335889548764928
Oct,2023,2023-10-05,2023-10-06,12m,0.5416874026315182,1802,band1,7-8%,0.6683905891722016,0.20209178048968213,18,0.12670318654068347
Oct,2023,2023-10-05,2023-10-06,12m,0.5416874026315182,1802,band1,8-9%,0.6166312769694536,0.6573252743064064,18,0.07494387433793548
Oct,2023,2023-10-05,2023-10-06,12m,0.5416874026315182,1802,band1,9-10%,0.6591051199726219,0.6318889751258697,18,0.11741771734110373
Oct,2023,2023-10-05,2023-10-06,12m,0.5416874026315182,1802,band1,10-11%,0.711880661579895,0.31563343633111074,18,0.1701932589483769
Oct,2023,2023-10-05,2023-10-06,12m,0.5416874026315182,1802,band1,11-12%,0.42564239175200846,0.19401197563331352,18,-0.11604501087950969
Oct,2023,2023-10-05,2023-10-06,12m,0.5416874026315182,1802,band1,12-13%,0.3502346729400144,0.1870840064620356,18,-0.19145272969150373
Oct,2023,2023-10-05,2023-10-06,12m,0.5416874026315182,1802,band1,13-14%,0.3869713500779857,0.21048213938605542,18,-0.15471605255353243
Oct,2023,2023-10-05,2023-10-06,12m,0.5416874026315182,1802,band1,14-15%,0.6442030398113031,0.3391987781954887,18,0.10251563717978496
Oct,2023,2023-10-05,2023-10-06,12m,0.5416874026315182,1802,band1,15-16%,0.52718762859799,0.42079306311756404,18,-0.014499774033528201
Oct,2023,2023-10-05,2023-10-06,12m,0.5416874026315182,1802,band1,16-17%,0.7771941454315905,0.4197514367816092,18,0.23550674280007233
Oct,2023,2023-10-05,2023-10-06,12m,0.5416874026315182,1802,band1,17-18%,0.5982970767026834,0.33977072677695774,18,0.05660967407116524
Oct,2023,2023-10-05,2023-10-06,12m,0.5416874026315182,1802,band1,18-19%,0.7561177320751903,0.5446521312752723,18,0.21443032944367213
Oct,2023,2023-10-05,2023-10-06,12m,0.5416874026315182,1802,band1,19-20%,0.610898436869257,0.667402385123904,18,0.06921103423773889
Oct,2023,2023-10-05,2023-10-06,12m,0.5416874026315182,1802,cum,top 2%,1.2668477933494564,0.5787948265726043,36,0.7251603907179383
Oct,2023,2023-10-05,2023-10-06,12m,0.5416874026315182,1802,cum,top 5%,0.9809470427802353,0.5787948265726043,90,0.4392596401487171
Oct,2023,2023-10-05,2023-10-06,12m,0.5416874026315182,1802,cum,top 10%,0.9742051825131859,0.594884363344836,180,0.43251777988166773
Oct,2023,2023-10-05,2023-10-06,12m,0.5416874026315182,1802,cum,top 15%,0.8173989294195377,0.4512289606107929,270,0.2757115267880196
Oct,2023,2023-10-05,2023-10-06,12m,0.5416874026315182,1802,cum,top 20%,0.776533948048489,0.447806377784559,360,0.2348465454169708
Oct,2023,2023-10-05,2023-10-06,12m,0.5416874026315182,1802,cum,top 25%,0.7268149566823008,0.43160685842448265,450,0.18512755405078263
Oct,2023,2023-10-05,2023-10-06,12m,0.5416874026315182,1802,cum,top 30%,0.730883015956906,0.4193548387096775,539,0.1891956133253878
Oct,2023,2023-10-05,2023-10-06,12m,0.5416874026315182,1802,cum,top 40%,0.6843627048947221,0.3878469346429313,720,0.1426753022632039
Oct,2023,2023-10-05,2023-10-06,12m,0.5416874026315182,1802,cum,top 50%,0.635938562165492,0.37316424219818467,900,0.0942511595339739
Oct,2023,2023-10-05,2023-10-06,12m,0.5416874026315182,1802,cum,top 100%,0.5416874026315182,0.3428143754274341,1802,0.0
Oct,2023,2023-10-05,2023-10-06,18m,0.31493164410072494,1781,band5,0-5%,0.617933617141215,0.26582278481012667,89,0.30300197304049004
Oct,2023,2023-10-05,2023-10-06,18m,0.31493164410072494,1781,band5,5-10%,0.5933812522111072,0.11453334124971692,90,0.2784496081103822
Oct,2023,2023-10-05,2023-10-06,18m,0.31493164410072494,1781,band5,10-15%,0.26545057229892666,0.010227167948126947,89,-0.04948107180179828
Oct,2023,2023-10-05,2023-10-06,18m,0.31493164410072494,1781,band5,15-20%,0.38580340942457947,0.1042490877672001,88,0.07087176532385453
Oct,2023,2023-10-05,2023-10-06,18m,0.31493164410072494,1781,band5,20-25%,0.2697450645068371,0.09551856594110131,89,-0.04518657959388783
Oct,2023,2023-10-05,2023-10-06,18m,0.31493164410072494,1781,band5,25-30%,0.4290826916944468,0.050383631713554866,89,0.11415104759372185
Oct,2023,2023-10-05,2023-10-06,18m,0.31493164410072494,1781,band5,30-35%,0.2728425477995407,0.07225112812078271,90,-0.04208909630118424
Oct,2023,2023-10-05,2023-10-06,18m,0.31493164410072494,1781,band5,35-40%,0.2648607999318659,0.01136890004008495,90,-0.05007084416885904
Oct,2023,2023-10-05,2023-10-06,18m,0.31493164410072494,1781,band5,40-45%,0.2242350256921421,0.038842804760995,90,-0.09069661840858284
Oct,2023,2023-10-05,2023-10-06,18m,0.31493164410072494,1781,band5,45-50%,0.28393152045521086,0.08719118206005327,87,-0.031000123645514077
Oct,2023,2023-10-05,2023-10-06,18m,0.31493164410072494,1781,band5,50-55%,0.34959817163305235,0.059322770861873764,90,0.03466652753232741
Oct,2023,2023-10-05,2023-10-06,18m,0.31493164410072494,1781,band5,55-60%,0.21893942099451325,0.1125118693008067,90,-0.0959922231062117
Oct,2023,2023-10-05,2023-10-06,18m,0.31493164410072494,1781,band5,60-65%,0.28640556570577314,0.07151118679491186,88,-0.028526078394951804
Oct,2023,2023-10-05,2023-10-06,18m,0.31493164410072494,1781,band5,65-70%,0.21514749130158292,0.08159722222222232,91,-0.09978415279914202
Oct,2023,2023-10-05,2023-10-06,18m,0.31493164410072494,1781,band5,70-75%,0.29402643496094194,0.16591268352579047,88,-0.020905209139783
Oct,2023,2023-10-05,2023-10-06,18m,0.31493164410072494,1781,band5,75-80%,0.19542020382521252,0.09371639987919067,88,-0.11951144027551241
Oct,2023,2023-10-05,2023-10-06,18m,0.31493164410072494,1781,band5,80-85%,0.2934743664282969,0.1654567738286039,87,-0.021457277672428055
Oct,2023,2023-10-05,2023-10-06,18m,0.31493164410072494,1781,band5,85-90%,0.24606216671244652,0.20152671755725193,87,-0.06886947738827842
Oct,2023,2023-10-05,2023-10-06,18m,0.31493164410072494,1781,band5,90-95%,0.2750057134452071,0.2557737610970886,90,-0.03992593065551786
Oct,2023,2023-10-05,2023-10-06,18m,0.31493164410072494,1781,band5,95-100%,0.315746095952648,0.2729353598242079,91,0.0008144518519230814
Oct,2023,2023-10-05,2023-10-06,18m,0.31493164410072494,1781,band1,0-1%,0.5042551322304081,0.26582278481012667,17,0.18932348812968314
Oct,2023,2023-10-05,2023-10-06,18m,0.31493164410072494,1781,band1,1-2%,1.4143604404730852,0.2820849648828392,18,1.0994287963723601
Oct,2023,2023-10-05,2023-10-06,18m,0.31493164410072494,1781,band1,2-3%,0.326633563920522,0.4561105664569739,18,0.011701919819797069
Oct,2023,2023-10-05,2023-10-06,18m,0.31493164410072494,1781,band1,3-4%,0.10541316516758573,-0.03227513227513229,18,-0.2095184789331392
Oct,2023,2023-10-05,2023-10-06,18m,0.31493164410072494,1781,band1,4-5%,0.7326903125305397,0.2599409225176097,18,0.4177586684298148
Oct,2023,2023-10-05,2023-10-06,18m,0.31493164410072494,1781,band1,5-6%,0.8247595935173203,0.3108621317578505,18,0.5098279494165954
Oct,2023,2023-10-05,2023-10-06,18m,0.31493164410072494,1781,band1,6-7%,1.462708907555998,0.8024921483745014,18,1.1477772634552732
Oct,2023,2023-10-05,2023-10-06,18m,0.31493164410072494,1781,band1,7-8%,0.2753224532894036,-0.1630804163135824,18,-0.03960919081132136
Oct,2023,2023-10-05,2023-10-06,18m,0.31493164410072494,1781,band1,8-9%,0.1868763831829226,0.13264349707415524,18,-0.12805526091780234
Oct,2023,2023-10-05,2023-10-06,18m,0.31493164410072494,1781,band1,9-10%,0.21723892350989205,0.0029616249537813832,18,-0.0976927205908329
Oct,2023,2023-10-05,2023-10-06,18m,0.31493164410072494,1781,band1,10-11%,0.379998912061921,-0.08900607589132176,18,0.06506726796119605
Oct,2023,2023-10-05,2023-10-06,18m,0.31493164410072494,1781,band1,11-12%,0.04525153099033228,0.00306680034833251,18,-0.26968011311039264
Oct,2023,2023-10-05,2023-10-06,18m,0.31493164410072494,1781,band1,12-13%,0.1539326613387508,-0.09012420836678259,18,-0.16099898276197414
Oct,2023,2023-10-05,2023-10-06,18m,0.31493164410072494,1781,band1,13-14%,0.06620467836606708,-0.02370370370370367,17,-0.24872696573465786
Oct,2023,2023-10-05,2023-10-06,18m,0.31493164410072494,1781,band1,14-15%,0.670795862407959,0.17262057582981838,18,0.355864218307234
Oct,2023,2023-10-05,2023-10-06,18m,0.31493164410072494,1781,band1,15-16%,0.19819800007259647,0.07746149454147722,18,-0.11673364402812847
Oct,2023,2023-10-05,2023-10-06,18m,0.31493164410072494,1781,band1,16-17%,0.6112709135968057,0.11222877875907067,18,0.2963392694960808
Oct,2023,2023-10-05,2023-10-06,18m,0.31493164410072494,1781,band1,17-18%,0.2636420468604927,0.01721040189125289,17,-0.05128959724023224
Oct,2023,2023-10-05,2023-10-06,18m,0.31493164410072494,1781,band1,18-19%,0.5240773729831107,0.1747473205023823,18,0.2091457288823858
Oct,2023,2023-10-05,2023-10-06,18m,0.31493164410072494,1781,band1,19-20%,0.3214677689993751,0.17357357357357373,17,0.006536124898650186
Oct,2023,2023-10-05,2023-10-06,18m,0.31493164410072494,1781,cum,top 2%,0.9723092907552133,0.2732258064516129,35,0.6573776466544884
Oct,2023,2023-10-05,2023-10-06,18m,0.31493164410072494,1781,cum,top 5%,0.617933617141215,0.26582278481012667,89,0.30300197304049004
Oct,2023,2023-10-05,2023-10-06,18m,0.31493164410072494,1781,cum,top 10%,0.6055888526512166,0.23750000000000004,179,0.2906572085504917
Oct,2023,2023-10-05,2023-10-06,18m,0.31493164410072494,1781,cum,top 15%,0.4926324834297472,0.11035027472527481,268,0.17770083932902225
Oct,2023,2023-10-05,2023-10-06,18m,0.31493164410072494,1781,cum,top 20%,0.4662252965970092,0.1042490877672001,356,0.15129365249628424
Oct,2023,2023-10-05,2023-10-06,18m,0.31493164410072494,1781,cum,top 25%,0.4269292501789747,0.09740061162079505,445,0.11199760607824977
Oct,2023,2023-10-05,2023-10-06,18m,0.31493164410072494,1781,cum,top 30%,0.42728815709822,0.09248455769582542,534,0.11235651299749505
Oct,2023,2023-10-05,2023-10-06,18m,0.31493164410072494,1781,cum,top 40%,0.38734618653540065,0.08026189858865618,714,0.07241454243467571
Oct,2023,2023-10-05,2023-10-06,18m,0.31493164410072494,1781,cum,top 50%,0.360772583364952,0.07510121457489882,891,0.045840939264227054
Oct,2023,2023-10-05,2023-10-06,18m,0.31493164410072494,1781,cum,top 100%,0.31493164410072494,0.1136883371447237,1781,0.0
Oct,2023,2023-10-05,2023-10-06,24m,0.41413727068760425,1772,band5,0-5%,0.6959641614438327,0.15401309142028718,88,0.2818268907562284
Oct,2023,2023-10-05,2023-10-06,24m,0.41413727068760425,1772,band5,5-10%,0.6389811032695858,0.18497880072683226,89,0.22484383258198154
Oct,2023,2023-10-05,2023-10-06,24m,0.41413727068760425,1772,band5,10-15%,0.39814333758528636,-0.011428571428571344,89,-0.015993933102317892
Oct,2023,2023-10-05,2023-10-06,24m,0.41413727068760425,1772,band5,15-20%,0.5146638812557968,0.13805720566849966,88,0.10052661056819251
Oct,2023,2023-10-05,2023-10-06,24m,0.41413727068760425,1772,band5,20-25%,0.285691795398235,0.05688073394495419,89,-0.12844547528936923
Oct,2023,2023-10-05,2023-10-06,24m,0.41413727068760425,1772,band5,25-30%,0.5319157694402251,0.16269491026772576,89,0.11777849875262086
Oct,2023,2023-10-05,2023-10-06,24m,0.41413727068760425,1772,band5,30-35%,0.38496187885107225,0.12344755065126878,90,-0.029175391836532005
Oct,2023,2023-10-05,2023-10-06,24m,0.41413727068760425,1772,band5,35-40%,0.5057693940189971,0.07385395626591718,90,0.09163212333139287
Oct,2023,2023-10-05,2023-10-06,24m,0.41413727068760425,1772,band5,40-45%,0.3345504780912793,0.0893216756946208,90,-0.07958679259632495
Oct,2023,2023-10-05,2023-10-06,24m,0.41413727068760425,1772,band5,45-50%,0.4013722375812327,0.178244856489713,85,-0.01276503310637156
Oct,2023,2023-10-05,2023-10-06,24m,0.41413727068760425,1772,band5,50-55%,0.40161339800513784,0.16795625201105246,90,-0.012523872682466408
Oct,2023,2023-10-05,2023-10-06,24m,0.41413727068760425,1772,band5,55-60%,0.3197565309674799,0.1783784532281123,90,-0.09438073972012434
Oct,2023,2023-10-05,2023-10-06,24m,0.41413727068760425,1772,band5,60-65%,0.3664758776209829,0.23279532626992783,87,-0.04766139306662137
Oct,2023,2023-10-05,2023-10-06,24m,0.41413727068760425,1772,band5,65-70%,0.3294931461614564,0.1945964912280702,91,-0.08464412452614783
Oct,2023,2023-10-05,2023-10-06,24m,0.41413727068760425,1772,band5,70-75%,0.3639868121912078,0.234414336926846,88,-0.05015045849639643
Oct,2023,2023-10-05,2023-10-06,24m,0.41413727068760425,1772,band5,75-80%,0.28975915224088905,0.18654953917050676,87,-0.1243781184467152
Oct,2023,2023-10-05,2023-10-06,24m,0.41413727068760425,1772,band5,80-85%,0.47526633853687583,0.30146031502995285,85,0.06112906784927158
Oct,2023,2023-10-05,2023-10-06,24m,0.41413727068760425,1772,band5,85-90%,0.29414135721426854,0.19906135531135538,87,-0.11999591347333571
Oct,2023,2023-10-05,2023-10-06,24m,0.41413727068760425,1772,band5,90-95%,0.34760767161357403,0.23705611276768757,89,-0.06652959907403022
Oct,2023,2023-10-05,2023-10-06,24m,0.41413727068760425,1772,band5,95-100%,0.40546541766278477,0.34249871111874897,91,-0.008671853024819487
Oct,2023,2023-10-05,2023-10-06,24m,0.41413727068760425,1772,band1,0-1%,0.4748430294724696,0.17823066048218172,16,0.06070575878486534
Oct,2023,2023-10-05,2023-10-06,24m,0.41413727068760425,1772,band1,1-2%,1.9152850983365697,0.2584324336879268,18,1.5011478276489654
Oct,2023,2023-10-05,2023-10-06,24m,0.41413727068760425,1772,band1,2-3%,0.3280189407981962,0.46333976783275543,18,-0.08611832988940804
Oct,2023,2023-10-05,2023-10-06,24m,0.41413727068760425,1772,band1,3-4%,-0.036742083687759663,-0.21582010582010586,18,-0.4508793543753639
Oct,2023,2023-10-05,2023-10-06,24m,0.41413727068760425,1772,band1,4-5%,0.7738468076362025,0.23728070175438598,18,0.35970953694859825
Oct,2023,2023-10-05,2023-10-06,24m,0.41413727068760425,1772,band1,5-6%,1.0065770342005225,0.2722851048708371,18,0.5924397635129182
Oct,2023,2023-10-05,2023-10-06,24m,0.41413727068760425,1772,band1,6-7%,1.4284844802894772,0.7082336612068295,18,1.0143472096018729
Oct,2023,2023-10-05,2023-10-06,24m,0.41413727068760425,1772,band1,7-8%,0.22633767461020515,-0.05380690002881011,18,-0.1877995960773991
Oct,2023,2023-10-05,2023-10-06,24m,0.41413727068760425,1772,band1,8-9%,0.3585980245636305,0.18878663624779046,18,-0.05553924612397376
Oct,2023,2023-10-05,2023-10-06,24m,0.41413727068760425,1772,band1,9-10%,0.1476099026496533,-0.11959287531806606,17,-0.26652736803795096
Oct,2023,2023-10-05,2023-10-06,24m,0.41413727068760425,1772,band1,10-11%,0.7560762213184232,-0.08865527914708238,18,0.34193895063081897
Oct,2023,2023-10-05,2023-10-06,24m,0.41413727068760425,1772,band1,11-12%,0.20599454917643548,-0.03928153717627397,18,-0.20814272151116878
Oct,2023,2023-10-05,2023-10-06,24m,0.41413727068760425,1772,band1,12-13%,0.10810152077192176,-0.14651837821095504,18,-0.3060357499156825
Oct,2023,2023-10-05,2023-10-06,24m,0.41413727068760425,1772,band1,13-14%,0.05601408981114494,0.00697123093213281,17,-0.35812318087645933
Oct,2023,2023-10-05,2023-10-06,24m,0.41413727068760425,1772,band1,14-15%,0.8455231264166093,0.18995242097399268,18,0.43138585572900506
Oct,2023,2023-10-05,2023-10-06,24m,0.41413727068760425,1772,band1,15-16%,0.18739795792240352,0.12735864898173943,18,-0.22673931276520073
Oct,2023,2023-10-05,2023-10-06,24m,0.41413727068760425,1772,band1,16-17%,0.7168769946397582,0.10971000833443678,18,0.3027397239521539
Oct,2023,2023-10-05,2023-10-06,24m,0.41413727068760425,1772,band1,17-18%,0.3752673802072716,0.11073117497271734,17,-0.03886989048033268
Oct,2023,2023-10-05,2023-10-06,24m,0.41413727068760425,1772,band1,18-19%,0.5441169554460619,0.13759857250893426,18,0.12997968475845761
Oct,2023,2023-10-05,2023-10-06,24m,0.41413727068760425,1772,band1,19-20%,0.7552836319316752,0.43359467807080065,17,0.341146361244071
Oct,2023,2023-10-05,2023-10-06,24m,0.41413727068760425,1772,cum,top 2%,1.2374300071064048,0.1824699962463604,34,0.8232927364188005
Oct,2023,2023-10-05,2023-10-06,24m,0.41413727068760425,1772,cum,top 5%,0.6959641614438327,0.15401309142028718,88,0.2818268907562284
Oct,2023,2023-10-05,2023-10-06,24m,0.41413727068760425,1772,cum,top 10%,0.6673116632658215,0.15825242718446586,177,0.2531743925782172
Oct,2023,2023-10-05,2023-10-06,24m,0.41413727068760425,1772,cum,top 15%,0.5772515843727102,0.07970678988560742,266,0.16311431368510593
Oct,2023,2023-10-05,2023-10-06,24m,0.41413727068760425,1772,cum,top 20%,0.5616930593040989,0.11209019864829828,354,0.1475557886164946
Oct,2023,2023-10-05,2023-10-06,24m,0.41413727068760425,1772,cum,top 25%,0.506243595449422,0.0807980049875312,443,0.09210632476181774
Oct,2023,2023-10-05,2023-10-06,24m,0.41413727068760425,1772,cum,top 30%,0.5105383764366052,0.09851540595434993,532,0.0964011057490009
Oct,2023,2023-10-05,2023-10-06,24m,0.41413727068760425,1772,cum,top 40%,0.4940621219418262,0.10646161067847804,712,0.07992485125422194
Oct,2023,2023-10-05,2023-10-06,24m,0.41413727068760425,1772,cum,top 50%,0.4689948298142053,0.11223175965665222,887,0.05485755912660106
Oct,2023,2023-10-05,2023-10-06,24m,0.41413727068760425,1772,cum,top 100%,0.41413727068760425,0.16901814302673956,1772,0.0
Apr,2024,2024-04-02,2024-04-03,3m,0.1707134504729278,1870,band5,0-5%,0.29006330705409566,0.23666666666666658,93,0.11934985658116787
Apr,2024,2024-04-02,2024-04-03,3m,0.1707134504729278,1870,band5,5-10%,0.17252082939185848,0.10417196340885881,94,0.00180737891893068
Apr,2024,2024-04-02,2024-04-03,3m,0.1707134504729278,1870,band5,10-15%,0.29299944542210965,0.1812765957446809,93,0.12228599494918185
Apr,2024,2024-04-02,2024-04-03,3m,0.1707134504729278,1870,band5,15-20%,0.16378971184560415,0.12668368550953513,94,-0.00692373862732365
Apr,2024,2024-04-02,2024-04-03,3m,0.1707134504729278,1870,band5,20-25%,0.20874404822704468,0.15735735735735723,93,0.03803059775411688
Apr,2024,2024-04-02,2024-04-03,3m,0.1707134504729278,1870,band5,25-30%,0.1318339188772021,0.11554208862209603,94,-0.038879531595725686
Apr,2024,2024-04-02,2024-04-03,3m,0.1707134504729278,1870,band5,30-35%,0.10728248610692977,0.07488372093023243,93,-0.06343096436599803
Apr,2024,2024-04-02,2024-04-03,3m,0.1707134504729278,1870,band5,35-40%,0.13556571195126496,0.0823290755902425,94,-0.035147738521662836
Apr,2024,2024-04-02,2024-04-03,3m,0.1707134504729278,1870,band5,40-45%,0.14446993480372647,0.08247588424437313,93,-0.02624351566920133
Apr,2024,2024-04-02,2024-04-03,3m,0.1707134504729278,1870,band5,45-50%,0.11048654949448616,0.08613799085049578,94,-0.06022690097844163
Apr,2024,2024-04-02,2024-04-03,3m,0.1707134504729278,1870,band5,50-55%,0.1446038512189969,0.091324200913242,93,-0.026109599253930887
Apr,2024,2024-04-02,2024-04-03,3m,0.1707134504729278,1870,band5,55-60%,0.12273491506450479,0.0866831671725965,94,-0.047978535408423006
Apr,2024,2024-04-02,2024-04-03,3m,0.1707134504729278,1870,band5,60-65%,0.17233268887150532,0.10901639344262293,93,0.0016192383985775272
Apr,2024,2024-04-02,2024-04-03,3m,0.1707134504729278,1870,band5,65-70%,0.21103967391428613,0.1652320254110614,94,0.04032622344135833
Apr,2024,2024-04-02,2024-04-03,3m,0.1707134504729278,1870,band5,70-75%,0.1715030138176192,0.12917232021709624,93,0.0007895633446914074
Apr,2024,2024-04-02,2024-04-03,3m,0.1707134504729278,1870,band5,75-80%,0.166769339328321,0.14240711674458928,94,-0.003944111144606799
Apr,2024,2024-04-02,2024-04-03,3m,0.1707134504729278,1870,band5,80-85%,0.19914877187266536,0.16594405594405592,93,0.028435321399737562
Apr,2024,2024-04-02,2024-04-03,3m,0.1707134504729278,1870,band5,85-90%,0.1792431549155102,0.15271142561760342,94,0.008529704442582414
Apr,2024,2024-04-02,2024-04-03,3m,0.1707134504729278,1870,band5,90-95%,0.1606039719230496,0.11517372209661914,93,-0.010109478549878204
Apr,2024,2024-04-02,2024-04-03,3m,0.1707134504729278,1870,band5,95-100%,0.13049769615126985,0.10866476174973383,94,-0.04021575432165794
Apr,2024,2024-04-02,2024-04-03,3m,0.1707134504729278,1870,band1,0-1%,0.3436986973466262,0.28190647482014375,18,0.17298524687369843
Apr,2024,2024-04-02,2024-04-03,3m,0.1707134504729278,1870,band1,1-2%,0.2918365701459538,0.24601004641698987,19,0.12112311967302603
Apr,2024,2024-04-02,2024-04-03,3m,0.1707134504729278,1870,band1,2-3%,0.1953938966757553,0.13963575726526667,19,0.0246804462028275
Apr,2024,2024-04-02,2024-04-03,3m,0.1707134504729278,1870,band1,3-4%,0.27903062621757324,0.274654021106975,18,0.10831717574464544
Apr,2024,2024-04-02,2024-04-03,3m,0.1707134504729278,1870,band1,4-5%,0.34259899275067524,0.20901771336553931,19,0.17188554227774744
Apr,2024,2024-04-02,2024-04-03,3m,0.1707134504729278,1870,band1,5-6%,0.20490201813582096,0.06245353159851308,19,0.03418856766289316
Apr,2024,2024-04-02,2024-04-03,3m,0.1707134504729278,1870,band1,6-7%,0.25083131930340924,0.16683223436867367,18,0.08011786883048144
Apr,2024,2024-04-02,2024-04-03,3m,0.1707134504729278,1870,band1,7-8%,0.1809891671545437,0.09513108614232202,19,0.010275716681615893
Apr,2024,2024-04-02,2024-04-03,3m,0.1707134504729278,1870,band1,8-9%,0.0759460471823175,0.07540983606557372,19,-0.0947674032906103
Apr,2024,2024-04-02,2024-04-03,3m,0.1707134504729278,1870,band1,9-10%,0.15405719991538808,0.14733257661748,19,-0.01665625055753972
Apr,2024,2024-04-02,2024-04-03,3m,0.1707134504729278,1870,band1,10-11%,0.2493780822239055,0.1874202116584338,18,0.07866463175097771
Apr,2024,2024-04-02,2024-04-03,3m,0.1707134504729278,1870,band1,11-12%,0.16394256026247211,0.06297577854671266,19,-0.006770890210455682
Apr,2024,2024-04-02,2024-04-03,3m,0.1707134504729278,1870,band1,12-13%,0.24938562313476653,0.21208053691275164,19,0.07867217266183874
Apr,2024,2024-04-02,2024-04-03,3m,0.1707134504729278,1870,band1,13-14%,0.5486482730354676,0.3454720680393911,18,0.3779348225625398
Apr,2024,2024-04-02,2024-04-03,3m,0.1707134504729278,1870,band1,14-15%,0.26480202868631303,0.29079857472228055,19,0.09408857821338523
Apr,2024,2024-04-02,2024-04-03,3m,0.1707134504729278,1870,band1,15-16%,0.17012896089707877,0.13157519600855294,19,-0.0005844895758490287
Apr,2024,2024-04-02,2024-04-03,3m,0.1707134504729278,1870,band1,16-17%,0.20494060143969461,0.20447893879598555,18,0.03422715096676682
Apr,2024,2024-04-02,2024-04-03,3m,0.1707134504729278,1870,band1,17-18%,0.15984411945113858,0.11797150298758985,19,-0.01086933102178922
Apr,2024,2024-04-02,2024-04-03,3m,0.1707134504729278,1870,band1,18-19%,0.0815920829734365,0.06645000000000012,19,-0.0891213674994913
Apr,2024,2024-04-02,2024-04-03,3m,0.1707134504729278,1870,band1,19-20%,0.204608630761098,0.15558047493403682,19,0.03389518028817021
Apr,2024,2024-04-02,2024-04-03,3m,0.1707134504729278,1870,cum,top 2%,0.31706679418952416,0.26466763005780347,37,0.14635334371659636
Apr,2024,2024-04-02,2024-04-03,3m,0.1707134504729278,1870,cum,top 5%,0.29006330705409566,0.23666666666666658,93,0.11934985658116787
Apr,2024,2024-04-02,2024-04-03,3m,0.1707134504729278,1870,cum,top 10%,0.23097778352334544,0.16552287581699332,187,0.060264333050417646
Apr,2024,2024-04-02,2024-04-03,3m,0.1707134504729278,1870,cum,top 15%,0.2515778355111492,0.16617048751780072,280,0.08086438503822141
Apr,2024,2024-04-02,2024-04-03,3m,0.1707134504729278,1870,cum,top 20%,0.2295134407930711,0.1523307235029724,374,0.0587999903201433
Apr,2024,2024-04-02,2024-04-03,3m,0.1707134504729278,1870,cum,top 25%,0.2253773519094727,0.15303030303030307,467,0.0546639014365449
Apr,2024,2024-04-02,2024-04-03,3m,0.1707134504729278,1870,cum,top 30%,0.20970340769372675,0.14780141843971628,561,0.038989957220798954
Apr,2024,2024-04-02,2024-04-03,3m,0.1707134504729278,1870,cum,top 40%,0.18765248642719798,0.12997860962566843,748,0.016939035954270182
Apr,2024,2024-04-02,2024-04-03,3m,0.1707134504729278,1870,cum,top 50%,0.1755994646382592,0.11455819384974708,935,0.004886014165331409
Apr,2024,2024-04-02,2024-04-03,3m,0.1707134504729278,1870,cum,top 100%,0.1707134504729278,0.12128464075675482,1870,0.0
Apr,2024,2024-04-02,2024-04-03,6m,0.23352943121662328,1870,band5,0-5%,0.36505228712258925,0.2149532710280373,93,0.13152285590596596
Apr,2024,2024-04-02,2024-04-03,6m,0.23352943121662328,1870,band5,5-10%,0.32317130940916905,0.1807636003595986,94,0.08964187819254577
Apr,2024,2024-04-02,2024-04-03,6m,0.23352943121662328,1870,band5,10-15%,0.42893420584799136,0.1994920634920634,93,0.19540477463136807
Apr,2024,2024-04-02,2024-04-03,6m,0.23352943121662328,1870,band5,15-20%,0.28621940595615747,0.15527094135470076,94,0.052689974739534184
Apr,2024,2024-04-02,2024-04-03,6m,0.23352943121662328,1870,band5,20-25%,0.25403848561053477,0.17505995203836933,93,0.020509054393911486
Apr,2024,2024-04-02,2024-04-03,6m,0.23352943121662328,1870,band5,25-30%,0.2111718990101497,0.10542625883127765,94,-0.022357532206473574
Apr,2024,2024-04-02,2024-04-03,6m,0.23352943121662328,1870,band5,30-35%,0.18296797224309316,0.12477804681194526,93,-0.05056145897353012
Apr,2024,2024-04-02,2024-04-03,6m,0.23352943121662328,1870,band5,35-40%,0.19785159578564765,0.11757962241579689,94,-0.035677835430975635
Apr,2024,2024-04-02,2024-04-03,6m,0.23352943121662328,1870,band5,40-45%,0.19867774417964573,0.09428364488870544,93,-0.03485168703697755
Apr,2024,2024-04-02,2024-04-03,6m,0.23352943121662328,1870,band5,45-50%,0.23471575256835797,0.1553604651162791,94,0.0011863213517346871
Apr,2024,2024-04-02,2024-04-03,6m,0.23352943121662328,1870,band5,50-55%,0.2087146799844621,0.15780893381154204,93,-0.024814751232161175
Apr,2024,2024-04-02,2024-04-03,6m,0.23352943121662328,1870,band5,55-60%,0.14922050209806803,0.07470426011821718,94,-0.08430892911855525
Apr,2024,2024-04-02,2024-04-03,6m,0.23352943121662328,1870,band5,60-65%,0.17032832254842645,0.1316086465839048,93,-0.06320110866819684
Apr,2024,2024-04-02,2024-04-03,6m,0.23352943121662328,1870,band5,65-70%,0.25396141719315607,0.2290008707882042,94,0.020431985976532785
Apr,2024,2024-04-02,2024-04-03,6m,0.23352943121662328,1870,band5,70-75%,0.18199509021685834,0.1196392253957026,93,-0.05153434099976495
Apr,2024,2024-04-02,2024-04-03,6m,0.23352943121662328,1870,band5,75-80%,0.18460006788365488,0.16575900546326716,94,-0.048929363332968406
Apr,2024,2024-04-02,2024-04-03,6m,0.23352943121662328,1870,band5,80-85%,0.2564511644247153,0.21470864322333738,93,0.022921733208092043
Apr,2024,2024-04-02,2024-04-03,6m,0.23352943121662328,1870,band5,85-90%,0.1926135779100017,0.14489220214399745,94,-0.04091585330662159
Apr,2024,2024-04-02,2024-04-03,6m,0.23352943121662328,1870,band5,90-95%,0.2255856849794679,0.20064944747262214,93,-0.00794374623715538
Apr,2024,2024-04-02,2024-04-03,6m,0.23352943121662328,1870,band5,95-100%,0.1657797074985265,0.1634119991970635,94,-0.06774972371809679
Apr,2024,2024-04-02,2024-04-03,6m,0.23352943121662328,1870,band1,0-1%,0.38171450478013674,0.26603773584905654,18,0.14818507356351346
Apr,2024,2024-04-02,2024-04-03,6m,0.23352943121662328,1870,band1,1-2%,0.3242643702928522,0.18398715301674717,19,0.09073493907622893
Apr,2024,2024-04-02,2024-04-03,6m,0.23352943121662328,1870,band1,2-3%,0.4050751323818544,0.2534391534391536,19,0.1715457011652311
Apr,2024,2024-04-02,2024-04-03,6m,0.23352943121662328,1870,band1,3-4%,0.27451111470881107,0.14597723551882746,18,0.04098168349218778
Apr,2024,2024-04-02,2024-04-03,6m,0.23352943121662328,1870,band1,4-5%,0.4358079474094904,0.22190016103059573,19,0.20227851619286713
Apr,2024,2024-04-02,2024-04-03,6m,0.23352943121662328,1870,band1,5-6%,0.4067332955475196,0.3760869565217393,19,0.1732038643308963
Apr,2024,2024-04-02,2024-04-03,6m,0.23352943121662328,1870,band1,6-7%,0.3326734586078872,0.19923524808984627,18,0.09914402739126393
Apr,2024,2024-04-02,2024-04-03,6m,0.23352943121662328,1870,band1,7-8%,0.41641202516309833,0.34545454545454524,19,0.18288259394647505
Apr,2024,2024-04-02,2024-04-03,6m,0.23352943121662328,1870,band1,8-9%,0.21135186848872656,0.09870129870129873,19,-0.022177562727896727
Apr,2024,2024-04-02,2024-04-03,6m,0.23352943121662328,1870,band1,9-10%,0.24918601235433557,0.12301070963867478,19,0.01565658113771229
Apr,2024,2024-04-02,2024-04-03,6m,0.23352943121662328,1870,band1,10-11%,0.23200254584248153,0.2703739741793434,18,-0.001526885374141751
Apr,2024,2024-04-02,2024-04-03,6m,0.23352943121662328,1870,band1,11-12%,0.3321769821643701,0.08212765957446799,19,0.0986475509477468
Apr,2024,2024-04-02,2024-04-03,6m,0.23352943121662328,1870,band1,12-13%,0.3284846455170838,0.12465166130761007,19,0.0949552143004605
Apr,2024,2024-04-02,2024-04-03,6m,0.23352943121662328,1870,band1,13-14%,0.8654734790143581,0.22601415853451723,18,0.6319440477977348
Apr,2024,2024-04-02,2024-04-03,6m,0.23352943121662328,1870,band1,14-15%,0.3991443037101291,0.25142857142857133,19,0.16561487249350582
Apr,2024,2024-04-02,2024-04-03,6m,0.23352943121662328,1870,band1,15-16%,0.5146792952192865,0.5157723577235773,19,0.2811498640026632
Apr,2024,2024-04-02,2024-04-03,6m,0.23352943121662328,1870,band1,16-17%,0.3414772707192269,0.2564879485082978,18,0.10794783950260362
Apr,2024,2024-04-02,2024-04-03,6m,0.23352943121662328,1870,band1,17-18%,0.20337018843542606,0.1086257085950666,19,-0.03015924278119722
Apr,2024,2024-04-02,2024-04-03,6m,0.23352943121662328,1870,band1,18-19%,0.08944136236378779,0.07352941176470584,19,-0.14408806885283548
Apr,2024,2024-04-02,2024-04-03,6m,0.23352943121662328,1870,band1,19-20%,0.28503722171480045,0.19476439790575917,19,0.051507790498177164
Apr,2024,2024-04-02,2024-04-03,6m,0.23352943121662328,1870,cum,top 2%,0.3522130843677474,0.2405479452054795,37,0.11868365315112411
Apr,2024,2024-04-02,2024-04-03,6m,0.23352943121662328,1870,cum,top 5%,0.36505228712258925,0.2149532710280373,93,0.13152285590596596
Apr,2024,2024-04-02,2024-04-03,6m,0.23352943121662328,1870,cum,top 10%,0.34399981704204646,0.20808848945731073,187,0.11047038582542318
Apr,2024,2024-04-02,2024-04-03,6m,0.23352943121662328,1870,cum,top 15%,0.3722101676097353,0.20286073710050234,280,0.13868073639311201
Apr,2024,2024-04-02,2024-04-03,6m,0.23352943121662328,1870,cum,top 20%,0.3505975162850393,0.190494799518384,374,0.11706808506841604
Apr,2024,2024-04-02,2024-04-03,6m,0.23352943121662328,1870,cum,top 25%,0.3313684159579966,0.18604651162790686,467,0.09783898474137331
Apr,2024,2024-04-02,2024-04-03,6m,0.23352943121662328,1870,cum,top 30%,0.3112285361129028,0.17505995203836933,561,0.07769910489627951
Apr,2024,2024-04-02,2024-04-03,6m,0.23352943121662328,1870,cum,top 40%,0.281033797034488,0.16158951987743753,748,0.04750436581786471
Apr,2024,2024-04-02,2024-04-03,6m,0.23352943121662328,1870,cum,top 50%,0.26818565896463076,0.15872093023255807,935,0.03465622774800747
Apr,2024,2024-04-02,2024-04-03,6m,0.23352943121662328,1870,cum,top 100%,0.23352943121662328,0.15799373364906355,1870,0.0
Apr,2024,2024-04-02,2024-04-03,9m,0.2144098615561562,1870,band5,0-5%,0.41461431066451593,0.21643192488262897,93,0.20020444910835972
Apr,2024,2024-04-02,2024-04-03,9m,0.2144098615561562,1870,band5,5-10%,0.4010748961760416,0.18366055737957876,94,0.18666503461988537
Apr,2024,2024-04-02,2024-04-03,9m,0.2144098615561562,1870,band5,10-15%,0.4564493767587536,0.12224710712952591,93,0.24203951520259737
Apr,2024,2024-04-02,2024-04-03,9m,0.2144098615561562,1870,band5,15-20%,0.2369973882177825,0.11110768565926721,94,0.022587526661626278
Apr,2024,2024-04-02,2024-04-03,9m,0.2144098615561562,1870,band5,20-25%,0.24333261829591663,0.11534772182254183,93,0.028922756739760414
Apr,2024,2024-04-02,2024-04-03,9m,0.2144098615561562,1870,band5,25-30%,0.24126581157571003,0.1339770812268285,94,0.02685595001955382
Apr,2024,2024-04-02,2024-04-03,9m,0.2144098615561562,1870,band5,30-35%,0.17712027922205156,0.0773960216998193,93,-0.03728958233410465
Apr,2024,2024-04-02,2024-04-03,9m,0.2144098615561562,1870,band5,35-40%,0.183360295535822,0.05903422368148614,94,-0.031049566020334207
Apr,2024,2024-04-02,2024-04-03,9m,0.2144098615561562,1870,band5,40-45%,0.17201251209900295,0.07374689826302738,93,-0.04239734945715326
Apr,2024,2024-04-02,2024-04-03,9m,0.2144098615561562,1870,band5,45-50%,0.2378559186196058,0.07918570035681693,94,0.0234460570634496
Apr,2024,2024-04-02,2024-04-03,9m,0.2144098615561562,1870,band5,50-55%,0.19744085306126882,0.1192809510002899,93,-0.01696900849488739
Apr,2024,2024-04-02,2024-04-03,9m,0.2144098615561562,1870,band5,55-60%,0.13005235417161137,0.10719086873811035,94,-0.08435750738454484
Apr,2024,2024-04-02,2024-04-03,9m,0.2144098615561562,1870,band5,60-65%,0.13137851701602343,0.005035128805620515,93,-0.08303134454013278
Apr,2024,2024-04-02,2024-04-03,9m,0.2144098615561562,1870,band5,65-70%,0.22663221777695627,0.18522113452221556,94,0.012222356220800062
Apr,2024,2024-04-02,2024-04-03,9m,0.2144098615561562,1870,band5,70-75%,0.13717981954937886,0.07731481481481484,93,-0.07723004200677736
Apr,2024,2024-04-02,2024-04-03,9m,0.2144098615561562,1870,band5,75-80%,0.16208047398818745,0.08341311234460014,94,-0.05232938756796876
Apr,2024,2024-04-02,2024-04-03,9m,0.2144098615561562,1870,band5,80-85%,0.22106992898877167,0.13651455486062858,93,0.006660067432615463
Apr,2024,2024-04-02,2024-04-03,9m,0.2144098615561562,1870,band5,85-90%,0.12331101132048762,0.07660109774789792,94,-0.09109885023566859
Apr,2024,2024-04-02,2024-04-03,9m,0.2144098615561562,1870,band5,90-95%,0.1161932131477235,0.09423002066053843,93,-0.09821664840843271
Apr,2024,2024-04-02,2024-04-03,9m,0.2144098615561562,1870,band5,95-100%,0.08008067763157514,0.051605933922298064,94,-0.13432918392458107
Apr,2024,2024-04-02,2024-04-03,9m,0.2144098615561562,1870,band1,0-1%,0.4983393398745933,0.15682739343116714,18,0.28392947831843707
Apr,2024,2024-04-02,2024-04-03,9m,0.2144098615561562,1870,band1,1-2%,0.3929056924006986,0.18136986301369862,19,0.1784958308445424
Apr,2024,2024-04-02,2024-04-03,9m,0.2144098615561562,1870,band1,2-3%,0.3824357193857677,0.4232558139534883,19,0.1680258578296115
Apr,2024,2024-04-02,2024-04-03,9m,0.2144098615561562,1870,band1,3-4%,0.28843205643224334,0.2533290089640896,18,0.07402219487608713
Apr,2024,2024-04-02,2024-04-03,9m,0.2144098615561562,1870,band1,4-5%,0.5087241544386344,0.16728232189973635,19,0.2943142928824782
Apr,2024,2024-04-02,2024-04-03,9m,0.2144098615561562,1870,band1,5-6%,0.3917194521699153,0.23125766871165654,19,0.17730959061375912
Apr,2024,2024-04-02,2024-04-03,9m,0.2144098615561562,1870,band1,6-7%,0.4419270390308438,0.21394068894068885,18,0.22751717747468758
Apr,2024,2024-04-02,2024-04-03,9m,0.2144098615561562,1870,band1,7-8%,0.37939985294213413,0.1940074906367042,19,0.16498999138597792
Apr,2024,2024-04-02,2024-04-03,9m,0.2144098615561562,1870,band1,8-9%,0.30995734817739456,0.05760368663594462,19,0.09554748662123835
Apr,2024,2024-04-02,2024-04-03,9m,0.2144098615561562,1870,band1,9-10%,0.48452090134175185,0.19863791146424514,19,0.27011103978559564
Apr,2024,2024-04-02,2024-04-03,9m,0.2144098615561562,1870,band1,10-11%,0.328489385407324,0.04748316510351147,18,0.11407952385116776
Apr,2024,2024-04-02,2024-04-03,9m,0.2144098615561562,1870,band1,11-12%,0.3731616238760292,0.08723404255319145,19,0.15875176231987298
Apr,2024,2024-04-02,2024-04-03,9m,0.2144098615561562,1870,band1,12-13%,0.2892597739739331,0.12224710712952591,19,0.07484991241777689
Apr,2024,2024-04-02,2024-04-03,9m,0.2144098615561562,1870,band1,13-14%,0.8205267216035219,0.122211313983836,18,0.6061168600473656
Apr,2024,2024-04-02,2024-04-03,9m,0.2144098615561562,1870,band1,14-15%,0.48323660806418817,0.15657142857142858,19,0.26882674650803196
Apr,2024,2024-04-02,2024-04-03,9m,0.2144098615561562,1870,band1,15-16%,0.4690145593913465,0.22730158730158734,19,0.2546046978351903
Apr,2024,2024-04-02,2024-04-03,9m,0.2144098615561562,1870,band1,16-17%,0.2813847130642815,0.12854230065794292,18,0.06697485150812527
Apr,2024,2024-04-02,2024-04-03,9m,0.2144098615561562,1870,band1,17-18%,0.07600782911311006,-0.03216630196936554,19,-0.13840203244304616
Apr,2024,2024-04-02,2024-04-03,9m,0.2144098615561562,1870,band1,18-19%,0.11580674837638877,0.05487728130899927,19,-0.09860311317976744
Apr,2024,2024-04-02,2024-04-03,9m,0.2144098615561562,1870,band1,19-20%,0.24510926613570652,0.15437500000000015,19,0.03069940457955031
Apr,2024,2024-04-02,2024-04-03,9m,0.2144098615561562,1870,cum,top 2%,0.4441977371177284,0.17735849056603792,37,0.2297878755615722
Apr,2024,2024-04-02,2024-04-03,9m,0.2144098615561562,1870,cum,top 5%,0.41461431066451593,0.21643192488262897,93,0.20020444910835972
Apr,2024,2024-04-02,2024-04-03,9m,0.2144098615561562,1870,cum,top 10%,0.40780840177726146,0.18746195982958014,187,0.19339854022110525
Apr,2024,2024-04-02,2024-04-03,9m,0.2144098615561562,1870,cum,top 15%,0.4239641541818284,0.17493841675064392,280,0.2095542926256722
Apr,2024,2024-04-02,2024-04-03,9m,0.2144098615561562,1870,cum,top 20%,0.37697250712134633,0.1527688953488373,374,0.16256264556519012
Apr,2024,2024-04-02,2024-04-03,9m,0.2144098615561562,1870,cum,top 25%,0.35035899607045773,0.15000000000000013,467,0.13594913451430152
Apr,2024,2024-04-02,2024-04-03,9m,0.2144098615561562,1870,cum,top 30%,0.33207956765244295,0.1459742770054273,561,0.11766970609628674
Apr,2024,2024-04-02,2024-04-03,9m,0.2144098615561562,1870,cum,top 40%,0.294123918717966,0.12895625048438353,748,0.07971405716180979
Apr,2024,2024-04-02,2024-04-03,9m,0.2144098615561562,1870,cum,top 50%,0.27632118842405223,0.11392801251956164,935,0.06191132686789602
Apr,2024,2024-04-02,2024-04-03,9m,0.2144098615561562,1870,cum,top 100%,0.2144098615561562,0.098257786753281,1870,0.0
Apr,2024,2024-04-02,2024-04-03,12m,-0.018716178692902777,1870,band5,0-5%,0.04733758586702714,-0.06350877192982463,93,0.06605376455992992
Apr,2024,2024-04-02,2024-04-03,12m,-0.018716178692902777,1870,band5,5-10%,0.04381348626123311,-0.11419016315458164,94,0.0625296649541359
Apr,2024,2024-04-02,2024-04-03,12m,-0.018716178692902777,1870,band5,10-15%,0.20336199667711666,-0.13323761665470224,93,0.22207817537001945
Apr,2024,2024-04-02,2024-04-03,12m,-0.018716178692902777,1870,band5,15-20%,-0.017771044357870348,-0.09677390035906652,94,0.0009451343350324291
Apr,2024,2024-04-02,2024-04-03,12m,-0.018716178692902777,1870,band5,20-25%,-0.07058269960144865,-0.18020477815699654,93,-0.05186652090854588
Apr,2024,2024-04-02,2024-04-03,12m,-0.018716178692902777,1870,band5,25-30%,-0.06703273563924331,-0.15749904503941375,94,-0.04831655694634053
Apr,2024,2024-04-02,2024-04-03,12m,-0.018716178692902777,1870,band5,30-35%,-0.07102130680052308,-0.1828985507246378,93,-0.05230512810762031
Apr,2024,2024-04-02,2024-04-03,12m,-0.018716178692902777,1870,band5,35-40%,-0.08398972503671708,-0.19499796016763715,94,-0.0652735463438143
Apr,2024,2024-04-02,2024-04-03,12m,-0.018716178692902777,1870,band5,40-45%,-0.06775675729596618,-0.12078947368421045,93,-0.049040578603063406
Apr,2024,2024-04-02,2024-04-03,12m,-0.018716178692902777,1870,band5,45-50%,-0.018707387253997,-0.10400482046974185,94,8.791438905777355e-06
Apr,2024,2024-04-02,2024-04-03,12m,-0.018716178692902777,1870,band5,50-55%,-0.05736442297559058,-0.1430619559651818,93,-0.0386482442826878
Apr,2024,2024-04-02,2024-04-03,12m,-0.018716178692902777,1870,band5,55-60%,-0.09775482328774383,-0.1576359038211163,94,-0.07903864459484106
Apr,2024,2024-04-02,2024-04-03,12m,-0.018716178692902777,1870,band5,60-65%,-0.10059543658013276,-0.20813927700155244,93,-0.08187925788722998
Apr,2024,2024-04-02,2024-04-03,12m,-0.018716178692902777,1870,band5,65-70%,0.03693624231331366,-0.023031162055578924,94,0.05565242100621644
Apr,2024,2024-04-02,2024-04-03,12m,-0.018716178692902777,1870,band5,70-75%,-0.03704561638176268,-0.12241161616161622,93,-0.018329437688859904
Apr,2024,2024-04-02,2024-04-03,12m,-0.018716178692902777,1870,band5,75-80%,-0.029958120407191837,-0.10753713327854764,94,-0.01124194171428906
Apr,2024,2024-04-02,2024-04-03,12m,-0.018716178692902777,1870,band5,80-85%,0.042802302006679185,-0.05237869822485208,93,0.06151848069958196
Apr,2024,2024-04-02,2024-04-03,12m,-0.018716178692902777,1870,band5,85-90%,-0.026433724621241935,-0.07803970870918792,94,-0.007717545928339158
Apr,2024,2024-04-02,2024-04-03,12m,-0.018716178692902777,1870,band5,90-95%,-0.006596458830911029,-0.03983511602288492,93,0.012119719861991748
Apr,2024,2024-04-02,2024-04-03,12m,-0.018716178692902777,1870,band5,95-100%,0.004776571799824733,-0.013801826511775972,94,0.02349275049272751
Apr,2024,2024-04-02,2024-04-03,12m,-0.018716178692902777,1870,band1,0-1%,0.07887940742177071,-0.05528265107212477,18,0.09759558611467349
Apr,2024,2024-04-02,2024-04-03,12m,-0.018716178692902777,1870,band1,1-2%,0.048461871503985524,-0.14857142857142858,19,0.0671780501968883
Apr,2024,2024-04-02,2024-04-03,12m,-0.018716178692902777,1870,band1,2-3%,0.04647055429654029,-0.03716814159292037,19,0.06518673298944307
Apr,2024,2024-04-02,2024-04-03,12m,-0.018716178692902777,1870,band1,3-4%,0.043222395356570686,-0.031466894102013754,18,0.06193857404947346
Apr,2024,2024-04-02,2024-04-03,12m,-0.018716178692902777,1870,band1,4-5%,0.021097207653336232,-0.01134453781512601,19,0.03981338634623901
Apr,2024,2024-04-02,2024-04-03,12m,-0.018716178692902777,1870,band1,5-6%,-0.06810376955952306,-0.12057363485934924,19,-0.049387590866620285
Apr,2024,2024-04-02,2024-04-03,12m,-0.018716178692902777,1870,band1,6-7%,0.07895062885617073,-0.059550477507567035,18,0.0976668075490735
Apr,2024,2024-04-02,2024-04-03,12m,-0.018716178692902777,1870,band1,7-8%,0.03952883923917799,-0.06666666666666665,19,0.05824501793208077
Apr,2024,2024-04-02,2024-04-03,12m,-0.018716178692902777,1870,band1,8-9%,-0.1056295504341751,-0.1759281437125748,19,-0.08691337174127232
Apr,2024,2024-04-02,2024-04-03,12m,-0.018716178692902777,1870,band1,9-10%,0.27617060649898534,-0.03429020841525754,19,0.2948867851918881
Apr,2024,2024-04-02,2024-04-03,12m,-0.018716178692902777,1870,band1,10-11%,0.01619060955115045,-0.11123216307962303,18,0.03490678824405323
Apr,2024,2024-04-02,2024-04-03,12m,-0.018716178692902777,1870,band1,11-12%,0.03789131899863056,-0.2542066307095395,19,0.05660749769153334
Apr,2024,2024-04-02,2024-04-03,12m,-0.018716178692902777,1870,band1,12-13%,0.1399161628107904,-0.07494780793319411,19,0.15863234150369315
Apr,2024,2024-04-02,2024-04-03,12m,-0.018716178692902777,1870,band1,13-14%,0.5866872007764115,-0.06447573074541824,18,0.6054033794693142
Apr,2024,2024-04-02,2024-04-03,12m,-0.018716178692902777,1870,band1,14-15%,0.24644857635245979,-0.09219047619047627,19,0.2651647550453626
Apr,2024,2024-04-02,2024-04-03,12m,-0.018716178692902777,1870,band1,15-16%,0.25002907466942553,0.12484942685059242,19,0.2687452533623283
Apr,2024,2024-04-02,2024-04-03,12m,-0.018716178692902777,1870,band1,16-17%,-0.013955847037832111,-0.04649400162676648,18,0.004760331655070666
Apr,2024,2024-04-02,2024-04-03,12m,-0.018716178692902777,1870,band1,17-18%,-0.13309368549347042,-0.23084745762711867,19,-0.11437750680056764
Apr,2024,2024-04-02,2024-04-03,12m,-0.018716178692902777,1870,band1,18-19%,-0.1608586518216804,-0.10756545820745211,19,-0.14214247312877765
Apr,2024,2024-04-02,2024-04-03,12m,-0.018716178692902777,1870,band1,19-20%,-0.030775312246845,-0.14276803118908388,19,-0.012059133553942222
Apr,2024,2024-04-02,2024-04-03,12m,-0.018716178692902777,1870,cum,top 2%,0.06325959168020537,-0.09847417840375583,37,0.08197577037310814
Apr,2024,2024-04-02,2024-04-03,12m,-0.018716178692902777,1870,cum,top 5%,0.04733758586702714,-0.06350877192982463,93,0.06605376455992992
Apr,2024,2024-04-02,2024-04-03,12m,-0.018716178692902777,1870,cum,top 10%,0.04556611333791143,-0.1059953958562706,187,0.0642822920308142
Apr,2024,2024-04-02,2024-04-03,12m,-0.018716178692902777,1870,cum,top 15%,0.09797688887557603,-0.10743095308687023,280,0.1166930675684788
Apr,2024,2024-04-02,2024-04-03,12m,-0.018716178692902777,1870,cum,top 20%,0.0688851623409665,-0.10633103126146859,374,0.08760134103386928
Apr,2024,2024-04-02,2024-04-03,12m,-0.018716178692902777,1870,cum,top 25%,0.04111104850660974,-0.113810316139767,467,0.059827227199512514
Apr,2024,2024-04-02,2024-04-03,12m,-0.018716178692902777,1870,cum,top 30%,0.0229906996479463,-0.12057363485934924,561,0.041706878340849074
Apr,2024,2024-04-02,2024-04-03,12m,-0.018716178692902777,1870,cum,top 40%,-0.0021420229724628094,-0.13990654205607472,748,0.016574155720439968
Apr,2024,2024-04-02,2024-04-03,12m,-0.018716178692902777,1870,cum,top 50%,-0.010333803223318448,-0.13323761665470224,935,0.008382375469584329
Apr,2024,2024-04-02,2024-04-03,12m,-0.018716178692902777,1870,cum,top 100%,-0.018716178692902777,-0.1068609406952965,1870,0.0
Apr,2024,2024-04-02,2024-04-03,18m,0.14699916856948994,1863,band5,0-5%,0.21947342048498683,0.0672594987873889,93,0.07247425191549689
Apr,2024,2024-04-02,2024-04-03,18m,0.14699916856948994,1863,band5,5-10%,0.2570226428727084,0.008777824708278037,94,0.11002347430321843
Apr,2024,2024-04-02,2024-04-03,18m,0.14699916856948994,1863,band5,10-15%,0.38986850279294716,0.0008749999999999591,93,0.24286933422345722
Apr,2024,2024-04-02,2024-04-03,18m,0.14699916856948994,1863,band5,15-20%,0.19018369416518208,-0.046237031739606194,94,0.043184525595692136
Apr,2024,2024-04-02,2024-04-03,18m,0.14699916856948994,1863,band5,20-25%,0.06115175783915139,-0.04705380017079408,93,-0.08584741073033855
Apr,2024,2024-04-02,2024-04-03,18m,0.14699916856948994,1863,band5,25-30%,0.04578433824053015,-0.0580753307497206,94,-0.10121483032895978
Apr,2024,2024-04-02,2024-04-03,18m,0.14699916856948994,1863,band5,30-35%,0.13156525197002103,-0.08847826086956512,93,-0.015433916599468911
Apr,2024,2024-04-02,2024-04-03,18m,0.14699916856948994,1863,band5,35-40%,0.04574940537282854,-0.12774193548387103,93,-0.1012497631966614
Apr,2024,2024-04-02,2024-04-03,18m,0.14699916856948994,1863,band5,40-45%,0.1356967892449754,-0.04133142028021142,90,-0.011302379324514528
Apr,2024,2024-04-02,2024-04-03,18m,0.14699916856948994,1863,band5,45-50%,0.08811969962250502,-0.020662190626645593,94,-0.058879468946984925
Apr,2024,2024-04-02,2024-04-03,18m,0.14699916856948994,1863,band5,50-55%,0.06835137129891179,-0.06123024830699775,93,-0.07864779727057815
Apr,2024,2024-04-02,2024-04-03,18m,0.14699916856948994,1863,band5,55-60%,0.048968658483025757,-0.025893664447682707,94,-0.09803051008646418
Apr,2024,2024-04-02,2024-04-03,18m,0.14699916856948994,1863,band5,60-65%,0.13605463022945058,-0.04354420275394144,93,-0.010944538340039361
Apr,2024,2024-04-02,2024-04-03,18m,0.14699916856948994,1863,band5,65-70%,0.3565522446304359,0.25226453862527554,94,0.20955307606094595
Apr,2024,2024-04-02,2024-04-03,18m,0.14699916856948994,1863,band5,70-75%,0.12165465023473923,-0.0501741057296613,91,-0.02534451833475071
Apr,2024,2024-04-02,2024-04-03,18m,0.14699916856948994,1863,band5,75-80%,0.11222680216389827,0.006820897224661837,94,-0.03477236640559167
Apr,2024,2024-04-02,2024-04-03,18m,0.14699916856948994,1863,band5,80-85%,0.19024156324115032,0.07273991655076495,93,0.043242394671660384
Apr,2024,2024-04-02,2024-04-03,18m,0.14699916856948994,1863,band5,85-90%,0.12012759832745386,0.04124548065765932,94,-0.026871570242036083
Apr,2024,2024-04-02,2024-04-03,18m,0.14699916856948994,1863,band5,90-95%,0.10916190958592006,0.032125646974835,93,-0.03783725898356988
Apr,2024,2024-04-02,2024-04-03,18m,0.14699916856948994,1863,band5,95-100%,0.11065652118475286,0.09844431843396362,93,-0.03634264738473708
Apr,2024,2024-04-02,2024-04-03,18m,0.14699916856948994,1863,band1,0-1%,0.26534154093046197,0.07304986199719465,18,0.11834237236097203
Apr,2024,2024-04-02,2024-04-03,18m,0.14699916856948994,1863,band1,1-2%,0.152494141669747,-0.030984507746126932,19,0.005494973100257067
Apr,2024,2024-04-02,2024-04-03,18m,0.14699916856948994,1863,band1,2-3%,0.2638522187299495,0.1201880480969173,19,0.11685305016045958
Apr,2024,2024-04-02,2024-04-03,18m,0.14699916856948994,1863,band1,3-4%,0.14549364423441422,0.04925474939369434,18,-0.0015055243350757253
Apr,2024,2024-04-02,2024-04-03,18m,0.14699916856948994,1863,band1,4-5%,0.268705996028514,0.16558978211870778,19,0.12170682745902409
Apr,2024,2024-04-02,2024-04-03,18m,0.14699916856948994,1863,band1,5-6%,0.08265744440778046,-0.04163568773234194,19,-0.06434172416170948
Apr,2024,2024-04-02,2024-04-03,18m,0.14699916856948994,1863,band1,6-7%,0.22098600048426587,0.005044685253018488,18,0.07398683191477592
Apr,2024,2024-04-02,2024-04-03,18m,0.14699916856948994,1863,band1,7-8%,0.22052969666363262,-0.06117886178861798,19,0.07353052809414268
Apr,2024,2024-04-02,2024-04-03,18m,0.14699916856948994,1863,band1,8-9%,0.11826448844069097,0.041608020554443126,19,-0.02873468012879897
Apr,2024,2024-04-02,2024-04-03,18m,0.14699916856948994,1863,band1,9-10%,0.6407789189783069,0.10147559591373434,19,0.49377975040881694
Apr,2024,2024-04-02,2024-04-03,18m,0.14699916856948994,1863,band1,10-11%,0.10913094230631316,-0.005436215124816457,18,-0.03786822626317678
Apr,2024,2024-04-02,2024-04-03,18m,0.14699916856948994,1863,band1,11-12%,0.09252408582735387,-0.10379746835443038,19,-0.05447508274213607
Apr,2024,2024-04-02,2024-04-03,18m,0.14699916856948994,1863,band1,12-13%,0.43370263571378903,0.1843589743589742,19,0.28670346714429906
Apr,2024,2024-04-02,2024-04-03,18m,0.14699916856948994,1863,band1,13-14%,0.5684875521357455,-0.08366376262342473,18,0.4214883835662556
Apr,2024,2024-04-02,2024-04-03,18m,0.14699916856948994,1863,band1,14-15%,0.7401226395002795,0.0010050251256283893,19,0.5931234709307895
Apr,2024,2024-04-02,2024-04-03,18m,0.14699916856948994,1863,band1,15-16%,0.6003083123823901,0.1832342205121018,19,0.4533091438129002
Apr,2024,2024-04-02,2024-04-03,18m,0.14699916856948994,1863,band1,16-17%,0.1174402835625689,-0.046237031739606194,18,-0.02955888500692104
Apr,2024,2024-04-02,2024-04-03,18m,0.14699916856948994,1863,band1,17-18%,-0.02235537845544253,-0.12801992528019923,19,-0.16935454702493247
Apr,2024,2024-04-02,2024-04-03,18m,0.14699916856948994,1863,band1,18-19%,0.008183698597577657,0.007489929506545812,19,-0.1388154699719123
Apr,2024,2024-04-02,2024-04-03,18m,0.14699916856948994,1863,band1,19-20%,0.24351295418078403,0.045684523809523814,19,0.09651378561129409
Apr,2024,2024-04-02,2024-04-03,18m,0.14699916856948994,1863,cum,top 2%,0.20739287644522997,0.008992805755395628,37,0.06039370787574003
Apr,2024,2024-04-02,2024-04-03,18m,0.14699916856948994,1863,cum,top 5%,0.21947342048498683,0.0672594987873889,93,0.07247425191549689
Apr,2024,2024-04-02,2024-04-03,18m,0.14699916856948994,1863,cum,top 10%,0.23834843066918915,0.041608020554443126,187,0.09134926209969921
Apr,2024,2024-04-02,2024-04-03,18m,0.14699916856948994,1863,cum,top 15%,0.28867474033886587,0.011216989433941227,280,0.14167557176937592
Apr,2024,2024-04-02,2024-04-03,18m,0.14699916856948994,1863,cum,top 20%,0.26392030627382235,0.0047823045987061,374,0.1169211377043324
Apr,2024,2024-04-02,2024-04-03,18m,0.14699916856948994,1863,cum,top 25%,0.22354027414443392,-0.006115107913669093,467,0.07654110557494398
Apr,2024,2024-04-02,2024-04-03,18m,0.14699916856948994,1863,cum,top 30%,0.19375585707675663,-0.017225353902580842,561,0.04675668850726669
Apr,2024,2024-04-02,2024-04-03,18m,0.14699916856948994,1863,cum,top 40%,0.16758674558627243,-0.03617719442165723,747,0.020587577016782488
Apr,2024,2024-04-02,2024-04-03,18m,0.14699916856948994,1863,cum,top 50%,0.15648041004243685,-0.032558139534883734,931,0.009481241472946905
Apr,2024,2024-04-02,2024-04-03,18m,0.14699916856948994,1863,cum,top 100%,0.14699916856948994,-0.0028395061728394566,1863,0.0
Apr,2024,2024-04-02,2024-04-03,24m,0.06334312718213989,1838,band5,0-5%,0.00295134068672035,-0.09090826104548466,92,-0.060391786495419535
Apr,2024,2024-04-02,2024-04-03,24m,0.06334312718213989,1838,band5,5-10%,0.18361290925609194,-0.09035894030476727,94,0.12026978207395206
Apr,2024,2024-04-02,2024-04-03,24m,0.06334312718213989,1838,band5,10-15%,0.2706878890343822,-0.08079331941544876,91,0.2073447618522423
Apr,2024,2024-04-02,2024-04-03,24m,0.06334312718213989,1838,band5,15-20%,0.013146811465266264,-0.1751798561151079,93,-0.05019631571687362
Apr,2024,2024-04-02,2024-04-03,24m,0.06334312718213989,1838,band5,20-25%,-0.017470104635730264,-0.18058823529411772,91,-0.08081323181787015
Apr,2024,2024-04-02,2024-04-03,24m,0.06334312718213989,1838,band5,25-30%,-0.08630187476380666,-0.21340420786558612,93,-0.14964500194594654
Apr,2024,2024-04-02,2024-04-03,24m,0.06334312718213989,1838,band5,30-35%,0.051292819855700916,-0.16808836368320368,90,-0.01205030732643897
Apr,2024,2024-04-02,2024-04-03,24m,0.06334312718213989,1838,band5,35-40%,-0.046818866644352454,-0.27856255689946674,90,-0.11016199382649233
Apr,2024,2024-04-02,2024-04-03,24m,0.06334312718213989,1838,band5,40-45%,0.04119355862237583,-0.14825075952325306,88,-0.022149568559764056
Apr,2024,2024-04-02,2024-04-03,24m,0.06334312718213989,1838,band5,45-50%,-0.018688005086476542,-0.15104400402136836,92,-0.08203113226861643
Apr,2024,2024-04-02,2024-04-03,24m,0.06334312718213989,1838,band5,50-55%,-0.020713893635035625,-0.14668449197860967,93,-0.0840570208171755
Apr,2024,2024-04-02,2024-04-03,24m,0.06334312718213989,1838,band5,55-60%,0.02233132785761962,-0.13327937407257529,93,-0.041011799324520266
Apr,2024,2024-04-02,2024-04-03,24m,0.06334312718213989,1838,band5,60-65%,0.046483484075988304,-0.14891684136967143,93,-0.01685964310615158
Apr,2024,2024-04-02,2024-04-03,24m,0.06334312718213989,1838,band5,65-70%,0.26312396021376494,0.10993258426966279,93,0.19978083303162505
Apr,2024,2024-04-02,2024-04-03,24m,0.06334312718213989,1838,band5,70-75%,0.056863337713114144,-0.12092716907629653,88,-0.0064797894690257415
Apr,2024,2024-04-02,2024-04-03,24m,0.06334312718213989,1838,band5,75-80%,0.07139249266627747,-0.07436557546448047,94,0.00804936548413758
Apr,2024,2024-04-02,2024-04-03,24m,0.06334312718213989,1838,band5,80-85%,0.17186560345974605,0.10475524475524467,91,0.10852247627760617
Apr,2024,2024-04-02,2024-04-03,24m,0.06334312718213989,1838,band5,85-90%,0.09547866014535503,-0.010263928454866622,94,0.03213553296321514
Apr,2024,2024-04-02,2024-04-03,24m,0.06334312718213989,1838,band5,90-95%,0.09747849277632695,0.02656187130224985,92,0.03413536559418706
Apr,2024,2024-04-02,2024-04-03,24m,0.06334312718213989,1838,band5,95-100%,0.06563627891635156,0.014766871478655075,93,0.002293151734211671
Apr,2024,2024-04-02,2024-04-03,24m,0.06334312718213989,1838,band1,0-1%,-0.03997194402507407,-0.27555555555555555,17,-0.10331507120721395
Apr,2024,2024-04-02,2024-04-03,24m,0.06334312718213989,1838,band1,1-2%,-0.10646034046885744,-0.19913294797687864,19,-0.16980346765099733
Apr,2024,2024-04-02,2024-04-03,24m,0.06334312718213989,1838,band1,2-3%,0.030081610294814844,-0.045429386469110544,19,-0.03326151688732504
Apr,2024,2024-04-02,2024-04-03,24m,0.06334312718213989,1838,band1,3-4%,0.059528109308735595,-0.08448029417528341,18,-0.0038150178734042903
Apr,2024,2024-04-02,2024-04-03,24m,0.06334312718213989,1838,band1,4-5%,0.07003875249232105,-0.03401313515381965,19,0.006695625310181169
Apr,2024,2024-04-02,2024-04-03,24m,0.06334312718213989,1838,band1,5-6%,-0.010805752907194386,-0.129601548636877,19,-0.07414888008933428
Apr,2024,2024-04-02,2024-04-03,24m,0.06334312718213989,1838,band1,6-7%,0.10426244063105727,-0.15163732394366197,18,0.04091931344891739
Apr,2024,2024-04-02,2024-04-03,24m,0.06334312718213989,1838,band1,7-8%,0.1686285136594654,-0.2279411764705882,19,0.10528538647732552
Apr,2024,2024-04-02,2024-04-03,24m,0.06334312718213989,1838,band1,8-9%,0.020259165437316807,-0.09818840579710153,19,-0.04308396174482308
Apr,2024,2024-04-02,2024-04-03,24m,0.06334312718213989,1838,band1,9-10%,0.631543839005866,-0.013920566260322564,19,0.5682007118237261
Apr,2024,2024-04-02,2024-04-03,24m,0.06334312718213989,1838,band1,10-11%,0.027513071563945626,-0.004822238056460315,18,-0.03583005561819426
Apr,2024,2024-04-02,2024-04-03,24m,0.06334312718213989,1838,band1,11-12%,-0.013158188566798127,-0.2149611856033874,19,-0.07650131574893801
Apr,2024,2024-04-02,2024-04-03,24m,0.06334312718213989,1838,band1,12-13%,0.4008219480089126,0.05712452431126436,18,0.3374788208267727
Apr,2024,2024-04-02,2024-04-03,24m,0.06334312718213989,1838,band1,13-14%,0.4824592464499331,-0.21244695898161248,17,0.41911611926779324
Apr,2024,2024-04-02,2024-04-03,24m,0.06334312718213989,1838,band1,14-15%,0.4721455759440856,-0.15427135678391968,19,0.4088024487619457
Apr,2024,2024-04-02,2024-04-03,24m,0.06334312718213989,1838,band1,15-16%,0.3077367911560219,-0.10428033969137912,18,0.24439366397388204
Apr,2024,2024-04-02,2024-04-03,24m,0.06334312718213989,1838,band1,16-17%,-0.017466455951670606,-0.128879695067527,18,-0.0808095831338105
Apr,2024,2024-04-02,2024-04-03,24m,0.06334312718213989,1838,band1,17-18%,-0.142156773435179,-0.28767604068365304,19,-0.20549990061731888
Apr,2024,2024-04-02,2024-04-03,24m,0.06334312718213989,1838,band1,18-19%,-0.09442470505878227,-0.3930424528301887,19,-0.15776783224092217
Apr,2024,2024-04-02,2024-04-03,24m,0.06334312718213989,1838,band1,19-20%,0.025938711788247495,-0.13405828621139615,19,-0.03740441539389239
Apr,2024,2024-04-02,2024-04-03,24m,0.06334312718213989,1838,cum,top 2%,-0.07506304214818199,-0.2373442517662171,36,-0.13840616933032188
Apr,2024,2024-04-02,2024-04-03,24m,0.06334312718213989,1838,cum,top 5%,0.00295134068672035,-0.09090826104548466,92,-0.060391786495419535
Apr,2024,2024-04-02,2024-04-03,24m,0.06334312718213989,1838,cum,top 10%,0.0942534237271555,-0.09090826104548466,186,0.03091029654501562
Apr,2024,2024-04-02,2024-04-03,24m,0.06334312718213989,1838,cum,top 15%,0.15221564879198443,-0.0827174318775662,277,0.08887252160984455
Apr,2024,2024-04-02,2024-04-03,24m,0.06334312718213989,1838,cum,top 20%,0.11726050859905257,-0.11723312518584589,370,0.053917381416912685
Apr,2024,2024-04-02,2024-04-03,24m,0.06334312718213989,1838,cum,top 25%,0.0906650947067202,-0.13405405405405402,461,0.027321967524580312
Apr,2024,2024-04-02,2024-04-03,24m,0.06334312718213989,1838,cum,top 30%,0.06095764315300358,-0.14782718996832872,554,-0.0023854840291363047
Apr,2024,2024-04-02,2024-04-03,24m,0.06334312718213989,1838,cum,top 40%,0.04655747969453045,-0.16312084757788808,734,-0.016785647487609433
Apr,2024,2024-04-02,2024-04-03,24m,0.06334312718213989,1838,cum,top 50%,0.03947366169212098,-0.1589263664504969,914,-0.023869465490018907
Apr,2024,2024-04-02,2024-04-03,24m,0.06334312718213989,1838,cum,top 100%,0.06334312718213989,-0.08815899501659052,1838,0.0
Oct,2024,2024-10-03,2024-10-04,3m,0.004051139277794274,1932,band5,0-5%,0.10304548391971115,-0.01798157829727809,96,0.09899434464191688
Oct,2024,2024-10-03,2024-10-04,3m,0.004051139277794274,1932,band5,5-10%,0.05796603007620704,-0.020574367766823753,97,0.053914890798412766
Oct,2024,2024-10-03,2024-10-04,3m,0.004051139277794274,1932,band5,10-15%,0.014616996329569804,-0.04510233265857211,96,0.01056585705177553
Oct,2024,2024-10-03,2024-10-04,3m,0.004051139277794274,1932,band5,15-20%,0.014294125637263613,-0.02287214098237711,97,0.010242986359469339
Oct,2024,2024-10-03,2024-10-04,3m,0.004051139277794274,1932,band5,20-25%,0.022986991760652553,-0.02695536897923123,97,0.018935852482858277
Oct,2024,2024-10-03,2024-10-04,3m,0.004051139277794274,1932,band5,25-30%,0.014489484908942174,0.0031747246022032494,96,0.0104383456311479
Oct,2024,2024-10-03,2024-10-04,3m,0.004051139277794274,1932,band5,30-35%,0.014352944402773805,-0.03489754528288702,97,0.010301805124979531
Oct,2024,2024-10-03,2024-10-04,3m,0.004051139277794274,1932,band5,35-40%,-0.028170513742598557,-0.06286296363070165,96,-0.03222165302039283
Oct,2024,2024-10-03,2024-10-04,3m,0.004051139277794274,1932,band5,40-45%,0.03189592233264827,-0.05292280232039259,97,0.027844783054853994
Oct,2024,2024-10-03,2024-10-04,3m,0.004051139277794274,1932,band5,45-50%,0.03148164746777402,-0.0278225806451613,97,0.027430508189979746
Oct,2024,2024-10-03,2024-10-04,3m,0.004051139277794274,1932,band5,50-55%,0.013001288461550638,-0.03201744808925289,96,0.008950149183756364
Oct,2024,2024-10-03,2024-10-04,3m,0.004051139277794274,1932,band5,55-60%,0.01069344467368479,-0.022565713341048066,97,0.006642305395890516
Oct,2024,2024-10-03,2024-10-04,3m,0.004051139277794274,1932,band5,60-65%,-0.006433174546738515,-0.03606969425476009,96,-0.01048431382453279
Oct,2024,2024-10-03,2024-10-04,3m,0.004051139277794274,1932,band5,65-70%,-0.013807123729063437,-0.05227941176470596,97,-0.01785826300685771
Oct,2024,2024-10-03,2024-10-04,3m,0.004051139277794274,1932,band5,70-75%,-0.014793203524039436,-0.042261984243557205,97,-0.01884434280183371
Oct,2024,2024-10-03,2024-10-04,3m,0.004051139277794274,1932,band5,75-80%,0.028055600554345698,0.004016559025627364,96,0.024004461276551425
Oct,2024,2024-10-03,2024-10-04,3m,0.004051139277794274,1932,band5,80-85%,-0.03944714309067546,-0.05628183361629879,97,-0.04349828236846973
Oct,2024,2024-10-03,2024-10-04,3m,0.004051139277794274,1932,band5,85-90%,-0.048586266157012524,-0.05717975570269901,96,-0.0526374054348068
Oct,2024,2024-10-03,2024-10-04,3m,0.004051139277794274,1932,band5,90-95%,-0.04256955489003212,-0.06285714285714283,97,-0.046620694167826396
Oct,2024,2024-10-03,2024-10-04,3m,0.004051139277794274,1932,band5,95-100%,-0.08145627997458925,-0.1016471119133574,97,-0.08550741925238352
Oct,2024,2024-10-03,2024-10-04,3m,0.004051139277794274,1932,band1,0-1%,0.10622191977964852,0.11857047428189715,19,0.10217078050185426
Oct,2024,2024-10-03,2024-10-04,3m,0.004051139277794274,1932,band1,1-2%,0.22534267626694046,0.1277429467084641,19,0.2212915369891462
Oct,2024,2024-10-03,2024-10-04,3m,0.004051139277794274,1932,band1,2-3%,0.08941144473190771,-0.05322338830584705,19,0.08536030545411344
Oct,2024,2024-10-03,2024-10-04,3m,0.004051139277794274,1932,band1,3-4%,0.01144501836148364,-0.06317506148227892,20,0.007393879083689365
Oct,2024,2024-10-03,2024-10-04,3m,0.004051139277794274,1932,band1,4-5%,0.087627437593219,-0.035044247787610616,19,0.08357629831542474
Oct,2024,2024-10-03,2024-10-04,3m,0.004051139277794274,1932,band1,5-6%,0.05207706076559691,-0.008145363408521344,19,0.04802592148780263
Oct,2024,2024-10-03,2024-10-04,3m,0.004051139277794274,1932,band1,6-7%,0.1048764191871722,0.023965283353021727,20,0.10082527990937794
Oct,2024,2024-10-03,2024-10-04,3m,0.004051139277794274,1932,band1,7-8%,0.05152963086535531,-0.03725470664408803,19,0.04747849158756103
Oct,2024,2024-10-03,2024-10-04,3m,0.004051139277794274,1932,band1,8-9%,0.09683806966456988,-0.019999999999999907,19,0.09278693038677562
Oct,2024,2024-10-03,2024-10-04,3m,0.004051139277794274,1932,band1,9-10%,-0.014163696548314059,-0.07378500451671183,20,-0.018214835826108333
Oct,2024,2024-10-03,2024-10-04,3m,0.004051139277794274,1932,band1,10-11%,0.015850540341121492,-0.027350109307409665,19,0.011799401063327218
Oct,2024,2024-10-03,2024-10-04,3m,0.004051139277794274,1932,band1,11-12%,0.016891256000116584,-0.06065989847715725,19,0.01284011672232231
Oct,2024,2024-10-03,2024-10-04,3m,0.004051139277794274,1932,band1,12-13%,-0.0032351175245451834,-0.08157296044753626,20,-0.0072862568023394575
Oct,2024,2024-10-03,2024-10-04,3m,0.004051139277794274,1932,band1,13-14%,-0.014172889478141852,-0.04558052434456927,19,-0.018224028755936126
Oct,2024,2024-10-03,2024-10-04,3m,0.004051139277794274,1932,band1,14-15%,0.05869077724898824,-0.04152474817015739,19,0.05463963797119396
Oct,2024,2024-10-03,2024-10-04,3m,0.004051139277794274,1932,band1,15-16%,-0.017472688085169448,-0.07174342903644909,20,-0.021523827362963724
Oct,2024,2024-10-03,2024-10-04,3m,0.004051139277794274,1932,band1,16-17%,-0.00903416362424552,-0.07359718080780697,19,-0.013085302902039794
Oct,2024,2024-10-03,2024-10-04,3m,0.004051139277794274,1932,band1,17-18%,0.06516723714765248,-0.005317073170731712,19,0.0611160978698582
Oct,2024,2024-10-03,2024-10-04,3m,0.004051139277794274,1932,band1,18-19%,-0.07293645158759332,-0.07638287342295863,20,-0.07698759086538759
Oct,2024,2024-10-03,2024-10-04,3m,0.004051139277794274,1932,band1,19-20%,0.11200971491184705,0.01637107776261959,19,0.10795857563405278
Oct,2024,2024-10-03,2024-10-04,3m,0.004051139277794274,1932,cum,top 2%,0.1657822980232945,0.12315671049518062,38,0.16173115874550023
Oct,2024,2024-10-03,2024-10-04,3m,0.004051139277794274,1932,cum,top 5%,0.10304548391971115,-0.01798157829727809,96,0.09899434464191688
Oct,2024,2024-10-03,2024-10-04,3m,0.004051139277794274,1932,cum,top 10%,0.08038897084810546,-0.020574367766823753,193,0.0763378315703112
Oct,2024,2024-10-03,2024-10-04,3m,0.004051139277794274,1932,cum,top 15%,0.058540840904232026,-0.03236914600550955,289,0.05448970162643775
Oct,2024,2024-10-03,2024-10-04,3m,0.004051139277794274,1932,cum,top 20%,0.047421847689475716,-0.02971643269313584,386,0.04337070841168144
Oct,2024,2024-10-03,2024-10-04,3m,0.004051139277794274,1932,cum,top 25%,0.04251464059817997,-0.02855051244509521,483,0.038463501320385694
Oct,2024,2024-10-03,2024-10-04,3m,0.004051139277794274,1932,cum,top 30%,0.037867982660068,-0.02596232596232584,579,0.033816843382273726
Oct,2024,2024-10-03,2024-10-04,3m,0.004051139277794274,1932,cum,top 40%,0.02670133192740799,-0.03217187034342511,772,0.022650192649613717
Oct,2024,2024-10-03,2024-10-04,3m,0.004051139277794274,1932,cum,top 50%,0.027702952917805314,-0.03275171030898366,966,0.023651813640011038
Oct,2024,2024-10-03,2024-10-04,3m,0.004051139277794274,1932,cum,top 100%,0.004051139277794274,-0.0421313003831843,1932,0.0
Oct,2024,2024-10-03,2024-10-04,6m,-0.23746435268660693,1932,band5,0-5%,-0.19763342606080347,-0.2999201987883913,96,0.03983092662580345
Oct,2024,2024-10-03,2024-10-04,6m,-0.23746435268660693,1932,band5,5-10%,-0.23540896600274863,-0.29561403508771933,97,0.0020553866838582957
Oct,2024,2024-10-03,2024-10-04,6m,-0.23746435268660693,1932,band5,10-15%,-0.2877240988267377,-0.32511671014283156,96,-0.05025974614013079
Oct,2024,2024-10-03,2024-10-04,6m,-0.23746435268660693,1932,band5,15-20%,-0.27735923168346743,-0.31268179173938326,97,-0.039894878996860506
Oct,2024,2024-10-03,2024-10-04,6m,-0.23746435268660693,1932,band5,20-25%,-0.27561954043181136,-0.33490384615384616,97,-0.03815518774520443
Oct,2024,2024-10-03,2024-10-04,6m,-0.23746435268660693,1932,band5,25-30%,-0.25634614491897817,-0.2673641710866313,96,-0.01888179223237124
Oct,2024,2024-10-03,2024-10-04,6m,-0.23746435268660693,1932,band5,30-35%,-0.2679885146776601,-0.30966204506065864,97,-0.030524161991053178
Oct,2024,2024-10-03,2024-10-04,6m,-0.23746435268660693,1932,band5,35-40%,-0.2889621998550179,-0.3040377604809389,96,-0.05149784716841099
Oct,2024,2024-10-03,2024-10-04,6m,-0.23746435268660693,1932,band5,40-45%,-0.25401487497375286,-0.2970847457627118,97,-0.01655052228714593
Oct,2024,2024-10-03,2024-10-04,6m,-0.23746435268660693,1932,band5,45-50%,-0.19921989198323103,-0.25438793039061924,97,0.03824446070337589
Oct,2024,2024-10-03,2024-10-04,6m,-0.23746435268660693,1932,band5,50-55%,-0.25992037378154326,-0.293592924741658,96,-0.02245602109493633
Oct,2024,2024-10-03,2024-10-04,6m,-0.23746435268660693,1932,band5,55-60%,-0.24456548370565281,-0.3039038496294959,97,-0.0071011310190458865
Oct,2024,2024-10-03,2024-10-04,6m,-0.23746435268660693,1932,band5,60-65%,-0.2386841449229121,-0.27210297737123507,96,-0.0012197922363051672
Oct,2024,2024-10-03,2024-10-04,6m,-0.23746435268660693,1932,band5,65-70%,-0.23334637687372847,-0.2791526178510084,97,0.004117975812878455
Oct,2024,2024-10-03,2024-10-04,6m,-0.23746435268660693,1932,band5,70-75%,-0.2509789825402202,-0.2646341463414634,97,-0.013514629853613291
Oct,2024,2024-10-03,2024-10-04,6m,-0.23746435268660693,1932,band5,75-80%,-0.17860004070731636,-0.1860854269150095,96,0.05886431197929057
Oct,2024,2024-10-03,2024-10-04,6m,-0.23746435268660693,1932,band5,80-85%,-0.23689540600655062,-0.24688183104024686,97,0.0005689466800563037
Oct,2024,2024-10-03,2024-10-04,6m,-0.23746435268660693,1932,band5,85-90%,-0.21054786079404617,-0.243029215582515,96,0.026916491892560762
Oct,2024,2024-10-03,2024-10-04,6m,-0.23746435268660693,1932,band5,90-95%,-0.188959381246742,-0.2154166666666666,97,0.04850497143986493
Oct,2024,2024-10-03,2024-10-04,6m,-0.23746435268660693,1932,band5,95-100%,-0.1667049330008115,-0.18008628396906257,97,0.07075941968579544
Oct,2024,2024-10-03,2024-10-04,6m,-0.23746435268660693,1932,band1,0-1%,-0.2932066180864745,-0.3411214953271029,19,-0.0557422653998676
Oct,2024,2024-10-03,2024-10-04,6m,-0.23746435268660693,1932,band1,1-2%,0.0486811460299899,-0.17094594594594592,19,0.28614549871659684
Oct,2024,2024-10-03,2024-10-04,6m,-0.23746435268660693,1932,band1,2-3%,-0.2524520993909227,-0.34408106863196686,19,-0.014987746704315796
Oct,2024,2024-10-03,2024-10-04,6m,-0.23746435268660693,1932,band1,3-4%,-0.25825575460953243,-0.27041327307510243,20,-0.0207914019229255
Oct,2024,2024-10-03,2024-10-04,6m,-0.23746435268660693,1932,band1,4-5%,-0.22974315537609186,-0.3279411764705882,19,0.007721197310515071
Oct,2024,2024-10-03,2024-10-04,6m,-0.23746435268660693,1932,band1,5-6%,-0.3003351991528913,-0.2873432155074116,19,-0.06287084646628438
Oct,2024,2024-10-03,2024-10-04,6m,-0.23746435268660693,1932,band1,6-7%,-0.24115892037643957,-0.2965645292732017,20,-0.003694567689832645
Oct,2024,2024-10-03,2024-10-04,6m,-0.23746435268660693,1932,band1,7-8%,-0.17484831779402024,-0.3274253731343284,19,0.06261603489258669
Oct,2024,2024-10-03,2024-10-04,6m,-0.23746435268660693,1932,band1,8-9%,-0.1742108551197736,-0.27817290975185716,19,0.06325349756683332
Oct,2024,2024-10-03,2024-10-04,6m,-0.23746435268660693,1932,band1,9-10%,-0.28364991127354033,-0.36791541541541545,20,-0.046185558586933406
Oct,2024,2024-10-03,2024-10-04,6m,-0.23746435268660693,1932,band1,10-11%,-0.2814589626382505,-0.2910793933987511,19,-0.04399460995164356
Oct,2024,2024-10-03,2024-10-04,6m,-0.23746435268660693,1932,band1,11-12%,-0.29606993214726035,-0.32083267122199266,19,-0.05860557946065342
Oct,2024,2024-10-03,2024-10-04,6m,-0.23746435268660693,1932,band1,12-13%,-0.31047137739581726,-0.39558923200745544,20,-0.07300702470921033
Oct,2024,2024-10-03,2024-10-04,6m,-0.23746435268660693,1932,band1,13-14%,-0.2921455550473909,-0.3554612546125461,19,-0.054681202360784
Oct,2024,2024-10-03,2024-10-04,6m,-0.23746435268660693,1932,band1,14-15%,-0.25727744171712336,-0.30121409028727764,19,-0.01981308903051643
Oct,2024,2024-10-03,2024-10-04,6m,-0.23746435268660693,1932,band1,15-16%,-0.26546870161068453,-0.2690203696594767,20,-0.028004348924077604
Oct,2024,2024-10-03,2024-10-04,6m,-0.23746435268660693,1932,band1,16-17%,-0.33232781540870837,-0.30366396945176843,19,-0.09486346272210144
Oct,2024,2024-10-03,2024-10-04,6m,-0.23746435268660693,1932,band1,17-18%,-0.2155422448844058,-0.2874199688527427,19,0.021922107802201135
Oct,2024,2024-10-03,2024-10-04,6m,-0.23746435268660693,1932,band1,18-19%,-0.37713412206189306,-0.39977202026230285,20,-0.13966976937528613
Oct,2024,2024-10-03,2024-10-04,6m,-0.23746435268660693,1932,band1,19-20%,-0.1916977818039798,-0.273850377487989,19,0.04576657088262712
Oct,2024,2024-10-03,2024-10-04,6m,-0.23746435268660693,1932,cum,top 2%,-0.12226273602824231,-0.2577101565319379,38,0.11520161665836462
Oct,2024,2024-10-03,2024-10-04,6m,-0.23746435268660693,1932,cum,top 5%,-0.19763342606080347,-0.2999201987883913,96,0.03983092662580345
Oct,2024,2024-10-03,2024-10-04,6m,-0.23746435268660693,1932,cum,top 10%,-0.2166190601248899,-0.2976539589442816,193,0.02084529256171702
Oct,2024,2024-10-03,2024-10-04,6m,-0.23746435268660693,1932,cum,top 15%,-0.2402387269601058,-0.3114951025688413,289,-0.0027743742734988586
Oct,2024,2024-10-03,2024-10-04,6m,-0.23746435268660693,1932,cum,top 20%,-0.24956693669628732,-0.31208844715411227,386,-0.012102584009680395
Oct,2024,2024-10-03,2024-10-04,6m,-0.23746435268660693,1932,cum,top 25%,-0.2547990330986597,-0.3143448990160538,483,-0.017334680412052772
Oct,2024,2024-10-03,2024-10-04,6m,-0.23746435268660693,1932,cum,top 30%,-0.25505554904814254,-0.3082926829268293,579,-0.01759119636153561
Oct,2024,2024-10-03,2024-10-04,6m,-0.23746435268660693,1932,cum,top 40%,-0.26089691710970114,-0.3077836921691693,772,-0.023432564423094215
Oct,2024,2024-10-03,2024-10-04,6m,-0.23746435268660693,1932,cum,top 50%,-0.25401262153573156,-0.3036689920739136,966,-0.016548268849124637
Oct,2024,2024-10-03,2024-10-04,6m,-0.23746435268660693,1932,cum,top 100%,-0.23746435268660693,-0.2716006402561025,1932,0.0
Oct,2024,2024-10-03,2024-10-04,9m,-0.07163665280177942,1932,band5,0-5%,-0.09999092194697824,-0.19002950274749303,96,-0.028354269145198827
Oct,2024,2024-10-03,2024-10-04,9m,-0.07163665280177942,1932,band5,5-10%,-0.08788759754459385,-0.22364532019704442,97,-0.016250944742814438
Oct,2024,2024-10-03,2024-10-04,9m,-0.07163665280177942,1932,band5,10-15%,-0.13223570941610055,-0.18682319599276886,96,-0.060599056614321134
Oct,2024,2024-10-03,2024-10-04,9m,-0.07163665280177942,1932,band5,15-20%,-0.12344654186756522,-0.1730157287026094,97,-0.051809889065785805
Oct,2024,2024-10-03,2024-10-04,9m,-0.07163665280177942,1932,band5,20-25%,-0.10093770984490526,-0.17774524158125915,97,-0.02930105704312584
Oct,2024,2024-10-03,2024-10-04,9m,-0.07163665280177942,1932,band5,25-30%,-0.10188896392003655,-0.1544987715625582,96,-0.03025231111825713
Oct,2024,2024-10-03,2024-10-04,9m,-0.07163665280177942,1932,band5,30-35%,-0.10225901662282212,-0.17426859358477265,97,-0.030622363821042706
Oct,2024,2024-10-03,2024-10-04,9m,-0.07163665280177942,1932,band5,35-40%,-0.1534261578022743,-0.19950184966611784,96,-0.0817895050004949
Oct,2024,2024-10-03,2024-10-04,9m,-0.07163665280177942,1932,band5,40-45%,-0.08615920916703773,-0.1649438202247191,97,-0.014522556365258316
Oct,2024,2024-10-03,2024-10-04,9m,-0.07163665280177942,1932,band5,45-50%,-0.008488562790737234,-0.08926136363636372,97,0.06314809001104218
Oct,2024,2024-10-03,2024-10-04,9m,-0.07163665280177942,1932,band5,50-55%,-0.09355281666958813,-0.14765417394687097,96,-0.021916163867808716
Oct,2024,2024-10-03,2024-10-04,9m,-0.07163665280177942,1932,band5,55-60%,-0.05682937125580858,-0.12116294793779592,97,0.014807281545970837
Oct,2024,2024-10-03,2024-10-04,9m,-0.07163665280177942,1932,band5,60-65%,-0.05170195854318094,-0.14231115919110948,96,0.01993469425859848
Oct,2024,2024-10-03,2024-10-04,9m,-0.07163665280177942,1932,band5,65-70%,-0.061092362501555975,-0.10032012805122048,97,0.010544290300223441
Oct,2024,2024-10-03,2024-10-04,9m,-0.07163665280177942,1932,band5,70-75%,-0.07244753553278992,-0.09606076401816965,97,-0.000810882731010501
Oct,2024,2024-10-03,2024-10-04,9m,-0.07163665280177942,1932,band5,75-80%,0.01745347601370433,-0.05176898268841462,96,0.08909012881548374
Oct,2024,2024-10-03,2024-10-04,9m,-0.07163665280177942,1932,band5,80-85%,-0.028310113814515796,-0.06892177589852011,97,0.043326538987263616
Oct,2024,2024-10-03,2024-10-04,9m,-0.07163665280177942,1932,band5,85-90%,-0.04298329254958996,-0.07979654195073876,96,0.028653360252189453
Oct,2024,2024-10-03,2024-10-04,9m,-0.07163665280177942,1932,band5,90-95%,-0.00817607171745004,-0.0417025862068966,97,0.06346058108432938
Oct,2024,2024-10-03,2024-10-04,9m,-0.07163665280177942,1932,band5,95-100%,-0.039251310525471456,-0.053213793103448315,97,0.03238534227630796
Oct,2024,2024-10-03,2024-10-04,9m,-0.07163665280177942,1932,band1,0-1%,-0.24995992218748028,-0.3348214285714286,19,-0.17832326938570087
Oct,2024,2024-10-03,2024-10-04,9m,-0.07163665280177942,1932,band1,1-2%,0.24241309717459425,-0.011755485893416906,19,0.3140497499763737
Oct,2024,2024-10-03,2024-10-04,9m,-0.07163665280177942,1932,band1,2-3%,-0.1970637784254771,-0.29308176100628935,19,-0.12542712562369768
Oct,2024,2024-10-03,2024-10-04,9m,-0.07163665280177942,1932,band1,3-4%,-0.1835317721914313,-0.15266667853915017,20,-0.11189511938965188
Oct,2024,2024-10-03,2024-10-04,9m,-0.07163665280177942,1932,band1,4-5%,-0.10741534725012575,-0.2010619469026549,19,-0.03577869444834633
Oct,2024,2024-10-03,2024-10-04,9m,-0.07163665280177942,1932,band1,5-6%,-0.18902287793226002,-0.3010262257696693,19,-0.11738622513048061
Oct,2024,2024-10-03,2024-10-04,9m,-0.07163665280177942,1932,band1,6-7%,-0.04920553748781982,-0.2380588105399955,20,0.022431115313959596
Oct,2024,2024-10-03,2024-10-04,9m,-0.07163665280177942,1932,band1,7-8%,-0.0667183737466687,-0.16356968215158918,19,0.004918279055110719
Oct,2024,2024-10-03,2024-10-04,9m,-0.07163665280177942,1932,band1,8-9%,0.010016151066720514,-0.16766528925619828,19,0.08165280386849993
Oct,2024,2024-10-03,2024-10-04,9m,-0.07163665280177942,1932,band1,9-10%,-0.14361046502186253,-0.24519189196062974,20,-0.07197381222008312
Oct,2024,2024-10-03,2024-10-04,9m,-0.07163665280177942,1932,band1,10-11%,-0.15879691801311188,-0.13600462338663066,19,-0.08716026521133247
Oct,2024,2024-10-03,2024-10-04,9m,-0.07163665280177942,1932,band1,11-12%,-0.14123514826844574,-0.1688832487309645,19,-0.06959849546666633
Oct,2024,2024-10-03,2024-10-04,9m,-0.07163665280177942,1932,band1,12-13%,-0.06423648055046194,-0.22461767457294074,20,0.007400172251317477
Oct,2024,2024-10-03,2024-10-04,9m,-0.07163665280177942,1932,band1,13-14%,-0.16052995588463456,-0.18136363636363628,19,-0.08889330308285515
Oct,2024,2024-10-03,2024-10-04,9m,-0.07163665280177942,1932,band1,14-15%,-0.13995895114625057,-0.20767783857729127,19,-0.06832229834447115
Oct,2024,2024-10-03,2024-10-04,9m,-0.07163665280177942,1932,band1,15-16%,-0.14269361171242545,-0.18261154612426445,20,-0.07105695891064603
Oct,2024,2024-10-03,2024-10-04,9m,-0.07163665280177942,1932,band1,16-17%,-0.1623045419207912,-0.22404445649227434,19,-0.09066788911901177
Oct,2024,2024-10-03,2024-10-04,9m,-0.07163665280177942,1932,band1,17-18%,-0.07930927049925356,-0.14345042394878005,19,-0.007672617697474141
Oct,2024,2024-10-03,2024-10-04,9m,-0.07163665280177942,1932,band1,18-19%,-0.2367108753863004,-0.23888033677584064,20,-0.16507422258452098
Oct,2024,2024-10-03,2024-10-04,9m,-0.07163665280177942,1932,band1,19-20%,0.010759874568501962,-0.10863005431502715,19,0.08239652737028137
Oct,2024,2024-10-03,2024-10-04,9m,-0.07163665280177942,1932,cum,top 2%,-0.0037734125064429833,-0.16131803188565152,38,0.06786324029533643
Oct,2024,2024-10-03,2024-10-04,9m,-0.07163665280177942,1932,cum,top 5%,-0.09999092194697824,-0.19002950274749303,96,-0.028354269145198827
Oct,2024,2024-10-03,2024-10-04,9m,-0.07163665280177942,1932,cum,top 10%,-0.09390790398308559,-0.2010619469026549,193,-0.02227125118130617
Oct,2024,2024-10-03,2024-10-04,9m,-0.07163665280177942,1932,cum,top 15%,-0.10663963173938121,-0.1946107784431137,289,-0.03500297893760179
Oct,2024,2024-10-03,2024-10-04,9m,-0.07163665280177942,1932,cum,top 20%,-0.11086312988040155,-0.19028954604118736,386,-0.03922647707862213
Oct,2024,2024-10-03,2024-10-04,9m,-0.07163665280177942,1932,cum,top 25%,-0.10886982606374909,-0.18527869489221205,483,-0.037233173261969676
Oct,2024,2024-10-03,2024-10-04,9m,-0.07163665280177942,1932,cum,top 30%,-0.10771237741815944,-0.17798701298701292,579,-0.03607572461638002
Oct,2024,2024-10-03,2024-10-04,9m,-0.07163665280177942,1932,cum,top 40%,-0.11271179052661451,-0.180679480068917,772,-0.04107513772483509
Oct,2024,2024-10-03,2024-10-04,9m,-0.07163665280177942,1932,cum,top 50%,-0.09958005814332357,-0.1700394974852013,966,-0.02794340534154416
Oct,2024,2024-10-03,2024-10-04,9m,-0.07163665280177942,1932,cum,top 100%,-0.07163665280177942,-0.1282847951875173,1932,0.0
Oct,2024,2024-10-03,2024-10-04,12m,-0.0881650330264541,1932,band5,0-5%,-0.0892874120809366,-0.2144510978043912,96,-0.0011223790544824946
Oct,2024,2024-10-03,2024-10-04,12m,-0.0881650330264541,1932,band5,5-10%,-0.10417397054166312,-0.2683881064162754,97,-0.016008937515209015
Oct,2024,2024-10-03,2024-10-04,12m,-0.0881650330264541,1932,band5,10-15%,-0.13455517943967585,-0.18948391075825616,96,-0.04639014641322174
Oct,2024,2024-10-03,2024-10-04,12m,-0.0881650330264541,1932,band5,15-20%,-0.12960812019136347,-0.2323986680340029,97,-0.04144308716490937
Oct,2024,2024-10-03,2024-10-04,12m,-0.0881650330264541,1932,band5,20-25%,-0.11360237471428875,-0.16109839816933635,97,-0.02543734168783464
Oct,2024,2024-10-03,2024-10-04,12m,-0.0881650330264541,1932,band5,25-30%,-0.11961992449492875,-0.206625368662404,96,-0.03145489146847465
Oct,2024,2024-10-03,2024-10-04,12m,-0.0881650330264541,1932,band5,30-35%,-0.14275079073883948,-0.19948642699926644,97,-0.05458575771238537
Oct,2024,2024-10-03,2024-10-04,12m,-0.0881650330264541,1932,band5,35-40%,-0.2092966728670885,-0.28093667320270216,96,-0.1211316398406344
Oct,2024,2024-10-03,2024-10-04,12m,-0.0881650330264541,1932,band5,40-45%,-0.06078241004428367,-0.20949112822229654,97,0.027382622982170438
Oct,2024,2024-10-03,2024-10-04,12m,-0.0881650330264541,1932,band5,45-50%,-0.0012558245866597087,-0.16810089020771524,97,0.0869092084397944
Oct,2024,2024-10-03,2024-10-04,12m,-0.0881650330264541,1932,band5,50-55%,-0.1191318657039086,-0.19797739624505928,96,-0.030966832677454495
Oct,2024,2024-10-03,2024-10-04,12m,-0.0881650330264541,1932,band5,55-60%,-0.09729458619210245,-0.19036629125342686,97,-0.00912955316564834
Oct,2024,2024-10-03,2024-10-04,12m,-0.0881650330264541,1932,band5,60-65%,-0.0889191401390626,-0.16569058753923716,96,-0.0007541071126084958
Oct,2024,2024-10-03,2024-10-04,12m,-0.0881650330264541,1932,band5,65-70%,-0.08075730315356801,-0.17500000000000004,97,0.0074077298728860985
Oct,2024,2024-10-03,2024-10-04,12m,-0.0881650330264541,1932,band5,70-75%,-0.08676743293335097,-0.13212902063248944,97,0.0013976000931031352
Oct,2024,2024-10-03,2024-10-04,12m,-0.0881650330264541,1932,band5,75-80%,-0.003322867844118789,-0.08025002094980427,96,0.08484216518233531
Oct,2024,2024-10-03,2024-10-04,12m,-0.0881650330264541,1932,band5,80-85%,-0.025530716167127338,-0.08450784593437943,97,0.06263431685932677
Oct,2024,2024-10-03,2024-10-04,12m,-0.0881650330264541,1932,band5,85-90%,-0.07328458173343932,-0.1038984964271536,96,0.014880451293014782
Oct,2024,2024-10-03,2024-10-04,12m,-0.0881650330264541,1932,band5,90-95%,-0.03661854827572385,-0.06355158754796175,97,0.05154648475073026
Oct,2024,2024-10-03,2024-10-04,12m,-0.0881650330264541,1932,band5,95-100%,-0.04810276734768976,-0.07818981772470146,97,0.04006226567876435
Oct,2024,2024-10-03,2024-10-04,12m,-0.0881650330264541,1932,band1,0-1%,-0.16573228757785552,-0.3928571428571429,19,-0.07756725455140141
Oct,2024,2024-10-03,2024-10-04,12m,-0.0881650330264541,1932,band1,1-2%,0.3321619258913049,-0.033333333333333326,19,0.420326958917759
Oct,2024,2024-10-03,2024-10-04,12m,-0.0881650330264541,1932,band1,2-3%,-0.20317816970853989,-0.3859972362966375,19,-0.11501313668208578
Oct,2024,2024-10-03,2024-10-04,12m,-0.0881650330264541,1932,band1,3-4%,-0.21415043091278782,-0.2055187272014543,20,-0.12598539788633373
Oct,2024,2024-10-03,2024-10-04,12m,-0.0881650330264541,1932,band1,4-5%,-0.18896636026354924,-0.16176991150442477,19,-0.10080132723709513
Oct,2024,2024-10-03,2024-10-04,12m,-0.0881650330264541,1932,band1,5-6%,-0.312974982683091,-0.32315270935960594,19,-0.22480994965663686
Oct,2024,2024-10-03,2024-10-04,12m,-0.0881650330264541,1932,band1,6-7%,-0.05514002609062794,-0.18371566121746952,20,0.03302500693582617
Oct,2024,2024-10-03,2024-10-04,12m,-0.0881650330264541,1932,band1,7-8%,-0.08730413478654658,-0.21760391198044005,19,0.0008608982399075232
Oct,2024,2024-10-03,2024-10-04,12m,-0.0881650330264541,1932,band1,8-9%,0.1242396894066106,-0.14738292011019283,19,0.2124047224330647
Oct,2024,2024-10-03,2024-10-04,12m,-0.0881650330264541,1932,band1,9-10%,-0.18786627437656253,-0.30406712557298676,20,-0.09970124135010842
Oct,2024,2024-10-03,2024-10-04,12m,-0.0881650330264541,1932,band1,10-11%,-0.22501754729588552,-0.1910362694300518,19,-0.1368525142694314
Oct,2024,2024-10-03,2024-10-04,12m,-0.0881650330264541,1932,band1,11-12%,-0.146571728662572,-0.1505186232909006,19,-0.0584066956361179
Oct,2024,2024-10-03,2024-10-04,12m,-0.0881650330264541,1932,band1,12-13%,0.029822515735153904,-0.09713239738475321,20,0.11798754876160801
Oct,2024,2024-10-03,2024-10-04,12m,-0.0881650330264541,1932,band1,13-14%,-0.16708576016936708,-0.16312056737588654,19,-0.07892072714291297
Oct,2024,2024-10-03,2024-10-04,12m,-0.0881650330264541,1932,band1,14-15%,-0.172574834446489,-0.30689824676388655,19,-0.08440980142003489
Oct,2024,2024-10-03,2024-10-04,12m,-0.0881650330264541,1932,band1,15-16%,-0.09139693553787079,-0.13687696335078542,20,-0.0032319025114166816
Oct,2024,2024-10-03,2024-10-04,12m,-0.0881650330264541,1932,band1,16-17%,-0.30624436188009124,-0.34412331406551055,19,-0.21807932885363712
Oct,2024,2024-10-03,2024-10-04,12m,-0.0881650330264541,1932,band1,17-18%,-0.0836233267499975,-0.2404452690166976,19,0.0045417062764566
Oct,2024,2024-10-03,2024-10-04,12m,-0.0881650330264541,1932,band1,18-19%,-0.21293042003296841,-0.27293220014064995,20,-0.12476538700651431
Oct,2024,2024-10-03,2024-10-04,12m,-0.0881650330264541,1932,band1,19-20%,0.04852871246453767,-0.04989626556016602,19,0.13669374549099178
Oct,2024,2024-10-03,2024-10-04,12m,-0.0881650330264541,1932,cum,top 2%,0.08321481915672467,-0.16422687246379597,38,0.17137985218317878
Oct,2024,2024-10-03,2024-10-04,12m,-0.0881650330264541,1932,cum,top 5%,-0.0892874120809366,-0.2144510978043912,96,-0.0011223790544824946
Oct,2024,2024-10-03,2024-10-04,12m,-0.0881650330264541,1932,cum,top 10%,-0.0967692575249287,-0.22409435551811274,193,-0.008604224498474589
Oct,2024,2024-10-03,2024-10-04,12m,-0.0881650330264541,1932,cum,top 15%,-0.1093209824516267,-0.21760391198044005,289,-0.0211559494251726
Oct,2024,2024-10-03,2024-10-04,12m,-0.0881650330264541,1932,cum,top 20%,-0.11441904556238958,-0.22010285175737693,386,-0.02625401253593547
Oct,2024,2024-10-03,2024-10-04,12m,-0.0881650330264541,1932,cum,top 25%,-0.1142550350608041,-0.2179711065248453,483,-0.026090002034349996
Oct,2024,2024-10-03,2024-10-04,12m,-0.0881650330264541,1932,cum,top 30%,-0.1151445504073947,-0.21494301392992832,579,-0.026979517380940593
Oct,2024,2024-10-03,2024-10-04,12m,-0.0881650330264541,1932,cum,top 40%,-0.13032124609169618,-0.21848028161409638,772,-0.042156213065242074
Oct,2024,2024-10-03,2024-10-04,12m,-0.0881650330264541,1932,cum,top 50%,-0.1103785825486449,-0.21457010268010912,966,-0.02221354952219079
Oct,2024,2024-10-03,2024-10-04,12m,-0.0881650330264541,1932,cum,top 100%,-0.0881650330264541,-0.16783776586606192,1932,0.0
Oct,2024,2024-10-03,2024-10-04,18m,-0.14172253319110237,1917,band5,0-5%,-0.16909789296435487,-0.3211861208263091,96,-0.027375359773252506
Oct,2024,2024-10-03,2024-10-04,18m,-0.14172253319110237,1917,band5,5-10%,-0.19711805892763648,-0.3771428571428571,97,-0.05539552573653411
Oct,2024,2024-10-03,2024-10-04,18m,-0.14172253319110237,1917,band5,10-15%,-0.18084897125913604,-0.2835132947256989,96,-0.039126438068033675
Oct,2024,2024-10-03,2024-10-04,18m,-0.14172253319110237,1917,band5,15-20%,-0.2243517827663887,-0.33435454760906425,96,-0.08262924957528633
Oct,2024,2024-10-03,2024-10-04,18m,-0.14172253319110237,1917,band5,20-25%,-0.15441227793914644,-0.26651727520182933,96,-0.012689744748044074
Oct,2024,2024-10-03,2024-10-04,18m,-0.14172253319110237,1917,band5,25-30%,-0.23062506071131159,-0.31440983727266036,95,-0.08890252752020922
Oct,2024,2024-10-03,2024-10-04,18m,-0.14172253319110237,1917,band5,30-35%,-0.20197421223961898,-0.32195353247984826,97,-0.06025167904851661
Oct,2024,2024-10-03,2024-10-04,18m,-0.14172253319110237,1917,band5,35-40%,-0.28534793585508034,-0.3495315964930316,96,-0.14362540266397797
Oct,2024,2024-10-03,2024-10-04,18m,-0.14172253319110237,1917,band5,40-45%,-0.1316439691519112,-0.28864095412138113,95,0.010078564039191162
Oct,2024,2024-10-03,2024-10-04,18m,-0.14172253319110237,1917,band5,45-50%,-0.09786054305006921,-0.21542883927883782,94,0.04386199014103316
Oct,2024,2024-10-03,2024-10-04,18m,-0.14172253319110237,1917,band5,50-55%,-0.13922641661778454,-0.28260869565217395,95,0.0024961165733178303
Oct,2024,2024-10-03,2024-10-04,18m,-0.14172253319110237,1917,band5,55-60%,-0.18745759518461538,-0.24318689056175663,96,-0.045735061993513015
Oct,2024,2024-10-03,2024-10-04,18m,-0.14172253319110237,1917,band5,60-65%,-0.11728631136075744,-0.23369612851870614,96,0.024436221830344926
Oct,2024,2024-10-03,2024-10-04,18m,-0.14172253319110237,1917,band5,65-70%,-0.09990040475331445,-0.21450469818479584,96,0.04182212843778792
Oct,2024,2024-10-03,2024-10-04,18m,-0.14172253319110237,1917,band5,70-75%,-0.16385118739279111,-0.21114970791583376,96,-0.022128654201688747
Oct,2024,2024-10-03,2024-10-04,18m,-0.14172253319110237,1917,band5,75-80%,-0.07769044548115411,-0.17371175523349447,95,0.06403208770994825
Oct,2024,2024-10-03,2024-10-04,18m,-0.14172253319110237,1917,band5,80-85%,-0.01888183761519921,-0.08882063882063873,97,0.12284069557590316
Oct,2024,2024-10-03,2024-10-04,18m,-0.14172253319110237,1917,band5,85-90%,-0.058453407620515485,-0.1253483146410898,96,0.08326912557058688
Oct,2024,2024-10-03,2024-10-04,18m,-0.14172253319110237,1917,band5,90-95%,-0.011455639550581112,-0.07108335595981541,95,0.13026689364052124
Oct,2024,2024-10-03,2024-10-04,18m,-0.14172253319110237,1917,band5,95-100%,-0.08548479787425213,-0.08644924939274479,97,0.05623773531685024
Oct,2024,2024-10-03,2024-10-04,18m,-0.14172253319110237,1917,band1,0-1%,-0.25001140327239346,-0.4172258435582822,19,-0.1082888700812911
Oct,2024,2024-10-03,2024-10-04,18m,-0.14172253319110237,1917,band1,1-2%,0.219552656156654,-0.23055555555555562,19,0.3612751893477564
Oct,2024,2024-10-03,2024-10-04,18m,-0.14172253319110237,1917,band1,2-3%,-0.33533592833404163,-0.4661016949152542,19,-0.19361339514293927
Oct,2024,2024-10-03,2024-10-04,18m,-0.14172253319110237,1917,band1,3-4%,-0.20588491104247883,-0.2853594547032228,20,-0.06416237785137646
Oct,2024,2024-10-03,2024-10-04,18m,-0.14172253319110237,1917,band1,4-5%,-0.2718737194832976,-0.28525896414342633,19,-0.13015118629219521
Oct,2024,2024-10-03,2024-10-04,18m,-0.14172253319110237,1917,band1,5-6%,-0.3961308007728153,-0.4561576354679804,19,-0.254408267581713
Oct,2024,2024-10-03,2024-10-04,18m,-0.14172253319110237,1917,band1,6-7%,-0.18689139328104626,-0.28261872093491247,20,-0.04516886008994389
Oct,2024,2024-10-03,2024-10-04,18m,-0.14172253319110237,1917,band1,7-8%,-0.08823044580623239,-0.39364303178484106,19,0.05349208738486998
Oct,2024,2024-10-03,2024-10-04,18m,-0.14172253319110237,1917,band1,8-9%,0.027530121920848367,-0.2740594059405941,19,0.16925265511195073
Oct,2024,2024-10-03,2024-10-04,18m,-0.14172253319110237,1917,band1,9-10%,-0.3351416240927012,-0.3808374644218381,20,-0.19341909090159884
Oct,2024,2024-10-03,2024-10-04,18m,-0.14172253319110237,1917,band1,10-11%,-0.24898108772677627,-0.197125,19,-0.1072585545356739
Oct,2024,2024-10-03,2024-10-04,18m,-0.14172253319110237,1917,band1,11-12%,-0.22153566138462438,-0.2516751269035533,19,-0.07981312819352201
Oct,2024,2024-10-03,2024-10-04,18m,-0.14172253319110237,1917,band1,12-13%,0.15919023145709144,-0.1466686674669868,20,0.30091276464819383
Oct,2024,2024-10-03,2024-10-04,18m,-0.14172253319110237,1917,band1,13-14%,-0.26576648153348365,-0.32194756554307113,19,-0.12404394834238128
Oct,2024,2024-10-03,2024-10-04,18m,-0.14172253319110237,1917,band1,14-15%,-0.3450486572508468,-0.4673611111111111,19,-0.20332612405974446
Oct,2024,2024-10-03,2024-10-04,18m,-0.14172253319110237,1917,band1,15-16%,-0.2352338645932479,-0.2663071423202531,20,-0.09351133140214554
Oct,2024,2024-10-03,2024-10-04,18m,-0.14172253319110237,1917,band1,16-17%,-0.36929149451713245,-0.44576069745702895,18,-0.22756896132603008
Oct,2024,2024-10-03,2024-10-04,18m,-0.14172253319110237,1917,band1,17-18%,-0.20085930765682944,-0.2932342310237743,19,-0.05913677446572707
Oct,2024,2024-10-03,2024-10-04,18m,-0.14172253319110237,1917,band1,18-19%,-0.2901809161887707,-0.37766502907192767,20,-0.1484583829976683
Oct,2024,2024-10-03,2024-10-04,18m,-0.14172253319110237,1917,band1,19-20%,-0.029784304376042226,-0.2487415809996456,19,0.11193822881506015
Oct,2024,2024-10-03,2024-10-04,18m,-0.14172253319110237,1917,cum,top 2%,-0.015229373557869784,-0.3085772239930455,38,0.12649315963323257
Oct,2024,2024-10-03,2024-10-04,18m,-0.14172253319110237,1917,cum,top 5%,-0.16909789296435487,-0.3211861208263091,96,-0.027375359773252506
Oct,2024,2024-10-03,2024-10-04,18m,-0.14172253319110237,1917,cum,top 10%,-0.1831805670495275,-0.355410447761194,193,-0.04145803385842514
Oct,2024,2024-10-03,2024-10-04,18m,-0.14172253319110237,1917,cum,top 15%,-0.1824060577212314,-0.3279763794180416,289,-0.04068352453012902
Oct,2024,2024-10-03,2024-10-04,18m,-0.14172253319110237,1917,cum,top 20%,-0.19286525149872516,-0.3292410714285715,385,-0.05114271830762279
Oct,2024,2024-10-03,2024-10-04,18m,-0.14172253319110237,1917,cum,top 25%,-0.18519064554920425,-0.32194756554307113,481,-0.043468112358101885
Oct,2024,2024-10-03,2024-10-04,18m,-0.14172253319110237,1917,cum,top 30%,-0.1926841688832324,-0.32189483540311453,576,-0.050961635692130025
Oct,2024,2024-10-03,2024-10-04,18m,-0.14172253319110237,1917,cum,top 40%,-0.2054239033889111,-0.3279763794180416,769,-0.06370137019780872
Oct,2024,2024-10-03,2024-10-04,18m,-0.14172253319110237,1917,cum,top 50%,-0.1875532879146249,-0.3145759260073376,958,-0.04583075472352252
Oct,2024,2024-10-03,2024-10-04,18m,-0.14172253319110237,1917,cum,top 100%,-0.14172253319110237,-0.23796610169491528,1917,0.0
Apr,2025,2025-04-04,2025-04-07,3m,0.2722443767892722,1977,band5,0-5%,0.15358812551632334,0.1298387096774194,97,-0.11865625127294888
Apr,2025,2025-04-04,2025-04-07,3m,0.2722443767892722,1977,band5,5-10%,0.25426087717702267,0.23611111111111116,99,-0.017983499612249543
Apr,2025,2025-04-04,2025-04-07,3m,0.2722443767892722,1977,band5,10-15%,0.24417361183259068,0.22739726027397245,99,-0.028070764956681538
Apr,2025,2025-04-04,2025-04-07,3m,0.2722443767892722,1977,band5,15-20%,0.25348402207572374,0.22999999999999998,99,-0.018760354713548477
Apr,2025,2025-04-04,2025-04-07,3m,0.2722443767892722,1977,band5,20-25%,0.2788728760676963,0.2264705882352942,99,0.0066284992784240715
Apr,2025,2025-04-04,2025-04-07,3m,0.2722443767892722,1977,band5,25-30%,0.28154625647339904,0.2533112582781456,99,0.009301879684126824
Apr,2025,2025-04-04,2025-04-07,3m,0.2722443767892722,1977,band5,30-35%,0.3058968736960813,0.2627163461538462,98,0.033652496906809104
Apr,2025,2025-04-04,2025-04-07,3m,0.2722443767892722,1977,band5,35-40%,0.26396693660651865,0.23803871439006574,99,-0.00827744018275356
Apr,2025,2025-04-04,2025-04-07,3m,0.2722443767892722,1977,band5,40-45%,0.2853124109964467,0.25895258315640457,99,0.013068034207174506
Apr,2025,2025-04-04,2025-04-07,3m,0.2722443767892722,1977,band5,45-50%,0.31832475156745216,0.277787610619469,99,0.046080374778179944
Apr,2025,2025-04-04,2025-04-07,3m,0.2722443767892722,1977,band5,50-55%,0.28918511376932887,0.2415483870967743,99,0.01694073698005666
Apr,2025,2025-04-04,2025-04-07,3m,0.2722443767892722,1977,band5,55-60%,0.29690451686476216,0.2701897571924097,99,0.024660140075489945
Apr,2025,2025-04-04,2025-04-07,3m,0.2722443767892722,1977,band5,60-65%,0.3100835455566031,0.28533333333333344,99,0.0378391687673309
Apr,2025,2025-04-04,2025-04-07,3m,0.2722443767892722,1977,band5,65-70%,0.34078836128867646,0.29109900090826524,99,0.06854398449940424
Apr,2025,2025-04-04,2025-04-07,3m,0.2722443767892722,1977,band5,70-75%,0.3164597880151075,0.274166314900802,99,0.04421541122583528
Apr,2025,2025-04-04,2025-04-07,3m,0.2722443767892722,1977,band5,75-80%,0.26293160054805476,0.22860914436577473,99,-0.009312776241217458
Apr,2025,2025-04-04,2025-04-07,3m,0.2722443767892722,1977,band5,80-85%,0.275452435565773,0.2398653702318625,99,0.003208058776500766
Apr,2025,2025-04-04,2025-04-07,3m,0.2722443767892722,1977,band5,85-90%,0.26368944526358823,0.23701201201201205,99,-0.008554931525683984
Apr,2025,2025-04-04,2025-04-07,3m,0.2722443767892722,1977,band5,90-95%,0.2549131431621273,0.23246511627906985,99,-0.017331233627144893
Apr,2025,2025-04-04,2025-04-07,3m,0.2722443767892722,1977,band5,95-100%,0.19299567196803566,0.17651282051282058,99,-0.07924870482123655
Apr,2025,2025-04-04,2025-04-07,3m,0.2722443767892722,1977,band1,0-1%,0.13971332017742688,0.18257786781463659,19,-0.13253105661184533
Apr,2025,2025-04-04,2025-04-07,3m,0.2722443767892722,1977,band1,1-2%,0.19343398830406663,0.12379616643291258,20,-0.07881038848520558
Apr,2025,2025-04-04,2025-04-07,3m,0.2722443767892722,1977,band1,2-3%,0.12373322408066505,0.10421522921522919,20,-0.14851115270860715
Apr,2025,2025-04-04,2025-04-07,3m,0.2722443767892722,1977,band1,3-4%,0.11539741208486123,0.11422504411405099,20,-0.15684696470441098
Apr,2025,2025-04-04,2025-04-07,3m,0.2722443767892722,1977,band1,4-5%,0.199566811240022,0.16329064587973274,18,-0.0726775655492502
Apr,2025,2025-04-04,2025-04-07,3m,0.2722443767892722,1977,band1,5-6%,0.20598891767503086,0.22523953938115338,20,-0.06625545911424136
Apr,2025,2025-04-04,2025-04-07,3m,0.2722443767892722,1977,band1,6-7%,0.2524979215109278,0.14925242075040523,20,-0.0197464552783444
Apr,2025,2025-04-04,2025-04-07,3m,0.2722443767892722,1977,band1,7-8%,0.2452077487717681,0.2424155555555556,20,-0.027036628017504116
Apr,2025,2025-04-04,2025-04-07,3m,0.2722443767892722,1977,band1,8-9%,0.2525589492464878,0.23734752073889454,20,-0.019685427542784406
Apr,2025,2025-04-04,2025-04-07,3m,0.2722443767892722,1977,band1,9-10%,0.3182503208653133,0.3313793103448277,19,0.04600594407604108
Apr,2025,2025-04-04,2025-04-07,3m,0.2722443767892722,1977,band1,10-11%,0.34837751498205827,0.3088374844333749,20,0.07613313819278605
Apr,2025,2025-04-04,2025-04-07,3m,0.2722443767892722,1977,band1,11-12%,0.2124535000057101,0.16941818774445894,20,-0.059790876783562125
Apr,2025,2025-04-04,2025-04-07,3m,0.2722443767892722,1977,band1,12-13%,0.2455313763380139,0.269411666978833,20,-0.026713000451258323
Apr,2025,2025-04-04,2025-04-07,3m,0.2722443767892722,1977,band1,13-14%,0.2189512330537376,0.28340789516155074,20,-0.05329314373553462
Apr,2025,2025-04-04,2025-04-07,3m,0.2722443767892722,1977,band1,14-15%,0.192995530728215,0.19665372261373992,19,-0.07924884606105723
Apr,2025,2025-04-04,2025-04-07,3m,0.2722443767892722,1977,band1,15-16%,0.31491319433248477,0.24860436893203874,20,0.042668817543212556
Apr,2025,2025-04-04,2025-04-07,3m,0.2722443767892722,1977,band1,16-17%,0.1705345984698729,0.19788429800062002,20,-0.10170977831939931
Apr,2025,2025-04-04,2025-04-07,3m,0.2722443767892722,1977,band1,17-18%,0.24776064155939054,0.17428270237218024,20,-0.024483735229881676
Apr,2025,2025-04-04,2025-04-07,3m,0.2722443767892722,1977,band1,18-19%,0.2652984022778091,0.23359577715593993,20,-0.0069459745114631155
Apr,2025,2025-04-04,2025-04-07,3m,0.2722443767892722,1977,band1,19-20%,0.269725339616079,0.34187576499387995,19,-0.0025190371731932393
Apr,2025,2025-04-04,2025-04-07,3m,0.2722443767892722,1977,cum,top 2%,0.1672623807551909,0.14401858304297321,39,-0.10498199603408132
Apr,2025,2025-04-04,2025-04-07,3m,0.2722443767892722,1977,cum,top 5%,0.15358812551632334,0.1298387096774194,97,-0.11865625127294888
Apr,2025,2025-04-04,2025-04-07,3m,0.2722443767892722,1977,cum,top 10%,0.20443813783473777,0.18848817696414955,196,-0.06780623895453444
Apr,2025,2025-04-04,2025-04-07,3m,0.2722443767892722,1977,cum,top 15%,0.21777309351537322,0.2003389830508473,295,-0.054471283273898996
Apr,2025,2025-04-04,2025-04-07,3m,0.2722443767892722,1977,cum,top 20%,0.22674614409272018,0.21033632970135108,394,-0.04549823269655204
Apr,2025,2025-04-04,2025-04-07,3m,0.2722443767892722,1977,cum,top 25%,0.2372137839822184,0.21218390804597687,493,-0.03503059280705381
Apr,2025,2025-04-04,2025-04-07,3m,0.2722443767892722,1977,cum,top 30%,0.24462749137516918,0.21752412425548684,592,-0.027616885414103037
Apr,2025,2025-04-04,2025-04-07,3m,0.2722443767892722,1977,cum,top 40%,0.25466425252263813,0.22999999999999998,789,-0.01758012426663408
Apr,2025,2025-04-04,2025-04-07,3m,0.2722443767892722,1977,cum,top 50%,0.26412378351994686,0.23766081871345013,987,-0.008120593269325349
Apr,2025,2025-04-04,2025-04-07,3m,0.2722443767892722,1977,cum,top 100%,0.2722443767892722,0.23791666666666678,1977,0.0
Apr,2025,2025-04-04,2025-04-07,6m,0.24680652644198545,1977,band5,0-5%,0.14052032505527445,0.09545454545454546,97,-0.106286201386711
Apr,2025,2025-04-04,2025-04-07,6m,0.24680652644198545,1977,band5,5-10%,0.2567059229793153,0.15114068441064643,99,0.00989939653732988
Apr,2025,2025-04-04,2025-04-07,6m,0.24680652644198545,1977,band5,10-15%,0.20005316471320223,0.13043478260869557,99,-0.04675336172878322
Apr,2025,2025-04-04,2025-04-07,6m,0.24680652644198545,1977,band5,15-20%,0.19495930199391523,0.17454545454545456,99,-0.05184722444807022
Apr,2025,2025-04-04,2025-04-07,6m,0.24680652644198545,1977,band5,20-25%,0.2776932057697802,0.14597457627118637,99,0.030886679327794736
Apr,2025,2025-04-04,2025-04-07,6m,0.24680652644198545,1977,band5,25-30%,0.27713597853967714,0.21940000000000004,99,0.030329452097691695
Apr,2025,2025-04-04,2025-04-07,6m,0.24680652644198545,1977,band5,30-35%,0.2707183229005706,0.14933828124824544,98,0.023911796458585127
Apr,2025,2025-04-04,2025-04-07,6m,0.24680652644198545,1977,band5,35-40%,0.24454967142111525,0.21544885177453033,99,-0.0022568550208701965
Apr,2025,2025-04-04,2025-04-07,6m,0.24680652644198545,1977,band5,40-45%,0.27856595806207124,0.19448275862068964,99,0.03175943162008579
Apr,2025,2025-04-04,2025-04-07,6m,0.24680652644198545,1977,band5,45-50%,0.2760263573817585,0.17980336610564907,99,0.029219830939773067
Apr,2025,2025-04-04,2025-04-07,6m,0.24680652644198545,1977,band5,50-55%,0.29773652550216667,0.20415400202634237,99,0.050929999060181225
Apr,2025,2025-04-04,2025-04-07,6m,0.24680652644198545,1977,band5,55-60%,0.2745813072144314,0.17720179846601436,99,0.027774780772445967
Apr,2025,2025-04-04,2025-04-07,6m,0.24680652644198545,1977,band5,60-65%,0.2648933450440299,0.20144230769230775,99,0.018086818602044447
Apr,2025,2025-04-04,2025-04-07,6m,0.24680652644198545,1977,band5,65-70%,0.3274631611418918,0.25083318716014724,99,0.08065663469990633
Apr,2025,2025-04-04,2025-04-07,6m,0.24680652644198545,1977,band5,70-75%,0.2999035348916798,0.2425571197784444,99,0.053097008449694366
Apr,2025,2025-04-04,2025-04-07,6m,0.24680652644198545,1977,band5,75-80%,0.2008030887932686,0.16492248062015502,99,-0.04600343764871684
Apr,2025,2025-04-04,2025-04-07,6m,0.24680652644198545,1977,band5,80-85%,0.23591755558781996,0.14838030527776436,99,-0.010888970854165486
Apr,2025,2025-04-04,2025-04-07,6m,0.24680652644198545,1977,band5,85-90%,0.2309462083544776,0.20906666666666673,99,-0.015860318087507846
Apr,2025,2025-04-04,2025-04-07,6m,0.24680652644198545,1977,band5,90-95%,0.21264780415962303,0.1970713296222797,99,-0.034158722282362414
Apr,2025,2025-04-04,2025-04-07,6m,0.24680652644198545,1977,band5,95-100%,0.1724041266435912,0.12587570621468913,99,-0.07440239979839425
Apr,2025,2025-04-04,2025-04-07,6m,0.24680652644198545,1977,band1,0-1%,0.09678923416472647,0.09545454545454546,19,-0.15001729227725896
Apr,2025,2025-04-04,2025-04-07,6m,0.24680652644198545,1977,band1,1-2%,0.26253491003344076,0.12261408858347123,20,0.015728383591455314
Apr,2025,2025-04-04,2025-04-07,6m,0.24680652644198545,1977,band1,2-3%,0.05302164432494698,-0.05349488843239886,20,-0.19378488211703848
Apr,2025,2025-04-04,2025-04-07,6m,0.24680652644198545,1977,band1,3-4%,0.15335083045456108,0.07592507482023236,20,-0.09345569598742437
Apr,2025,2025-04-04,2025-04-07,6m,0.24680652644198545,1977,band1,4-5%,0.13407379916515805,0.095657889649306,18,-0.1127327272768274
Apr,2025,2025-04-04,2025-04-07,6m,0.24680652644198545,1977,band1,5-6%,0.2656787707132933,0.17103515274953918,20,0.018872244271307875
Apr,2025,2025-04-04,2025-04-07,6m,0.24680652644198545,1977,band1,6-7%,0.21479658359794543,0.17058708055452199,20,-0.03200994284404002
Apr,2025,2025-04-04,2025-04-07,6m,0.24680652644198545,1977,band1,7-8%,0.10462639158128058,0.0685519844320871,20,-0.14218013486070485
Apr,2025,2025-04-04,2025-04-07,6m,0.24680652644198545,1977,band1,8-9%,0.511890695721297,0.12839441669215346,20,0.26508416927931155
Apr,2025,2025-04-04,2025-04-07,6m,0.24680652644198545,1977,band1,9-10%,0.18284408119346818,0.17783018867924527,19,-0.06396244524851727
Apr,2025,2025-04-04,2025-04-07,6m,0.24680652644198545,1977,band1,10-11%,0.2616067929979624,0.19453002459660285,20,0.014800266555976965
Apr,2025,2025-04-04,2025-04-07,6m,0.24680652644198545,1977,band1,11-12%,0.15768649490000264,0.041733029592233906,20,-0.08912003154198281
Apr,2025,2025-04-04,2025-04-07,6m,0.24680652644198545,1977,band1,12-13%,0.21054735150291295,0.21660743899549872,20,-0.03625917493907249
Apr,2025,2025-04-04,2025-04-07,6m,0.24680652644198545,1977,band1,13-14%,0.2616731396489767,0.1560192375573597,20,0.014866613206991258
Apr,2025,2025-04-04,2025-04-07,6m,0.24680652644198545,1977,band1,14-15%,0.10394672240052236,0.09357919394558234,19,-0.1428598040414631
Apr,2025,2025-04-04,2025-04-07,6m,0.24680652644198545,1977,band1,15-16%,0.19463856351496384,0.1756480708303657,20,-0.05216796292702161
Apr,2025,2025-04-04,2025-04-07,6m,0.24680652644198545,1977,band1,16-17%,0.15517158913132906,0.1359438584463779,20,-0.09163493731065639
Apr,2025,2025-04-04,2025-04-07,6m,0.24680652644198545,1977,band1,17-18%,0.24731476666829283,0.22743667679837898,20,0.0005082402263073826
Apr,2025,2025-04-04,2025-04-07,6m,0.24680652644198545,1977,band1,18-19%,0.19304453221635898,0.22916077507200838,20,-0.05376199422562647
Apr,2025,2025-04-04,2025-04-07,6m,0.24680652644198545,1977,band1,19-20%,0.18408325614624818,0.1519999999999999,19,-0.06272327029573727
Apr,2025,2025-04-04,2025-04-07,6m,0.24680652644198545,1977,cum,top 2%,0.18178701666150301,0.11152173913043462,39,-0.06501950978048243
Apr,2025,2025-04-04,2025-04-07,6m,0.24680652644198545,1977,cum,top 5%,0.14052032505527445,0.09545454545454546,97,-0.106286201386711
Apr,2025,2025-04-04,2025-04-07,6m,0.24680652644198545,1977,cum,top 10%,0.19920590768017268,0.1114837611314824,196,-0.04760061876181276
Apr,2025,2025-04-04,2025-04-07,6m,0.24680652644198545,1977,cum,top 15%,0.19949024139634192,0.11551155115511547,295,-0.04731628504564353
Apr,2025,2025-04-04,2025-04-07,6m,0.24680652644198545,1977,cum,top 20%,0.1983517566226357,0.13016565219167453,394,-0.048454769819349736
Apr,2025,2025-04-04,2025-04-07,6m,0.24680652644198545,1977,cum,top 25%,0.21428442085299534,0.13169151796626744,493,-0.0325221055889901
Apr,2025,2025-04-04,2025-04-07,6m,0.24680652644198545,1977,cum,top 30%,0.2247950698580317,0.1403058016576164,592,-0.02201145658395376
Apr,2025,2025-04-04,2025-04-07,6m,0.24680652644198545,1977,cum,top 40%,0.2329778130176186,0.1505914561135122,789,-0.01382871342436684
Apr,2025,2025-04-04,2025-04-07,6m,0.24680652644198545,1977,cum,top 50%,0.24186842320145918,0.1566156615661567,987,-0.004938103240526265
Apr,2025,2025-04-04,2025-04-07,6m,0.24680652644198545,1977,cum,top 100%,0.24680652644198545,0.17124497991967869,1977,0.0
Apr,2025,2025-04-04,2025-04-07,9m,0.17739434693286846,1977,band5,0-5%,0.09506742652797401,-0.054324324324324325,97,-0.08232692040489445
Apr,2025,2025-04-04,2025-04-07,9m,0.17739434693286846,1977,band5,5-10%,0.1841472622037426,0.06872852233676974,99,0.006752915270874155
Apr,2025,2025-04-04,2025-04-07,9m,0.17739434693286846,1977,band5,10-15%,0.12710127306971872,-0.0016611295681062677,99,-0.05029307386314974
Apr,2025,2025-04-04,2025-04-07,9m,0.17739434693286846,1977,band5,15-20%,0.09452253648836274,0.032475247524752504,99,-0.08287181044450571
Apr,2025,2025-04-04,2025-04-07,9m,0.17739434693286846,1977,band5,20-25%,0.13855246192092693,0.022467532467532525,99,-0.038841885011941524
Apr,2025,2025-04-04,2025-04-07,9m,0.17739434693286846,1977,band5,25-30%,0.15502417948381284,0.10276497695852549,99,-0.022370167449055622
Apr,2025,2025-04-04,2025-04-07,9m,0.17739434693286846,1977,band5,30-35%,0.15341372881805682,0.02272945665928494,98,-0.02398061811481164
Apr,2025,2025-04-04,2025-04-07,9m,0.17739434693286846,1977,band5,35-40%,0.14749154234909964,0.04791853848457617,99,-0.029902804583768816
Apr,2025,2025-04-04,2025-04-07,9m,0.17739434693286846,1977,band5,40-45%,0.2088215654776902,0.05684079601990044,99,0.03142721854482175
Apr,2025,2025-04-04,2025-04-07,9m,0.17739434693286846,1977,band5,45-50%,0.15422112687367698,0.09105336242808981,99,-0.02317322005919148
Apr,2025,2025-04-04,2025-04-07,9m,0.17739434693286846,1977,band5,50-55%,0.21183295541408667,0.07246033625384785,99,0.034438608481218214
Apr,2025,2025-04-04,2025-04-07,9m,0.17739434693286846,1977,band5,55-60%,0.15282801250785477,0.0700705687007055,99,-0.024566334425013686
Apr,2025,2025-04-04,2025-04-07,9m,0.17739434693286846,1977,band5,60-65%,0.194101793125872,0.10626200537840935,99,0.016707446193003544
Apr,2025,2025-04-04,2025-04-07,9m,0.17739434693286846,1977,band5,65-70%,0.28941416709950213,0.19400000000000017,99,0.11201982016663367
Apr,2025,2025-04-04,2025-04-07,9m,0.17739434693286846,1977,band5,70-75%,0.24645506556359328,0.13746666666666685,99,0.06906071863072483
Apr,2025,2025-04-04,2025-04-07,9m,0.17739434693286846,1977,band5,75-80%,0.1294398406080002,0.1040123456790123,99,-0.04795450632486825
Apr,2025,2025-04-04,2025-04-07,9m,0.17739434693286846,1977,band5,80-85%,0.23601843749795756,0.11369450287078631,99,0.058624090565089104
Apr,2025,2025-04-04,2025-04-07,9m,0.17739434693286846,1977,band5,85-90%,0.2144348066069157,0.1724770328687697,99,0.03704045967404723
Apr,2025,2025-04-04,2025-04-07,9m,0.17739434693286846,1977,band5,90-95%,0.216149574673767,0.17453703703703716,99,0.03875522774089854
Apr,2025,2025-04-04,2025-04-07,9m,0.17739434693286846,1977,band5,95-100%,0.19694378377176208,0.16738461538461524,99,0.019549436838893625
Apr,2025,2025-04-04,2025-04-07,9m,0.17739434693286846,1977,band1,0-1%,0.042488930732451906,-0.05925550772347443,19,-0.13490541620041654
Apr,2025,2025-04-04,2025-04-07,9m,0.17739434693286846,1977,band1,1-2%,0.3730820701118869,0.07122827329266312,20,0.19568772317901842
Apr,2025,2025-04-04,2025-04-07,9m,0.17739434693286846,1977,band1,2-3%,-0.0612208212797963,-0.1035982814178304,20,-0.23861516821266476
Apr,2025,2025-04-04,2025-04-07,9m,0.17739434693286846,1977,band1,3-4%,0.027190475982122174,-0.03788718483455933,20,-0.15020387095074628
Apr,2025,2025-04-04,2025-04-07,9m,0.17739434693286846,1977,band1,4-5%,0.0907342329451466,-0.06982811505295444,18,-0.08666011398772186
Apr,2025,2025-04-04,2025-04-07,9m,0.17739434693286846,1977,band1,5-6%,0.27293463479664154,-0.027745532704210374,20,0.09554028786377308
Apr,2025,2025-04-04,2025-04-07,9m,0.17739434693286846,1977,band1,6-7%,0.184658216525344,0.1045555639678657,20,0.007263869592475547
Apr,2025,2025-04-04,2025-04-07,9m,0.17739434693286846,1977,band1,7-8%,-0.0037351425895619907,-0.03286135464858436,20,-0.18112948952243044
Apr,2025,2025-04-04,2025-04-07,9m,0.17739434693286846,1977,band1,8-9%,0.4259512258338133,0.085601274073559,20,0.24855687890094483
Apr,2025,2025-04-04,2025-04-07,9m,0.17739434693286846,1977,band1,9-10%,0.03338948772872511,0.07760910815939281,19,-0.14400485920414335
Apr,2025,2025-04-04,2025-04-07,9m,0.17739434693286846,1977,band1,10-11%,0.27306797556289886,0.22741653418124008,20,0.0956736286300304
Apr,2025,2025-04-04,2025-04-07,9m,0.17739434693286846,1977,band1,11-12%,0.07104873758119076,-0.07021490134896019,20,-0.1063456093516777
Apr,2025,2025-04-04,2025-04-07,9m,0.17739434693286846,1977,band1,12-13%,0.1852142635696946,0.0858488537141382,20,0.00781991663682613
Apr,2025,2025-04-04,2025-04-07,9m,0.17739434693286846,1977,band1,13-14%,0.1465450860622351,0.00993272655322519,20,-0.03084926087063336
Apr,2025,2025-04-04,2025-04-07,9m,0.17739434693286846,1977,band1,14-15%,-0.049183959032538506,-0.08950617283950613,19,-0.22657830596540696
Apr,2025,2025-04-04,2025-04-07,9m,0.17739434693286846,1977,band1,15-16%,0.09605659488616455,0.1190862573099416,20,-0.0813377520467039
Apr,2025,2025-04-04,2025-04-07,9m,0.17739434693286846,1977,band1,16-17%,0.005705708090486356,-0.07301931432601116,20,-0.1716886388423821
Apr,2025,2025-04-04,2025-04-07,9m,0.17739434693286846,1977,band1,17-18%,0.1846757792522804,0.10511564172938692,20,0.007281432319411946
Apr,2025,2025-04-04,2025-04-07,9m,0.17739434693286846,1977,band1,18-19%,0.12399208481359159,0.0426954019333502,20,-0.05340226211927687
Apr,2025,2025-04-04,2025-04-07,9m,0.17739434693286846,1977,band1,19-20%,0.060480409026181715,-0.003790215954164844,19,-0.11691393790668675
Apr,2025,2025-04-04,2025-04-07,9m,0.17739434693286846,1977,cum,top 2%,0.212023874003957,-0.002008032128514192,39,0.034629527071088545
Apr,2025,2025-04-04,2025-04-07,9m,0.17739434693286846,1977,cum,top 5%,0.09506742652797401,-0.054324324324324325,97,-0.08232692040489445
Apr,2025,2025-04-04,2025-04-07,9m,0.17739434693286846,1977,cum,top 10%,0.14006183332338773,-0.0033109368265439865,196,-0.03733251360948073
Apr,2025,2025-04-04,2025-04-07,9m,0.17739434693286846,1977,cum,top 15%,0.1357123571704615,-0.002008032128514192,295,-0.041681989762406946
Apr,2025,2025-04-04,2025-04-07,9m,0.17739434693286846,1977,cum,top 20%,0.12536263065389355,0.0034787684792313422,394,-0.052031716278974904
Apr,2025,2025-04-04,2025-04-07,9m,0.17739434693286846,1977,cum,top 25%,0.12801129859595503,0.004347826086956497,493,-0.04938304833691343
Apr,2025,2025-04-04,2025-04-07,9m,0.17739434693286846,1977,cum,top 30%,0.13252865536605285,0.03129017006024559,592,-0.04486569156681561
Apr,2025,2025-04-04,2025-04-07,9m,0.17739434693286846,1977,cum,top 40%,0.13700021811588559,0.032475247524752504,789,-0.04039412881698287
Apr,2025,2025-04-04,2025-04-07,9m,0.17739434693286846,1977,cum,top 50%,0.14593150824338305,0.042872340425531785,987,-0.031462838689485406
Apr,2025,2025-04-04,2025-04-07,9m,0.17739434693286846,1977,cum,top 100%,0.17739434693286846,0.09277330871686673,1977,0.0
Apr,2025,2025-04-04,2025-04-07,12m,0.15223245923014345,1977,band5,0-5%,0.026223999946605646,-0.13,97,-0.1260084592835378
Apr,2025,2025-04-04,2025-04-07,12m,0.15223245923014345,1977,band5,5-10%,0.1348278673050594,-0.01158301158301156,99,-0.017404591925084034
Apr,2025,2025-04-04,2025-04-07,12m,0.15223245923014345,1977,band5,10-15%,0.04401299705051396,-0.07219442458899217,99,-0.1082194621796295
Apr,2025,2025-04-04,2025-04-07,12m,0.15223245923014345,1977,band5,15-20%,0.08463190711580257,-0.03727154986328951,99,-0.06760055211434088
Apr,2025,2025-04-04,2025-04-07,12m,0.15223245923014345,1977,band5,20-25%,0.10542647822908832,0.04640502133361557,99,-0.046805981001055125
Apr,2025,2025-04-04,2025-04-07,12m,0.15223245923014345,1977,band5,25-30%,0.1509057771260025,0.04515298544410351,99,-0.0013266821041409416
Apr,2025,2025-04-04,2025-04-07,12m,0.15223245923014345,1977,band5,30-35%,0.09255157008686338,-0.016076751117734656,98,-0.05968088914328007
Apr,2025,2025-04-04,2025-04-07,12m,0.15223245923014345,1977,band5,35-40%,0.11499232171355807,0.004219890510948954,99,-0.03724013751658538
Apr,2025,2025-04-04,2025-04-07,12m,0.15223245923014345,1977,band5,40-45%,0.20467273367867822,-0.00620697438212392,99,0.052440274448534774
Apr,2025,2025-04-04,2025-04-07,12m,0.15223245923014345,1977,band5,45-50%,0.13520134005691883,0.06032210834553453,99,-0.017031119173224613
Apr,2025,2025-04-04,2025-04-07,12m,0.15223245923014345,1977,band5,50-55%,0.1994671012092227,0.07001029563171057,99,0.047234641979079256
Apr,2025,2025-04-04,2025-04-07,12m,0.15223245923014345,1977,band5,55-60%,0.136928364278992,0.0029325513196480912,99,-0.015304094951151453
Apr,2025,2025-04-04,2025-04-07,12m,0.15223245923014345,1977,band5,60-65%,0.18716278298668662,0.06672886732599359,99,0.034930323756543175
Apr,2025,2025-04-04,2025-04-07,12m,0.15223245923014345,1977,band5,65-70%,0.3259563856877062,0.21300089937044064,99,0.17372392645756274
Apr,2025,2025-04-04,2025-04-07,12m,0.15223245923014345,1977,band5,70-75%,0.25069055101710785,0.08403225806451609,99,0.09845809178696441
Apr,2025,2025-04-04,2025-04-07,12m,0.15223245923014345,1977,band5,75-80%,0.09689180353628922,0.08772350894035763,99,-0.05534065569385423
Apr,2025,2025-04-04,2025-04-07,12m,0.15223245923014345,1977,band5,80-85%,0.2042390239573799,0.0791015625,99,0.05200656472723644
Apr,2025,2025-04-04,2025-04-07,12m,0.15223245923014345,1977,band5,85-90%,0.2098208722068746,0.12648608375232273,99,0.057588412976731146
Apr,2025,2025-04-04,2025-04-07,12m,0.15223245923014345,1977,band5,90-95%,0.1999702357275022,0.15022510070294604,99,0.04773777649735875
Apr,2025,2025-04-04,2025-04-07,12m,0.15223245923014345,1977,band5,95-100%,0.1369266089818712,0.08985356554891255,99,-0.015305850248272246
Apr,2025,2025-04-04,2025-04-07,12m,0.15223245923014345,1977,band1,0-1%,-0.08623676068053997,-0.2253735122815903,19,-0.23846921991068343
Apr,2025,2025-04-04,2025-04-07,12m,0.15223245923014345,1977,band1,1-2%,0.30791559840482235,-0.013695445920303584,20,0.1556831391746789
Apr,2025,2025-04-04,2025-04-07,12m,0.15223245923014345,1977,band1,2-3%,-0.12460977914022778,-0.17526822011841653,20,-0.27684223837037125
Apr,2025,2025-04-04,2025-04-07,12m,0.15223245923014345,1977,band1,3-4%,0.027770875263303667,-0.10495640552468477,20,-0.12446158396683978
Apr,2025,2025-04-04,2025-04-07,12m,0.15223245923014345,1977,band1,4-5%,-0.002183746822608733,-0.08859917890223679,18,-0.1544162060527522
Apr,2025,2025-04-04,2025-04-07,12m,0.15223245923014345,1977,band1,5-6%,0.2113078777946047,-0.0738319531707961,20,0.059075418564461246
Apr,2025,2025-04-04,2025-04-07,12m,0.15223245923014345,1977,band1,6-7%,0.18398888810808392,0.11677911307892352,20,0.031756428877940474
Apr,2025,2025-04-04,2025-04-07,12m,0.15223245923014345,1977,band1,7-8%,-0.05786523865279708,-0.04435191535220928,20,-0.21009769788294053
Apr,2025,2025-04-04,2025-04-07,12m,0.15223245923014345,1977,band1,8-9%,0.31466355281054165,-0.026407777430202617,20,0.1624310935803982
Apr,2025,2025-04-04,2025-04-07,12m,0.15223245923014345,1977,band1,9-10%,0.01610827694695878,0.058444022770398396,19,-0.13612418228318468
Apr,2025,2025-04-04,2025-04-07,12m,0.15223245923014345,1977,band1,10-11%,0.23326384961908517,0.13292958399576038,20,0.08103139038894172
Apr,2025,2025-04-04,2025-04-07,12m,0.15223245923014345,1977,band1,11-12%,-0.035538201260767996,-0.09611487966157828,20,-0.18777066049091146
Apr,2025,2025-04-04,2025-04-07,12m,0.15223245923014345,1977,band1,12-13%,0.057755796535235895,-0.07780979827089335,20,-0.09447666269490755
Apr,2025,2025-04-04,2025-04-07,12m,0.15223245923014345,1977,band1,13-14%,0.11102671966851693,-0.04645217391304346,20,-0.041205739561626514
Apr,2025,2025-04-04,2025-04-07,12m,0.15223245923014345,1977,band1,14-15%,-0.15646718859160633,-0.17592592592592604,19,-0.30869964782174975
Apr,2025,2025-04-04,2025-04-07,12m,0.15223245923014345,1977,band1,15-16%,0.019456932845777687,0.021839404894327064,20,-0.13277552638436577
Apr,2025,2025-04-04,2025-04-07,12m,0.15223245923014345,1977,band1,16-17%,0.048616105882385525,-0.12037639807568346,20,-0.10361635334775793
Apr,2025,2025-04-04,2025-04-07,12m,0.15223245923014345,1977,band1,17-18%,0.19212086030352915,-0.016683887648012707,20,0.039888401073385704
Apr,2025,2025-04-04,2025-04-07,12m,0.15223245923014345,1977,band1,18-19%,0.1238118214340201,0.00024867724867733143,20,-0.028420637796123346
Apr,2025,2025-04-04,2025-04-07,12m,0.15223245923014345,1977,band1,19-20%,0.03676023132369493,-0.09704715733803437,19,-0.11547222790644851
Apr,2025,2025-04-04,2025-04-07,12m,0.15223245923014345,1977,cum,top 2%,0.1158926542350305,-0.13,39,-0.03633980499511294
Apr,2025,2025-04-04,2025-04-07,12m,0.15223245923014345,1977,cum,top 5%,0.026223999946605646,-0.13,97,-0.1260084592835378
Apr,2025,2025-04-04,2025-04-07,12m,0.15223245923014345,1977,cum,top 10%,0.08108003498990626,-0.07879089232809167,196,-0.07115242424023718
Apr,2025,2025-04-04,2025-04-07,12m,0.15223245923014345,1977,cum,top 15%,0.06864058835939833,-0.07275641025641022,295,-0.08359187087074511
Apr,2025,2025-04-04,2025-04-07,12m,0.15223245923014345,1977,cum,top 20%,0.07265871160022074,-0.05750807113530265,394,-0.07957374762992271
Apr,2025,2025-04-04,2025-04-07,12m,0.15223245923014345,1977,cum,top 25%,0.07923885134922254,-0.046391752577319645,493,-0.07299360788092091
Apr,2025,2025-04-04,2025-04-07,12m,0.15223245923014345,1977,cum,top 30%,0.09122369197743405,-0.03178347609836962,592,-0.0610087672527094
Apr,2025,2025-04-04,2025-04-07,12m,0.15223245923014345,1977,cum,top 40%,0.09437100046742182,-0.021818181818181848,789,-0.057861458762721626
Apr,2025,2025-04-04,2025-04-07,12m,0.15223245923014345,1977,cum,top 50%,0.10953014454774056,-0.01637681159420279,987,-0.04270231468240289
Apr,2025,2025-04-04,2025-04-07,12m,0.15223245923014345,1977,cum,top 100%,0.15223245923014345,0.05109728136259406,1977,0.0
Oct,2025,2025-10-07,2025-10-08,3m,-0.05090712152524913,2055,band5,0-5%,-0.039217826382303436,-0.11314309788107851,102,0.011689295142945692
Oct,2025,2025-10-07,2025-10-08,3m,-0.05090712152524913,2055,band5,5-10%,-0.03555877295400932,-0.09871244635193144,103,0.01534834857123981
Oct,2025,2025-10-07,2025-10-08,3m,-0.05090712152524913,2055,band5,10-15%,-0.07239186537430489,-0.10171149144254266,103,-0.021484743849055764
Oct,2025,2025-10-07,2025-10-08,3m,-0.05090712152524913,2055,band5,15-20%,-0.0731250513442878,-0.09343434343434343,103,-0.022217929819038675
Oct,2025,2025-10-07,2025-10-08,3m,-0.05090712152524913,2055,band5,20-25%,-0.036913494013412124,-0.1060437596302003,102,0.013993627511837005
Oct,2025,2025-10-07,2025-10-08,3m,-0.05090712152524913,2055,band5,25-30%,-0.06944402836221422,-0.10562983814215332,103,-0.018536906836965093
Oct,2025,2025-10-07,2025-10-08,3m,-0.05090712152524913,2055,band5,30-35%,-0.09075369798397359,-0.11765536723163839,103,-0.03984657645872446
Oct,2025,2025-10-07,2025-10-08,3m,-0.05090712152524913,2055,band5,35-40%,-0.060192486095746164,-0.07743584046217089,103,-0.009285364570497036
Oct,2025,2025-10-07,2025-10-08,3m,-0.05090712152524913,2055,band5,40-45%,-0.080809311594849,-0.11682848640662119,102,-0.02990219006959987
Oct,2025,2025-10-07,2025-10-08,3m,-0.05090712152524913,2055,band5,45-50%,-0.041399023760739374,-0.08067865282349951,103,0.009508097764509754
Oct,2025,2025-10-07,2025-10-08,3m,-0.05090712152524913,2055,band5,50-55%,-0.0906983006968712,-0.1134997452878248,103,-0.03979117917162207
Oct,2025,2025-10-07,2025-10-08,3m,-0.05090712152524913,2055,band5,55-60%,-0.08005237892577854,-0.09805194805194806,103,-0.029145257400529416
Oct,2025,2025-10-07,2025-10-08,3m,-0.05090712152524913,2055,band5,60-65%,-0.06486082939448452,-0.08273468741713369,102,-0.013953707869235395
Oct,2025,2025-10-07,2025-10-08,3m,-0.05090712152524913,2055,band5,65-70%,-0.04217395268804328,-0.058563450201675304,103,0.008733168837205846
Oct,2025,2025-10-07,2025-10-08,3m,-0.05090712152524913,2055,band5,70-75%,-0.07844787807683887,-0.09707943925233631,103,-0.02754075655158974
Oct,2025,2025-10-07,2025-10-08,3m,-0.05090712152524913,2055,band5,75-80%,-0.054462906613142084,-0.07696158177950196,103,-0.0035557850878929556
Oct,2025,2025-10-07,2025-10-08,3m,-0.05090712152524913,2055,band5,80-85%,-0.02380094953617921,-0.05825893200124549,102,0.027106171989069918
Oct,2025,2025-10-07,2025-10-08,3m,-0.05090712152524913,2055,band5,85-90%,-0.01588196973447621,-0.03977272727272718,103,0.035025151790772924
Oct,2025,2025-10-07,2025-10-08,3m,-0.05090712152524913,2055,band5,90-95%,0.0035978846211038645,-0.009586933364895245,103,0.054505006146352994
Oct,2025,2025-10-07,2025-10-08,3m,-0.05090712152524913,2055,band5,95-100%,0.02853113847066469,0.0219551995252929,103,0.07943825999591382
Oct,2025,2025-10-07,2025-10-08,3m,-0.05090712152524913,2055,band1,0-1%,-0.07801053870602291,-0.14947553365829058,20,-0.027103417180773783
Oct,2025,2025-10-07,2025-10-08,3m,-0.05090712152524913,2055,band1,1-2%,-0.10013057062027879,-0.1292134831460674,21,-0.04922344909502966
Oct,2025,2025-10-07,2025-10-08,3m,-0.05090712152524913,2055,band1,2-3%,-0.029289681482808822,-0.10566702099388792,20,0.021617440042440306
Oct,2025,2025-10-07,2025-10-08,3m,-0.05090712152524913,2055,band1,3-4%,0.0721925352190541,-0.09015544041450785,21,0.12309965674430323
Oct,2025,2025-10-07,2025-10-08,3m,-0.05090712152524913,2055,band1,4-5%,-0.0633757571896298,-0.1088454039607431,20,-0.012468635664380674
Oct,2025,2025-10-07,2025-10-08,3m,-0.05090712152524913,2055,band1,5-6%,0.023499603904397114,-0.054226692035879265,21,0.07440672542964624
Oct,2025,2025-10-07,2025-10-08,3m,-0.05090712152524913,2055,band1,6-7%,-0.06923453957366059,-0.12972834314007375,20,-0.01832741804841146
Oct,2025,2025-10-07,2025-10-08,3m,-0.05090712152524913,2055,band1,7-8%,-0.05295688065949739,-0.1154605263157894,21,-0.0020497591342482635
Oct,2025,2025-10-07,2025-10-08,3m,-0.05090712152524913,2055,band1,8-9%,-0.06367516172488168,-0.10807146727239603,20,-0.012768040199632548
Oct,2025,2025-10-07,2025-10-08,3m,-0.05090712152524913,2055,band1,9-10%,-0.018369370306428996,-0.06297420333839154,21,0.03253775121882013
Oct,2025,2025-10-07,2025-10-08,3m,-0.05090712152524913,2055,band1,10-11%,-0.10945373501618307,-0.11572700296735905,21,-0.05854661349093394
Oct,2025,2025-10-07,2025-10-08,3m,-0.05090712152524913,2055,band1,11-12%,-0.04295383075948331,-0.09279374277148639,20,0.00795329076576582
Oct,2025,2025-10-07,2025-10-08,3m,-0.05090712152524913,2055,band1,12-13%,-0.08113928588542242,-0.09509577503056654,21,-0.030232164360173293
Oct,2025,2025-10-07,2025-10-08,3m,-0.05090712152524913,2055,band1,13-14%,-0.057585938737088546,-0.08398860956360138,20,-0.006678817211839418
Oct,2025,2025-10-07,2025-10-08,3m,-0.05090712152524913,2055,band1,14-15%,-0.06871968117563103,-0.08978328173374617,21,-0.0178125596503819
Oct,2025,2025-10-07,2025-10-08,3m,-0.05090712152524913,2055,band1,15-16%,-0.07831904580219913,-0.08952326842975566,20,-0.027411924276950002
Oct,2025,2025-10-07,2025-10-08,3m,-0.05090712152524913,2055,band1,16-17%,-0.03274462354523499,-0.06967476539400941,21,0.01816249798001414
Oct,2025,2025-10-07,2025-10-08,3m,-0.05090712152524913,2055,band1,17-18%,-0.06815518786704787,-0.08512222258701141,20,-0.01724806634179874
Oct,2025,2025-10-07,2025-10-08,3m,-0.05090712152524913,2055,band1,18-19%,-0.11697237630155492,-0.11777777777777776,21,-0.06606525477630579
Oct,2025,2025-10-07,2025-10-08,3m,-0.05090712152524913,2055,band1,19-20%,-0.0694446961092436,-0.09343434343434343,21,-0.018537574583994472
Oct,2025,2025-10-07,2025-10-08,3m,-0.05090712152524913,2055,cum,top 2%,-0.08934031114991009,-0.14217574756925333,41,-0.03843318962466096
Oct,2025,2025-10-07,2025-10-08,3m,-0.05090712152524913,2055,cum,top 5%,-0.039217826382303436,-0.11314309788107851,102,0.011689295142945692
Oct,2025,2025-10-07,2025-10-08,3m,-0.05090712152524913,2055,cum,top 10%,-0.03737937514759956,-0.10555555555555562,205,0.013527746377649572
Oct,2025,2025-10-07,2025-10-08,3m,-0.05090712152524913,2055,cum,top 15%,-0.049088097528608154,-0.10193933705254071,308,0.001819023996640974
Oct,2025,2025-10-07,2025-10-08,3m,-0.05090712152524913,2055,cum,top 20%,-0.05511195700066413,-0.09942753841518526,411,-0.004204835475415003
Oct,2025,2025-10-07,2025-10-08,3m,-0.05090712152524913,2055,cum,top 25%,-0.0514935491552456,-0.10109247576550229,513,-0.0005864276299964721
Oct,2025,2025-10-07,2025-10-08,3m,-0.05090712152524913,2055,cum,top 30%,-0.05449500915251471,-0.1011311769516019,616,-0.0035878876272655846
Oct,2025,2025-10-07,2025-10-08,3m,-0.05090712152524913,2055,cum,top 40%,-0.0597522902654017,-0.10119235132805005,822,-0.008845168740152572
Oct,2025,2025-10-07,2025-10-08,3m,-0.05090712152524913,2055,cum,top 50%,-0.06000295212092595,-0.10109247576550229,1027,-0.00909583059567682
Oct,2025,2025-10-07,2025-10-08,3m,-0.05090712152524913,2055,cum,top 100%,-0.05090712152524913,-0.07830853563038376,2055,0.0
Oct,2025,2025-10-07,2025-10-08,6m,-0.1004162534730977,2055,band5,0-5%,-0.09659315537572791,-0.1616821244792943,102,0.0038230980973697898
Oct,2025,2025-10-07,2025-10-08,6m,-0.1004162534730977,2055,band5,5-10%,-0.08802012256035392,-0.14206249999999998,103,0.012396130912743775
Oct,2025,2025-10-07,2025-10-08,6m,-0.1004162534730977,2055,band5,10-15%,-0.10323493554228719,-0.14812925170068036,103,-0.0028186820691894904
Oct,2025,2025-10-07,2025-10-08,6m,-0.1004162534730977,2055,band5,15-20%,-0.12458597275160017,-0.18696397941680953,103,-0.024169719278502477
Oct,2025,2025-10-07,2025-10-08,6m,-0.1004162534730977,2055,band5,20-25%,-0.08451602615882971,-0.15831090174756068,102,0.01590022731426799
Oct,2025,2025-10-07,2025-10-08,6m,-0.1004162534730977,2055,band5,25-30%,-0.10995220154295034,-0.1704469646430954,103,-0.00953594806985264
Oct,2025,2025-10-07,2025-10-08,6m,-0.1004162534730977,2055,band5,30-35%,-0.14800498421432903,-0.19021479713603817,103,-0.047588730741231336
Oct,2025,2025-10-07,2025-10-08,6m,-0.1004162534730977,2055,band5,35-40%,-0.12953333019274202,-0.1620506776664702,103,-0.029117076719644322
Oct,2025,2025-10-07,2025-10-08,6m,-0.1004162534730977,2055,band5,40-45%,-0.14106343949389835,-0.19653645130318564,102,-0.040647186020800655
Oct,2025,2025-10-07,2025-10-08,6m,-0.1004162534730977,2055,band5,45-50%,-0.0982768632557116,-0.1561532192339038,103,0.0021393902173861
Oct,2025,2025-10-07,2025-10-08,6m,-0.1004162534730977,2055,band5,50-55%,-0.13439386829505803,-0.17645161290322575,103,-0.033977614821960336
Oct,2025,2025-10-07,2025-10-08,6m,-0.1004162534730977,2055,band5,55-60%,-0.11911871296084857,-0.13189760260056893,103,-0.018702459487750872
Oct,2025,2025-10-07,2025-10-08,6m,-0.1004162534730977,2055,band5,60-65%,-0.13714425958194568,-0.15641894857938637,102,-0.03672800610884798
Oct,2025,2025-10-07,2025-10-08,6m,-0.1004162534730977,2055,band5,65-70%,-0.0970866147605635,-0.1250470809792844,103,0.003329638712534194
Oct,2025,2025-10-07,2025-10-08,6m,-0.1004162534730977,2055,band5,70-75%,-0.09930557871118159,-0.11144366197183098,103,0.0011106747619161056
Oct,2025,2025-10-07,2025-10-08,6m,-0.1004162534730977,2055,band5,75-80%,-0.08001904858912318,-0.12337291256587735,103,0.02039720488397452
Oct,2025,2025-10-07,2025-10-08,6m,-0.1004162534730977,2055,band5,80-85%,-0.07538128187848583,-0.1005678368121442,102,0.025034971594611863
Oct,2025,2025-10-07,2025-10-08,6m,-0.1004162534730977,2055,band5,85-90%,-0.062392800952602426,-0.09481436023320045,103,0.03802345252049527
Oct,2025,2025-10-07,2025-10-08,6m,-0.1004162534730977,2055,band5,90-95%,-0.05210815527255493,-0.07202944269190326,103,0.048308098200542764
Oct,2025,2025-10-07,2025-10-08,6m,-0.1004162534730977,2055,band5,95-100%,-0.027910386255853178,-0.0428395061728396,103,0.07250586721724452
Oct,2025,2025-10-07,2025-10-08,6m,-0.1004162534730977,2055,band1,0-1%,-0.11148629636461174,-0.16453828463203463,20,-0.011070042891514045
Oct,2025,2025-10-07,2025-10-08,6m,-0.1004162534730977,2055,band1,1-2%,-0.11069356734938263,-0.16614457831325313,21,-0.01027731387628493
Oct,2025,2025-10-07,2025-10-08,6m,-0.1004162534730977,2055,band1,2-3%,-0.1695711767956543,-0.1595151776399747,20,-0.06915492332255661
Oct,2025,2025-10-07,2025-10-08,6m,-0.1004162534730977,2055,band1,3-4%,0.0020707731489265266,-0.07826982492276002,21,0.10248702662202422
Oct,2025,2025-10-07,2025-10-08,6m,-0.1004162534730977,2055,band1,4-5%,-0.09751368534546738,-0.16837247339159178,20,0.0029025681276303172
Oct,2025,2025-10-07,2025-10-08,6m,-0.1004162534730977,2055,band1,5-6%,0.017380089772321142,-0.16309090909090906,21,0.11779634324541884
Oct,2025,2025-10-07,2025-10-08,6m,-0.1004162534730977,2055,band1,6-7%,-0.13817542987002565,-0.17997855433653892,20,-0.037759176396927954
Oct,2025,2025-10-07,2025-10-08,6m,-0.1004162534730977,2055,band1,7-8%,-0.14427635899291313,-0.1537647494576433,21,-0.04386010551981544
Oct,2025,2025-10-07,2025-10-08,6m,-0.1004162534730977,2055,band1,8-9%,-0.07394828659676697,-0.10149119561786302,20,0.026467966876330726
Oct,2025,2025-10-07,2025-10-08,6m,-0.1004162534730977,2055,band1,9-10%,-0.10279888765467483,-0.14355400696864118,21,-0.002382634181577137
Oct,2025,2025-10-07,2025-10-08,6m,-0.1004162534730977,2055,band1,10-11%,-0.06923709715418948,-0.169139465875371,21,0.03117915631890822
Oct,2025,2025-10-07,2025-10-08,6m,-0.1004162534730977,2055,band1,11-12%,-0.07511959721029979,-0.15401803774400968,20,0.02529665626279791
Oct,2025,2025-10-07,2025-10-08,6m,-0.1004162534730977,2055,band1,12-13%,-0.16550003743510397,-0.14890050290898338,21,-0.06508378396200627
Oct,2025,2025-10-07,2025-10-08,6m,-0.1004162534730977,2055,band1,13-14%,-0.11830006100656638,-0.10764604100453784,20,-0.017883807533468687
Oct,2025,2025-10-07,2025-10-08,6m,-0.1004162534730977,2055,band1,14-15%,-0.0873964461972902,-0.13399350146990552,21,0.013019807275807496
Oct,2025,2025-10-07,2025-10-08,6m,-0.1004162534730977,2055,band1,15-16%,-0.1105113993137921,-0.21115098863367276,20,-0.010095145840694403
Oct,2025,2025-10-07,2025-10-08,6m,-0.1004162534730977,2055,band1,16-17%,-0.07338278353983048,-0.19466666666666665,21,0.027033469933267218
Oct,2025,2025-10-07,2025-10-08,6m,-0.1004162534730977,2055,band1,17-18%,-0.16843037038480235,-0.16792478857696252,20,-0.06801411691170466
Oct,2025,2025-10-07,2025-10-08,6m,-0.1004162534730977,2055,band1,18-19%,-0.1574296668438288,-0.24360699865410496,21,-0.05701341337073111
Oct,2025,2025-10-07,2025-10-08,6m,-0.1004162534730977,2055,band1,19-20%,-0.11459325435171827,-0.17470646812255397,21,-0.014177000878620574
Oct,2025,2025-10-07,2025-10-08,6m,-0.1004162534730977,2055,cum,top 2%,-0.11108026442998223,-0.16614457831325313,41,-0.010664010956884531
Oct,2025,2025-10-07,2025-10-08,6m,-0.1004162534730977,2055,cum,top 5%,-0.09659315537572791,-0.1616821244792943,102,0.0038230980973697898
Oct,2025,2025-10-07,2025-10-08,6m,-0.1004162534730977,2055,cum,top 10%,-0.09228572913190587,-0.15562065177590623,205,0.008130524341191825
Oct,2025,2025-10-07,2025-10-08,6m,-0.1004162534730977,2055,cum,top 15%,-0.0959473143925204,-0.1510006469201977,308,0.0044689390805773
Oct,2025,2025-10-07,2025-10-08,6m,-0.1004162534730977,2055,cum,top 20%,-0.10312439909078125,-0.15995454545454546,411,-0.0027081456176835522
Oct,2025,2025-10-07,2025-10-08,6m,-0.1004162534730977,2055,cum,top 25%,-0.09942448868325872,-0.159906823787339,513,0.000991764789838978
Oct,2025,2025-10-07,2025-10-08,6m,-0.1004162534730977,2055,cum,top 30%,-0.10118480430752536,-0.16075021958717617,616,-0.0007685508344276587
Oct,2025,2025-10-07,2025-10-08,6m,-0.1004162534730977,2055,cum,top 40%,-0.11060375406005346,-0.16656856796116498,822,-0.010187500586955764
Oct,2025,2025-10-07,2025-10-08,6m,-0.1004162534730977,2055,cum,top 50%,-0.11239267145187912,-0.16845360824742273,1027,-0.01197641797878142
Oct,2025,2025-10-07,2025-10-08,6m,-0.1004162534730977,2055,cum,top 100%,-0.1004162534730977,-0.1387006775607812,2055,0.0
Oct,2025,2025-10-07,2025-10-08,9m,-0.015322227699991451,2055,band5,0-5%,-0.008786554243693104,-0.13341722255912675,102,0.006535673456298347
Oct,2025,2025-10-07,2025-10-08,9m,-0.015322227699991451,2055,band5,5-10%,0.024763724077648087,-0.08993589743589736,103,0.04008595177763954
Oct,2025,2025-10-07,2025-10-08,9m,-0.015322227699991451,2055,band5,10-15%,0.028130675810364603,-0.09729687316097135,103,0.04345290351035605
Oct,2025,2025-10-07,2025-10-08,9m,-0.015322227699991451,2055,band5,15-20%,-0.05480000097885903,-0.13540222958722514,103,-0.039477773278867576
Oct,2025,2025-10-07,2025-10-08,9m,-0.015322227699991451,2055,band5,20-25%,-0.029091755964255422,-0.16117977996332727,102,-0.013769528264263971
Oct,2025,2025-10-07,2025-10-08,9m,-0.015322227699991451,2055,band5,25-30%,-0.038176444045794906,-0.08287743545445836,103,-0.022854216345803455
Oct,2025,2025-10-07,2025-10-08,9m,-0.015322227699991451,2055,band5,30-35%,-0.07062109759650148,-0.14042801556420237,103,-0.05529886989651003
Oct,2025,2025-10-07,2025-10-08,9m,-0.015322227699991451,2055,band5,35-40%,-0.0480474157869865,-0.12507010656197426,103,-0.03272518808699505
Oct,2025,2025-10-07,2025-10-08,9m,-0.015322227699991451,2055,band5,40-45%,-0.057918445221367645,-0.15444149808560625,102,-0.0425962175213762
Oct,2025,2025-10-07,2025-10-08,9m,-0.015322227699991451,2055,band5,45-50%,-0.011138202221757007,-0.10261540660282975,103,0.004184025478234444
Oct,2025,2025-10-07,2025-10-08,9m,-0.015322227699991451,2055,band5,50-55%,-0.03902676404948471,-0.09853168469860896,103,-0.023704536349493262
Oct,2025,2025-10-07,2025-10-08,9m,-0.015322227699991451,2055,band5,55-60%,-0.0002976611723593833,-0.07946201932232821,103,0.015024566527632068
Oct,2025,2025-10-07,2025-10-08,9m,-0.015322227699991451,2055,band5,60-65%,-0.06420892675860254,-0.11106336226446673,102,-0.048886699058611094
Oct,2025,2025-10-07,2025-10-08,9m,-0.015322227699991451,2055,band5,65-70%,0.03242568484841288,-0.02618867924528301,103,0.047747912548404325
Oct,2025,2025-10-07,2025-10-08,9m,-0.015322227699991451,2055,band5,70-75%,-0.0013872534427427894,-0.07688701359587424,103,0.013934974257248661
Oct,2025,2025-10-07,2025-10-08,9m,-0.015322227699991451,2055,band5,75-80%,0.012062005443797517,-0.04936708860759498,103,0.027384233143788968
Oct,2025,2025-10-07,2025-10-08,9m,-0.015322227699991451,2055,band5,80-85%,0.01747532818586409,-0.022402634020803502,102,0.03279755588585554
Oct,2025,2025-10-07,2025-10-08,9m,-0.015322227699991451,2055,band5,85-90%,0.020719910012085934,-0.0347657415696806,103,0.036042137712077385
Oct,2025,2025-10-07,2025-10-08,9m,-0.015322227699991451,2055,band5,90-95%,-0.009627394220712437,-0.0391171887718319,103,0.005694833479279014
Oct,2025,2025-10-07,2025-10-08,9m,-0.015322227699991451,2055,band5,95-100%,-0.009533959058400673,-0.025531197301854935,103,0.005788268641590778
Oct,2025,2025-10-07,2025-10-08,9m,-0.015322227699991451,2055,band1,0-1%,-0.042344946090556446,-0.08981207597255741,20,-0.027022718390564995
Oct,2025,2025-10-07,2025-10-08,9m,-0.015322227699991451,2055,band1,1-2%,0.11337190403562036,-0.1129326047358834,21,0.1286941317356118
Oct,2025,2025-10-07,2025-10-08,9m,-0.015322227699991451,2055,band1,2-3%,-0.1258322707947405,-0.17375267041436937,20,-0.11051004309474904
Oct,2025,2025-10-07,2025-10-08,9m,-0.015322227699991451,2055,band1,3-4%,0.007229516117671927,-0.06265108783239326,21,0.022551743817663377
Oct,2025,2025-10-07,2025-10-08,9m,-0.015322227699991451,2055,band1,4-5%,-0.003265700918494824,-0.16814779780278138,20,0.012056526781496628
Oct,2025,2025-10-07,2025-10-08,9m,-0.015322227699991451,2055,band1,5-6%,0.2634722244083202,-0.04444847605224955,21,0.27879445210831166
Oct,2025,2025-10-07,2025-10-08,9m,-0.015322227699991451,2055,band1,6-7%,-0.0760557426001375,-0.1569641367401975,20,-0.06073351490014606
Oct,2025,2025-10-07,2025-10-08,9m,-0.015322227699991451,2055,band1,7-8%,-0.011942366432064921,-0.1238599588114151,21,0.0033798612679265295
Oct,2025,2025-10-07,2025-10-08,9m,-0.015322227699991451,2055,band1,8-9%,0.06076444761957591,-0.020175437076568492,20,0.07608667531956737
Oct,2025,2025-10-07,2025-10-08,9m,-0.015322227699991451,2055,band1,9-10%,-0.11550654942344654,-0.07303782025213501,21,-0.1001843217234551
Oct,2025,2025-10-07,2025-10-08,9m,-0.015322227699991451,2055,band1,10-11%,0.14197570241925975,-0.15076228119706392,21,0.1572979301192512
Oct,2025,2025-10-07,2025-10-08,9m,-0.015322227699991451,2055,band1,11-12%,0.022209946456745917,-0.20607061029157941,20,0.03753217415673737
Oct,2025,2025-10-07,2025-10-08,9m,-0.015322227699991451,2055,band1,12-13%,-0.06466835444513602,-0.028189655172413786,21,-0.049346126745144575
Oct,2025,2025-10-07,2025-10-08,9m,-0.015322227699991451,2055,band1,13-14%,0.012636251236359902,0.03324263991163978,20,0.027958478936351353
Oct,2025,2025-10-07,2025-10-08,9m,-0.015322227699991451,2055,band1,14-15%,0.027480064149944777,-0.03398867044318565,21,0.042802291849936225
Oct,2025,2025-10-07,2025-10-08,9m,-0.015322227699991451,2055,band1,15-16%,-0.016703326922494332,-0.21005533754241573,20,-0.001381099222502881
Oct,2025,2025-10-07,2025-10-08,9m,-0.015322227699991451,2055,band1,16-17%,-0.03964440047941264,-0.18584807492195632,21,-0.024322172779421187
Oct,2025,2025-10-07,2025-10-08,9m,-0.015322227699991451,2055,band1,17-18%,-0.16261190019717622,-0.16284899496060518,20,-0.14728967249718478
Oct,2025,2025-10-07,2025-10-08,9m,-0.015322227699991451,2055,band1,18-19%,-0.06000658668116912,-0.10523624463080383,21,-0.044684358981177674
Oct,2025,2025-10-07,2025-10-08,9m,-0.015322227699991451,2055,band1,19-20%,0.001646436759197485,-0.017129629629629606,21,0.016968664459188935
Oct,2025,2025-10-07,2025-10-08,9m,-0.015322227699991451,2055,cum,top 2%,0.03741246494968047,-0.09144851657940667,41,0.05273469264967193
Oct,2025,2025-10-07,2025-10-08,9m,-0.015322227699991451,2055,cum,top 5%,-0.008786554243693104,-0.13341722255912675,102,0.006535673456298347
Oct,2025,2025-10-07,2025-10-08,9m,-0.015322227699991451,2055,cum,top 10%,0.0080704148641027,-0.10929421666466288,205,0.02339264256409415
Oct,2025,2025-10-07,2025-10-08,9m,-0.015322227699991451,2055,cum,top 15%,0.014778878751976006,-0.10433460833233144,308,0.03010110645196746
Oct,2025,2025-10-07,2025-10-08,9m,-0.015322227699991451,2055,cum,top 20%,-0.0026581641002770546,-0.1129326047358834,411,0.012664063599714396
Oct,2025,2025-10-07,2025-10-08,9m,-0.015322227699991451,2055,cum,top 25%,-0.007913965991360482,-0.12536144578313246,513,0.007408261708630969
Oct,2025,2025-10-07,2025-10-08,9m,-0.015322227699991451,2055,cum,top 30%,-0.012974088133579222,-0.11319707159871095,616,0.0023481395664122287
Oct,2025,2025-10-07,2025-10-08,9m,-0.015322227699991451,2055,cum,top 40%,-0.024592329889031705,-0.12286195105828301,822,-0.009270102189040254
Oct,2025,2025-10-07,2025-10-08,9m,-0.015322227699991451,2055,cum,top 50%,-0.026552883554240053,-0.1224021341274274,1027,-0.011230655854248602
Oct,2025,2025-10-07,2025-10-08,9m,-0.015322227699991451,2055,cum,top 100%,-0.015322227699991451,-0.08530494216614093,2055,0.0
Apr,2026,2026-04-06,2026-04-07,3m,0.17720438718655476,2112,band5,0-5%,0.17261953335785063,0.04621297735288721,102,-0.004584853828704133
Apr,2026,2026-04-06,2026-04-07,3m,0.17720438718655476,2112,band5,5-10%,0.17607140830737703,0.1035555555555554,105,-0.0011329788791777373
Apr,2026,2026-04-06,2026-04-07,3m,0.17720438718655476,2112,band5,10-15%,0.1918446368936435,0.12842156380369096,106,0.014640249707088743
Apr,2026,2026-04-06,2026-04-07,3m,0.17720438718655476,2112,band5,15-20%,0.17635588683531653,0.12710433244916008,106,-0.000848500351238235
Apr,2026,2026-04-06,2026-04-07,3m,0.17720438718655476,2112,band5,20-25%,0.16178840454458648,0.12118050517690648,106,-0.015415982641968279
Apr,2026,2026-04-06,2026-04-07,3m,0.17720438718655476,2112,band5,25-30%,0.18991977345041947,0.1254197447951646,105,0.012715386263864703
Apr,2026,2026-04-06,2026-04-07,3m,0.17720438718655476,2112,band5,30-35%,0.1986141842101324,0.14094363097625862,106,0.021409797023577648
Apr,2026,2026-04-06,2026-04-07,3m,0.17720438718655476,2112,band5,35-40%,0.18513255429888467,0.11221653802429254,106,0.007928167112329909
Apr,2026,2026-04-06,2026-04-07,3m,0.17720438718655476,2112,band5,40-45%,0.22018987318050817,0.14936708860759484,105,0.04298548599395341
Apr,2026,2026-04-06,2026-04-07,3m,0.17720438718655476,2112,band5,45-50%,0.1819884708102537,0.15409510780949232,106,0.004784083623698948
Apr,2026,2026-04-06,2026-04-07,3m,0.17720438718655476,2112,band5,50-55%,0.24030397492896086,0.18557377049180324,105,0.0630995877424061
Apr,2026,2026-04-06,2026-04-07,3m,0.17720438718655476,2112,band5,55-60%,0.20418344717997902,0.15028940534354496,106,0.02697905999342426
Apr,2026,2026-04-06,2026-04-07,3m,0.17720438718655476,2112,band5,60-65%,0.20426309508117402,0.1456897387649403,106,0.027058707894619255
Apr,2026,2026-04-06,2026-04-07,3m,0.17720438718655476,2112,band5,65-70%,0.212839042633091,0.1502202588762268,106,0.03563465544653624
Apr,2026,2026-04-06,2026-04-07,3m,0.17720438718655476,2112,band5,70-75%,0.14789919127640938,0.1005206503104854,106,-0.029305195910145382
Apr,2026,2026-04-06,2026-04-07,3m,0.17720438718655476,2112,band5,75-80%,0.15198848696735015,0.13917378771932576,106,-0.025215900219204612
Apr,2026,2026-04-06,2026-04-07,3m,0.17720438718655476,2112,band5,80-85%,0.16591544003270198,0.13276982704070872,106,-0.011288947153852785
Apr,2026,2026-04-06,2026-04-07,3m,0.17720438718655476,2112,band5,85-90%,0.14681196853075656,0.10720793984732402,106,-0.030392418655798198
Apr,2026,2026-04-06,2026-04-07,3m,0.17720438718655476,2112,band5,90-95%,0.12822764398399894,0.11945328836474323,106,-0.04897674320255582
Apr,2026,2026-04-06,2026-04-07,3m,0.17720438718655476,2112,band5,95-100%,0.0880677844522878,0.07353724424092245,106,-0.08913660273426696
Apr,2026,2026-04-06,2026-04-07,3m,0.17720438718655476,2112,band1,0-1%,0.19205550484112183,0.05555555555555558,19,0.014851117654567064
Apr,2026,2026-04-06,2026-04-07,3m,0.17720438718655476,2112,band1,1-2%,0.06011438900674974,0.029987102321582082,21,-0.11708999817980503
Apr,2026,2026-04-06,2026-04-07,3m,0.17720438718655476,2112,band1,2-3%,0.17325216106258742,0.06004816866875606,20,-0.0039522261239673395
Apr,2026,2026-04-06,2026-04-07,3m,0.17720438718655476,2112,band1,3-4%,0.12388539177225483,0.03818181818181832,21,-0.053318995414299936
Apr,2026,2026-04-06,2026-04-07,3m,0.17720438718655476,2112,band1,4-5%,0.3156713901385051,0.039337474120082705,21,0.13846700295195033
Apr,2026,2026-04-06,2026-04-07,3m,0.17720438718655476,2112,band1,5-6%,0.15628788185145817,0.08459399170496584,22,-0.02091650533509659
Apr,2026,2026-04-06,2026-04-07,3m,0.17720438718655476,2112,band1,6-7%,0.20265255816072042,0.19358974358974357,21,0.025448170974165657
Apr,2026,2026-04-06,2026-04-07,3m,0.17720438718655476,2112,band1,7-8%,0.1626827054041352,0.06266666666666665,21,-0.014521681782419554
Apr,2026,2026-04-06,2026-04-07,3m,0.17720438718655476,2112,band1,8-9%,0.19324439892367745,0.05484948165869219,20,0.01604001173712269
Apr,2026,2026-04-06,2026-04-07,3m,0.17720438718655476,2112,band1,9-10%,0.16724933134319014,0.1035555555555554,21,-0.009955055843364619
Apr,2026,2026-04-06,2026-04-07,3m,0.17720438718655476,2112,band1,10-11%,0.2256324483173692,0.19360176503033655,21,0.04842806113081444
Apr,2026,2026-04-06,2026-04-07,3m,0.17720438718655476,2112,band1,11-12%,0.052539461583087824,0.09175788343009139,22,-0.12466492560346694
Apr,2026,2026-04-06,2026-04-07,3m,0.17720438718655476,2112,band1,12-13%,0.1934528470316096,0.11867752282260069,21,0.016248459845054825
Apr,2026,2026-04-06,2026-04-07,3m,0.17720438718655476,2112,band1,13-14%,0.31831191163449507,0.12825788751714673,21,0.1411075244479403
Apr,2026,2026-04-06,2026-04-07,3m,0.17720438718655476,2112,band1,14-15%,0.175920095678349,0.17454545454545434,21,-0.001284291508205776
Apr,2026,2026-04-06,2026-04-07,3m,0.17720438718655476,2112,band1,15-16%,0.09761561893547263,0.07777777777777772,21,-0.07958876825108213
Apr,2026,2026-04-06,2026-04-07,3m,0.17720438718655476,2112,band1,16-17%,0.21556437824051047,0.10757874015748037,22,0.03835999105395571
Apr,2026,2026-04-06,2026-04-07,3m,0.17720438718655476,2112,band1,17-18%,0.30730952970198167,0.28570417551309246,21,0.1301051425154269
Apr,2026,2026-04-06,2026-04-07,3m,0.17720438718655476,2112,band1,18-19%,0.10239231815039204,0.05001332504219591,21,-0.07481206903616272
Apr,2026,2026-04-06,2026-04-07,3m,0.17720438718655476,2112,band1,19-20%,0.1570305181289308,0.14324675324675318,21,-0.020173869057623972
Apr,2026,2026-04-06,2026-04-07,3m,0.17720438718655476,2112,cum,top 2%,0.12278641902807648,0.04962659501904887,40,-0.05441796815847828
Apr,2026,2026-04-06,2026-04-07,3m,0.17720438718655476,2112,cum,top 5%,0.17261953335785063,0.04621297735288721,102,-0.004584853828704133
Apr,2026,2026-04-06,2026-04-07,3m,0.17720438718655476,2112,cum,top 10%,0.1743704844192046,0.07187263078089456,207,-0.002833902767350155
Apr,2026,2026-04-06,2026-04-07,3m,0.17720438718655476,2112,cum,top 15%,0.18028824851597944,0.09099999999999997,313,0.0030838613294246753
Apr,2026,2026-04-06,2026-04-07,3m,0.17720438718655476,2112,cum,top 20%,0.17929342670655163,0.1035555555555554,419,0.002089039519996866
Apr,2026,2026-04-06,2026-04-07,3m,0.17720438718655476,2112,cum,top 25%,0.17575907937480245,0.10834990059642147,525,-0.001445307811752311
Apr,2026,2026-04-06,2026-04-07,3m,0.17720438718655476,2112,cum,top 30%,0.17811919505407195,0.10939729181118885,630,0.0009148078675171867
Apr,2026,2026-04-06,2026-04-07,3m,0.17720438718655476,2112,cum,top 40%,0.18158224128981135,0.11469086231093095,842,0.004377854103256584
Apr,2026,2026-04-06,2026-04-07,3m,0.17720438718655476,2112,cum,top 50%,0.1854728981537145,0.1200422358608857,1053,0.008268510967159748
Apr,2026,2026-04-06,2026-04-07,3m,0.17720438718655476,2112,cum,top 100%,0.17720438718655476,0.12572682183740946,2112,0.0
Apr,2026,2026-04-06,2026-04-07,6m,0.22130895170627352,2112,band5,0-5%,0.22236935308055525,0.037671957671957745,102,0.001060401374281733
Apr,2026,2026-04-06,2026-04-07,6m,0.22130895170627352,2112,band5,5-10%,0.2123356298777164,0.07925925925925936,105,-0.008973321828557118
Apr,2026,2026-04-06,2026-04-07,6m,0.22130895170627352,2112,band5,10-15%,0.32636443432767004,0.11983814631463141,106,0.10505548262139652
Apr,2026,2026-04-06,2026-04-07,6m,0.22130895170627352,2112,band5,15-20%,0.2174125787034207,0.1380046825232727,106,-0.00389637300285281
Apr,2026,2026-04-06,2026-04-07,6m,0.22130895170627352,2112,band5,20-25%,0.20126125099482148,0.13975042865307674,106,-0.020047700711452038
Apr,2026,2026-04-06,2026-04-07,6m,0.22130895170627352,2112,band5,25-30%,0.23539893495776962,0.09047169811320765,105,0.014089983251496102
Apr,2026,2026-04-06,2026-04-07,6m,0.22130895170627352,2112,band5,30-35%,0.2985166975466851,0.13336271498213692,106,0.07720774584041157
Apr,2026,2026-04-06,2026-04-07,6m,0.22130895170627352,2112,band5,35-40%,0.2665979409211339,0.07940261345478683,106,0.04528898921486041
Apr,2026,2026-04-06,2026-04-07,6m,0.22130895170627352,2112,band5,40-45%,0.2764704182187633,0.1596024220267338,105,0.055161466512489765
Apr,2026,2026-04-06,2026-04-07,6m,0.22130895170627352,2112,band5,45-50%,0.2527305405368165,0.145637195523718,106,0.03142158883054297
Apr,2026,2026-04-06,2026-04-07,6m,0.22130895170627352,2112,band5,50-55%,0.32145476277957435,0.1937333333333333,105,0.10014581107330084
Apr,2026,2026-04-06,2026-04-07,6m,0.22130895170627352,2112,band5,55-60%,0.24413677948815374,0.12978485855033906,106,0.022827827781880222
Apr,2026,2026-04-06,2026-04-07,6m,0.22130895170627352,2112,band5,60-65%,0.24130104799432175,0.10141458287872196,106,0.01999209628804824
Apr,2026,2026-04-06,2026-04-07,6m,0.22130895170627352,2112,band5,65-70%,0.30219168260095436,0.17684859154929577,106,0.08088273089468084
Apr,2026,2026-04-06,2026-04-07,6m,0.22130895170627352,2112,band5,70-75%,0.17574587681741421,0.1028314055680496,106,-0.0455630748888593
Apr,2026,2026-04-06,2026-04-07,6m,0.22130895170627352,2112,band5,75-80%,0.15171201230945522,0.06726844991945657,106,-0.0695969393968183
Apr,2026,2026-04-06,2026-04-07,6m,0.22130895170627352,2112,band5,80-85%,0.18939020532803966,0.099399424801218,106,-0.03191874637823386
Apr,2026,2026-04-06,2026-04-07,6m,0.22130895170627352,2112,band5,85-90%,0.15879498686817797,0.05886044176706817,106,-0.06251396483809554
Apr,2026,2026-04-06,2026-04-07,6m,0.22130895170627352,2112,band5,90-95%,0.09756581159894462,0.04488056238056237,106,-0.1237431401073289
Apr,2026,2026-04-06,2026-04-07,6m,0.22130895170627352,2112,band5,95-100%,0.035981537708155986,0.012813664359629162,106,-0.18532741399811753
Apr,2026,2026-04-06,2026-04-07,6m,0.22130895170627352,2112,band1,0-1%,0.23126336133381525,0.0,19,0.009954409627541738
Apr,2026,2026-04-06,2026-04-07,6m,0.22130895170627352,2112,band1,1-2%,0.016256043188437038,-0.02390057361376674,21,-0.20505290851783647
Apr,2026,2026-04-06,2026-04-07,6m,0.22130895170627352,2112,band1,2-3%,0.21626893641466402,0.045755408874220804,20,-0.005040015291609495
Apr,2026,2026-04-06,2026-04-07,6m,0.22130895170627352,2112,band1,3-4%,0.09625169492511722,0.04571428571428582,21,-0.1250572567811563
Apr,2026,2026-04-06,2026-04-07,6m,0.22130895170627352,2112,band1,4-5%,0.5523632819141061,0.0462738767823514,21,0.3310543302078326
Apr,2026,2026-04-06,2026-04-07,6m,0.22130895170627352,2112,band1,5-6%,0.16764631733212998,0.11523267595480335,22,-0.053662634374143536
Apr,2026,2026-04-06,2026-04-07,6m,0.22130895170627352,2112,band1,6-7%,0.20922228027322418,0.12705882352941167,21,-0.01208667143304934
Apr,2026,2026-04-06,2026-04-07,6m,0.22130895170627352,2112,band1,7-8%,0.06093027204271208,-0.06720916214587103,21,-0.16037867966356145
Apr,2026,2026-04-06,2026-04-07,6m,0.22130895170627352,2112,band1,8-9%,0.35458197713480666,0.09485574305933597,20,0.13327302542853314
Apr,2026,2026-04-06,2026-04-07,6m,0.22130895170627352,2112,band1,9-10%,0.27819900069155085,0.09165742308365932,21,0.05689004898527733
Apr,2026,2026-04-06,2026-04-07,6m,0.22130895170627352,2112,band1,10-11%,0.4256261049881229,0.26788292426827676,21,0.2043171532818494
Apr,2026,2026-04-06,2026-04-07,6m,0.22130895170627352,2112,band1,11-12%,0.20012197670862422,0.06505744515714973,22,-0.021186974997649294
Apr,2026,2026-04-06,2026-04-07,6m,0.22130895170627352,2112,band1,12-13%,0.30578591151295625,0.055017192872772736,21,0.08447695980668274
Apr,2026,2026-04-06,2026-04-07,6m,0.22130895170627352,2112,band1,13-14%,0.3347192203395394,0.11848184818481844,21,0.11341026863326586
Apr,2026,2026-04-06,2026-04-07,6m,0.22130895170627352,2112,band1,14-15%,0.3715805036900147,0.34782608695652173,21,0.1502715519837412
Apr,2026,2026-04-06,2026-04-07,6m,0.22130895170627352,2112,band1,15-16%,-0.001494163521001153,-0.055932203389830515,21,-0.22280311522727467
Apr,2026,2026-04-06,2026-04-07,6m,0.22130895170627352,2112,band1,16-17%,0.2340246492005101,0.14404411779419235,22,0.012715697494236594
Apr,2026,2026-04-06,2026-04-07,6m,0.22130895170627352,2112,band1,17-18%,0.3931169819933792,0.32604765817584225,21,0.17180803028710567
Apr,2026,2026-04-06,2026-04-07,6m,0.22130895170627352,2112,band1,18-19%,0.09838643605473536,0.033417160282378955,21,-0.12292251565153815
Apr,2026,2026-04-06,2026-04-07,6m,0.22130895170627352,2112,band1,19-20%,0.3622379388134282,0.21411192214111918,21,0.14092898710715468
Apr,2026,2026-04-06,2026-04-07,6m,0.22130895170627352,2112,cum,top 2%,0.11838451930749164,-0.01195028680688337,40,-0.10292443239878188
Apr,2026,2026-04-06,2026-04-07,6m,0.22130895170627352,2112,cum,top 5%,0.22236935308055525,0.037671957671957745,102,0.001060401374281733
Apr,2026,2026-04-06,2026-04-07,6m,0.22130895170627352,2112,cum,top 10%,0.21727978333998482,0.048574508864398735,207,-0.0040291683662886935
Apr,2026,2026-04-06,2026-04-07,6m,0.22130895170627352,2112,cum,top 15%,0.2542221891057824,0.07925925925925936,313,0.03291323739950891
Apr,2026,2026-04-06,2026-04-07,6m,0.22130895170627352,2112,cum,top 20%,0.24490997263167658,0.09398274027662845,419,0.02360102092540306
Apr,2026,2026-04-06,2026-04-07,6m,0.22130895170627352,2112,cum,top 25%,0.2360970878821401,0.10067412400918596,525,0.014788136175866579
Apr,2026,2026-04-06,2026-04-07,6m,0.22130895170627352,2112,cum,top 30%,0.2359807290614117,0.10055928422681526,630,0.014671777355138194
Apr,2026,2026-04-06,2026-04-07,6m,0.22130895170627352,2112,cum,top 40%,0.2477078515276463,0.10095519387272489,842,0.02639889982137278
Apr,2026,2026-04-06,2026-04-07,6m,0.22130895170627352,2112,cum,top 50%,0.25108152155379954,0.10977226171827925,1053,0.02977256984752602
Apr,2026,2026-04-06,2026-04-07,6m,0.22130895170627352,2112,cum,top 100%,0.22130895170627352,0.09880062240600851,2112,0.0
